order_id,product_id,quantity,unit_price,total_price,order_date
SYN-00053d7005313562,179950001,6,25,150,2023-08-25
SYN-000847cead240080,685399001,2,17,34,2023-12-27
SYN-0022fd1f6f3ad47a,538142004,2,25,50,2023-12-20
SYN-0022fd1f6f3ad47a,554772002,5,9,45,2023-12-20
SYN-0022fd1f6f3ad47a,621381001,3,34,102,2023-12-20
SYN-0022fd1f6f3ad47a,621381008,2,19,38,2023-12-20
SYN-0022fd1f6f3ad47a,647804001,4,20,80,2023-12-20
SYN-0026e62e485543b2,684848003,3,56,168,2023-05-01
SYN-0026e62e485543b2,688873001,2,32,64,2023-05-01
SYN-0039907f467d04dd,487827007,4,44,176,2023-05-24
SYN-0039907f467d04dd,504154022,4,42,168,2023-05-24
SYN-003ca699f10dcedf,637549005,6,34,204,2023-02-16
SYN-003ca699f10dcedf,666382002,4,25,100,2023-02-16
SYN-004089f5cbf7cafd,689390003,6,69,414,2023-03-24
SYN-004089f5cbf7cafd,701256004,2,59,118,2023-03-24
SYN-004089f5cbf7cafd,701410001,3,51,153,2023-03-24
SYN-004089f5cbf7cafd,701419001,2,34,68,2023-03-24
SYN-004ae2b5cd627cd5,407653001,6,2,12,2023-02-08
SYN-004ae2b5cd627cd5,502836004,4,17,68,2023-02-08
SYN-004ae2b5cd627cd5,587526001,4,17,68,2023-02-08
SYN-0080e0a4fbfc5eae,573716039,3,25,75,2023-09-02
SYN-009bd5895111fc46,507910001,3,25,75,2023-03-15
SYN-00bb623d2ab512c3,711521001,6,25,150,2023-09-26
SYN-00bdda34e516b0b9,557247001,5,17,85,2023-01-15
SYN-00bdda34e516b0b9,557247013,4,17,68,2023-01-15
SYN-00bdda34e516b0b9,634013012,2,34,68,2023-01-15
SYN-00c289805d32fe97,512251003,6,25,150,2023-09-03
SYN-00c289805d32fe97,652742001,3,59,177,2023-09-03
SYN-00c289805d32fe97,675864001,4,34,136,2023-09-03
SYN-00c289805d32fe97,688873004,6,34,204,2023-09-03
SYN-00c289805d32fe97,692210001,4,136,544,2023-09-03
SYN-00f4b9f78bd1a4f4,632145001,5,10,50,2023-07-05
SYN-00fee1e61cb96904,522398052,3,17,51,2023-05-19
SYN-00fee1e61cb96904,573085019,2,34,68,2023-05-19
SYN-00fee1e61cb96904,639976005,5,85,425,2023-05-19
SYN-00fee1e61cb96904,694153002,2,34,68,2023-05-19
SYN-011af909b0785ee1,567618001,6,22,132,2023-10-19
SYN-011af909b0785ee1,627108001,3,18,54,2023-10-19
SYN-0121920f7657d21a,623275008,2,25,50,2023-10-21
SYN-0121920f7657d21a,648317001,6,25,150,2023-10-21
SYN-013ae3026665b538,599489003,3,26,78,2023-01-06
SYN-013fe4d968222cb2,586361002,3,31,93,2023-09-04
SYN-014e74c38ba525f6,554598009,5,17,85,2023-06-05
SYN-014e74c38ba525f6,676198001,4,48,192,2023-06-05
SYN-016a94e40ab892bf,297067002,3,11,33,2023-01-30
SYN-016a94e40ab892bf,342060001,5,11,55,2023-01-30
SYN-016a94e40ab892bf,651859001,3,40,120,2023-01-30
SYN-016a94e40ab892bf,671505004,3,32,96,2023-01-30
SYN-016a94e40ab892bf,671613001,2,14,28,2023-01-30
SYN-016a94e40ab892bf,680220001,4,24,96,2023-01-30
SYN-0174c5727a9b8d35,312829007,3,5,15,2023-07-04
SYN-019d432d95a46dbe,524825013,5,42,210,2023-10-06
SYN-019d432d95a46dbe,573716002,5,25,125,2023-10-06
SYN-01a066830d7a8071,639192009,2,68,136,2023-07-28
SYN-01a066830d7a8071,664665004,2,34,68,2023-07-28
SYN-01a0e27ee6b56606,160442007,2,14,28,2023-11-07
SYN-01a0e27ee6b56606,160442010,3,14,42,2023-11-07
SYN-01a0e27ee6b56606,237222001,4,17,68,2023-11-07
SYN-01a0e27ee6b56606,599502005,4,51,204,2023-11-07
SYN-01a0e27ee6b56606,643055001,6,31,186,2023-11-07
SYN-01a0e27ee6b56606,649492005,5,17,85,2023-11-07
SYN-01a0e27ee6b56606,649492006,4,17,68,2023-11-07
SYN-01a0e27ee6b56606,675095002,2,59,118,2023-11-07
SYN-01a0e27ee6b56606,697493001,6,102,612,2023-11-07
SYN-01a94d2983d8cb17,680186001,4,42,168,2023-05-16
SYN-01b27deada88a0a5,573716012,4,25,100,2023-03-11
SYN-01b27deada88a0a5,573716023,2,25,50,2023-03-11
SYN-01cd77cdf9b249ad,619273001,4,32,128,2023-05-25
SYN-01d181685ad60362,546579001,5,12,60,2023-05-06
SYN-01d181685ad60362,568597019,3,42,126,2023-05-06
SYN-01e13cd3689cdefa,484398001,3,34,102,2023-01-07
SYN-01e13cd3689cdefa,630116001,3,34,102,2023-01-07
SYN-01fc2e51cb18b02d,692903001,4,42,168,2023-05-03
SYN-02065b46f887c9f4,322017003,6,14,84,2023-05-18
SYN-02065b46f887c9f4,487722007,6,42,252,2023-05-18
SYN-02065b46f887c9f4,662948004,4,42,168,2023-05-18
SYN-02065b46f887c9f4,665095003,4,25,100,2023-05-18
SYN-0208005136761533,567993040,2,25,50,2023-03-29
SYN-0208005136761533,617279001,3,68,204,2023-03-29
SYN-02217ddb90bafcc2,458032003,5,51,255,2023-05-15
SYN-0223a677b10a404e,655580001,2,5,10,2023-05-29
SYN-022bf152564f76df,537612026,6,11,66,2023-11-21
SYN-022bf152564f76df,616225020,3,11,33,2023-11-21
SYN-022bf152564f76df,626441005,6,31,186,2023-11-21
SYN-022bf152564f76df,645275001,5,23,115,2023-11-21
SYN-022bf152564f76df,663830001,6,20,120,2023-11-21
SYN-022bf152564f76df,680119002,2,16,32,2023-11-21
SYN-022bf152564f76df,682739002,2,23,46,2023-11-21
SYN-022cc14ea2a58ab9,653428002,6,121,726,2023-02-08
SYN-023a494d586b194b,585785001,4,34,136,2023-07-14
SYN-023ce8376660dbfd,563162003,3,7,21,2023-04-23
SYN-023ce8376660dbfd,646789005,3,5,15,2023-04-23
SYN-023ce8376660dbfd,646811002,4,17,68,2023-04-23
SYN-023e6a1f6e00fc5f,686265003,2,17,34,2023-11-04
SYN-02408ec4ae570d74,535488010,6,17,102,2023-12-14
SYN-02408ec4ae570d74,537076001,4,102,408,2023-12-14
SYN-02408ec4ae570d74,549914003,4,12,48,2023-12-14
SYN-02408ec4ae570d74,597082002,6,20,120,2023-12-14
SYN-02408ec4ae570d74,617534007,3,12,36,2023-12-14
SYN-02408ec4ae570d74,642105001,5,17,85,2023-12-14
SYN-02408ec4ae570d74,651072001,4,34,136,2023-12-14
SYN-02408ec4ae570d74,657195001,4,85,340,2023-12-14
SYN-02408ec4ae570d74,694153002,5,34,170,2023-12-14
SYN-024fc43e8f8fd5a6,690992001,3,17,51,2023-06-29
SYN-0257817e0d709118,573716012,6,20,120,2023-03-12
SYN-0257817e0d709118,573716039,6,20,120,2023-03-12
SYN-026f0b51132a4c25,580301001,5,51,255,2023-08-28
SYN-026f0b51132a4c25,626328001,5,17,85,2023-08-28
SYN-026f0b51132a4c25,639715001,6,14,84,2023-08-28
SYN-02707e606ad98cb5,664319005,5,17,85,2023-02-16
SYN-02707e606ad98cb5,664949002,6,17,102,2023-02-16
SYN-0278870a0c15124e,630532001,6,25,150,2023-09-26
SYN-0278870a0c15124e,641686001,3,36,108,2023-09-26
SYN-0278870a0c15124e,671505002,2,34,68,2023-09-26
SYN-0284a7e551630260,554450003,2,31,62,2023-05-18
SYN-0284a7e551630260,554450004,4,31,124,2023-05-18
SYN-0284a7e551630260,554450005,5,31,155,2023-05-18
SYN-02888eeb2ca6fe48,685687004,6,17,102,2023-12-22
SYN-0293e05f01f7e74b,647982002,6,45,270,2023-02-25
SYN-0293f999c045b67c,622961003,6,51,306,2023-08-14
SYN-02a6a3d272bdd1f9,675139006,6,17,102,2023-05-10
SYN-02af2d8f76750464,539723005,4,34,136,2023-06-08
SYN-02af2d8f76750464,599502001,3,38,114,2023-06-08
SYN-02af2d8f76750464,615141003,3,25,75,2023-06-08
SYN-02ba055f8a811527,633135001,5,34,170,2023-06-24
SYN-02ba055f8a811527,657497006,4,25,100,2023-06-24
SYN-02ba055f8a811527,657497007,2,25,50,2023-06-24
SYN-02d126b583598b06,624445002,6,14,84,2023-03-24
SYN-02d126b583598b06,628499008,5,14,70,2023-03-24
SYN-02d21e1445ad8d08,610671001,2,31,62,2023-02-05
SYN-02d6ffb620ded077,555306001,6,41,246,2023-08-13
SYN-02ddfc11a1c5194b,578374001,4,42,168,2023-08-10
SYN-02ddfc11a1c5194b,617348002,4,42,168,2023-08-10
SYN-02ddfc11a1c5194b,621248002,6,20,120,2023-08-10
SYN-02ddfc11a1c5194b,634332007,6,42,252,2023-08-10
SYN-02ddfc11a1c5194b,661806003,5,51,255,2023-08-10
SYN-02ddfc11a1c5194b,671646004,5,42,210,2023-08-10
SYN-02e29d6e99a01341,589924004,3,14,42,2023-12-13
SYN-02e29d6e99a01341,633153004,3,10,30,2023-12-13
SYN-02e29d6e99a01341,637103001,2,25,50,2023-12-13
SYN-02e29d6e99a01341,681196003,6,5,30,2023-12-13
SYN-02e46673a135d204,562245001,4,22,88,2023-08-04
SYN-02e46673a135d204,573716012,4,25,100,2023-08-04
SYN-02e46673a135d204,599016001,2,36,72,2023-08-04
SYN-02e46673a135d204,685687004,3,17,51,2023-08-04
SYN-02e9dd9d97433fb6,399201024,5,59,295,2023-12-06
SYN-02f66439a2e336c6,539296001,4,20,80,2023-11-21
SYN-02f66439a2e336c6,562256010,2,41,82,2023-11-21
SYN-02f66439a2e336c6,631837003,3,14,42,2023-11-21
SYN-02f66439a2e336c6,635190002,2,20,40,2023-11-21
SYN-02f66439a2e336c6,651584005,3,59,177,2023-11-21
SYN-02f66439a2e336c6,656015001,6,12,72,2023-11-21
SYN-02f66439a2e336c6,667491011,2,25,50,2023-11-21
SYN-02f66439a2e336c6,670634001,5,42,210,2023-11-21
SYN-02fa850676b45269,463970010,3,10,30,2023-10-09
SYN-02fa850676b45269,608458001,5,14,70,2023-10-09
SYN-0300d604fc794214,469562006,4,68,272,2023-01-30
SYN-0300d604fc794214,679986001,5,34,170,2023-01-30
SYN-03160965602f9846,610776002,2,9,18,2023-04-17
SYN-03160965602f9846,610776022,4,9,36,2023-04-17
SYN-032844a225e88794,692454002,2,25,50,2023-06-09
SYN-032bd49f2d82bdef,643552001,3,42,126,2023-01-06
SYN-03390b6600982bcf,399201002,4,85,340,2023-05-22
SYN-033de1c637b63f4b,686587003,6,34,204,2023-04-05
SYN-0344f199129f919f,524825013,6,42,252,2023-10-07
SYN-0344f199129f919f,649494005,6,22,132,2023-10-07
SYN-0344f199129f919f,673677002,6,17,102,2023-10-07
SYN-0348834c95ade859,565379022,6,9,54,2023-07-23
SYN-0348834c95ade859,565379023,4,9,36,2023-07-23
SYN-0349ab875ac4cee8,539723004,4,34,136,2023-04-13
SYN-034aa6a685c6e233,627302004,2,32,64,2023-12-30
SYN-034f1a72d8040258,555326007,6,42,252,2023-03-09
SYN-035ea00db3bd46fa,399223004,3,29,87,2023-04-27
SYN-0365221354fa347d,688873001,4,34,136,2023-07-02
SYN-0365221354fa347d,688873020,4,34,136,2023-07-02
SYN-03724c8da72016a0,380609010,4,12,48,2023-04-22
SYN-03724c8da72016a0,481455002,5,34,170,2023-04-22
SYN-03724c8da72016a0,504152009,2,9,18,2023-04-22
SYN-03724c8da72016a0,519588003,3,34,102,2023-04-22
SYN-03724c8da72016a0,526302001,4,22,88,2023-04-22
SYN-03724c8da72016a0,541418003,6,34,204,2023-04-22
SYN-03724c8da72016a0,574116001,3,20,60,2023-04-22
SYN-03724c8da72016a0,610747004,6,20,120,2023-04-22
SYN-03724c8da72016a0,621020001,2,34,68,2023-04-22
SYN-03724c8da72016a0,623564002,6,19,114,2023-04-22
SYN-03724c8da72016a0,627211001,5,31,155,2023-04-22
SYN-03724c8da72016a0,640176001,3,34,102,2023-04-22
SYN-03724c8da72016a0,656015001,3,12,36,2023-04-22
SYN-0379884cb998cdea,108775015,3,9,27,2023-08-04
SYN-037c5de8f1d98bd9,688873005,4,34,136,2023-05-01
SYN-037e7f1cece8a937,639667004,6,41,246,2023-10-13
SYN-0398b1544674d8a5,495680002,6,41,246,2023-12-02
SYN-0398b1544674d8a5,564048010,5,15,75,2023-12-02
SYN-0398b1544674d8a5,594834001,5,12,60,2023-12-02
SYN-0398b1544674d8a5,619234001,5,51,255,2023-12-02
SYN-03a47693fe1c62e7,591334017,4,17,68,2023-08-13
SYN-03a47693fe1c62e7,663396001,5,51,255,2023-08-13
SYN-03a47693fe1c62e7,673638002,5,17,85,2023-08-13
SYN-03a47693fe1c62e7,673638005,2,17,34,2023-08-13
SYN-03a497328b0ba23f,218829014,5,34,170,2023-12-20
SYN-03a497328b0ba23f,680186001,3,42,126,2023-12-20
SYN-03ade5cc9d8b0ddc,477904002,5,16,80,2023-04-05
SYN-03ade5cc9d8b0ddc,608007007,4,29,116,2023-04-05
SYN-03ade5cc9d8b0ddc,637103001,4,20,80,2023-04-05
SYN-03ade5cc9d8b0ddc,700842002,5,54,270,2023-04-05
SYN-03b97f720e601374,609727002,3,31,93,2023-07-19
SYN-03bff309389e7466,651905007,5,17,85,2023-10-01
SYN-03bff309389e7466,678983004,4,17,68,2023-10-01
SYN-03d0eb7c91b92d9f,522461002,4,17,68,2023-09-28
SYN-03d0eb7c91b92d9f,581275002,2,7,14,2023-09-28
SYN-03d0eb7c91b92d9f,599716001,2,24,48,2023-09-28
SYN-03f3ad42b7e79e53,623284003,3,17,51,2023-05-31
SYN-040266d854a55bbb,568597009,5,27,135,2023-09-04
SYN-040266d854a55bbb,568597016,4,42,168,2023-09-04
SYN-040808476978188b,516903005,6,34,204,2023-03-19
SYN-040808476978188b,685687001,4,17,68,2023-03-19
SYN-040808476978188b,685687003,3,17,51,2023-03-19
SYN-0434490c30cc9201,574212001,2,20,40,2023-11-24
SYN-0434490c30cc9201,586265001,3,31,93,2023-11-24
SYN-0434490c30cc9201,586265002,3,31,93,2023-11-24
SYN-0434490c30cc9201,644300002,2,20,40,2023-11-24
SYN-0434490c30cc9201,644300006,4,22,88,2023-11-24
SYN-04491f3673825ddd,639976002,6,85,510,2023-06-11
SYN-04491f3673825ddd,666006006,2,89,178,2023-06-11
SYN-045a302bcfb83c9d,552471003,5,17,85,2023-04-01
SYN-045ad8ea19cc24a9,564309002,2,12,24,2023-01-23
SYN-045b6eb836ad50ad,556379003,4,25,100,2023-06-26
SYN-045b6eb836ad50ad,593988001,3,39,117,2023-06-26
SYN-045b6eb836ad50ad,672598001,4,20,80,2023-06-26
SYN-048092729d271a4f,575542007,6,20,120,2023-03-29
SYN-048092729d271a4f,588681001,3,24,72,2023-03-29
SYN-048092729d271a4f,681150003,4,34,136,2023-03-29
SYN-0491f4e32bcc006b,660712002,5,42,210,2023-03-16
SYN-049fd52b72558d59,568601006,6,51,306,2023-07-24
SYN-049fd52b72558d59,688873014,4,34,136,2023-07-24
SYN-04b0b3d719eee1a5,561067003,4,15,60,2023-09-06
SYN-04b0b3d719eee1a5,586307004,6,9,54,2023-09-06
SYN-04b681c885530574,685687001,6,17,102,2023-08-17
SYN-04b7cf3421b12ab5,179950001,2,25,50,2023-05-05
SYN-04ba066eef6772c9,555102001,4,42,168,2023-06-07
SYN-04ba066eef6772c9,555102005,3,25,75,2023-06-07
SYN-04ba066eef6772c9,562820006,5,9,45,2023-06-07
SYN-04ba066eef6772c9,591201001,6,14,84,2023-06-07
SYN-04cd935813d05c2a,299768001,4,3,12,2023-08-13
SYN-04cd935813d05c2a,535877018,6,7,42,2023-08-13
SYN-04d056bd65b6647c,594834001,5,12,60,2023-12-17
SYN-04d056bd65b6647c,631837001,2,17,34,2023-12-17
SYN-04e5e0f5a44c5c98,485673024,3,17,51,2023-04-15
SYN-04e5e0f5a44c5c98,485673061,3,17,51,2023-04-15
SYN-04e5e0f5a44c5c98,485678017,4,22,88,2023-04-15
SYN-04e5e0f5a44c5c98,487932023,6,14,84,2023-04-15
SYN-04e5e0f5a44c5c98,487932037,4,14,56,2023-04-15
SYN-04e5e0f5a44c5c98,487932039,5,14,70,2023-04-15
SYN-04f47c5e52a96b6e,620081001,4,25,100,2023-09-02
SYN-04f66ae63bac53fd,595779008,3,25,75,2023-01-31
SYN-04f66ae63bac53fd,599502005,4,51,204,2023-01-31
SYN-04f66ae63bac53fd,660712003,4,42,168,2023-01-31
SYN-04f66ae63bac53fd,688873005,6,34,204,2023-01-31
SYN-04fcaa3262bc0ad7,615141002,5,25,125,2023-07-25
SYN-04fcaa3262bc0ad7,646429001,2,51,102,2023-07-25
SYN-0526b3e9218c1360,189616006,4,17,68,2023-11-30
SYN-0526b3e9218c1360,617322005,6,34,204,2023-11-30
SYN-0526b3e9218c1360,672957001,3,17,51,2023-11-30
SYN-0532759f9388c96c,649052001,6,59,354,2023-03-15
SYN-0548bea3f876a2ed,684080003,5,102,510,2023-02-01
SYN-054ebc0cad380183,555364003,5,24,120,2023-10-08
SYN-054ebc0cad380183,594542018,6,25,150,2023-10-08
SYN-054ebc0cad380183,608582001,2,25,50,2023-10-08
SYN-054fcebbce1e6afe,507909001,5,25,125,2023-08-13
SYN-055088456f7235c5,675319002,5,48,240,2023-04-14
SYN-05631ffd1c1867b3,579541007,4,17,68,2023-04-20
SYN-056d7000340b2e98,189634001,3,14,42,2023-05-08
SYN-056d7000340b2e98,564790013,2,25,50,2023-05-08
SYN-056d7000340b2e98,581117001,4,9,36,2023-05-08
SYN-056d7000340b2e98,693208005,2,7,14,2023-05-08
SYN-056d7000340b2e98,693208007,2,7,14,2023-05-08
SYN-05756d2032e6f968,189691044,6,9,54,2023-04-04
SYN-05756d2032e6f968,189691067,5,10,50,2023-04-04
SYN-05756d2032e6f968,244267029,3,12,36,2023-04-04
SYN-05756d2032e6f968,404864030,4,10,40,2023-04-04
SYN-05756d2032e6f968,487275010,2,3,6,2023-04-04
SYN-05756d2032e6f968,487275017,3,5,15,2023-04-04
SYN-05756d2032e6f968,545439001,3,17,51,2023-04-04
SYN-05756d2032e6f968,556364001,4,14,56,2023-04-04
SYN-05756d2032e6f968,563161008,5,9,45,2023-04-04
SYN-05756d2032e6f968,579010003,3,5,15,2023-04-04
SYN-05756d2032e6f968,596955004,6,9,54,2023-04-04
SYN-05756d2032e6f968,625927001,3,10,30,2023-04-04
SYN-05789ba80467ea59,659550001,2,51,102,2023-02-24
SYN-0586aeed46f87bdd,524825010,2,38,76,2023-03-08
SYN-0586aeed46f87bdd,640244003,6,31,186,2023-03-08
SYN-058d313aa5eec785,507910001,5,25,125,2023-12-27
SYN-058d313aa5eec785,685687001,3,17,51,2023-12-27
SYN-058d313aa5eec785,685687002,3,17,51,2023-12-27
SYN-059066c4586678cd,592180001,5,24,120,2023-05-12
SYN-059066c4586678cd,620083002,3,20,60,2023-05-12
SYN-059e0935b5f0ad8c,630145002,5,48,240,2023-11-19
SYN-05a038aa34f71d19,501286001,5,59,295,2023-04-09
SYN-05a038aa34f71d19,568601006,6,51,306,2023-04-09
SYN-05a038aa34f71d19,662085001,3,68,204,2023-04-09
SYN-05ac93dea807e150,639685003,3,42,126,2023-06-15
SYN-05ae4056aeb81334,556255005,3,20,60,2023-01-25
SYN-05af6248fd98e0dc,532578019,5,23,115,2023-10-18
SYN-05af6248fd98e0dc,554598003,2,15,30,2023-10-18
SYN-05af6248fd98e0dc,625818001,2,31,62,2023-10-18
SYN-05b12820a8fe439e,356289021,2,25,50,2023-05-29
SYN-05b69ae14e084862,617534007,5,12,60,2023-08-22
SYN-05b69ae14e084862,642699002,5,7,35,2023-08-22
SYN-05b69ae14e084862,652090002,3,25,75,2023-08-22
SYN-05b69ae14e084862,667316001,6,10,60,2023-08-22
SYN-05b69ae14e084862,684033003,4,23,92,2023-08-22
SYN-05d5d0c2349ee45c,524825010,6,42,252,2023-09-17
SYN-05d5d0c2349ee45c,562245018,2,20,40,2023-09-17
SYN-05d5d0c2349ee45c,585440002,3,17,51,2023-09-17
SYN-05e024b447a0b6b8,676539002,4,59,236,2023-10-19
SYN-05e27e4fae0c3958,651276001,4,42,168,2023-09-04
SYN-05e27e4fae0c3958,677930015,2,17,34,2023-09-04
SYN-05e636922d107686,597918001,5,17,85,2023-11-18
SYN-05e636922d107686,637255009,4,25,100,2023-11-18
SYN-05e636922d107686,659571001,6,38,228,2023-11-18
SYN-05e636922d107686,663327002,2,42,84,2023-11-18
SYN-05ffbc1236c682a2,688826001,2,12,24,2023-05-11
SYN-06039ae551834e23,482130002,5,68,340,2023-12-22
SYN-06039ae551834e23,618750001,4,151,604,2023-12-22
SYN-060a54162cb00b1b,619234001,3,38,114,2023-04-18
SYN-0621acd055521679,569847002,4,15,60,2023-01-07
SYN-0621acd055521679,634383001,4,42,168,2023-01-07
SYN-0621acd055521679,701129002,4,25,100,2023-01-07
SYN-062f365a70efa2da,655855001,4,34,136,2023-11-14
SYN-063e4dc5c0e24113,656749007,2,51,102,2023-05-27
SYN-0655c207901e900a,670655001,2,68,136,2023-10-12
SYN-0655c207901e900a,671613001,3,22,66,2023-10-12
SYN-0655c207901e900a,687114002,5,97,485,2023-10-12
SYN-066213fcda360555,519749040,3,24,72,2023-01-20
SYN-066213fcda360555,521302008,2,15,30,2023-01-20
SYN-066213fcda360555,555364002,6,25,150,2023-01-20
SYN-066213fcda360555,555364005,2,25,50,2023-01-20
SYN-066213fcda360555,562820006,2,9,18,2023-01-20
SYN-066213fcda360555,619148002,2,24,48,2023-01-20
SYN-066213fcda360555,627389006,4,15,60,2023-01-20
SYN-06640c3b58a560fa,582257001,4,14,56,2023-02-09
SYN-067138e13aa0e388,568751002,6,10,60,2023-12-31
SYN-067833e994f1e01b,562252028,4,25,100,2023-06-03
SYN-067a39a00e84e40e,594978005,4,14,56,2023-02-26
SYN-067a39a00e84e40e,614854001,5,17,85,2023-02-26
SYN-067a39a00e84e40e,635238002,6,14,84,2023-02-26
SYN-067b0c6cdc27691a,502186011,5,34,170,2023-07-09
SYN-067b0c6cdc27691a,573085020,2,31,62,2023-07-09
SYN-067b0c6cdc27691a,655259001,5,25,125,2023-07-09
SYN-067b0c6cdc27691a,677930002,5,17,85,2023-07-09
SYN-067fd691c229f2e5,671491001,3,51,153,2023-04-01
SYN-068b997c1b6e9b51,108775051,2,5,10,2023-07-06
SYN-068b997c1b6e9b51,355569011,3,8,24,2023-07-06
SYN-068b997c1b6e9b51,355569043,6,3,18,2023-07-06
SYN-068b997c1b6e9b51,494691001,6,8,48,2023-07-06
SYN-068b997c1b6e9b51,496762014,2,9,18,2023-07-06
SYN-068b997c1b6e9b51,504113011,3,6,18,2023-07-06
SYN-068b997c1b6e9b51,504113014,3,6,18,2023-07-06
SYN-068b997c1b6e9b51,516000044,3,9,27,2023-07-06
SYN-068b997c1b6e9b51,544116002,5,6,30,2023-07-06
SYN-068b997c1b6e9b51,589222003,2,19,38,2023-07-06
SYN-068b997c1b6e9b51,642699001,2,5,10,2023-07-06
SYN-068b997c1b6e9b51,660988001,6,38,228,2023-07-06
SYN-068bb9755c1c71f6,568767003,6,36,216,2023-11-22
SYN-068bb9755c1c71f6,614044003,4,49,196,2023-11-22
SYN-068bb9755c1c71f6,660924001,3,10,30,2023-11-22
SYN-068dafd330b3c98f,200182001,4,14,56,2023-04-16
SYN-068dafd330b3c98f,610730016,2,34,68,2023-04-16
SYN-068dafd330b3c98f,636938001,5,34,170,2023-04-16
SYN-068dafd330b3c98f,694689002,3,51,153,2023-04-16
SYN-068f9253ea63bd14,648904001,3,9,27,2023-02-13
SYN-068f9253ea63bd14,649551007,5,25,125,2023-02-13
SYN-06943bae8cbf834f,534164001,5,34,170,2023-10-20
SYN-069de850382f241e,277738002,2,25,50,2023-03-21
SYN-069de850382f241e,608645003,4,34,136,2023-03-21
SYN-06a2e27a5877d49c,678983004,5,17,85,2023-03-11
SYN-06af687732bbd208,408569010,4,14,56,2023-09-21
SYN-06b098f33bb7c4e4,665098001,5,59,295,2023-01-04
SYN-06bc4f3e519475a6,392168001,6,5,30,2023-09-11
SYN-06bc4f3e519475a6,597596005,3,10,30,2023-09-11
SYN-06bc4f3e519475a6,598795014,5,7,35,2023-09-11
SYN-06bc4f3e519475a6,598795018,4,9,36,2023-09-11
SYN-06beda434b16001f,399201005,2,53,106,2023-10-31
SYN-06beda434b16001f,656059003,3,51,153,2023-10-31
SYN-06beda434b16001f,685687004,2,17,34,2023-10-31
SYN-06c1c6e34ebb9075,309864002,6,15,90,2023-09-11
SYN-06c1c6e34ebb9075,499788003,5,15,75,2023-09-11
SYN-06c1c6e34ebb9075,632193004,6,31,186,2023-09-11
SYN-06c1c6e34ebb9075,651344001,5,23,115,2023-09-11
SYN-06c1c6e34ebb9075,664776001,3,15,45,2023-09-11
SYN-06c1c6e34ebb9075,687369006,3,23,69,2023-09-11
SYN-06ce202b96475689,510398014,5,34,170,2023-07-18
SYN-06ce202b96475689,551045040,3,42,126,2023-07-18
SYN-06ce202b96475689,557248009,2,34,68,2023-07-18
SYN-06ce202b96475689,633136001,4,34,136,2023-07-18
SYN-06ce202b96475689,633136003,6,34,204,2023-07-18
SYN-06ce202b96475689,633136004,3,34,102,2023-07-18
SYN-06ce202b96475689,633136005,4,34,136,2023-07-18
SYN-06ce202b96475689,633136006,3,34,102,2023-07-18
SYN-06ce202b96475689,633136007,2,34,68,2023-07-18
SYN-06ce202b96475689,680557004,2,25,50,2023-07-18
SYN-06d7c1a7691e7892,648940001,5,34,170,2023-12-31
SYN-06d7c1a7691e7892,661794001,2,153,306,2023-12-31
SYN-06d7c1a7691e7892,661794002,3,153,459,2023-12-31
SYN-0702366ce06023ea,661910001,4,168,672,2023-06-26
SYN-0706d25bad04a0bb,579865003,4,42,168,2023-09-17
SYN-0716193592e51fef,411413001,4,14,56,2023-12-14
SYN-0716193592e51fef,624486009,3,14,42,2023-12-14
SYN-0716193592e51fef,671217003,3,25,75,2023-12-14
SYN-071bd5512025c700,563113003,2,14,28,2023-06-15
SYN-071bd5512025c700,622046005,4,17,68,2023-06-15
SYN-071d3c6fbf3e53c3,552346001,5,29,145,2023-09-13
SYN-071d3c6fbf3e53c3,552346008,2,29,58,2023-09-13
SYN-071d3c6fbf3e53c3,567657006,5,29,145,2023-09-13
SYN-071d3c6fbf3e53c3,567657010,6,29,174,2023-09-13
SYN-072e7a0a5a338073,659873001,6,85,510,2023-11-23
SYN-073035509ec424dd,585809002,5,14,70,2023-08-29
SYN-073035509ec424dd,669535001,4,59,236,2023-08-29
SYN-073086020eca0e53,586955001,4,17,68,2023-01-17
SYN-073086020eca0e53,623434012,5,31,155,2023-01-17
SYN-073086020eca0e53,626052010,5,22,110,2023-01-17
SYN-073ad6c30bc37ccd,688873001,5,34,170,2023-12-23
SYN-073e57323316c8d9,615141002,4,25,100,2023-02-20
SYN-0745a778f270521f,573085014,3,24,72,2023-09-19
SYN-0745a778f270521f,627389006,5,15,75,2023-09-19
SYN-0745a778f270521f,657925002,2,36,72,2023-09-19
SYN-07488ce16faf3cae,211143023,5,20,100,2023-04-06
SYN-07493d82e2b191ed,570003018,4,14,56,2023-11-23
SYN-07521e9131cc47f5,592975003,5,25,125,2023-02-27
SYN-07521e9131cc47f5,592975013,6,51,306,2023-02-27
SYN-07521e9131cc47f5,616632001,4,85,340,2023-02-27
SYN-07521e9131cc47f5,664074001,3,17,51,2023-02-27
SYN-07521e9131cc47f5,669031002,3,68,204,2023-02-27
SYN-07521e9131cc47f5,689899001,4,51,204,2023-02-27
SYN-0763e7a0b63b30fe,482207007,4,51,204,2023-03-08
SYN-0763e7a0b63b30fe,516741004,6,54,324,2023-03-08
SYN-0763e7a0b63b30fe,516741007,3,59,177,2023-03-08
SYN-0763e7a0b63b30fe,573937001,3,32,96,2023-03-08
SYN-0763e7a0b63b30fe,617758004,3,34,102,2023-03-08
SYN-0763e7a0b63b30fe,646592004,3,17,51,2023-03-08
SYN-076a1e652c391e9d,626128001,3,22,66,2023-08-12
SYN-076a1e652c391e9d,626415013,5,22,110,2023-08-12
SYN-076a1e652c391e9d,627563007,3,25,75,2023-08-12
SYN-076a1e652c391e9d,661869001,5,22,110,2023-08-12
SYN-076d7fbb61143b29,598859003,6,51,306,2023-08-06
SYN-076d7fbb61143b29,640462001,5,34,170,2023-08-06
SYN-076d7fbb61143b29,640462002,3,34,102,2023-08-06
SYN-076d7fbb61143b29,667491011,2,25,50,2023-08-06
SYN-076d7fbb61143b29,685687001,6,17,102,2023-08-06
SYN-076d7fbb61143b29,685687004,6,17,102,2023-08-06
SYN-07774846c491220b,508184020,6,24,144,2023-04-01
SYN-07774846c491220b,560783010,5,5,25,2023-04-01
SYN-07774846c491220b,625939005,4,3,12,2023-04-01
SYN-07774846c491220b,660150001,3,5,15,2023-04-01
SYN-077c073a0a51053e,640124001,5,24,120,2023-05-18
SYN-0787365472c72eb7,506452003,3,24,72,2023-07-15
SYN-0787365472c72eb7,613497003,2,34,68,2023-07-15
SYN-078f819e7e9429eb,525581005,5,9,45,2023-11-16
SYN-078f819e7e9429eb,553873013,4,5,20,2023-11-16
SYN-078f819e7e9429eb,553873022,3,5,15,2023-11-16
SYN-078f819e7e9429eb,553905002,4,9,36,2023-11-16
SYN-078f819e7e9429eb,553905004,6,9,54,2023-11-16
SYN-078f819e7e9429eb,565183003,2,5,10,2023-11-16
SYN-078f819e7e9429eb,618008001,5,12,60,2023-11-16
SYN-078f819e7e9429eb,640396003,2,6,12,2023-11-16
SYN-078f819e7e9429eb,667395002,2,9,18,2023-11-16
SYN-07bee4a4a1f358eb,560047002,6,14,84,2023-05-29
SYN-07bee4a4a1f358eb,625321003,2,22,44,2023-05-29
SYN-07bee4a4a1f358eb,660367001,6,43,258,2023-05-29
SYN-07bee4a4a1f358eb,662868003,5,29,145,2023-05-29
SYN-07bee4a4a1f358eb,697489002,5,12,60,2023-05-29
SYN-07d00140af1f9b84,673638001,6,17,102,2023-05-16
SYN-07e1f6f83f5ead99,549253001,4,32,128,2023-04-18
SYN-07e1f6f83f5ead99,557244001,3,46,138,2023-04-18
SYN-07ec00e1f791a05d,516000073,2,17,34,2023-06-11
SYN-07ec00e1f791a05d,614854001,3,17,51,2023-06-11
SYN-07ec00e1f791a05d,628513001,5,42,210,2023-06-11
SYN-0817aa566034c9af,501820025,2,17,34,2023-01-11
SYN-0817aa566034c9af,626587004,2,58,116,2023-01-11
SYN-08268af3e5427f6b,469137010,5,22,110,2023-10-25
SYN-08268af3e5427f6b,510018004,2,34,68,2023-10-25
SYN-0833b328808d2e3b,549251001,6,34,204,2023-09-01
SYN-0833b328808d2e3b,549251004,6,20,120,2023-09-01
SYN-0833b328808d2e3b,549251005,4,34,136,2023-09-01
SYN-0833b328808d2e3b,617835003,4,17,68,2023-09-01
SYN-0833b328808d2e3b,638355001,3,42,126,2023-09-01
SYN-083fa14fd6516767,568601020,6,51,306,2023-07-20
SYN-083fa14fd6516767,663488001,2,68,136,2023-07-20
SYN-0840fa521b5c7f08,399136004,6,59,354,2023-12-19
SYN-0840fa521b5c7f08,632523002,3,59,177,2023-12-19
SYN-0840fa521b5c7f08,679121001,3,17,51,2023-12-19
SYN-0840fa521b5c7f08,682965001,3,25,75,2023-12-19
SYN-0840fa521b5c7f08,684010001,5,34,170,2023-12-19
SYN-08415ca81981c239,256151014,4,51,204,2023-12-18
SYN-08415ca81981c239,516000017,2,17,34,2023-12-18
SYN-08415ca81981c239,516000034,5,17,85,2023-12-18
SYN-08415ca81981c239,516000043,6,17,102,2023-12-18
SYN-08415ca81981c239,578480001,3,119,357,2023-12-18
SYN-08415ca81981c239,690992001,2,17,34,2023-12-18
SYN-08415ca81981c239,690992003,2,17,34,2023-12-18
SYN-0856d2dba3e6d146,620908004,5,15,75,2023-12-02
SYN-085c8382575a50e8,575347003,2,14,28,2023-01-08
SYN-085c8382575a50e8,575347010,6,14,84,2023-01-08
SYN-0867198f634a2137,612891005,4,42,168,2023-02-20
SYN-0867198f634a2137,625939002,4,9,36,2023-02-20
SYN-0867198f634a2137,625939003,3,9,27,2023-02-20
SYN-0867198f634a2137,625939004,3,9,27,2023-02-20
SYN-0867198f634a2137,637230001,6,51,306,2023-02-20
SYN-0867198f634a2137,643344002,3,42,126,2023-02-20
SYN-086e7a82df46305a,521302008,4,15,60,2023-06-03
SYN-086e7a82df46305a,530665001,5,71,355,2023-06-03
SYN-086e7a82df46305a,581086002,4,14,56,2023-06-03
SYN-086e7a82df46305a,590007001,4,20,80,2023-06-03
SYN-086e7a82df46305a,590007003,6,14,84,2023-06-03
SYN-086e7a82df46305a,611032001,2,12,24,2023-06-03
SYN-087cea6d6b9a7fca,624445013,3,17,51,2023-10-14
SYN-087cea6d6b9a7fca,645486001,2,12,24,2023-10-14
SYN-0881c7520b285559,561548002,6,4,24,2023-04-04
SYN-0881c7520b285559,607347007,5,12,60,2023-04-04
SYN-0881c7520b285559,611148013,4,15,60,2023-04-04
SYN-0881c7520b285559,615970003,3,46,138,2023-04-04
SYN-0881c7520b285559,618399008,2,15,30,2023-04-04
SYN-0881c7520b285559,620208031,3,10,30,2023-04-04
SYN-0881c7520b285559,620424035,2,13,26,2023-04-04
SYN-0881c7520b285559,657428001,3,27,81,2023-04-04
SYN-0881c7520b285559,665969001,5,20,100,2023-04-04
SYN-088432f78ec21767,652742003,3,59,177,2023-12-21
SYN-0885848493b68172,626054001,4,59,236,2023-03-23
SYN-0885848493b68172,640868001,4,22,88,2023-03-23
SYN-089b5f6f071daf06,652731008,5,54,270,2023-12-27
SYN-089b5f6f071daf06,688873020,3,31,93,2023-12-27
SYN-08a1426f41c9f4a7,547367007,5,10,50,2023-03-27
SYN-08c23276984621f2,626263002,2,25,50,2023-09-04
SYN-08c23276984621f2,626440008,4,17,68,2023-09-04
SYN-08c23276984621f2,626445006,3,25,75,2023-09-04
SYN-08c23276984621f2,634019001,6,51,306,2023-09-04
SYN-08d71640d9f57b37,636935002,2,51,102,2023-06-29
SYN-08d8696b170fd5d3,562245034,5,20,100,2023-04-11
SYN-08da2487ed958143,633135005,5,34,170,2023-06-15
SYN-08e5f7994f01378b,537346022,3,42,126,2023-03-31
SYN-08ea423bab7061fb,538584006,4,17,68,2023-09-24
SYN-08ea423bab7061fb,563571001,5,17,85,2023-09-24
SYN-08ea423bab7061fb,590922001,4,19,76,2023-09-24
SYN-08ea423bab7061fb,598782004,4,17,68,2023-09-24
SYN-08ea423bab7061fb,610671001,2,31,62,2023-09-24
SYN-08ea423bab7061fb,633130002,3,17,51,2023-09-24
SYN-08ea423bab7061fb,640462002,3,34,102,2023-09-24
SYN-08ea423bab7061fb,678933001,3,42,126,2023-09-24
SYN-08ea423bab7061fb,678933002,2,42,84,2023-09-24
SYN-08ea423bab7061fb,685821002,3,34,102,2023-09-24
SYN-08ea423bab7061fb,691184001,6,17,102,2023-09-24
SYN-08ff0c99ce5b53c0,189634001,2,10,20,2023-03-25
SYN-08ff0c99ce5b53c0,189654001,5,9,45,2023-03-25
SYN-08ff0c99ce5b53c0,341782022,4,10,40,2023-03-25
SYN-08ff0c99ce5b53c0,341782023,3,14,42,2023-03-25
SYN-08ff0c99ce5b53c0,399201005,4,59,236,2023-03-25
SYN-08ff0c99ce5b53c0,549257001,4,34,136,2023-03-25
SYN-08ff0c99ce5b53c0,573085001,6,24,144,2023-03-25
SYN-08ff0c99ce5b53c0,573937001,3,32,96,2023-03-25
SYN-08ff0c99ce5b53c0,632145001,4,10,40,2023-03-25
SYN-08ff0c99ce5b53c0,674014001,5,31,155,2023-03-25
SYN-08ff0c99ce5b53c0,677848003,5,9,45,2023-03-25
SYN-0904144e493f4ad8,539844004,6,51,306,2023-04-01
SYN-0904144e493f4ad8,554640001,2,59,118,2023-04-01
SYN-0904144e493f4ad8,573716039,5,25,125,2023-04-01
SYN-0904144e493f4ad8,608458001,3,17,51,2023-04-01
SYN-0904144e493f4ad8,639192002,6,68,408,2023-04-01
SYN-0904144e493f4ad8,658298001,6,42,252,2023-04-01
SYN-0904144e493f4ad8,674336003,3,34,102,2023-04-01
SYN-090e915496001ba4,493438019,2,25,50,2023-04-25
SYN-0919ccd64cfc0920,312543001,5,25,125,2023-09-18
SYN-0919ccd64cfc0920,503095005,4,36,144,2023-09-18
SYN-0919ccd64cfc0920,510018004,4,34,136,2023-09-18
SYN-0919ccd64cfc0920,558428001,3,36,108,2023-09-18
SYN-0919ccd64cfc0920,602293001,6,20,120,2023-09-18
SYN-0922cd575504d440,652731008,3,53,159,2023-05-22
SYN-0923e877c67a8d47,538142004,6,25,150,2023-04-26
SYN-0923e877c67a8d47,562245034,2,20,40,2023-04-26
SYN-09270bf9e10988db,559619002,2,12,24,2023-04-21
SYN-09270bf9e10988db,603145001,4,17,68,2023-04-21
SYN-09270bf9e10988db,663003005,6,34,204,2023-04-21
SYN-09270bf9e10988db,676954001,2,48,96,2023-04-21
SYN-092aa8df2397734b,649397003,2,42,84,2023-03-09
SYN-09302fa5af0a5c45,673677002,5,17,85,2023-07-01
SYN-09302fa5af0a5c45,685687004,5,17,85,2023-07-01
SYN-09319906d5bb6ac8,685687004,2,16,32,2023-04-26
SYN-097468ff43ce8cfb,668767002,5,17,85,2023-05-23
SYN-097468ff43ce8cfb,685343001,3,17,51,2023-05-23
SYN-097468ff43ce8cfb,685687001,5,17,85,2023-05-23
SYN-09752c963e56528a,542464001,3,23,69,2023-02-20
SYN-09752c963e56528a,660927001,5,23,115,2023-02-20
SYN-0975bf223e4e573b,567993015,5,14,70,2023-01-18
SYN-0975bf223e4e573b,638039001,3,34,102,2023-01-18
SYN-0975bf223e4e573b,665657001,4,22,88,2023-01-18
SYN-0975bf223e4e573b,679332001,2,34,68,2023-01-18
SYN-0975bf223e4e573b,680810002,3,34,102,2023-01-18
SYN-097a8e189090f3e0,591334019,4,15,60,2023-07-30
SYN-097a8e189090f3e0,662888001,5,31,155,2023-07-30
SYN-097a8e189090f3e0,671553001,5,15,75,2023-07-30
SYN-097a8e189090f3e0,671553003,5,15,75,2023-07-30
SYN-097a8e189090f3e0,673677002,3,15,45,2023-07-30
SYN-098621f40087df11,675359002,3,42,126,2023-04-05
SYN-098621f40087df11,688873012,6,34,204,2023-04-05
SYN-098621f40087df11,705094003,3,42,126,2023-04-05
SYN-0988e3d320e118e1,399256002,2,7,14,2023-09-02
SYN-0989b7fb30d45ac6,585398005,5,25,125,2023-04-26
SYN-0989b7fb30d45ac6,623275008,3,25,75,2023-04-26
SYN-0989b7fb30d45ac6,629396002,4,25,100,2023-04-26
SYN-0989b7fb30d45ac6,649021001,3,22,66,2023-04-26
SYN-0989b7fb30d45ac6,650678005,3,17,51,2023-04-26
SYN-0989b7fb30d45ac6,676756002,6,25,150,2023-04-26
SYN-0989b7fb30d45ac6,696221002,3,34,102,2023-04-26
SYN-098dfa05ecb1d423,630116002,3,34,102,2023-07-18
SYN-09912cce7f76f5ce,631480009,2,9,18,2023-03-30
SYN-0992da5473a33d7b,573716040,5,23,115,2023-04-18
SYN-0992da5473a33d7b,637515001,2,31,62,2023-04-18
SYN-09954a50d55c9dab,672899001,2,59,118,2023-06-04
SYN-09954a50d55c9dab,689123001,4,25,100,2023-06-04
SYN-09b3034703ca4325,533923008,3,22,66,2023-12-05
SYN-09b3034703ca4325,549852004,3,14,42,2023-12-05
SYN-09b3034703ca4325,561500001,5,12,60,2023-12-05
SYN-09b3034703ca4325,576714003,4,15,60,2023-12-05
SYN-09b3034703ca4325,596395001,5,22,110,2023-12-05
SYN-09b3034703ca4325,613827001,6,22,132,2023-12-05
SYN-09b3034703ca4325,625432001,2,48,96,2023-12-05
SYN-09b3034703ca4325,670233011,5,25,125,2023-12-05
SYN-09b3034703ca4325,675856003,3,17,51,2023-12-05
SYN-09e41e193940da90,400285006,5,35,175,2023-02-21
SYN-09e41e193940da90,573085001,2,19,38,2023-02-21
SYN-09e41e193940da90,577513001,6,41,246,2023-02-21
SYN-09e41e193940da90,578487011,5,54,270,2023-02-21
SYN-09e41e193940da90,581777008,6,41,246,2023-02-21
SYN-09e41e193940da90,630116014,4,27,108,2023-02-21
SYN-09e41e193940da90,638899001,5,41,205,2023-02-21
SYN-09e41e193940da90,638899002,3,41,123,2023-02-21
SYN-09e41e193940da90,658254006,5,41,205,2023-02-21
SYN-09e41e193940da90,659562001,6,47,282,2023-02-21
SYN-09e41e193940da90,665110001,2,20,40,2023-02-21
SYN-09e41e193940da90,666254001,6,41,246,2023-02-21
SYN-09e41e193940da90,674047003,5,95,475,2023-02-21
SYN-09e41e193940da90,676065001,2,41,82,2023-02-21
SYN-09e41e193940da90,680979001,5,109,545,2023-02-21
SYN-09e41e193940da90,685972001,2,109,218,2023-02-21
SYN-09e41e193940da90,693474001,6,27,162,2023-02-21
SYN-09e41e193940da90,700954001,2,54,108,2023-02-21
SYN-09e41e193940da90,714424001,5,34,170,2023-02-21
SYN-09e45d0e7b23fec2,621372001,3,117,351,2023-09-22
SYN-09e45d0e7b23fec2,642739002,2,34,68,2023-09-22
SYN-09ec70ba1b4c2e8e,655855001,5,29,145,2023-01-03
SYN-09f3fcd2b35ae969,633130002,2,17,34,2023-07-18
SYN-09f3fcd2b35ae969,633130015,5,17,85,2023-07-18
SYN-09f8ee3c5451f1c0,312543001,3,20,60,2023-03-07
SYN-09f8ee3c5451f1c0,571650001,3,34,102,2023-03-07
SYN-09f8ee3c5451f1c0,584895014,2,9,18,2023-03-07
SYN-09f8ee3c5451f1c0,591087001,6,17,102,2023-03-07
SYN-09f8ee3c5451f1c0,612636001,3,20,60,2023-03-07
SYN-09f8ee3c5451f1c0,618784002,4,24,96,2023-03-07
SYN-09f8ee3c5451f1c0,641312002,4,12,48,2023-03-07
SYN-09f8ee3c5451f1c0,643201001,4,34,136,2023-03-07
SYN-09f8ee3c5451f1c0,703795001,5,27,135,2023-03-07
SYN-09fca807a34e7e82,584483001,6,17,102,2023-02-12
SYN-0a057c2f20b1c895,606983001,6,12,72,2023-12-26
SYN-0a057c2f20b1c895,619481001,3,22,66,2023-12-26
SYN-0a10fce0d8168157,487750034,4,19,76,2023-03-13
SYN-0a10fce0d8168157,537612016,3,13,39,2023-03-13
SYN-0a10fce0d8168157,627563006,6,19,114,2023-03-13
SYN-0a10fce0d8168157,635742002,3,59,177,2023-03-13
SYN-0a10fce0d8168157,656497004,5,34,170,2023-03-13
SYN-0a10fce0d8168157,669586001,4,34,136,2023-03-13
SYN-0a1585d8fed6bb06,647946004,3,34,102,2023-09-17
SYN-0a17d4ee0c1bbb99,663835001,4,42,168,2023-11-11
SYN-0a17d4ee0c1bbb99,667491002,5,25,125,2023-11-11
SYN-0a17d4ee0c1bbb99,689165001,4,51,204,2023-11-11
SYN-0a17d4ee0c1bbb99,714419001,6,25,150,2023-11-11
SYN-0a19bc9d88ac9230,532578008,6,19,114,2023-09-15
SYN-0a19bc9d88ac9230,685687001,5,17,85,2023-09-15
SYN-0a24ec45e9b37b02,241412038,5,25,125,2023-05-19
SYN-0a24ec45e9b37b02,649495001,3,31,93,2023-05-19
SYN-0a2f81b90012af71,537346026,2,42,84,2023-06-15
SYN-0a2f81b90012af71,671624001,3,102,306,2023-06-15
SYN-0a37e111b96342f8,615141002,2,25,50,2023-07-13
SYN-0a37e111b96342f8,622962001,3,51,153,2023-07-13
SYN-0a37e111b96342f8,638628002,4,36,144,2023-07-13
SYN-0a37e111b96342f8,696545002,3,68,204,2023-07-13
SYN-0a45ee0a0e22d5df,554792001,4,25,100,2023-09-13
SYN-0a45ee0a0e22d5df,692688001,3,47,141,2023-09-13
SYN-0a504ecd6b413ba4,474461014,5,25,125,2023-07-19
SYN-0a504ecd6b413ba4,569986004,6,22,132,2023-07-19
SYN-0a504ecd6b413ba4,569997018,5,14,70,2023-07-19
SYN-0a504ecd6b413ba4,570003018,6,14,84,2023-07-19
SYN-0a6d713aa2b4d7b7,561445003,4,9,36,2023-11-09
SYN-0a6d713aa2b4d7b7,561445011,4,9,36,2023-11-09
SYN-0a8296ecae177806,502631001,6,20,120,2023-12-24
SYN-0a8964fae8e6410c,686631001,4,42,168,2023-02-12
SYN-0a8d51beca9e3e1c,484398001,4,34,136,2023-06-19
SYN-0a8d51beca9e3e1c,685687003,6,17,102,2023-06-19
SYN-0a8d51beca9e3e1c,685687004,5,17,85,2023-06-19
SYN-0a8f25c95830b56c,616088002,6,5,30,2023-04-23
SYN-0a8f25c95830b56c,620945002,4,5,20,2023-04-23
SYN-0a8f25c95830b56c,643833005,2,7,14,2023-04-23
SYN-0a8f25c95830b56c,647954004,2,31,62,2023-04-23
SYN-0a8f25c95830b56c,658295002,6,41,246,2023-04-23
SYN-0a8fc339df41f4a8,617169003,2,10,20,2023-07-14
SYN-0a8fc339df41f4a8,649494005,2,22,44,2023-07-14
SYN-0aa26e61ea190607,628920006,4,9,36,2023-09-02
SYN-0aac1ac7c0454acb,573716012,5,25,125,2023-10-28
SYN-0aac1ac7c0454acb,573716033,3,25,75,2023-10-28
SYN-0aac1ac7c0454acb,685687002,6,17,102,2023-10-28
SYN-0aac1ac7c0454acb,685687004,6,17,102,2023-10-28
SYN-0aac1ac7c0454acb,686631003,6,41,246,2023-10-28
SYN-0aae19f7d3f79cbe,448509009,2,18,36,2023-09-25
SYN-0aae19f7d3f79cbe,640021005,2,46,92,2023-09-25
SYN-0ab7e12a11e78995,542846001,6,14,84,2023-06-16
SYN-0ac5e64f7faa5d5e,291338014,6,12,72,2023-11-17
SYN-0ac5e64f7faa5d5e,626702008,3,23,69,2023-11-17
SYN-0ac5e64f7faa5d5e,647490004,2,61,122,2023-11-17
SYN-0ac5e64f7faa5d5e,672758001,6,38,228,2023-11-17
SYN-0ae65fed14c608dd,479227020,5,5,25,2023-12-22
SYN-0ae65fed14c608dd,559634003,5,22,110,2023-12-22
SYN-0ae65fed14c608dd,561758013,2,9,18,2023-12-22
SYN-0ae65fed14c608dd,583060001,6,15,90,2023-12-22
SYN-0ae65fed14c608dd,633153004,6,9,54,2023-12-22
SYN-0ae65fed14c608dd,651464002,4,14,56,2023-12-22
SYN-0ae65fed14c608dd,683662008,2,12,24,2023-12-22
SYN-0ae9b9dc93d6b651,634332007,6,42,252,2023-04-13
SYN-0afdce5fe82ee2d3,667999001,3,17,51,2023-04-17
SYN-0afdce5fe82ee2d3,667999002,5,17,85,2023-04-17
SYN-0afdce5fe82ee2d3,667999003,3,17,51,2023-04-17
SYN-0afdce5fe82ee2d3,667999004,5,17,85,2023-04-17
SYN-0afdce5fe82ee2d3,675856001,5,17,85,2023-04-17
SYN-0afe41594ee3ec3b,552473037,3,25,75,2023-09-11
SYN-0afe41594ee3ec3b,633130002,3,17,51,2023-09-11
SYN-0b08e9d34f67c7b2,598515006,3,17,51,2023-05-02
SYN-0b08e9d34f67c7b2,598515008,2,17,34,2023-05-02
SYN-0b14147008d5d7fa,490793035,3,10,30,2023-06-19
SYN-0b14147008d5d7fa,606022001,5,11,55,2023-06-19
SYN-0b1fcdfca2e76326,552471023,5,14,70,2023-05-01
SYN-0b208aa4ff208a9a,693956001,2,34,68,2023-05-29
SYN-0b23418fd4494b9b,672890001,6,24,144,2023-04-17
SYN-0b32e1ff198cdcd8,351484002,3,12,36,2023-07-23
SYN-0b32e1ff198cdcd8,609719001,4,9,36,2023-07-23
SYN-0b349370d724cab0,632811001,6,51,306,2023-09-07
SYN-0b349370d724cab0,634070005,6,42,252,2023-09-07
SYN-0b3eed829903e220,502186011,3,32,96,2023-02-28
SYN-0b3eed829903e220,568864001,6,20,120,2023-02-28
SYN-0b3eed829903e220,637515002,5,34,170,2023-02-28
SYN-0b3eed829903e220,685687001,4,17,68,2023-02-28
SYN-0b3eed829903e220,685687002,4,17,68,2023-02-28
SYN-0b3eed829903e220,685687003,4,17,68,2023-02-28
SYN-0b4770e9b4a5dd9c,522918035,2,25,50,2023-03-08
SYN-0b4770e9b4a5dd9c,649397002,6,42,252,2023-03-08
SYN-0b4770e9b4a5dd9c,663942008,4,34,136,2023-03-08
SYN-0b4770e9b4a5dd9c,678571001,6,5,30,2023-03-08
SYN-0b48960492f6b340,189634001,6,14,84,2023-05-15
SYN-0b48960492f6b340,647462001,2,68,136,2023-05-15
SYN-0b4d2f4803f669d4,216081011,5,59,295,2023-09-05
SYN-0b4d2f4803f669d4,446224001,2,17,34,2023-09-05
SYN-0b4d2f4803f669d4,446224011,2,17,34,2023-09-05
SYN-0b4d2f4803f669d4,524825019,2,42,84,2023-09-05
SYN-0b4d2f4803f669d4,625818001,3,34,102,2023-09-05
SYN-0b4d2f4803f669d4,648627007,6,17,102,2023-09-05
SYN-0b4d2f4803f669d4,648630001,6,14,84,2023-09-05
SYN-0b4d2f4803f669d4,649492005,4,17,68,2023-09-05
SYN-0b4d2f4803f669d4,662888002,3,34,102,2023-09-05
SYN-0b4d2f4803f669d4,665481001,3,51,153,2023-09-05
SYN-0b4d2f4803f669d4,684588006,3,25,75,2023-09-05
SYN-0b5763753ab3eb94,452511001,6,11,66,2023-12-18
SYN-0b5763753ab3eb94,568137002,6,16,96,2023-12-18
SYN-0b5763753ab3eb94,637158002,5,29,145,2023-12-18
SYN-0b5763753ab3eb94,639192006,5,62,310,2023-12-18
SYN-0b5763753ab3eb94,664074001,5,17,85,2023-12-18
SYN-0b5763753ab3eb94,675952009,2,31,62,2023-12-18
SYN-0b5763753ab3eb94,685284001,2,39,78,2023-12-18
SYN-0b5763753ab3eb94,688873005,5,31,155,2023-12-18
SYN-0b5763753ab3eb94,691574001,6,85,510,2023-12-18
SYN-0b62ccf0f9f4126c,578626008,2,51,102,2023-10-18
SYN-0b62ccf0f9f4126c,578630002,6,34,204,2023-10-18
SYN-0b63772bbee93c0c,507909017,4,23,92,2023-05-28
SYN-0b6a45bf46231768,325087002,3,20,60,2023-04-07
SYN-0b6a45bf46231768,325087018,4,20,80,2023-04-07
SYN-0b728f72232d41c7,243613004,2,22,44,2023-12-06
SYN-0b728f72232d41c7,457892003,3,25,75,2023-12-06
SYN-0b728f72232d41c7,470789012,5,17,85,2023-12-06
SYN-0b728f72232d41c7,494691001,3,9,27,2023-12-06
SYN-0b728f72232d41c7,580469008,4,85,340,2023-12-06
SYN-0b728f72232d41c7,589924009,2,25,50,2023-12-06
SYN-0b728f72232d41c7,605939004,6,59,354,2023-12-06
SYN-0b728f72232d41c7,608458001,4,17,68,2023-12-06
SYN-0b728f72232d41c7,637268006,2,51,102,2023-12-06
SYN-0b728f72232d41c7,651584005,2,59,118,2023-12-06
SYN-0b728f72232d41c7,662857005,5,42,210,2023-12-06
SYN-0b728f72232d41c7,670655001,2,68,136,2023-12-06
SYN-0b728f72232d41c7,673677002,5,17,85,2023-12-06
SYN-0b728f72232d41c7,673677003,3,17,51,2023-12-06
SYN-0b728f72232d41c7,685284003,6,42,252,2023-12-06
SYN-0b728f72232d41c7,708021001,5,17,85,2023-12-06
SYN-0b73d10a8fb1cf72,399136023,5,42,210,2023-10-27
SYN-0b73d10a8fb1cf72,399201005,4,59,236,2023-10-27
SYN-0b75041cb15dbaf7,688873020,3,32,96,2023-10-16
SYN-0b875bcfadce5433,671809002,5,51,255,2023-05-16
SYN-0b8dcb5666681f6c,244267029,3,12,36,2023-08-09
SYN-0b8dcb5666681f6c,297067002,5,12,60,2023-08-09
SYN-0b8dcb5666681f6c,458924011,6,9,54,2023-08-09
SYN-0b8dcb5666681f6c,500780008,2,29,58,2023-08-09
SYN-0b8dcb5666681f6c,522918026,3,15,45,2023-08-09
SYN-0b8dcb5666681f6c,551462007,3,20,60,2023-08-09
SYN-0b8dcb5666681f6c,561067003,3,15,45,2023-08-09
SYN-0b8dcb5666681f6c,572938002,4,12,48,2023-08-09
SYN-0b8dcb5666681f6c,583976001,5,25,125,2023-08-09
SYN-0b8dcb5666681f6c,592846001,5,12,60,2023-08-09
SYN-0b8dcb5666681f6c,596517001,6,15,90,2023-08-09
SYN-0b8dcb5666681f6c,597918001,3,17,51,2023-08-09
SYN-0b8dcb5666681f6c,609282001,2,42,84,2023-08-09
SYN-0b8dcb5666681f6c,611378001,6,20,120,2023-08-09
SYN-0b8dcb5666681f6c,615959001,4,17,68,2023-08-09
SYN-0b8dcb5666681f6c,638899001,4,51,204,2023-08-09
SYN-0b8dcb5666681f6c,646429001,6,51,306,2023-08-09
SYN-0b8dcb5666681f6c,658928001,6,51,306,2023-08-09
SYN-0b8dcb5666681f6c,672824006,5,51,255,2023-08-09
SYN-0b8dcb5666681f6c,675319001,5,51,255,2023-08-09
SYN-0b8dcb5666681f6c,699366001,5,10,50,2023-08-09
SYN-0b92f23cf094c678,541286004,4,19,76,2023-07-19
SYN-0b92f23cf094c678,628354001,5,19,95,2023-07-19
SYN-0b92f23cf094c678,633347005,3,12,36,2023-07-19
SYN-0ba97214de9a7576,327310002,3,17,51,2023-01-27
SYN-0ba97214de9a7576,607834002,4,25,100,2023-01-27
SYN-0ba97214de9a7576,640244002,3,34,102,2023-01-27
SYN-0ba97214de9a7576,660618001,6,17,102,2023-01-27
SYN-0ba97214de9a7576,662868002,4,34,136,2023-01-27
SYN-0ba97214de9a7576,677172003,2,34,68,2023-01-27
SYN-0ba97214de9a7576,685687004,2,17,34,2023-01-27
SYN-0bce3fa96198efde,568597021,6,42,252,2023-07-23
SYN-0bce3fa96198efde,624632006,5,17,85,2023-07-23
SYN-0bce3fa96198efde,625311006,6,31,186,2023-07-23
SYN-0bce3fa96198efde,633377003,4,34,136,2023-07-23
SYN-0bce3fa96198efde,633932001,4,17,68,2023-07-23
SYN-0bce3fa96198efde,637549005,5,34,170,2023-07-23
SYN-0bcf86deffce39b4,625773002,3,59,177,2023-01-31
SYN-0bd56c99f6ddc132,605690001,3,9,27,2023-03-23
SYN-0bd56c99f6ddc132,608261001,6,9,54,2023-03-23
SYN-0bf2f24d270aa76c,573716039,6,25,150,2023-06-03
SYN-0bf2f24d270aa76c,574109015,4,25,100,2023-06-03
SYN-0bf2f24d270aa76c,592975010,3,51,153,2023-06-03
SYN-0bf2f24d270aa76c,599502001,2,36,72,2023-06-03
SYN-0bf2f24d270aa76c,615141002,4,25,100,2023-06-03
SYN-0bf2f24d270aa76c,625939003,3,9,27,2023-06-03
SYN-0bf2f24d270aa76c,638628002,5,36,180,2023-06-03
SYN-0bf2f24d270aa76c,656719005,6,51,306,2023-06-03
SYN-0bf2f24d270aa76c,661806002,5,51,255,2023-06-03
SYN-0bf2f24d270aa76c,661806003,2,51,102,2023-06-03
SYN-0bf2f24d270aa76c,664405002,2,14,28,2023-06-03
SYN-0bf2f24d270aa76c,671505001,3,34,102,2023-06-03
SYN-0bf2f24d270aa76c,677530002,6,25,150,2023-06-03
SYN-0bf2f24d270aa76c,685687004,5,17,85,2023-06-03
SYN-0bf2f24d270aa76c,690992002,5,17,85,2023-06-03
SYN-0bfa028162334dce,299733008,6,9,54,2023-12-04
SYN-0bfa028162334dce,539878003,2,42,84,2023-12-04
SYN-0bfa028162334dce,583558001,5,68,340,2023-12-04
SYN-0bfa028162334dce,610234003,3,25,75,2023-12-04
SYN-0bfa028162334dce,623474001,5,36,180,2023-12-04
SYN-0bfa028162334dce,627101006,2,10,20,2023-12-04
SYN-0bfa028162334dce,636421003,3,20,60,2023-12-04
SYN-0bfa028162334dce,647190001,4,12,48,2023-12-04
SYN-0bfa028162334dce,649683001,3,27,81,2023-12-04
SYN-0bfa028162334dce,661308001,6,15,90,2023-12-04
SYN-0c1b317ca69154dd,400319005,2,31,62,2023-04-09
SYN-0c1b317ca69154dd,445419009,3,14,42,2023-04-09
SYN-0c1b317ca69154dd,487827009,4,34,136,2023-04-09
SYN-0c1b317ca69154dd,532578008,3,19,57,2023-04-09
SYN-0c1b317ca69154dd,535877018,6,7,42,2023-04-09
SYN-0c1b317ca69154dd,554757003,5,14,70,2023-04-09
SYN-0c1b317ca69154dd,556379003,5,27,135,2023-04-09
SYN-0c1b317ca69154dd,568864001,6,20,120,2023-04-09
SYN-0c1b317ca69154dd,590920002,4,31,124,2023-04-09
SYN-0c1b317ca69154dd,625939005,5,3,15,2023-04-09
SYN-0c1ba5279203d698,573937001,6,32,192,2023-12-06
SYN-0c29f15cc82ac4a6,555102005,5,25,125,2023-04-01
SYN-0c36386d30c4e0ec,324502008,5,7,35,2023-07-20
SYN-0c36386d30c4e0ec,399136009,5,85,425,2023-07-20
SYN-0c36386d30c4e0ec,482207009,4,36,144,2023-07-20
SYN-0c36386d30c4e0ec,562820006,3,9,27,2023-07-20
SYN-0c36386d30c4e0ec,573085014,2,24,48,2023-07-20
SYN-0c36386d30c4e0ec,620951002,3,34,102,2023-07-20
SYN-0c36386d30c4e0ec,648034001,3,36,108,2023-07-20
SYN-0c3d0bd0e4c87878,606800004,5,73,365,2023-10-22
SYN-0c3d0bd0e4c87878,619175003,2,86,172,2023-10-22
SYN-0c3d0bd0e4c87878,654647002,2,36,72,2023-10-22
SYN-0c3d0bd0e4c87878,657308002,3,70,210,2023-10-22
SYN-0c462e437ac522c6,659562001,6,59,354,2023-08-02
SYN-0c4ef1a741a60a56,661162002,3,34,102,2023-12-12
SYN-0c4ef1a741a60a56,673677002,5,17,85,2023-12-12
SYN-0c4ef1a741a60a56,690992001,3,17,51,2023-12-12
SYN-0c4ef1a741a60a56,690992002,2,17,34,2023-12-12
SYN-0c4ef1a741a60a56,697246001,3,320,960,2023-12-12
SYN-0c4ef1a741a60a56,697493001,4,102,408,2023-12-12
SYN-0c4ef1a741a60a56,697493003,2,102,204,2023-12-12
SYN-0c506bb6f1f4e57c,555946006,6,29,174,2023-06-05
SYN-0c506bb6f1f4e57c,556260007,4,42,168,2023-06-05
SYN-0c506bb6f1f4e57c,642105002,5,17,85,2023-06-05
SYN-0c68fcd4266024bd,456163024,5,34,170,2023-06-26
SYN-0c68fcd4266024bd,537346026,5,42,210,2023-06-26
SYN-0c68fcd4266024bd,682550001,3,34,102,2023-06-26
SYN-0c6ce26e98b483f5,403490011,3,11,33,2023-04-03
SYN-0c6ce26e98b483f5,488012029,2,14,28,2023-04-03
SYN-0c6ce26e98b483f5,542982017,5,19,95,2023-04-03
SYN-0c6ce26e98b483f5,594541003,5,11,55,2023-04-03
SYN-0c6ce26e98b483f5,609185006,5,19,95,2023-04-03
SYN-0c6ce26e98b483f5,622879005,4,22,88,2023-04-03
SYN-0c7aad4d6f5db1f1,642336001,6,25,150,2023-03-22
SYN-0c83a05405b26fcf,646429001,4,51,204,2023-03-15
SYN-0c840ec91ea7db64,570781003,4,17,68,2023-12-25
SYN-0c840ec91ea7db64,570781008,5,17,85,2023-12-25
SYN-0c840ec91ea7db64,599502001,2,36,72,2023-12-25
SYN-0c840ec91ea7db64,686269001,6,17,102,2023-12-25
SYN-0c87d4f2eb43ea51,228257001,5,7,35,2023-12-18
SYN-0c97fe88ae51f0d2,524825007,2,22,44,2023-08-16
SYN-0c97fe88ae51f0d2,629305003,3,17,51,2023-08-16
SYN-0c9a86ccdb3f43b9,417427026,2,9,18,2023-09-16
SYN-0c9aa26de273e538,487827007,3,40,120,2023-03-25
SYN-0cba48556f54c466,445865001,5,29,145,2023-11-03
SYN-0cba48556f54c466,587229001,6,15,90,2023-11-03
SYN-0cba48556f54c466,597763001,2,10,20,2023-11-03
SYN-0cba48556f54c466,637141006,5,24,120,2023-11-03
SYN-0cba48556f54c466,658119001,2,20,40,2023-11-03
SYN-0cbe4459884a52fd,551566003,4,31,124,2023-10-02
SYN-0cd521305d479808,549262001,4,68,272,2023-11-03
SYN-0cd521305d479808,617322005,5,34,170,2023-11-03
SYN-0cd521305d479808,667924001,5,17,85,2023-11-03
SYN-0cd73fd39a9a5cc0,524825019,2,42,84,2023-03-02
SYN-0ceecd7e7fac300a,665477001,2,31,62,2023-11-28
SYN-0d01d18768ffcc44,573937001,2,32,64,2023-01-22
SYN-0d11f1fe668f0fe5,189616006,3,17,51,2023-06-06
SYN-0d11f1fe668f0fe5,621381011,4,34,136,2023-06-06
SYN-0d11f1fe668f0fe5,651946001,4,14,56,2023-06-06
SYN-0d11f1fe668f0fe5,652142002,4,17,68,2023-06-06
SYN-0d11f1fe668f0fe5,661644004,6,10,60,2023-06-06
SYN-0d11f1fe668f0fe5,673630001,6,34,204,2023-06-06
SYN-0d35ce2440bfa704,555326003,2,36,72,2023-02-12
SYN-0d35ce2440bfa704,555326006,5,36,180,2023-02-12
SYN-0d35ce2440bfa704,555326010,6,36,216,2023-02-12
SYN-0d35ce2440bfa704,626559004,6,22,132,2023-02-12
SYN-0d35ce2440bfa704,645620001,3,29,87,2023-02-12
SYN-0d484aa98811b4ee,487722007,3,42,126,2023-10-26
SYN-0d48f62b5e40a17f,624632001,6,13,78,2023-08-15
SYN-0d4e0490f728c752,522561002,6,64,384,2023-05-03
SYN-0d5175cadb4e3114,562245004,4,24,96,2023-09-24
SYN-0d5bb3c15c9fc257,351484014,5,14,70,2023-02-25
SYN-0d5bb3c15c9fc257,496762008,3,12,36,2023-02-25
SYN-0d5bb3c15c9fc257,496762014,4,10,40,2023-02-25
SYN-0d5bb3c15c9fc257,496762018,3,12,36,2023-02-25
SYN-0d5bb3c15c9fc257,554479005,6,25,150,2023-02-25
SYN-0d5bb3c15c9fc257,587229003,6,15,90,2023-02-25
SYN-0d5bb3c15c9fc257,609719001,3,9,27,2023-02-25
SYN-0d5bb3c15c9fc257,658909002,6,40,240,2023-02-25
SYN-0d5bb3c15c9fc257,681815001,2,17,34,2023-02-25
SYN-0d6ab1e2381d7b6a,564786020,3,22,66,2023-10-17
SYN-0d6ab1e2381d7b6a,625321003,6,25,150,2023-10-17
SYN-0d6ab1e2381d7b6a,625321010,6,25,150,2023-10-17
SYN-0d87927b3e4e4b9d,559630007,2,17,34,2023-10-14
SYN-0d8dec8e387f3fdf,639297001,6,34,204,2023-10-08
SYN-0d9a39cffed0561f,501820001,3,17,51,2023-05-06
SYN-0d9a39cffed0561f,501820003,4,17,68,2023-05-06
SYN-0d9a39cffed0561f,501820008,6,17,102,2023-05-06
SYN-0d9a39cffed0561f,501820045,5,17,85,2023-05-06
SYN-0d9bdbc69e740c30,539723005,5,34,170,2023-12-15
SYN-0d9bdbc69e740c30,625311006,2,31,62,2023-12-15
SYN-0d9bdbc69e740c30,656649007,3,42,126,2023-12-15
SYN-0d9bdbc69e740c30,692454002,6,25,150,2023-12-15
SYN-0d9d2d6665630d10,504155001,4,34,136,2023-06-17
SYN-0d9d2d6665630d10,504155011,5,34,170,2023-06-17
SYN-0d9d2d6665630d10,676979001,3,17,51,2023-06-17
SYN-0da4ee12ae42fe48,301227017,2,25,50,2023-04-22
SYN-0da4ee12ae42fe48,562245018,6,20,120,2023-04-22
SYN-0da4ee12ae42fe48,579541026,5,17,85,2023-04-22
SYN-0da4ee12ae42fe48,623632001,6,29,174,2023-04-22
SYN-0da4ee12ae42fe48,667491002,6,25,150,2023-04-22
SYN-0da4ee12ae42fe48,667491006,2,25,50,2023-04-22
SYN-0da4ee12ae42fe48,685687002,5,17,85,2023-04-22
SYN-0dacc64be46aeabc,399256001,5,17,85,2023-08-12
SYN-0dacc64be46aeabc,648995005,5,17,85,2023-08-12
SYN-0dafce6f45d485d7,669034005,6,85,510,2023-09-03
SYN-0db311d3045e78d9,680782001,4,136,544,2023-11-13
SYN-0dbd4db2d76956cc,536162002,5,20,100,2023-07-12
SYN-0dbd4db2d76956cc,669056002,2,12,24,2023-07-12
SYN-0dcc06892069ebbd,456163015,6,20,120,2023-12-23
SYN-0dcc06892069ebbd,502186012,3,34,102,2023-12-23
SYN-0dcc06892069ebbd,539723005,4,34,136,2023-12-23
SYN-0dcc06892069ebbd,679494004,6,17,102,2023-12-23
SYN-0dcc06892069ebbd,685687003,6,17,102,2023-12-23
SYN-0dcc06892069ebbd,685687004,3,17,51,2023-12-23
SYN-0ddd079bae211633,591334019,2,17,34,2023-07-11
SYN-0ddd079bae211633,686265002,3,17,51,2023-07-11
SYN-0ddda3d8d1ac203c,581971001,6,59,354,2023-06-19
SYN-0ddda3d8d1ac203c,673771002,6,25,150,2023-06-19
SYN-0df0ee8ae59d72de,293244008,4,9,36,2023-05-29
SYN-0df6d15f21a1af81,312543001,4,25,100,2023-01-12
SYN-0e00fdcf082462f8,399223004,3,34,102,2023-11-16
SYN-0e00fdcf082462f8,562245042,3,34,102,2023-11-16
SYN-0e13f5975307d57b,630316007,4,19,76,2023-09-05
SYN-0e1e18d720521549,675952003,6,34,204,2023-11-27
SYN-0e20ed7afd63eddd,563519006,6,25,150,2023-08-28
SYN-0e20ed7afd63eddd,573085010,2,34,68,2023-08-28
SYN-0e20ed7afd63eddd,573085027,6,34,204,2023-08-28
SYN-0e20ed7afd63eddd,652742003,4,59,236,2023-08-28
SYN-0e20ed7afd63eddd,685687004,4,17,68,2023-08-28
SYN-0e20ed7afd63eddd,705973003,6,51,306,2023-08-28
SYN-0e20ed7afd63eddd,714421001,2,34,68,2023-08-28
SYN-0e36e0bb6f50e29b,639845002,6,25,150,2023-09-24
SYN-0e36e0bb6f50e29b,644762001,4,34,136,2023-09-24
SYN-0e414360b53862f2,651334001,2,42,84,2023-02-25
SYN-0e414360b53862f2,665477003,6,34,204,2023-02-25
SYN-0e414360b53862f2,680186001,6,42,252,2023-02-25
SYN-0e66b72773cab684,578487011,4,64,256,2023-12-06
SYN-0e66b72773cab684,636455012,2,51,102,2023-12-06
SYN-0e66b72773cab684,649494004,2,22,44,2023-12-06
SYN-0e66b72773cab684,680846003,4,34,136,2023-12-06
SYN-0e78fa1e09075b6a,645895001,5,25,125,2023-04-04
SYN-0e78fa1e09075b6a,664748002,4,10,40,2023-04-04
SYN-0e949dfea57adfa0,633130020,4,17,68,2023-01-26
SYN-0e97b39e6d4c5db6,372860001,2,14,28,2023-05-31
SYN-0e97b39e6d4c5db6,633130017,3,17,51,2023-05-31
SYN-0e97b39e6d4c5db6,633136003,5,34,170,2023-05-31
SYN-0ead7da12bf424cc,685687001,3,17,51,2023-08-28
SYN-0ead7da12bf424cc,685687004,3,17,51,2023-08-28
SYN-0eb14e42ed50e758,636455012,5,46,230,2023-09-25
SYN-0eb14e42ed50e758,639203001,2,31,62,2023-09-25
SYN-0eb35c46cf6a4f18,548946001,4,34,136,2023-09-17
SYN-0eb35c46cf6a4f18,729931001,5,25,125,2023-09-17
SYN-0eb641fbd3d82336,559616001,2,15,30,2023-11-18
SYN-0eb641fbd3d82336,559642003,6,15,90,2023-11-18
SYN-0eb641fbd3d82336,568864001,6,20,120,2023-11-18
SYN-0ebd0ae3373da013,521978001,2,159,318,2023-09-03
SYN-0ed4f250039300c8,212629040,6,12,72,2023-01-04
SYN-0ed4f250039300c8,636148001,3,24,72,2023-01-04
SYN-0ee103edcdcb3f78,656734005,6,59,354,2023-12-06
SYN-0ee103edcdcb3f78,658847002,6,25,150,2023-12-06
SYN-0ee103edcdcb3f78,703199002,2,22,44,2023-12-06
SYN-0ef246722aa4c1e8,448509014,5,42,210,2023-01-30
SYN-0ef246722aa4c1e8,684686001,5,51,255,2023-01-30
SYN-0efc34f0a6052140,639976002,5,85,425,2023-06-13
SYN-0efcfc845e541ce5,667924001,2,16,32,2023-12-04
SYN-0efd80c813a24817,668767002,2,17,34,2023-08-29
SYN-0efd80c813a24817,668767004,5,17,85,2023-08-29
SYN-0f0bfc8b7e2fce4f,536139006,4,17,68,2023-08-21
SYN-0f0bfc8b7e2fce4f,569978015,5,34,170,2023-08-21
SYN-0f15a04abde4bf3d,633456003,5,68,340,2023-04-03
SYN-0f15a04abde4bf3d,669358001,3,51,153,2023-04-03
SYN-0f173582d4131ff2,458239001,4,22,88,2023-12-03
SYN-0f173582d4131ff2,683662006,2,14,28,2023-12-03
SYN-0f2f69ea19870740,529008038,6,23,138,2023-05-16
SYN-0f2f69ea19870740,541519028,5,15,75,2023-05-16
SYN-0f2f69ea19870740,560389011,4,28,112,2023-05-16
SYN-0f2f69ea19870740,664075005,4,12,48,2023-05-16
SYN-0f3a3031c03a1af6,524825013,5,42,210,2023-02-02
SYN-0f3a3031c03a1af6,691543001,6,51,306,2023-02-02
SYN-0f40bf546a327b92,501616087,3,25,75,2023-05-12
SYN-0f40bf546a327b92,501616089,6,25,150,2023-05-12
SYN-0f49a475f22552cd,639192002,4,68,272,2023-04-20
SYN-0f50651c6a21c748,663942002,2,31,62,2023-08-25
SYN-0f534b4664a08b13,507910001,3,25,75,2023-11-24
SYN-0f70a4aac8d3c7de,625961001,4,29,116,2023-06-11
SYN-0f70a4aac8d3c7de,626054001,4,50,200,2023-06-11
SYN-0f9582623d1fb735,534118002,6,36,216,2023-04-09
SYN-0f9582623d1fb735,560270001,2,31,62,2023-04-09
SYN-0f9b2284a226508d,642437005,2,34,68,2023-09-15
SYN-0fa40b9d6fdbb1c8,633148004,3,25,75,2023-12-05
SYN-0fa40b9d6fdbb1c8,637661004,6,51,306,2023-12-05
SYN-0fa40b9d6fdbb1c8,679989002,4,14,56,2023-12-05
SYN-0fa630b103da2b30,679494004,6,14,84,2023-04-07
SYN-0fa630b103da2b30,685687004,6,14,84,2023-04-07
SYN-0fc4d5d379903b21,379780024,2,14,28,2023-04-04
SYN-0fc4d5d379903b21,446224013,4,17,68,2023-04-04
SYN-0fc4d5d379903b21,446224016,2,17,34,2023-04-04
SYN-0fc4d5d379903b21,657476005,5,17,85,2023-04-04
SYN-0fccade0c9606ee4,562820006,6,9,54,2023-01-09
SYN-0fd874ae7ebda30c,655434003,5,92,460,2023-12-25
SYN-0fd874ae7ebda30c,697329009,5,59,295,2023-12-25
SYN-0fdb088998093788,244267029,3,12,36,2023-06-16
SYN-0fdb088998093788,504154015,2,15,30,2023-06-16
SYN-0fdb088998093788,567993015,2,14,28,2023-06-16
SYN-0fdb088998093788,568863005,4,20,80,2023-06-16
SYN-0fdb088998093788,580770002,3,17,51,2023-06-16
SYN-0fdb088998093788,590961001,6,15,90,2023-06-16
SYN-0fdb088998093788,622295005,6,31,186,2023-06-16
SYN-0fdc15ef4a15612e,529012025,6,10,60,2023-07-13
SYN-0fdc15ef4a15612e,611415005,4,17,68,2023-07-13
SYN-0fe6dc9cc31db594,660599004,5,34,170,2023-03-10
SYN-100dba739c2677e2,237222001,6,17,102,2023-06-18
SYN-100dba739c2677e2,516712001,2,22,44,2023-06-18
SYN-100dba739c2677e2,557248001,5,34,170,2023-06-18
SYN-100dba739c2677e2,561814002,5,34,170,2023-06-18
SYN-100dba739c2677e2,581777001,6,36,216,2023-06-18
SYN-100dba739c2677e2,647770001,5,34,170,2023-06-18
SYN-100dba739c2677e2,659851001,6,34,204,2023-06-18
SYN-100dba739c2677e2,710059001,3,59,177,2023-06-18
SYN-1010f506c1e562f1,473954005,2,17,34,2023-12-14
SYN-1010f506c1e562f1,495418003,2,10,20,2023-12-14
SYN-1010f506c1e562f1,495418005,3,10,30,2023-12-14
SYN-1010f506c1e562f1,509091022,2,17,34,2023-12-14
SYN-1010f506c1e562f1,631488004,4,22,88,2023-12-14
SYN-1010f506c1e562f1,631649004,6,17,102,2023-12-14
SYN-1020af92a7801a2e,655710007,6,48,288,2023-11-21
SYN-10257c33e902b220,529008026,2,25,50,2023-12-03
SYN-10257c33e902b220,628788004,3,25,75,2023-12-03
SYN-10257c33e902b220,629764001,4,14,56,2023-12-03
SYN-10257c33e902b220,647822002,4,25,100,2023-12-03
SYN-10257c33e902b220,647823002,5,14,70,2023-12-03
SYN-10257c33e902b220,649059002,4,14,56,2023-12-03
SYN-10257c33e902b220,657287005,6,17,102,2023-12-03
SYN-10257c33e902b220,657291005,2,10,20,2023-12-03
SYN-10257c33e902b220,666080002,2,25,50,2023-12-03
SYN-10257c33e902b220,666651009,3,14,42,2023-12-03
SYN-1030da743cebc413,678073002,2,25,50,2023-08-18
SYN-103b606357c5880f,672625005,6,34,204,2023-04-22
SYN-104bc3169294a3a5,392220001,5,17,85,2023-05-15
SYN-104bc3169294a3a5,584631020,5,17,85,2023-05-15
SYN-104bc3169294a3a5,667411008,3,3,9,2023-05-15
SYN-104bc3169294a3a5,681264011,3,3,9,2023-05-15
SYN-105bc9665f360025,608776002,2,14,28,2023-09-03
SYN-105bc9665f360025,636938003,6,28,168,2023-09-03
SYN-105bc9665f360025,673677003,6,14,84,2023-09-03
SYN-106deca345ce53b1,630116001,5,34,170,2023-01-26
SYN-106deca345ce53b1,634009004,4,25,100,2023-01-26
SYN-106eccc9a029744b,626587004,4,68,272,2023-05-12
SYN-10829968a93b6375,552716001,6,31,186,2023-08-21
SYN-1082cbe6447138ca,399201022,6,85,510,2023-01-10
SYN-1082cbe6447138ca,651327001,5,22,110,2023-01-10
SYN-1082eee544145c9f,604199003,4,14,56,2023-07-05
SYN-1082eee544145c9f,656192001,3,54,162,2023-07-05
SYN-108dc0d64b6d93a3,628930001,5,25,125,2023-01-14
SYN-108dc0d64b6d93a3,642296004,4,34,136,2023-01-14
SYN-108dc0d64b6d93a3,663817002,5,42,210,2023-01-14
SYN-108dc0d64b6d93a3,671505002,5,34,170,2023-01-14
SYN-10a2c0114b53893b,632523001,3,53,159,2023-12-20
SYN-10abf291e54c23cf,108775051,3,5,15,2023-11-12
SYN-10abf291e54c23cf,568498002,5,6,30,2023-11-12
SYN-10abf291e54c23cf,573701001,4,14,56,2023-11-12
SYN-10abf291e54c23cf,610922002,2,6,12,2023-11-12
SYN-10abf291e54c23cf,638526001,2,14,28,2023-11-12
SYN-10abf291e54c23cf,650578001,4,7,28,2023-11-12
SYN-10adf03e2951af87,688873001,4,34,136,2023-03-11
SYN-10adf03e2951af87,688873014,5,32,160,2023-03-11
SYN-10b04dd3efeb9136,505991002,5,3,15,2023-07-25
SYN-10b04dd3efeb9136,567993020,6,10,60,2023-07-25
SYN-10b04dd3efeb9136,583215001,2,25,50,2023-07-25
SYN-10b04dd3efeb9136,598859001,3,46,138,2023-07-25
SYN-10c84c0dcdf1f682,694986001,3,168,504,2023-07-09
SYN-10e2fb53688809c9,624385005,6,31,186,2023-10-05
SYN-10e2fb53688809c9,660201001,6,15,90,2023-10-05
SYN-10f0b3ca4af915b4,579302001,4,34,136,2023-12-25
SYN-10f0b3ca4af915b4,621846001,4,25,100,2023-12-25
SYN-10f0b3ca4af915b4,679121001,4,17,68,2023-12-25
SYN-10f0b3ca4af915b4,679121002,6,17,102,2023-12-25
SYN-10f0b3ca4af915b4,682965001,5,25,125,2023-12-25
SYN-10f8d2c32a8e5f76,399256001,4,17,68,2023-02-09
SYN-10f8d2c32a8e5f76,552716001,6,34,204,2023-02-09
SYN-10f8d2c32a8e5f76,561445011,6,9,54,2023-02-09
SYN-10f8d2c32a8e5f76,562498004,6,9,54,2023-02-09
SYN-10f8d2c32a8e5f76,610776006,4,9,36,2023-02-09
SYN-10f8d2c32a8e5f76,612075001,6,14,84,2023-02-09
SYN-10f8d2c32a8e5f76,629420001,3,9,27,2023-02-09
SYN-10f8d2c32a8e5f76,651456002,3,17,51,2023-02-09
SYN-11050518d0297204,581777008,3,51,153,2023-05-07
SYN-11110361b17167ea,674888001,3,59,177,2023-10-20
SYN-1119ed2406b9d5db,589924004,5,14,70,2023-10-08
SYN-1119ed2406b9d5db,639192009,3,68,204,2023-10-08
SYN-1119ed2406b9d5db,654772001,5,34,170,2023-10-08
SYN-1119ed2406b9d5db,658339002,3,25,75,2023-10-08
SYN-1119ed2406b9d5db,663003005,6,34,204,2023-10-08
SYN-1119ed2406b9d5db,666585003,2,34,68,2023-10-08
SYN-111c9c344553f3f9,524825013,5,34,170,2023-08-19
SYN-111c9c344553f3f9,636455009,6,51,306,2023-08-19
SYN-1123aba1f77fc333,572573001,4,29,116,2023-09-26
SYN-1123aba1f77fc333,678086003,3,25,75,2023-09-26
SYN-1123c7ca79130d04,610776002,5,9,45,2023-10-23
SYN-1123c7ca79130d04,621846001,5,25,125,2023-10-23
SYN-113b09b04913982f,539723006,3,34,102,2023-12-26
SYN-113b09b04913982f,562245001,2,22,44,2023-12-26
SYN-113b09b04913982f,608483007,3,25,75,2023-12-26
SYN-113b09b04913982f,633809003,2,34,68,2023-12-26
SYN-113b09b04913982f,639845002,2,25,50,2023-12-26
SYN-113b09b04913982f,657497006,4,25,100,2023-12-26
SYN-113b09b04913982f,668767002,6,17,102,2023-12-26
SYN-113b09b04913982f,678086001,6,25,150,2023-12-26
SYN-113b09b04913982f,678086003,3,25,75,2023-12-26
SYN-113f7641f266d044,692194001,3,127,381,2023-08-07
SYN-11481f4f502a6655,582450001,4,22,88,2023-06-18
SYN-11481f4f502a6655,611338001,3,31,93,2023-06-18
SYN-11481f4f502a6655,637306003,4,42,168,2023-06-18
SYN-11701970561f97ec,237222012,3,17,51,2023-01-30
SYN-11701970561f97ec,400285006,2,44,88,2023-01-30
SYN-11701970561f97ec,446224043,3,14,42,2023-01-30
SYN-11701970561f97ec,501820045,5,17,85,2023-01-30
SYN-11701970561f97ec,537346026,4,42,168,2023-01-30
SYN-11701970561f97ec,581777001,6,36,216,2023-01-30
SYN-11701970561f97ec,581777002,5,51,255,2023-01-30
SYN-117f4a1f2a51a0ca,573716002,2,25,50,2023-07-04
SYN-1184bedc573c8803,694966001,3,34,102,2023-04-06
SYN-1184bedc573c8803,694968001,5,34,170,2023-04-06
SYN-119c16a7d27e039e,551045036,3,42,126,2023-09-12
SYN-11af79053061df68,579541004,5,17,85,2023-09-10
SYN-11ca87beb186237b,682189001,5,168,840,2023-06-13
SYN-11ca87beb186237b,682204001,5,219,1095,2023-06-13
SYN-11ca87beb186237b,691989002,3,68,204,2023-06-13
SYN-11d85e44565a2491,430694018,3,49,147,2023-07-11
SYN-11d85e44565a2491,516741002,6,51,306,2023-07-11
SYN-11d85e44565a2491,549256001,2,42,84,2023-07-11
SYN-11d85e44565a2491,567594001,6,12,72,2023-07-11
SYN-11f62b3b7496d8f2,678086001,2,25,50,2023-04-01
SYN-11fca70d7cd6becc,186262001,6,4,24,2023-01-07
SYN-11fca70d7cd6becc,658183001,5,5,25,2023-01-07
SYN-11fca70d7cd6becc,683001002,2,17,34,2023-01-07
SYN-12175bd0b43e4e6f,557248001,5,27,135,2023-02-27
SYN-122b86f04522c4ec,673643001,4,31,124,2023-06-23
SYN-122b86f04522c4ec,686631001,2,36,72,2023-06-23
SYN-12348348eb4740e1,646961002,5,34,170,2023-04-17
SYN-12348348eb4740e1,660712001,5,42,210,2023-04-17
SYN-12348348eb4740e1,696545002,3,68,204,2023-04-17
SYN-123c290ef2b0f356,589924003,2,14,28,2023-03-20
SYN-123f3149009e6fa7,562245050,6,22,132,2023-10-28
SYN-125dff06cb9e09ab,579541026,6,17,102,2023-06-20
SYN-125dff06cb9e09ab,639685006,4,42,168,2023-06-20
SYN-125dff06cb9e09ab,684588003,6,25,150,2023-06-20
SYN-1265b1e6f0c6db79,574109012,6,25,150,2023-07-07
SYN-1265b1e6f0c6db79,662888003,4,34,136,2023-07-07
SYN-12676a6ce2d99af2,537346026,4,42,168,2023-12-12
SYN-127ac97ad5e0e39a,610776002,3,9,27,2023-03-14
SYN-127ac97ad5e0e39a,633781006,6,17,102,2023-03-14
SYN-127ac97ad5e0e39a,633781016,3,17,51,2023-03-14
SYN-127ac97ad5e0e39a,674014002,2,31,62,2023-03-14
SYN-127ac97ad5e0e39a,680912007,2,17,34,2023-03-14
SYN-127f47211c908bc3,579395001,2,25,50,2023-12-02
SYN-127f47211c908bc3,579837001,5,41,205,2023-12-02
SYN-127f47211c908bc3,677172003,4,34,136,2023-12-02
SYN-127f47211c908bc3,678983004,6,17,102,2023-12-02
SYN-127f47211c908bc3,680912005,4,17,68,2023-12-02
SYN-128f3d79438ddd1d,671502001,6,51,306,2023-03-03
SYN-128f3d79438ddd1d,688873012,5,34,170,2023-03-03
SYN-1295ab22fd3d3cac,608769002,6,64,384,2023-06-05
SYN-1295ab22fd3d3cac,625321003,6,24,144,2023-06-05
SYN-1295ab22fd3d3cac,646490003,5,56,280,2023-06-05
SYN-129bead592ddd0c3,516951003,3,22,66,2023-10-16
SYN-129bead592ddd0c3,567728002,2,19,38,2023-10-16
SYN-129bead592ddd0c3,584327004,3,17,51,2023-10-16
SYN-129bead592ddd0c3,587782001,6,27,162,2023-10-16
SYN-129bead592ddd0c3,598811009,2,5,10,2023-10-16
SYN-129bead592ddd0c3,615936002,3,17,51,2023-10-16
SYN-129bead592ddd0c3,615941001,6,10,60,2023-10-16
SYN-129bead592ddd0c3,620945002,5,5,25,2023-10-16
SYN-129bead592ddd0c3,620945003,4,3,12,2023-10-16
SYN-129bead592ddd0c3,620945004,2,3,6,2023-10-16
SYN-129bead592ddd0c3,620963003,3,3,9,2023-10-16
SYN-129bead592ddd0c3,620963004,4,3,12,2023-10-16
SYN-129bead592ddd0c3,651863001,2,9,18,2023-10-16
SYN-129bead592ddd0c3,673016001,5,15,75,2023-10-16
SYN-12ba539459f709c3,604349001,2,15,30,2023-02-02
SYN-12ba539459f709c3,628466001,6,76,456,2023-02-02
SYN-12ba539459f709c3,628466002,5,76,380,2023-02-02
SYN-12c860ddf4ece37b,111586001,4,14,56,2023-03-11
SYN-12c860ddf4ece37b,123173001,5,14,70,2023-03-11
SYN-12c860ddf4ece37b,452618001,2,7,14,2023-03-11
SYN-12cfbdf5a2b8d4f7,506110001,6,25,150,2023-12-08
SYN-12cfbdf5a2b8d4f7,573085020,2,33,66,2023-12-08
SYN-12cfbdf5a2b8d4f7,632143001,6,33,198,2023-12-08
SYN-12cfbdf5a2b8d4f7,673462002,6,33,198,2023-12-08
SYN-12cfbdf5a2b8d4f7,677848003,5,8,40,2023-12-08
SYN-12cfbdf5a2b8d4f7,685687004,6,16,96,2023-12-08
SYN-12cfbdf5a2b8d4f7,692454002,2,25,50,2023-12-08
SYN-12cfce79c4b78f7d,626346003,2,17,34,2023-02-17
SYN-12cfce79c4b78f7d,693480001,4,168,672,2023-02-17
SYN-12ecb039b4dc88e0,399087001,6,31,186,2023-12-20
SYN-12ecb039b4dc88e0,399087014,2,31,62,2023-12-20
SYN-12fd8531ac5e4825,620081008,4,25,100,2023-10-08
SYN-12ff45e384f92fc5,500780001,4,10,40,2023-06-25
SYN-12ff45e384f92fc5,509091022,2,17,34,2023-06-25
SYN-12ff45e384f92fc5,516000024,6,17,102,2023-06-25
SYN-12ff45e384f92fc5,565379001,6,9,54,2023-06-25
SYN-12ff45e384f92fc5,625321003,2,25,50,2023-06-25
SYN-12ff45e384f92fc5,625321005,4,25,100,2023-06-25
SYN-12ff45e384f92fc5,663695002,5,14,70,2023-06-25
SYN-130651b8c7c6433c,676166001,5,17,85,2023-08-31
SYN-130651b8c7c6433c,676166008,2,17,34,2023-08-31
SYN-130f76e29e0247fa,372860002,3,14,42,2023-07-14
SYN-130f76e29e0247fa,624486001,2,14,28,2023-07-14
SYN-131613b41bb648af,559139001,3,22,66,2023-11-17
SYN-131613b41bb648af,622877005,5,31,155,2023-11-17
SYN-131613b41bb648af,667411002,5,3,15,2023-11-17
SYN-131613b41bb648af,681264006,2,3,6,2023-11-17
SYN-132b636ee3c92489,537350008,6,25,150,2023-02-02
SYN-132b636ee3c92489,562252014,4,17,68,2023-02-02
SYN-132b636ee3c92489,562255001,4,32,128,2023-02-02
SYN-132b636ee3c92489,573716039,2,25,50,2023-02-02
SYN-132b636ee3c92489,573716040,4,25,100,2023-02-02
SYN-132b636ee3c92489,583534002,4,17,68,2023-02-02
SYN-132b636ee3c92489,583534009,2,17,34,2023-02-02
SYN-132b636ee3c92489,602722001,3,15,45,2023-02-02
SYN-132b636ee3c92489,627389005,3,17,51,2023-02-02
SYN-132b636ee3c92489,639192009,2,64,128,2023-02-02
SYN-132b636ee3c92489,642437006,3,34,102,2023-02-02
SYN-132b636ee3c92489,644967001,4,34,136,2023-02-02
SYN-132b636ee3c92489,660618001,2,17,34,2023-02-02
SYN-132b636ee3c92489,686631001,4,42,168,2023-02-02
SYN-1331e7089f2004cf,678942002,6,17,102,2023-05-13
SYN-1336f8abcc541da9,688873005,2,34,68,2023-11-08
SYN-1336f8abcc541da9,688873020,2,34,68,2023-11-08
SYN-134d11d1675d25b3,579541035,3,17,51,2023-02-25
SYN-134d11d1675d25b3,612182014,2,34,68,2023-02-25
SYN-135d95551c5439c8,687524002,2,25,50,2023-10-12
SYN-13707e401e743f60,220094001,6,15,90,2023-01-28
SYN-13707e401e743f60,518529004,6,14,84,2023-01-28
SYN-13707e401e743f60,526512004,4,17,68,2023-01-28
SYN-13707e401e743f60,561813004,5,20,100,2023-01-28
SYN-13707e401e743f60,615523006,3,24,72,2023-01-28
SYN-13707e401e743f60,625480004,2,34,68,2023-01-28
SYN-13707e401e743f60,648950002,4,12,48,2023-01-28
SYN-1373573bd579967b,644275001,2,17,34,2023-06-21
SYN-1375e85ed6e61668,578474006,4,68,272,2023-11-14
SYN-1375e85ed6e61668,599502001,4,36,144,2023-11-14
SYN-1375e85ed6e61668,599502009,5,32,160,2023-11-14
SYN-1375e85ed6e61668,660712001,3,42,126,2023-11-14
SYN-1375e85ed6e61668,660712014,2,42,84,2023-11-14
SYN-1375e85ed6e61668,683024003,3,42,126,2023-11-14
SYN-1388f7aa9cb93465,532954002,4,3,12,2023-08-01
SYN-1388f7aa9cb93465,632143001,4,34,136,2023-08-01
SYN-1388f7aa9cb93465,654238001,3,14,42,2023-08-01
SYN-1388f7aa9cb93465,665481001,3,51,153,2023-08-01
SYN-1388f7aa9cb93465,677964001,5,34,170,2023-08-01
SYN-138d088407e6274a,524825013,4,40,160,2023-10-22
SYN-138d088407e6274a,639685006,5,40,200,2023-10-22
SYN-13963a0c530f0f5d,584157003,4,20,80,2023-08-01
SYN-13963a0c530f0f5d,585355004,5,25,125,2023-08-01
SYN-13963a0c530f0f5d,585355008,6,29,174,2023-08-01
SYN-13963a0c530f0f5d,589556003,6,25,150,2023-08-01
SYN-13963a0c530f0f5d,589556007,4,34,136,2023-08-01
SYN-13963a0c530f0f5d,635054001,2,29,58,2023-08-01
SYN-13963a0c530f0f5d,638897001,2,22,44,2023-08-01
SYN-13a789add26ce933,677506002,2,14,28,2023-10-14
SYN-13abc2bd684a1d38,427159007,6,68,408,2023-01-17
SYN-13abc2bd684a1d38,611415001,3,17,51,2023-01-17
SYN-13abc2bd684a1d38,617036001,6,51,306,2023-01-17
SYN-13abc2bd684a1d38,628788001,6,25,150,2023-01-17
SYN-13abc2bd684a1d38,679494004,3,17,51,2023-01-17
SYN-13d6b07ae46bb04a,660712001,2,34,68,2023-04-23
SYN-13df32c2f1e5eb8d,563027001,6,29,174,2023-11-05
SYN-13df32c2f1e5eb8d,653431003,3,159,477,2023-11-05
SYN-14126bc30b9b386b,610729001,6,9,54,2023-09-03
SYN-14126bc30b9b386b,642739003,6,34,204,2023-09-03
SYN-141509b6b0c20bd5,651687001,4,10,40,2023-05-17
SYN-14177a134eef68a0,631848001,3,34,102,2023-05-18
SYN-142dfa6dd8a1fa84,591334003,4,17,68,2023-05-07
SYN-142dfa6dd8a1fa84,662888004,4,34,136,2023-05-07
SYN-1430391f513fd228,529008026,5,25,125,2023-09-06
SYN-1430391f513fd228,543310001,2,51,102,2023-09-06
SYN-1430391f513fd228,564787001,4,12,48,2023-09-06
SYN-1430391f513fd228,611415005,3,17,51,2023-09-06
SYN-1430391f513fd228,613497003,3,34,102,2023-09-06
SYN-1430391f513fd228,634009004,4,25,100,2023-09-06
SYN-1430391f513fd228,660712001,3,42,126,2023-09-06
SYN-1430391f513fd228,662253002,5,85,425,2023-09-06
SYN-1430d280e5768b9b,524825013,2,34,68,2023-12-08
SYN-1430d280e5768b9b,667378001,5,34,170,2023-12-08
SYN-1430d280e5768b9b,667379003,3,42,126,2023-12-08
SYN-1430d280e5768b9b,672573001,4,102,408,2023-12-08
SYN-1430d280e5768b9b,680715001,4,136,544,2023-12-08
SYN-1430d280e5768b9b,713756001,5,31,155,2023-12-08
SYN-143cabcb1d8af545,564786020,6,22,132,2023-04-18
SYN-144d68aae749c70a,399201005,6,47,282,2023-03-24
SYN-144d68aae749c70a,399201022,6,47,282,2023-03-24
SYN-144d68aae749c70a,562245001,3,18,54,2023-03-24
SYN-144d68aae749c70a,657195001,2,85,170,2023-03-24
SYN-144de6e8e44181b6,650274003,2,17,34,2023-03-04
SYN-144de6e8e44181b6,703207001,3,16,48,2023-03-04
SYN-1451d288e5046424,546406001,5,34,170,2023-12-18
SYN-1451d288e5046424,694153001,3,34,102,2023-12-18
SYN-1457810d71966ae7,568597006,2,42,84,2023-06-24
SYN-1457c23048f4ca8b,636455007,3,38,114,2023-01-02
SYN-145c65bee2798948,487827007,5,40,200,2023-02-11
SYN-145c65bee2798948,568838004,3,20,60,2023-02-11
SYN-146e905aa3c301ee,599502001,4,36,144,2023-04-23
SYN-146e905aa3c301ee,624486008,6,14,84,2023-04-23
SYN-1483cfb59f42f103,657287003,4,17,68,2023-08-20
SYN-1483cfb59f42f103,657291003,3,10,30,2023-08-20
SYN-14842581457e133c,647190003,6,17,102,2023-01-01
SYN-14842581457e133c,671505002,4,32,128,2023-01-01
SYN-14842581457e133c,680374002,6,34,204,2023-01-01
SYN-148fe1da53008c07,426013023,5,41,205,2023-07-13
SYN-148fe1da53008c07,426013024,5,27,135,2023-07-13
SYN-148fe1da53008c07,534357002,3,47,141,2023-07-13
SYN-148fe1da53008c07,534357005,2,41,82,2023-07-13
SYN-148fe1da53008c07,534357008,3,41,123,2023-07-13
SYN-148fe1da53008c07,613246002,4,25,100,2023-07-13
SYN-148fe1da53008c07,613246006,5,25,125,2023-07-13
SYN-148fe1da53008c07,630450002,2,31,62,2023-07-13
SYN-149872a529d1248d,573085028,5,34,170,2023-09-09
SYN-14a3234c25a583cc,573085004,5,34,170,2023-03-25
SYN-14a3234c25a583cc,573085020,5,34,170,2023-03-25
SYN-14a6775cd50556bd,399061015,4,59,236,2023-08-30
SYN-14a6775cd50556bd,399201024,3,53,159,2023-08-30
SYN-14a6775cd50556bd,484205004,6,68,408,2023-08-30
SYN-14a6775cd50556bd,579865001,2,42,84,2023-08-30
SYN-14a6775cd50556bd,579865003,5,42,210,2023-08-30
SYN-14a6775cd50556bd,613826004,2,42,84,2023-08-30
SYN-14afe99f99cbc43d,399136061,3,51,153,2023-05-07
SYN-14afe99f99cbc43d,502186012,5,34,170,2023-05-07
SYN-14afe99f99cbc43d,526302003,5,42,210,2023-05-07
SYN-14afe99f99cbc43d,576775001,5,31,155,2023-05-07
SYN-14afe99f99cbc43d,693474001,2,34,68,2023-05-07
SYN-14ccf15826072ec7,667491002,6,25,150,2023-06-02
SYN-14d20dba0f0a8ded,547780001,4,25,100,2023-01-08
SYN-14d20dba0f0a8ded,657476008,5,17,85,2023-01-08
SYN-14d20dba0f0a8ded,658848004,6,31,186,2023-01-08
SYN-14d20dba0f0a8ded,664075004,4,14,56,2023-01-08
SYN-14d20dba0f0a8ded,678260002,6,10,60,2023-01-08
SYN-14d2baeaa5f096cc,564787001,5,12,60,2023-09-02
SYN-14d2baeaa5f096cc,589924004,5,14,70,2023-09-02
SYN-14d7abc869faf57a,510126001,5,51,255,2023-07-31
SYN-14e332d4d28bd969,637515001,2,34,68,2023-04-01
SYN-14e332d4d28bd969,675827001,2,34,68,2023-04-01
SYN-14ee4172b3eb04f0,607310002,4,68,272,2023-03-17
SYN-14ee9e491d12500c,530665001,4,64,256,2023-02-19
SYN-14f270cc8e2b7f1f,636385004,6,31,186,2023-04-09
SYN-14f36d27a78286b1,458032003,4,51,204,2023-03-21
SYN-14f36d27a78286b1,682028001,6,34,204,2023-03-21
SYN-14f36d27a78286b1,682028002,2,34,68,2023-03-21
SYN-14fb7ad585fbbd8a,487827009,3,25,75,2023-04-16
SYN-14fb7ad585fbbd8a,555364003,2,24,48,2023-04-16
SYN-14fb7ad585fbbd8a,565379023,4,9,36,2023-04-16
SYN-14fb7ad585fbbd8a,625939004,6,9,54,2023-04-16
SYN-14fb7ad585fbbd8a,625939005,5,3,15,2023-04-16
SYN-14fb7ad585fbbd8a,667491011,6,25,150,2023-04-16
SYN-14fb7ad585fbbd8a,685687004,4,17,68,2023-04-16
SYN-14fbc2e9f4df2802,604015001,5,48,240,2023-11-08
SYN-1514aa47726cb310,594430008,5,20,100,2023-03-12
SYN-151a1ec7e67b82ba,446224016,2,16,32,2023-01-21
SYN-151a1ec7e67b82ba,539723001,5,31,155,2023-01-21
SYN-151a1ec7e67b82ba,539723005,2,31,62,2023-01-21
SYN-151a1ec7e67b82ba,710390001,3,24,72,2023-01-21
SYN-151bded202db96aa,399136004,5,59,295,2023-07-29
SYN-151bded202db96aa,507909003,4,25,100,2023-07-29
SYN-151bded202db96aa,607834001,4,25,100,2023-07-29
SYN-151bded202db96aa,666254001,6,51,306,2023-07-29
SYN-15277de59dece8fc,572998001,3,51,153,2023-01-09
SYN-15299f7a798cb69b,576775001,4,31,124,2023-07-10
SYN-15299f7a798cb69b,576775012,6,32,192,2023-07-10
SYN-15303dbbba7f5427,399223029,3,34,102,2023-07-16
SYN-1546e9adbef0d279,552018007,3,34,102,2023-07-15
SYN-1546e9adbef0d279,583539001,3,42,126,2023-07-15
SYN-1546e9adbef0d279,611150001,3,22,66,2023-07-15
SYN-1546e9adbef0d279,646085005,6,34,204,2023-07-15
SYN-154930ff077ad26c,355307042,4,3,12,2023-06-27
SYN-154930ff077ad26c,399136023,3,40,120,2023-06-27
SYN-154930ff077ad26c,577327002,4,22,88,2023-06-27
SYN-154930ff077ad26c,586333001,2,17,34,2023-06-27
SYN-154930ff077ad26c,631632001,3,24,72,2023-06-27
SYN-154b5b289cb801e0,622618004,5,40,200,2023-10-20
SYN-1553cc165eb2eaca,505038001,2,50,100,2023-11-06
SYN-1553cc165eb2eaca,537346026,2,41,82,2023-11-06
SYN-1553cc165eb2eaca,579302001,6,33,198,2023-11-06
SYN-1553cc165eb2eaca,663713001,5,50,250,2023-11-06
SYN-1553cc165eb2eaca,667641001,6,50,300,2023-11-06
SYN-1553cc165eb2eaca,671983001,3,30,90,2023-11-06
SYN-1553cc165eb2eaca,680810001,3,33,99,2023-11-06
SYN-1553cc165eb2eaca,682965001,5,25,125,2023-11-06
SYN-1556812af6af6a66,647416002,6,25,150,2023-12-03
SYN-1556812af6af6a66,647416004,3,25,75,2023-12-03
SYN-1556812af6af6a66,650193004,6,51,306,2023-12-03
SYN-1556812af6af6a66,660726001,4,34,136,2023-12-03
SYN-1556812af6af6a66,666617001,6,14,84,2023-12-03
SYN-1556812af6af6a66,666617003,3,14,42,2023-12-03
SYN-1556812af6af6a66,711547001,3,42,126,2023-12-03
SYN-155e061b590ec8ff,569996010,2,12,24,2023-04-09
SYN-155e061b590ec8ff,678983002,4,17,68,2023-04-09
SYN-155e061b590ec8ff,678983008,6,17,102,2023-04-09
SYN-155f7cbfe0f698d6,509280004,5,15,75,2023-03-30
SYN-155f7cbfe0f698d6,572399004,4,15,60,2023-03-30
SYN-155f7cbfe0f698d6,572399006,4,14,56,2023-03-30
SYN-155f7cbfe0f698d6,658119001,4,20,80,2023-03-30
SYN-155f7cbfe0f698d6,678571001,2,5,10,2023-03-30
SYN-15652c56544f0560,510126016,5,51,255,2023-07-08
SYN-15652c56544f0560,562245059,5,20,100,2023-07-08
SYN-15652c56544f0560,573716033,2,25,50,2023-07-08
SYN-15652c56544f0560,573716039,4,25,100,2023-07-08
SYN-15652c56544f0560,595435002,5,15,75,2023-07-08
SYN-15652c56544f0560,674023001,4,51,204,2023-07-08
SYN-15652c56544f0560,695318002,3,42,126,2023-07-08
SYN-1565841fa59c2f42,505038001,4,51,204,2023-11-07
SYN-1568c16aaa3ea0a7,574109012,3,25,75,2023-05-23
SYN-156da03c3d586e0b,397068001,2,31,62,2023-11-15
SYN-1572b79da1b46f78,636938005,6,34,204,2023-05-06
SYN-1572b79da1b46f78,637268008,4,51,204,2023-05-06
SYN-1585bc979f520e1d,536139011,6,8,48,2023-03-13
SYN-158c10550303d2d3,632143001,2,34,68,2023-02-21
SYN-158c10550303d2d3,660599002,5,34,170,2023-02-21
SYN-158c10550303d2d3,662868002,3,34,102,2023-02-21
SYN-158c10550303d2d3,665311001,4,51,204,2023-02-21
SYN-158c10550303d2d3,665477001,6,34,204,2023-02-21
SYN-158c10550303d2d3,667491006,5,25,125,2023-02-21
SYN-158c10550303d2d3,671505001,6,34,204,2023-02-21
SYN-158c10550303d2d3,675952003,2,34,68,2023-02-21
SYN-158c10550303d2d3,683662002,6,14,84,2023-02-21
SYN-15919766272c5ba4,573085005,4,22,88,2023-06-08
SYN-15919766272c5ba4,589222003,5,20,100,2023-06-08
SYN-15919766272c5ba4,589924004,4,14,56,2023-06-08
SYN-15919766272c5ba4,610744009,3,15,45,2023-06-08
SYN-159688632ac7a8de,562245001,6,22,132,2023-07-15
SYN-159688632ac7a8de,562245034,4,20,80,2023-07-15
SYN-159fed4dcedf6c58,234187001,6,10,60,2023-10-14
SYN-159fed4dcedf6c58,557247001,4,17,68,2023-10-14
SYN-159fed4dcedf6c58,669586001,5,34,170,2023-10-14
SYN-15ab37b6a467afc6,562245006,5,34,170,2023-04-02
SYN-15ab37b6a467afc6,610730007,3,17,51,2023-04-02
SYN-15ab37b6a467afc6,618784002,6,31,186,2023-04-02
SYN-15ab37b6a467afc6,637661004,5,51,255,2023-04-02
SYN-15ab37b6a467afc6,656719005,5,51,255,2023-04-02
SYN-15ab37b6a467afc6,673677002,3,17,51,2023-04-02
SYN-15ab37b6a467afc6,688873001,2,34,68,2023-04-02
SYN-15ab37b6a467afc6,689208003,4,59,236,2023-04-02
SYN-15ab37b6a467afc6,711288001,6,42,252,2023-04-02
SYN-15b4242689a2c6a0,628920001,4,10,40,2023-04-26
SYN-15b4242689a2c6a0,633825003,3,34,102,2023-04-26
SYN-15b713fcb9e39e90,556549004,2,27,54,2023-11-08
SYN-15b713fcb9e39e90,618476004,6,29,174,2023-11-08
SYN-15b95260288da892,573085004,4,34,136,2023-01-18
SYN-15b95260288da892,573085005,3,22,66,2023-01-18
SYN-15b95260288da892,589222005,2,24,48,2023-01-18
SYN-15f568d405b8d769,665477001,6,34,204,2023-02-12
SYN-15f568d405b8d769,695457001,2,22,44,2023-02-12
SYN-15f5d9ef206f9181,619148002,6,24,144,2023-04-01
SYN-15fcb49ae5164fc8,671057001,2,9,18,2023-10-25
SYN-15fde0cc8424c3b4,479167001,5,34,170,2023-06-27
SYN-15fde0cc8424c3b4,479167002,5,34,170,2023-06-27
SYN-15fde0cc8424c3b4,572852001,2,17,34,2023-06-27
SYN-15fde0cc8424c3b4,587204002,5,25,125,2023-06-27
SYN-15fde0cc8424c3b4,680186001,6,42,252,2023-06-27
SYN-15fde0cc8424c3b4,684080003,2,102,204,2023-06-27
SYN-15fde0cc8424c3b4,684206001,4,14,56,2023-06-27
SYN-15fde0cc8424c3b4,687407001,2,14,28,2023-06-27
SYN-162301c17c3bfdf5,507909003,4,25,100,2023-04-22
SYN-162301c17c3bfdf5,624486001,3,14,42,2023-04-22
SYN-162301c17c3bfdf5,624486002,6,14,84,2023-04-22
SYN-162301c17c3bfdf5,630326003,2,9,18,2023-04-22
SYN-162301c17c3bfdf5,678983002,5,17,85,2023-04-22
SYN-1632e713b052d07e,662980001,5,34,170,2023-11-25
SYN-1632e713b052d07e,678073002,3,25,75,2023-11-25
SYN-163aa3831ef5ba72,637549011,3,31,93,2023-06-01
SYN-16401cdcb5288cb5,639297001,6,34,204,2023-12-21
SYN-16401cdcb5288cb5,697489001,3,14,42,2023-12-21
SYN-16401cdcb5288cb5,700828002,4,51,204,2023-12-21
SYN-1662599259eb10ff,568601006,4,46,184,2023-02-09
SYN-1664c0959d51db4e,401044002,2,42,84,2023-01-11
SYN-1664c0959d51db4e,534181005,3,168,504,2023-01-11
SYN-1664c0959d51db4e,552018006,3,27,81,2023-01-11
SYN-1664c0959d51db4e,554450027,6,27,162,2023-01-11
SYN-1664c0959d51db4e,562252005,4,12,48,2023-01-11
SYN-1664c0959d51db4e,589298001,6,85,510,2023-01-11
SYN-1664c0959d51db4e,591334003,3,17,51,2023-01-11
SYN-1664c0959d51db4e,618784002,5,31,155,2023-01-11
SYN-1664c0959d51db4e,642739003,5,34,170,2023-01-11
SYN-1664c0959d51db4e,659325002,5,68,340,2023-01-11
SYN-1664c0959d51db4e,661910001,6,168,1008,2023-01-11
SYN-1664c0959d51db4e,684210001,4,59,236,2023-01-11
SYN-1664c0959d51db4e,685687004,2,17,34,2023-01-11
SYN-16942a7de1a8b55a,305304008,2,12,24,2023-12-22
SYN-16942a7de1a8b55a,341782022,5,10,50,2023-12-22
SYN-16942a7de1a8b55a,449263031,2,10,20,2023-12-22
SYN-16942a7de1a8b55a,458924006,4,10,40,2023-12-22
SYN-16942a7de1a8b55a,467302079,4,10,40,2023-12-22
SYN-16942a7de1a8b55a,467302100,3,7,21,2023-12-22
SYN-16942a7de1a8b55a,490793033,4,10,40,2023-12-22
SYN-16942a7de1a8b55a,566941004,2,10,20,2023-12-22
SYN-16942a7de1a8b55a,568137004,4,5,20,2023-12-22
SYN-16942a7de1a8b55a,595696018,5,9,45,2023-12-22
SYN-16942a7de1a8b55a,632737004,5,12,60,2023-12-22
SYN-16942a7de1a8b55a,651558006,5,9,45,2023-12-22
SYN-16942a7de1a8b55a,651558010,5,10,50,2023-12-22
SYN-16b12565fcd22d04,558246003,4,15,60,2023-10-16
SYN-16c472b94c56e6fc,552346004,4,34,136,2023-09-17
SYN-16cbe09d9c959f1b,478549001,6,51,306,2023-11-28
SYN-16cbe09d9c959f1b,524825013,6,42,252,2023-11-28
SYN-16cbe09d9c959f1b,637549005,5,34,170,2023-11-28
SYN-16cbe09d9c959f1b,637549011,2,34,68,2023-11-28
SYN-16cbe09d9c959f1b,662868001,3,34,102,2023-11-28
SYN-16d1e6960d5530f4,179950001,6,25,150,2023-08-10
SYN-16d1e6960d5530f4,524825010,3,42,126,2023-08-10
SYN-16d1e6960d5530f4,554704006,4,51,204,2023-08-10
SYN-16d1e6960d5530f4,649437001,5,34,170,2023-08-10
SYN-16d1e6960d5530f4,680912009,3,12,36,2023-08-10
SYN-16d1e6960d5530f4,695584001,2,14,28,2023-08-10
SYN-170295b3ab56bfa8,253176016,4,5,20,2023-10-02
SYN-170295b3ab56bfa8,355569043,2,3,6,2023-10-02
SYN-170295b3ab56bfa8,502224001,4,63,252,2023-10-02
SYN-170295b3ab56bfa8,576693001,6,6,36,2023-10-02
SYN-170295b3ab56bfa8,598517002,3,9,27,2023-10-02
SYN-170295b3ab56bfa8,598811009,6,5,30,2023-10-02
SYN-170295b3ab56bfa8,610185002,2,8,16,2023-10-02
SYN-170295b3ab56bfa8,616088002,3,5,15,2023-10-02
SYN-170295b3ab56bfa8,622962001,3,47,141,2023-10-02
SYN-17240f76aab7b24c,663016003,2,54,108,2023-06-29
SYN-17240f76aab7b24c,670655001,2,54,108,2023-06-29
SYN-17240f76aab7b24c,674023001,6,41,246,2023-06-29
SYN-17240f76aab7b24c,676364002,6,34,204,2023-06-29
SYN-17240f76aab7b24c,696826001,2,95,190,2023-06-29
SYN-172c5a0ffd32be9f,677711003,2,20,40,2023-12-14
SYN-1739083ef631ab11,618650002,4,2,8,2023-04-01
SYN-173dad1731d65e83,451380001,3,51,153,2023-08-21
SYN-173dad1731d65e83,556527009,5,51,255,2023-08-21
SYN-173dad1731d65e83,559129002,4,42,168,2023-08-21
SYN-173dad1731d65e83,565481002,2,51,102,2023-08-21
SYN-173dad1731d65e83,565481003,3,51,153,2023-08-21
SYN-173dad1731d65e83,641338001,5,51,255,2023-08-21
SYN-173dad1731d65e83,664647006,3,51,153,2023-08-21
SYN-175205cfc5aecde6,544116002,2,7,14,2023-05-09
SYN-178ebb1db10d524e,555364003,3,24,72,2023-11-09
SYN-178ebb1db10d524e,631837001,5,17,85,2023-11-09
SYN-17901aeee3941b0c,355569043,3,3,9,2023-04-19
SYN-17901aeee3941b0c,391598062,5,5,25,2023-04-19
SYN-17901aeee3941b0c,504113014,3,7,21,2023-04-19
SYN-17901aeee3941b0c,510075014,5,9,45,2023-04-19
SYN-17901aeee3941b0c,532578009,6,7,42,2023-04-19
SYN-17901aeee3941b0c,559649002,2,7,14,2023-04-19
SYN-17901aeee3941b0c,592172007,2,7,14,2023-04-19
SYN-17901aeee3941b0c,603013001,5,7,35,2023-04-19
SYN-17901aeee3941b0c,612295004,3,14,42,2023-04-19
SYN-17901aeee3941b0c,612554003,2,22,44,2023-04-19
SYN-17901aeee3941b0c,622240002,6,7,42,2023-04-19
SYN-17901aeee3941b0c,631932001,4,14,56,2023-04-19
SYN-17901aeee3941b0c,644464001,4,29,116,2023-04-19
SYN-17901aeee3941b0c,651244001,5,7,35,2023-04-19
SYN-17901aeee3941b0c,653188001,6,7,42,2023-04-19
SYN-17901aeee3941b0c,660186001,6,25,150,2023-04-19
SYN-17a9fa504c2581a8,662857003,4,42,168,2023-12-05
SYN-17aa9f9266328632,507987024,5,17,85,2023-03-27
SYN-17aa9f9266328632,539878003,3,42,126,2023-03-27
SYN-17aa9f9266328632,580482004,4,51,204,2023-03-27
SYN-17aa9f9266328632,635561003,6,17,102,2023-03-27
SYN-17aa9f9266328632,650682001,4,51,204,2023-03-27
SYN-17aa9f9266328632,660830002,6,34,204,2023-03-27
SYN-17aa9f9266328632,684588007,3,25,75,2023-03-27
SYN-17b90c68aa7939b9,539723010,5,17,85,2023-03-19
SYN-17b90c68aa7939b9,554450002,6,17,102,2023-03-19
SYN-17b90c68aa7939b9,554450016,5,22,110,2023-03-19
SYN-17b90c68aa7939b9,593829004,6,3,18,2023-03-19
SYN-17b90c68aa7939b9,610776022,2,9,18,2023-03-19
SYN-17b90c68aa7939b9,626000002,6,7,42,2023-03-19
SYN-17c42ff677f8c1a7,464277014,2,21,42,2023-06-19
SYN-17c42ff677f8c1a7,636392001,4,24,96,2023-06-19
SYN-17c42ff677f8c1a7,642437006,2,33,66,2023-06-19
SYN-17c42ff677f8c1a7,649046002,2,49,98,2023-06-19
SYN-17c42ff677f8c1a7,662868002,3,33,99,2023-06-19
SYN-17c42ff677f8c1a7,680499003,3,49,147,2023-06-19
SYN-17f094e6fd92dc22,510126016,5,51,255,2023-07-15
SYN-17f094e6fd92dc22,658030001,2,51,102,2023-07-15
SYN-1801ec7e05fffec1,626813010,2,25,50,2023-11-07
SYN-1801ec7e05fffec1,688873018,6,34,204,2023-11-07
SYN-1807f5c8ff529be9,685687004,5,17,85,2023-10-22
SYN-1813fe16288589a7,633535001,3,20,60,2023-03-26
SYN-1813fe16288589a7,633535003,6,20,120,2023-03-26
SYN-1813fe16288589a7,642629001,2,14,28,2023-03-26
SYN-1813fe16288589a7,679520001,5,14,70,2023-03-26
SYN-1813fe16288589a7,680715001,5,136,680,2023-03-26
SYN-181ba32bc9885b0c,186372042,2,24,48,2023-03-24
SYN-182d9d665c7884bd,691275008,5,68,340,2023-09-04
SYN-18392b632e5044a2,701410001,3,51,153,2023-06-29
SYN-18392b632e5044a2,701419001,4,34,136,2023-06-29
SYN-184ec7661d1d16f9,501820006,5,17,85,2023-07-29
SYN-184ec7661d1d16f9,501820042,2,17,34,2023-07-29
SYN-184ec7661d1d16f9,662868001,5,34,170,2023-07-29
SYN-184ec7661d1d16f9,662888003,5,32,160,2023-07-29
SYN-1852067adc1abae1,512251003,6,25,150,2023-01-31
SYN-1852067adc1abae1,524061003,3,51,153,2023-01-31
SYN-1852067adc1abae1,592174001,4,34,136,2023-01-31
SYN-1852067adc1abae1,637255001,5,25,125,2023-01-31
SYN-1852067adc1abae1,640244003,2,34,68,2023-01-31
SYN-1852067adc1abae1,683662006,3,14,42,2023-01-31
SYN-18560a6d7f733dcc,663016003,2,68,136,2023-10-27
SYN-185f3a00ba081c3d,590007003,6,14,84,2023-01-31
SYN-185f3a00ba081c3d,646660003,5,76,380,2023-01-31
SYN-1862e9415d5a87c9,487722007,6,42,252,2023-09-21
SYN-1862e9415d5a87c9,634383001,4,32,128,2023-09-21
SYN-186da099602c0767,357751001,3,10,30,2023-11-10
SYN-186da099602c0767,664074001,2,17,34,2023-11-10
SYN-186da099602c0767,694153002,4,34,136,2023-11-10
SYN-18780da7cad0cc4c,399201005,6,59,354,2023-07-22
SYN-18780da7cad0cc4c,506110001,6,25,150,2023-07-22
SYN-18780da7cad0cc4c,685687004,4,17,68,2023-07-22
SYN-1881f6dd3a75754a,581298001,3,7,21,2023-07-03
SYN-1881f6dd3a75754a,643833005,2,7,14,2023-07-03
SYN-1894a1bc44f6b35f,516859002,2,14,28,2023-11-17
SYN-1894a1bc44f6b35f,577529002,6,17,102,2023-11-17
SYN-1894a1bc44f6b35f,589222003,3,20,60,2023-11-17
SYN-1894a1bc44f6b35f,617835006,6,17,102,2023-11-17
SYN-1894d672a81467d9,578487011,5,68,340,2023-05-17
SYN-189a90f368ccb936,583534002,6,17,102,2023-12-17
SYN-189a90f368ccb936,583534013,6,17,102,2023-12-17
SYN-18a64e265dae2b0c,243613004,3,22,66,2023-03-20
SYN-18a64e265dae2b0c,564449001,4,22,88,2023-03-20
SYN-18a64e265dae2b0c,607834002,4,25,100,2023-03-20
SYN-18a64e265dae2b0c,607834003,3,25,75,2023-03-20
SYN-18a64e265dae2b0c,641686001,3,36,108,2023-03-20
SYN-18a64e265dae2b0c,678933002,2,42,84,2023-03-20
SYN-18a64e265dae2b0c,681247002,5,59,295,2023-03-20
SYN-18a64e265dae2b0c,692454002,5,25,125,2023-03-20
SYN-18b2d8743ddcd778,568931008,3,45,135,2023-01-28
SYN-18ba6f8404b17533,396135008,3,15,45,2023-02-21
SYN-18cabe98f6f5ff20,673349001,3,59,177,2023-05-05
SYN-18cabe98f6f5ff20,673349002,4,59,236,2023-05-05
SYN-18de08d2523fd6be,320880001,3,46,138,2023-12-06
SYN-18defb7deae1ee3e,660599001,3,34,102,2023-12-28
SYN-18e27af6695d4eaa,478298012,4,9,36,2023-12-08
SYN-18e27af6695d4eaa,478646003,2,14,28,2023-12-08
SYN-18f88994a0e6b068,228257001,5,10,50,2023-10-09
SYN-18f88994a0e6b068,682996002,3,10,30,2023-10-09
SYN-18fa212f5344ad45,440811010,5,27,135,2023-10-06
SYN-18fa212f5344ad45,555369001,6,12,72,2023-10-06
SYN-18fe5de81e22c28e,377436011,3,7,21,2023-03-31
SYN-18fe5de81e22c28e,448515019,3,24,72,2023-03-31
SYN-1905e4f742a2931a,487207002,4,10,40,2023-10-27
SYN-1905e4f742a2931a,531862003,2,19,38,2023-10-27
SYN-1905e4f742a2931a,568174014,5,17,85,2023-10-27
SYN-1905e4f742a2931a,568174022,6,9,54,2023-10-27
SYN-1905e4f742a2931a,568174028,6,7,42,2023-10-27
SYN-1905e4f742a2931a,578589001,2,7,14,2023-10-27
SYN-1905e4f742a2931a,578599008,6,37,222,2023-10-27
SYN-1905e4f742a2931a,584277001,4,10,40,2023-10-27
SYN-1905e4f742a2931a,584279001,3,14,42,2023-10-27
SYN-1906dac6413cee31,671186001,4,14,56,2023-07-04
SYN-1907ea3a221b3ab3,446224002,2,14,28,2023-03-18
SYN-1907ea3a221b3ab3,558986003,2,15,30,2023-03-18
SYN-1907ea3a221b3ab3,610671001,3,27,81,2023-03-18
SYN-1907ea3a221b3ab3,636341001,6,12,72,2023-03-18
SYN-1907ea3a221b3ab3,678342001,3,5,15,2023-03-18
SYN-191c1c32652050a1,661162003,4,34,136,2023-12-14
SYN-191c1c32652050a1,661162004,2,34,68,2023-12-14
SYN-191c1c32652050a1,662868003,3,34,102,2023-12-14
SYN-191c1c32652050a1,672456007,6,85,510,2023-12-14
SYN-191c1c32652050a1,696545002,2,68,136,2023-12-14
SYN-191c1c32652050a1,696545005,4,68,272,2023-12-14
SYN-1937e318c0708edb,635789007,6,17,102,2023-05-30
SYN-1937e318c0708edb,681358001,5,25,125,2023-05-30
SYN-1937e318c0708edb,697489002,4,14,56,2023-05-30
SYN-1939ec96e14f9872,514482001,4,25,100,2023-04-10
SYN-1939ec96e14f9872,559645001,4,14,56,2023-04-10
SYN-1939ec96e14f9872,561066001,6,29,174,2023-04-10
SYN-1939ec96e14f9872,655567001,6,59,354,2023-04-10
SYN-1939ec96e14f9872,663441001,6,34,204,2023-04-10
SYN-1939ec96e14f9872,682965001,3,25,75,2023-04-10
SYN-1941bdac084f3617,539723005,2,31,62,2023-03-01
SYN-1941bdac084f3617,539723006,5,31,155,2023-03-01
SYN-1955cde466691699,685347001,3,17,51,2023-09-11
SYN-1959b45f80874022,111593001,6,17,102,2023-09-21
SYN-1959b45f80874022,583351005,6,17,102,2023-09-21
SYN-195d98fb140052ca,399087001,5,34,170,2023-07-28
SYN-198139233b2f94cc,674002001,5,93,465,2023-12-22
SYN-1991eebd88ea602d,603401002,4,14,56,2023-02-14
SYN-1991eebd88ea602d,603401003,5,10,50,2023-02-14
SYN-1991eebd88ea602d,666617004,2,14,28,2023-02-14
SYN-19a4443521d72732,636455008,3,51,153,2023-11-08
SYN-19a4443521d72732,660712012,5,42,210,2023-11-08
SYN-19a4443521d72732,684588001,6,25,150,2023-11-08
SYN-19aa0e5a4fa1238f,501820042,6,17,102,2023-12-30
SYN-19aa0e5a4fa1238f,501820043,2,17,34,2023-12-30
SYN-19aa0e5a4fa1238f,591334014,3,17,51,2023-12-30
SYN-19aa0e5a4fa1238f,637661001,3,51,153,2023-12-30
SYN-19aa0e5a4fa1238f,637661004,3,51,153,2023-12-30
SYN-19aa0e5a4fa1238f,660286003,6,12,72,2023-12-30
SYN-19aa0e5a4fa1238f,683662006,3,14,42,2023-12-30
SYN-19aa0e5a4fa1238f,685687004,3,17,51,2023-12-30
SYN-19ad081e1d8fa496,475762003,6,34,204,2023-12-02
SYN-19afc59b6e0ad728,539723006,5,34,170,2023-01-16
SYN-19afc59b6e0ad728,633130002,2,17,34,2023-01-16
SYN-19b568bb4ad43efa,524825019,2,42,84,2023-01-31
SYN-19b568bb4ad43efa,554772002,6,9,54,2023-01-31
SYN-19b568bb4ad43efa,675319001,3,51,153,2023-01-31
SYN-19b568bb4ad43efa,691291004,5,34,170,2023-01-31
SYN-19bc413b601c9905,680186001,3,42,126,2023-10-02
SYN-19cc30b6fd1bd2aa,514817011,5,10,50,2023-08-21
SYN-19cc30b6fd1bd2aa,584895014,2,9,18,2023-08-21
SYN-19cc30b6fd1bd2aa,632362003,5,9,45,2023-08-21
SYN-19cc30b6fd1bd2aa,667499003,2,25,50,2023-08-21
SYN-19cfcf48e877c37a,568836006,6,24,144,2023-07-29
SYN-19e1ae6c6c5c50bd,539723001,6,34,204,2023-01-16
SYN-19e1ae6c6c5c50bd,665303002,3,51,153,2023-01-16
SYN-19e3e8842d12871a,583558001,2,68,136,2023-12-05
SYN-19e3e8842d12871a,633130002,6,17,102,2023-12-05
SYN-19e3e8842d12871a,668767002,2,17,34,2023-12-05
SYN-19e3e8842d12871a,683662005,4,14,56,2023-12-05
SYN-19f00bde0d9ccf1c,118458004,3,34,102,2023-10-01
SYN-19f00bde0d9ccf1c,669091003,2,34,68,2023-10-01
SYN-19f00bde0d9ccf1c,673707002,6,42,252,2023-10-01
SYN-19f00bde0d9ccf1c,686270003,4,17,68,2023-10-01
SYN-19f00bde0d9ccf1c,694966001,2,34,68,2023-10-01
SYN-19f00bde0d9ccf1c,694966002,6,34,204,2023-10-01
SYN-19f00bde0d9ccf1c,694968001,5,34,170,2023-10-01
SYN-19f00bde0d9ccf1c,694968002,4,34,136,2023-10-01
SYN-19f2c5b0c23f55d1,529008026,4,24,96,2023-11-12
SYN-19f2c5b0c23f55d1,574109015,5,24,120,2023-11-12
SYN-19f2c5b0c23f55d1,611415005,5,16,80,2023-11-12
SYN-19f2c5b0c23f55d1,637673006,2,32,64,2023-11-12
SYN-19f2c5b0c23f55d1,677809002,2,32,64,2023-11-12
SYN-19f2c5b0c23f55d1,678942002,3,16,48,2023-11-12
SYN-19f49a370dbfef1e,552497006,4,19,76,2023-11-01
SYN-19f49a370dbfef1e,570843001,5,7,35,2023-11-01
SYN-19f49a370dbfef1e,572931002,2,25,50,2023-11-01
SYN-19f49a370dbfef1e,625311006,5,31,155,2023-11-01
SYN-19f49a370dbfef1e,625311008,5,31,155,2023-11-01
SYN-19f49a370dbfef1e,646585001,4,43,172,2023-11-01
SYN-1a04906ef9a6bbcc,625939005,4,3,12,2023-02-02
SYN-1a04906ef9a6bbcc,657476002,3,17,51,2023-02-02
SYN-1a04906ef9a6bbcc,681815003,5,16,80,2023-02-02
SYN-1a04906ef9a6bbcc,683662005,3,14,42,2023-02-02
SYN-1a05809a5aefda42,537116004,3,17,51,2023-08-16
SYN-1a05809a5aefda42,630450003,6,25,150,2023-08-16
SYN-1a07525f24cc6592,500357002,6,46,276,2023-02-24
SYN-1a1326bf1de07883,625939014,6,9,54,2023-09-22
SYN-1a1326bf1de07883,651456005,4,17,68,2023-09-22
SYN-1a1326bf1de07883,683662002,2,14,28,2023-09-22
SYN-1a1aa750bc5a9928,573716033,6,25,150,2023-09-04
SYN-1a1aa750bc5a9928,664936004,5,76,380,2023-09-04
SYN-1a1aa750bc5a9928,665095003,4,25,100,2023-09-04
SYN-1a1ee68beb4bb137,558986003,3,15,45,2023-07-23
SYN-1a1ee68beb4bb137,687427002,3,34,102,2023-07-23
SYN-1a23e18c6e129c5d,598795016,5,9,45,2023-03-06
SYN-1a33af5d57e3fd4d,547367007,4,10,40,2023-02-22
SYN-1a33af5d57e3fd4d,562245034,6,20,120,2023-02-22
SYN-1a33af5d57e3fd4d,562245059,6,20,120,2023-02-22
SYN-1a33af5d57e3fd4d,564031001,6,15,90,2023-02-22
SYN-1a33af5d57e3fd4d,604993001,3,37,111,2023-02-22
SYN-1a33af5d57e3fd4d,613246004,2,23,46,2023-02-22
SYN-1a33b59b1bb7ac0f,608769002,5,68,340,2023-03-03
SYN-1a35907ee89ae324,657165002,4,22,88,2023-01-28
SYN-1a42f163bc21d617,655403004,5,76,380,2023-11-07
SYN-1a42f163bc21d617,673677002,4,17,68,2023-11-07
SYN-1a44bfa7a4dacc31,639578004,5,17,85,2023-10-20
SYN-1a44bfa7a4dacc31,639598004,5,15,75,2023-10-20
SYN-1a6428466474e0f2,625518001,4,68,272,2023-03-30
SYN-1a6428466474e0f2,625518004,4,68,272,2023-03-30
SYN-1a648ee9702c5cf1,673677002,2,17,34,2023-02-11
SYN-1a6bc6510db166b4,568597009,5,27,135,2023-01-24
SYN-1a6bc6510db166b4,613826004,5,42,210,2023-01-24
SYN-1a6bc6510db166b4,639976002,5,85,425,2023-01-24
SYN-1a6bc6510db166b4,639976005,2,81,162,2023-01-24
SYN-1a7358b60d9da594,451380016,5,51,255,2023-05-15
SYN-1a7358b60d9da594,567411008,5,22,110,2023-05-15
SYN-1a7fd76896117e3b,575141004,4,22,88,2023-10-09
SYN-1a7fd76896117e3b,637549002,5,34,170,2023-10-09
SYN-1a7fd76896117e3b,687921002,2,34,68,2023-10-09
SYN-1a840637a81cca91,399061008,6,53,318,2023-07-11
SYN-1a8681064012d0ba,610671001,6,14,84,2023-08-28
SYN-1aa42591d6cabfc7,572524001,2,32,64,2023-10-13
SYN-1aa51b07d6be2224,565379002,5,7,35,2023-01-21
SYN-1aa51b07d6be2224,610776024,3,7,21,2023-01-21
SYN-1aa51b07d6be2224,670499002,2,30,60,2023-01-21
SYN-1aa51b07d6be2224,679121001,5,15,75,2023-01-21
SYN-1ab7378746266f5b,551504002,5,44,220,2023-03-20
SYN-1ab7378746266f5b,676110003,2,7,14,2023-03-20
SYN-1ab7378746266f5b,676110007,4,5,20,2023-03-20
SYN-1ac310ab5475ff1f,311059029,6,20,120,2023-01-25
SYN-1ac310ab5475ff1f,413911001,3,15,45,2023-01-25
SYN-1ac310ab5475ff1f,413911002,6,15,90,2023-01-25
SYN-1ac310ab5475ff1f,413911015,2,15,30,2023-01-25
SYN-1ac310ab5475ff1f,468591005,4,27,108,2023-01-25
SYN-1ac310ab5475ff1f,485544004,3,8,24,2023-01-25
SYN-1ac310ab5475ff1f,540334001,5,31,155,2023-01-25
SYN-1ac310ab5475ff1f,626702007,4,23,92,2023-01-25
SYN-1ac310ab5475ff1f,626702008,4,23,92,2023-01-25
SYN-1ac310ab5475ff1f,629806001,6,20,120,2023-01-25
SYN-1ac310ab5475ff1f,690158002,5,15,75,2023-01-25
SYN-1ac3582aaa907241,493103005,6,14,84,2023-04-05
SYN-1ac3582aaa907241,644828002,2,31,62,2023-04-05
SYN-1ac382ad0ab1291f,579751002,3,20,60,2023-01-29
SYN-1ac382ad0ab1291f,648336001,3,29,87,2023-01-29
SYN-1ac382ad0ab1291f,685347001,3,16,48,2023-01-29
SYN-1aca0a98da5525a0,572124001,6,38,228,2023-10-10
SYN-1ad06c4f7397cf56,552471029,6,17,102,2023-05-21
SYN-1ad20c65380bacc1,179950002,5,25,125,2023-05-21
SYN-1ad47e13b9dd9fb4,501820001,5,16,80,2023-12-08
SYN-1ad47e13b9dd9fb4,579541001,4,16,64,2023-12-08
SYN-1ad47e13b9dd9fb4,579541004,6,16,96,2023-12-08
SYN-1ad47e13b9dd9fb4,579541026,4,16,64,2023-12-08
SYN-1ad47e13b9dd9fb4,673677002,2,16,32,2023-12-08
SYN-1ad47e13b9dd9fb4,673677003,4,16,64,2023-12-08
SYN-1ad76ba027a7a188,429313002,4,31,124,2023-06-02
SYN-1adb679b413376ec,617900007,2,13,26,2023-08-31
SYN-1adb679b413376ec,622046002,2,20,40,2023-08-31
SYN-1adb679b413376ec,657195001,6,82,492,2023-08-31
SYN-1adb679b413376ec,671515001,6,24,144,2023-08-31
SYN-1adb679b413376ec,678073001,3,24,72,2023-08-31
SYN-1adb679b413376ec,678073002,5,24,120,2023-08-31
SYN-1afc3aff1d116040,640677003,6,25,150,2023-11-14
SYN-1afdb9ca90cb65ab,399061012,2,55,110,2023-04-02
SYN-1afdb9ca90cb65ab,626816003,4,24,96,2023-04-02
SYN-1afdb9ca90cb65ab,675203002,3,32,96,2023-04-02
SYN-1b1418bb5cbf63a6,601102001,3,22,66,2023-09-30
SYN-1b1418bb5cbf63a6,610776022,5,9,45,2023-09-30
SYN-1b1418bb5cbf63a6,622295005,5,31,155,2023-09-30
SYN-1b1418bb5cbf63a6,638228002,3,31,93,2023-09-30
SYN-1b1418bb5cbf63a6,642082001,3,20,60,2023-09-30
SYN-1b1418bb5cbf63a6,645844001,3,25,75,2023-09-30
SYN-1b1418bb5cbf63a6,649895001,2,31,62,2023-09-30
SYN-1b1418bb5cbf63a6,650722001,6,20,120,2023-09-30
SYN-1b1418bb5cbf63a6,660186001,5,25,125,2023-09-30
SYN-1b1418bb5cbf63a6,688873018,3,34,102,2023-09-30
SYN-1b260990c587445a,660712001,5,42,210,2023-07-21
SYN-1b3096f52169a0ea,457039007,6,9,54,2023-05-10
SYN-1b3096f52169a0ea,537901001,5,10,50,2023-05-10
SYN-1b3096f52169a0ea,562245059,4,20,80,2023-05-10
SYN-1b3096f52169a0ea,573626002,6,24,144,2023-05-10
SYN-1b3096f52169a0ea,576773002,6,22,132,2023-05-10
SYN-1b3096f52169a0ea,593290003,4,9,36,2023-05-10
SYN-1b3096f52169a0ea,600197002,6,17,102,2023-05-10
SYN-1b3096f52169a0ea,610974001,3,17,51,2023-05-10
SYN-1b3096f52169a0ea,613246002,6,20,120,2023-05-10
SYN-1b3096f52169a0ea,617878003,6,17,102,2023-05-10
SYN-1b3096f52169a0ea,617900007,2,14,28,2023-05-10
SYN-1b3096f52169a0ea,635676001,2,25,50,2023-05-10
SYN-1b3096f52169a0ea,637549004,4,34,136,2023-05-10
SYN-1b3096f52169a0ea,642105001,5,17,85,2023-05-10
SYN-1b3096f52169a0ea,673638002,3,17,51,2023-05-10
SYN-1b3737ff2039ca7a,646592004,2,17,34,2023-06-04
SYN-1b3737ff2039ca7a,662866003,4,42,168,2023-06-04
SYN-1b4880f1412bc08d,509629008,2,17,34,2023-05-23
SYN-1b4880f1412bc08d,655250001,2,42,84,2023-05-23
SYN-1b5bc3db9790bfc5,399223029,6,34,204,2023-12-10
SYN-1b5bc3db9790bfc5,413707001,5,34,170,2023-12-10
SYN-1b5bc3db9790bfc5,501820042,6,17,102,2023-12-10
SYN-1b5bc3db9790bfc5,559212001,3,59,177,2023-12-10
SYN-1b5bc3db9790bfc5,578478003,3,42,126,2023-12-10
SYN-1b5bc3db9790bfc5,651329001,3,25,75,2023-12-10
SYN-1b6d82d0f61ba57c,682848002,6,51,306,2023-01-22
SYN-1b74d205f333ae39,474138001,2,34,68,2023-08-28
SYN-1b74d205f333ae39,477507002,3,14,42,2023-08-28
SYN-1b74d205f333ae39,500771007,3,25,75,2023-08-28
SYN-1b74d205f333ae39,560213004,3,19,57,2023-08-28
SYN-1b74d205f333ae39,567728006,3,19,57,2023-08-28
SYN-1b74d205f333ae39,586265002,6,31,186,2023-08-28
SYN-1b74d205f333ae39,587782003,3,27,81,2023-08-28
SYN-1b74d205f333ae39,617620003,5,27,135,2023-08-28
SYN-1b74d205f333ae39,618387001,4,27,108,2023-08-28
SYN-1b74d205f333ae39,624881002,3,49,147,2023-08-28
SYN-1b74d205f333ae39,643851001,4,14,56,2023-08-28
SYN-1b74d205f333ae39,653233001,2,34,68,2023-08-28
SYN-1b74d205f333ae39,656367001,2,36,72,2023-08-28
SYN-1b74d205f333ae39,685687001,4,17,68,2023-08-28
SYN-1b74d205f333ae39,685687002,2,17,34,2023-08-28
SYN-1b80278fdb68d065,537688014,3,51,153,2023-02-03
SYN-1b8e08aea5b247c7,562245059,4,31,124,2023-03-06
SYN-1b8e08aea5b247c7,595779008,3,23,69,2023-03-06
SYN-1baafd657177307d,455014028,2,9,18,2023-09-12
SYN-1baafd657177307d,568962001,4,21,84,2023-09-12
SYN-1baafd657177307d,646789001,6,3,18,2023-09-12
SYN-1bac864124e24ea7,551462012,3,10,30,2023-06-25
SYN-1bd1f31c1a712e28,591334019,6,17,102,2023-11-13
SYN-1bd79dbb163bca1d,399136061,6,41,246,2023-02-06
SYN-1bd79dbb163bca1d,399201022,6,47,282,2023-02-06
SYN-1bdb19c17d444aa8,464454004,5,2,10,2023-05-23
SYN-1bdb19c17d444aa8,518529001,6,25,150,2023-05-23
SYN-1be58059a8aba7f1,665975001,6,25,150,2023-12-26
SYN-1be751f40a7c673c,496111007,2,34,68,2023-09-12
SYN-1be751f40a7c673c,613826004,4,42,168,2023-09-12
SYN-1be751f40a7c673c,651273001,5,22,110,2023-09-12
SYN-1be92f70aba9219c,562245059,2,20,40,2023-06-20
SYN-1bfcc352c1ae2d84,649382001,4,8,32,2023-10-29
SYN-1c17d808b20daf20,397068014,4,34,136,2023-09-09
SYN-1c17d808b20daf20,540768002,2,85,170,2023-09-09
SYN-1c18c16ebf67629c,610841001,2,10,20,2023-01-04
SYN-1c2149cea600e8b6,587244001,3,61,183,2023-09-04
SYN-1c230c2c435b597b,631632001,4,22,88,2023-05-01
SYN-1c3573d19f1a2b3b,554811008,4,8,32,2023-08-05
SYN-1c3573d19f1a2b3b,651558016,4,8,32,2023-08-05
SYN-1c448b150eadd01a,657287005,3,17,51,2023-06-17
SYN-1c448b150eadd01a,657291005,3,10,30,2023-06-17
SYN-1c448b150eadd01a,658030002,3,51,153,2023-06-17
SYN-1c448b150eadd01a,684686001,3,41,123,2023-06-17
SYN-1c4f96f961dbf6a5,562245023,4,27,108,2023-02-04
SYN-1c73c9ebc73fc2f4,684890001,5,25,125,2023-10-13
SYN-1c776c5d81dd60c6,619580001,6,9,54,2023-01-12
SYN-1c7ef87bb9fe5831,597082001,5,15,75,2023-10-09
SYN-1c7ef87bb9fe5831,607632001,5,15,75,2023-10-09
SYN-1c80df4a2f90fc9c,316441011,5,17,85,2023-11-24
SYN-1c80df4a2f90fc9c,570781003,5,17,85,2023-11-24
SYN-1c80df4a2f90fc9c,595696005,3,17,51,2023-11-24
SYN-1c80df4a2f90fc9c,599718001,5,15,75,2023-11-24
SYN-1c80df4a2f90fc9c,635789001,2,17,34,2023-11-24
SYN-1c9647da827b509f,548467001,2,17,34,2023-12-04
SYN-1c9647da827b509f,573085020,3,27,81,2023-12-04
SYN-1c96929b8c429c01,218354001,4,9,36,2023-10-13
SYN-1c96929b8c429c01,399201002,6,68,408,2023-10-13
SYN-1c96929b8c429c01,399201005,4,47,188,2023-10-13
SYN-1c96929b8c429c01,636093001,2,51,102,2023-10-13
SYN-1c96929b8c429c01,639431001,5,14,70,2023-10-13
SYN-1c96929b8c429c01,654100005,5,17,85,2023-10-13
SYN-1ca213c5e2ba3600,637158001,4,36,144,2023-12-03
SYN-1cb2387a135dc858,624537001,5,10,50,2023-02-17
SYN-1cb2387a135dc858,677848003,5,9,45,2023-02-17
SYN-1cb2387a135dc858,688910001,6,68,408,2023-02-17
SYN-1cc2c8b1b53f4459,655784001,4,34,136,2023-11-13
SYN-1cc2c8b1b53f4459,688873020,2,34,68,2023-11-13
SYN-1cd0e3657707584a,200182001,4,14,56,2023-06-11
SYN-1cd0e3657707584a,524061003,3,51,153,2023-06-11
SYN-1cd0e3657707584a,579541001,4,17,68,2023-06-11
SYN-1cd0e3657707584a,579541041,5,17,85,2023-06-11
SYN-1cd0e3657707584a,651273001,4,22,88,2023-06-11
SYN-1cd1a7d26e4b0cf5,524061003,3,51,153,2023-05-16
SYN-1cd1a7d26e4b0cf5,660712003,3,42,126,2023-05-16
SYN-1cd1a7d26e4b0cf5,675359002,3,42,126,2023-05-16
SYN-1cdc22a2303e5c8f,562245050,6,22,132,2023-10-01
SYN-1cdc22a2303e5c8f,562251008,6,16,96,2023-10-01
SYN-1cdc22a2303e5c8f,573085001,5,19,95,2023-10-01
SYN-1cdc22a2303e5c8f,665477003,4,27,108,2023-10-01
SYN-1cdc22a2303e5c8f,667491002,4,25,100,2023-10-01
SYN-1cdc22a2303e5c8f,667491006,3,25,75,2023-10-01
SYN-1ce992a37e1402c3,539723001,4,31,124,2023-06-17
SYN-1ce992a37e1402c3,539723019,2,31,62,2023-06-17
SYN-1cfcf90e80e46623,399136011,6,59,354,2023-01-18
SYN-1cfdae50cb6591ce,579541007,3,17,51,2023-02-04
SYN-1d12212b812daffe,669896002,5,32,160,2023-01-05
SYN-1d37a57197b89a0c,568597012,6,24,144,2023-09-08
SYN-1d57264f133cb657,657220001,4,68,272,2023-08-08
SYN-1d57264f133cb657,674047001,4,113,452,2023-08-08
SYN-1d71db4072cbba60,348870001,6,17,102,2023-06-15
SYN-1d71db4072cbba60,355569002,2,9,18,2023-06-15
SYN-1d78d45226371f19,484398056,5,17,85,2023-08-16
SYN-1d78d45226371f19,509280004,6,15,90,2023-08-16
SYN-1d78d45226371f19,632982014,3,5,15,2023-08-16
SYN-1d7e47b1eeab238d,692155002,5,81,405,2023-10-18
SYN-1d864fd3fdfdffd3,605516005,6,51,306,2023-05-22
SYN-1d864fd3fdfdffd3,612455005,6,51,306,2023-05-22
SYN-1d864fd3fdfdffd3,617036002,3,51,153,2023-05-22
SYN-1d864fd3fdfdffd3,637739002,3,51,153,2023-05-22
SYN-1d86816fd9ff4b5b,507910001,5,25,125,2023-10-03
SYN-1d86816fd9ff4b5b,685687003,4,17,68,2023-10-03
SYN-1d8a560de5ff3077,650974001,5,34,170,2023-02-01
SYN-1d8a560de5ff3077,675827001,3,34,102,2023-02-01
SYN-1d8b799e35656783,386681016,5,17,85,2023-07-29
SYN-1d8b799e35656783,605020002,3,14,42,2023-07-29
SYN-1d8b799e35656783,610744007,5,15,75,2023-07-29
SYN-1d8b799e35656783,663714001,5,14,70,2023-07-29
SYN-1d8b799e35656783,671783004,2,25,50,2023-07-29
SYN-1d8b799e35656783,685687004,6,17,102,2023-07-29
SYN-1d949f6566491ab2,685284002,6,36,216,2023-01-19
SYN-1d9eb06842a901b2,595115001,5,17,85,2023-11-03
SYN-1d9eb06842a901b2,621757003,5,25,125,2023-11-03
SYN-1d9eb06842a901b2,644783002,5,31,155,2023-11-03
SYN-1d9eb06842a901b2,678590001,2,17,34,2023-11-03
SYN-1d9f94e4080df43c,351933038,5,17,85,2023-09-23
SYN-1d9f94e4080df43c,479227001,6,9,54,2023-09-23
SYN-1d9f94e4080df43c,479227020,4,5,20,2023-09-23
SYN-1d9f94e4080df43c,494030020,5,5,25,2023-09-23
SYN-1dabf35376a55fc7,562245058,6,34,204,2023-11-24
SYN-1dbe38321ffeab84,529008026,5,24,120,2023-04-14
SYN-1dbe38321ffeab84,611415005,6,17,102,2023-04-14
SYN-1dc4a1fac0f0b56e,652742004,3,50,150,2023-08-22
SYN-1dde474b405aa1d0,662935001,2,51,102,2023-06-10
SYN-1dfdbd4d9068a03c,637549012,3,32,96,2023-10-20
SYN-1dffda24c7bf0752,557247021,6,17,102,2023-04-08
SYN-1e131fd663555acc,463970023,3,22,66,2023-02-23
SYN-1e131fd663555acc,522725014,6,22,132,2023-02-23
SYN-1e131fd663555acc,560393001,6,22,132,2023-02-23
SYN-1e184c889960c0bd,637515001,4,34,136,2023-02-18
SYN-1e215cfd7010a6b2,327821035,6,10,60,2023-03-15
SYN-1e215cfd7010a6b2,493836018,2,15,30,2023-03-15
SYN-1e215cfd7010a6b2,545396032,6,10,60,2023-03-15
SYN-1e215cfd7010a6b2,553881017,5,14,70,2023-03-15
SYN-1e215cfd7010a6b2,623275005,4,22,88,2023-03-15
SYN-1e215cfd7010a6b2,629396003,2,22,44,2023-03-15
SYN-1e215cfd7010a6b2,629825001,2,29,58,2023-03-15
SYN-1e215cfd7010a6b2,629873002,3,29,87,2023-03-15
SYN-1e215cfd7010a6b2,637643001,2,29,58,2023-03-15
SYN-1e215cfd7010a6b2,649010005,2,14,28,2023-03-15
SYN-1e215cfd7010a6b2,665542002,4,26,104,2023-03-15
SYN-1e4b2000721540be,567993015,2,25,50,2023-06-27
SYN-1e4b2000721540be,605903002,4,12,48,2023-06-27
SYN-1e5dabb1173a1e51,357751001,4,10,40,2023-10-06
SYN-1e660e3673c0eed8,637515001,2,34,68,2023-05-23
SYN-1e660e3673c0eed8,637515002,5,34,170,2023-05-23
SYN-1e660e3673c0eed8,637515003,4,34,136,2023-05-23
SYN-1e660e3673c0eed8,655692001,4,68,272,2023-05-23
SYN-1e66b7fbcc5fa7f5,714425001,2,34,68,2023-11-15
SYN-1e6ed02dce68f169,399136011,5,47,235,2023-03-19
SYN-1e6ed02dce68f169,573937001,5,26,130,2023-03-19
SYN-1e6ed02dce68f169,610776010,3,9,27,2023-03-19
SYN-1e6ed02dce68f169,625819005,4,25,100,2023-03-19
SYN-1e6ed02dce68f169,628920006,5,17,85,2023-03-19
SYN-1e6ed02dce68f169,628930001,2,25,50,2023-03-19
SYN-1e6ed02dce68f169,634332006,4,42,168,2023-03-19
SYN-1e6ed02dce68f169,657395007,6,34,204,2023-03-19
SYN-1e74ab028521b741,504631014,4,15,60,2023-08-08
SYN-1e74ab028521b741,544571017,5,5,25,2023-08-08
SYN-1e74ab028521b741,581831001,4,14,56,2023-08-08
SYN-1e76b4198d23251f,604349001,2,15,30,2023-05-08
SYN-1e76b4198d23251f,610730002,4,10,40,2023-05-08
SYN-1e76b4198d23251f,616849003,3,9,27,2023-05-08
SYN-1e7e3f82a1bafa41,554479001,6,25,150,2023-11-06
SYN-1e941d9baf209542,532578009,6,7,42,2023-09-06
SYN-1ea23dc933c623fd,640677002,2,25,50,2023-01-16
SYN-1ea23dc933c623fd,640677004,6,25,150,2023-01-16
SYN-1ea31723abd2ed11,562252035,3,22,66,2023-08-14
SYN-1ea31723abd2ed11,631744002,2,17,34,2023-08-14
SYN-1ea95261f4c2e77b,612420001,6,9,54,2023-06-05
SYN-1ea95261f4c2e77b,715244001,4,14,56,2023-06-05
SYN-1eab9802fd5aacce,562252010,2,17,34,2023-01-25
SYN-1eab9802fd5aacce,573716039,6,25,150,2023-01-25
SYN-1eab9802fd5aacce,636148001,2,24,48,2023-01-25
SYN-1eb2909ac30396f5,559649002,4,7,28,2023-11-22
SYN-1eb2909ac30396f5,615936002,2,17,34,2023-11-22
SYN-1eb2909ac30396f5,622241002,4,15,60,2023-11-22
SYN-1eb2909ac30396f5,622242002,6,17,102,2023-11-22
SYN-1eb2b4654f379331,623434011,4,34,136,2023-04-09
SYN-1ecc701c9a3a6b3c,561445005,6,9,54,2023-03-24
SYN-1ed5bca7a59c939f,579990002,3,9,27,2023-02-21
SYN-1ed5bca7a59c939f,598649003,4,9,36,2023-02-21
SYN-1ed5bca7a59c939f,650578001,4,7,28,2023-02-21
SYN-1ed8fe13c461aa96,514134001,4,68,272,2023-04-26
SYN-1eda484466f8a7e6,500780006,5,20,100,2023-11-01
SYN-1eda484466f8a7e6,541519005,2,17,34,2023-11-01
SYN-1eda484466f8a7e6,616086008,5,5,25,2023-11-01
SYN-1eda484466f8a7e6,616088013,5,5,25,2023-11-01
SYN-1eda484466f8a7e6,632020002,5,14,70,2023-11-01
SYN-1edb115a115cfa90,594264003,2,14,28,2023-06-27
SYN-1edd87268d68090c,516859002,6,14,84,2023-12-05
SYN-1edd87268d68090c,555364003,2,24,48,2023-12-05
SYN-1edd87268d68090c,556379003,6,27,162,2023-12-05
SYN-1edd87268d68090c,562211011,5,10,50,2023-12-05
SYN-1edd87268d68090c,572399005,2,17,34,2023-12-05
SYN-1eddd1f3582c04a2,189616006,4,17,68,2023-03-24
SYN-1edef0bc6969fd9c,682068001,2,36,72,2023-07-08
SYN-1ee923881be2bd2f,564786020,3,20,60,2023-09-25
SYN-1ee923881be2bd2f,655347002,5,15,75,2023-09-25
SYN-1ee923881be2bd2f,655347007,5,15,75,2023-09-25
SYN-1eee4d9e28401d7b,372860001,5,14,70,2023-04-12
SYN-1eee4d9e28401d7b,662948001,4,42,168,2023-04-12
SYN-1eee4d9e28401d7b,667499001,2,25,50,2023-04-12
SYN-1f0000cc757c2b03,482638017,4,9,36,2023-12-06
SYN-1f0000cc757c2b03,606522003,6,17,102,2023-12-06
SYN-1f0000cc757c2b03,620754001,3,22,66,2023-12-06
SYN-1f0708bb7bce5856,502186011,2,34,68,2023-04-11
SYN-1f0708bb7bce5856,573716012,4,25,100,2023-04-11
SYN-1f0708bb7bce5856,612182014,3,34,102,2023-04-11
SYN-1f0708bb7bce5856,657395002,3,34,102,2023-04-11
SYN-1f17827fbb09b673,622617002,2,10,20,2023-04-06
SYN-1f17827fbb09b673,623842001,2,3,6,2023-04-06
SYN-1f17827fbb09b673,645275001,5,25,125,2023-04-06
SYN-1f17827fbb09b673,656032006,3,14,42,2023-04-06
SYN-1f17827fbb09b673,682550003,3,34,102,2023-04-06
SYN-1f1ed2cb45401b54,633130002,3,17,51,2023-03-24
SYN-1f1ed2cb45401b54,686269001,2,17,34,2023-03-24
SYN-1f209ff9047a4d1f,590748001,2,58,116,2023-11-23
SYN-1f2c700f4ea82673,646429003,4,51,204,2023-05-16
SYN-1f2c700f4ea82673,656649007,3,42,126,2023-05-16
SYN-1f3f2bcc981dac0d,625321004,3,25,75,2023-10-22
SYN-1f3f3d327979d8c2,186264014,5,3,15,2023-06-08
SYN-1f3f3d327979d8c2,523488001,5,5,25,2023-06-08
SYN-1f3f3d327979d8c2,685631001,5,159,795,2023-06-08
SYN-1f50cffbf3c758b9,626445018,2,25,50,2023-03-14
SYN-1f50cffbf3c758b9,644275001,5,17,85,2023-03-14
SYN-1f50cffbf3c758b9,674482003,4,17,68,2023-03-14
SYN-1f50cffbf3c758b9,674543001,6,25,150,2023-03-14
SYN-1f54cb9329c4d199,667127001,5,68,340,2023-06-13
SYN-1f54cb9329c4d199,673638001,3,17,51,2023-06-13
SYN-1f54cb9329c4d199,673638002,2,17,34,2023-06-13
SYN-1f54cb9329c4d199,673638005,3,17,51,2023-06-13
SYN-1f54cb9329c4d199,685687001,3,17,51,2023-06-13
SYN-1f54cb9329c4d199,685687004,6,17,102,2023-06-13
SYN-1f5caa3b84dcdfef,306847002,6,18,108,2023-04-28
SYN-1f5caa3b84dcdfef,537612014,6,12,72,2023-04-28
SYN-1f5caa3b84dcdfef,616225010,2,12,24,2023-04-28
SYN-1f5caa3b84dcdfef,638204002,5,22,110,2023-04-28
SYN-1f5caa3b84dcdfef,673643001,2,26,52,2023-04-28
SYN-1f601bd7130ce88b,661136001,6,26,156,2023-02-16
SYN-1f9091ecf79c08bc,582077002,2,18,36,2023-04-05
SYN-1f92427b591fab4a,341452001,3,28,84,2023-08-02
SYN-1f92427b591fab4a,541512001,5,28,140,2023-08-02
SYN-1f92427b591fab4a,616337001,2,15,30,2023-08-02
SYN-1f92427b591fab4a,621846007,6,23,138,2023-08-02
SYN-1f92427b591fab4a,640299002,4,15,60,2023-08-02
SYN-1f92427b591fab4a,645030001,6,46,276,2023-08-02
SYN-1fa9b4b7494c6e72,556655002,4,20,80,2023-10-16
SYN-1fa9b4b7494c6e72,596278006,3,34,102,2023-10-16
SYN-1fa9b4b7494c6e72,608952004,5,20,100,2023-10-16
SYN-1fa9b4b7494c6e72,667378002,5,34,170,2023-10-16
SYN-1fa9b4b7494c6e72,667379002,3,32,96,2023-10-16
SYN-1fa9b4b7494c6e72,687427001,3,34,102,2023-10-16
SYN-1fb3e069c849d2ad,613521001,4,31,124,2023-11-16
SYN-1fb71f529bab0359,552471027,6,17,102,2023-10-23
SYN-1fdb9f4a1c210972,485553004,6,31,186,2023-01-17
SYN-1fe5405152f97894,667491011,3,25,75,2023-12-10
SYN-1fe5405152f97894,689980001,4,102,408,2023-12-10
SYN-1fe5405152f97894,689982001,4,102,408,2023-12-10
SYN-1fe5f8ed7ca6c82e,573716033,3,25,75,2023-06-03
SYN-1fe5f8ed7ca6c82e,573716039,5,25,125,2023-06-03
SYN-1fe5f8ed7ca6c82e,650682001,4,51,204,2023-06-03
SYN-1fe5f8ed7ca6c82e,669034005,6,85,510,2023-06-03
SYN-2000a0e68d2e9590,639496004,2,34,68,2023-07-14
SYN-2000a0e68d2e9590,677172003,4,34,136,2023-07-14
SYN-2000a0e68d2e9590,678983004,5,17,85,2023-07-14
SYN-2000a0e68d2e9590,692454002,6,25,150,2023-07-14
SYN-2000a0e68d2e9590,710060001,3,42,126,2023-07-14
SYN-200b1107840cb5d6,577314002,6,12,72,2023-09-26
SYN-200b1107840cb5d6,581086002,2,14,28,2023-09-26
SYN-200b4461ed5aa3e5,610776022,2,9,18,2023-01-21
SYN-2010f65f56c6a102,182909001,2,10,20,2023-11-10
SYN-2010f65f56c6a102,201219003,2,15,30,2023-11-10
SYN-2010f65f56c6a102,417951005,4,10,40,2023-11-10
SYN-2024bd495704e46e,469658009,5,22,110,2023-07-26
SYN-2024bd495704e46e,481347003,6,68,408,2023-07-26
SYN-2024bd495704e46e,576775013,3,51,153,2023-07-26
SYN-2024bd495704e46e,635561004,5,17,85,2023-07-26
SYN-2024bd495704e46e,637661004,3,51,153,2023-07-26
SYN-2024bd495704e46e,639836004,2,102,204,2023-07-26
SYN-2024bd495704e46e,661809001,2,59,118,2023-07-26
SYN-2024bd495704e46e,663327002,5,42,210,2023-07-26
SYN-2024bd495704e46e,665509002,5,42,210,2023-07-26
SYN-2024bd495704e46e,666449001,3,17,51,2023-07-26
SYN-2024bd495704e46e,671505001,6,34,204,2023-07-26
SYN-2024bd495704e46e,688910001,6,68,408,2023-07-26
SYN-2024bd495704e46e,690498001,2,102,204,2023-07-26
SYN-2033cf529904f8d2,562245059,5,20,100,2023-12-05
SYN-2033cf529904f8d2,562252014,3,17,51,2023-12-05
SYN-2033cf529904f8d2,562252028,6,25,150,2023-12-05
SYN-2034074142549c1d,569996004,4,12,48,2023-06-09
SYN-2034074142549c1d,589890001,6,5,30,2023-06-09
SYN-203716b54560e72a,520508001,5,12,60,2023-02-14
SYN-2048cdf07c6e4782,502224001,3,68,204,2023-12-12
SYN-2048cdf07c6e4782,545258008,5,51,255,2023-12-12
SYN-2048cdf07c6e4782,575495005,4,34,136,2023-12-12
SYN-2048cdf07c6e4782,650193001,3,51,153,2023-12-12
SYN-2048cdf07c6e4782,677930004,3,17,51,2023-12-12
SYN-2048cdf07c6e4782,680499003,6,51,306,2023-12-12
SYN-2059a0dbf52aae41,445865001,2,29,58,2023-09-18
SYN-206483af1d9ab9cf,519583013,4,20,80,2023-12-25
SYN-206483af1d9ab9cf,578113002,6,29,174,2023-12-25
SYN-206483af1d9ab9cf,606522001,4,20,80,2023-12-25
SYN-206483af1d9ab9cf,606522002,4,15,60,2023-12-25
SYN-206483af1d9ab9cf,628426003,2,20,40,2023-12-25
SYN-206483af1d9ab9cf,632362004,3,10,30,2023-12-25
SYN-206483af1d9ab9cf,635958001,6,20,120,2023-12-25
SYN-206483af1d9ab9cf,646101001,2,14,28,2023-12-25
SYN-206c8510411100ea,648764002,6,61,366,2023-11-19
SYN-207444071a1824f8,524825012,5,38,190,2023-08-12
SYN-207444071a1824f8,578487012,4,61,244,2023-08-12
SYN-207444071a1824f8,621989001,5,31,155,2023-08-12
SYN-207a1d11ef3f4b1c,609301001,2,24,48,2023-05-02
SYN-207a1d11ef3f4b1c,611032002,3,32,96,2023-05-02
SYN-207a1d11ef3f4b1c,622238015,5,24,120,2023-05-02
SYN-207a1d11ef3f4b1c,623434008,4,32,128,2023-05-02
SYN-2086fe7091811249,396135007,4,17,68,2023-03-13
SYN-2086fe7091811249,655855001,3,34,102,2023-03-13
SYN-2086fe7091811249,681657001,3,22,66,2023-03-13
SYN-209381e0fce4973f,282832001,2,53,106,2023-06-30
SYN-209381e0fce4973f,401020001,2,41,82,2023-06-30
SYN-209381e0fce4973f,508837001,5,59,295,2023-06-30
SYN-209381e0fce4973f,617728002,3,22,66,2023-06-30
SYN-20975731ebdaa800,682996002,2,10,20,2023-07-04
SYN-20a31f8b750cc2eb,211143022,5,20,100,2023-01-20
SYN-20a31f8b750cc2eb,578476001,3,36,108,2023-01-20
SYN-20a57968546c8923,637515006,5,34,170,2023-10-07
SYN-20d27c04153b67b3,228257001,3,10,30,2023-12-20
SYN-20d27c04153b67b3,325087002,5,25,125,2023-12-20
SYN-20d27c04153b67b3,497513001,5,25,125,2023-12-20
SYN-20d27c04153b67b3,552473031,2,25,50,2023-12-20
SYN-20d27c04153b67b3,573085028,3,34,102,2023-12-20
SYN-20d27c04153b67b3,657497002,6,25,150,2023-12-20
SYN-20e89bb3312bbe44,629483002,6,21,126,2023-04-07
SYN-20e89bb3312bbe44,684588001,2,21,42,2023-04-07
SYN-20f66e1c52237e1f,507909001,2,25,50,2023-09-30
SYN-20f66e1c52237e1f,519749040,5,24,120,2023-09-30
SYN-20f66e1c52237e1f,552471003,5,17,85,2023-09-30
SYN-20f66e1c52237e1f,685687001,3,17,51,2023-09-30
SYN-20f66e1c52237e1f,685687002,6,17,102,2023-09-30
SYN-20f75385a470201b,604655006,2,34,68,2023-12-01
SYN-20f75385a470201b,636455003,3,51,153,2023-12-01
SYN-20f75385a470201b,690480002,3,34,102,2023-12-01
SYN-210d443768c8727f,720384002,4,68,272,2023-11-05
SYN-2111645732e84051,545258008,3,48,144,2023-01-11
SYN-2111645732e84051,673396003,6,14,84,2023-01-11
SYN-211c96660131b37a,661794002,6,145,870,2023-10-03
SYN-211c96660131b37a,684080001,4,102,408,2023-10-03
SYN-21282dd279ec36f8,557248010,2,34,68,2023-03-04
SYN-21282dd279ec36f8,557248024,5,34,170,2023-03-04
SYN-21282dd279ec36f8,598755012,2,14,28,2023-03-04
SYN-21282dd279ec36f8,649395002,6,25,150,2023-03-04
SYN-2147c502048c1b35,507909001,2,25,50,2023-09-17
SYN-2147c502048c1b35,665481004,6,51,306,2023-09-17
SYN-217d22aabc0fc100,728162002,6,9,54,2023-07-28
SYN-2181e381eba4fff1,470985003,6,22,132,2023-06-08
SYN-2181e381eba4fff1,507910001,6,25,150,2023-06-08
SYN-2181e381eba4fff1,562245004,6,21,126,2023-06-08
SYN-2181e381eba4fff1,667491002,2,25,50,2023-06-08
SYN-2181e381eba4fff1,685687004,2,17,34,2023-06-08
SYN-2183a953a4811ca6,399201005,2,47,94,2023-11-18
SYN-21912abca7008186,594630002,3,12,36,2023-06-21
SYN-2193cd2403bc82a9,662888001,5,34,170,2023-08-17
SYN-2193cd2403bc82a9,662888004,6,34,204,2023-08-17
SYN-2193cd2403bc82a9,687270001,5,34,170,2023-08-17
SYN-219506ca53fdc3c8,675581008,3,25,75,2023-08-16
SYN-219506ca53fdc3c8,675952003,4,34,136,2023-08-16
SYN-219dd12117e29e2e,644522001,5,59,295,2023-02-02
SYN-21bbed281c8f8ae8,687424003,6,51,306,2023-08-01
SYN-21dace716758a907,179123001,5,17,85,2023-03-02
SYN-21dace716758a907,626816001,4,25,100,2023-03-02
SYN-21eabadb36992a59,684033003,6,31,186,2023-07-06
SYN-21eabadb36992a59,685687001,6,17,102,2023-07-06
SYN-21eda9163e7839ce,609598006,6,14,84,2023-05-02
SYN-21eda9163e7839ce,617279003,6,68,408,2023-05-02
SYN-21eda9163e7839ce,656345001,4,34,136,2023-05-02
SYN-21eda9163e7839ce,660519003,5,31,155,2023-05-02
SYN-21fe29c62932f526,543729003,5,51,255,2023-10-08
SYN-21fe29c62932f526,613826002,6,42,252,2023-10-08
SYN-2202d567031771ff,636455008,2,51,102,2023-12-31
SYN-2202d567031771ff,660726002,5,34,170,2023-12-31
SYN-2202d567031771ff,667173001,5,51,255,2023-12-31
SYN-2205f63cd065643d,671142001,6,22,132,2023-05-15
SYN-2206c4b89a14856a,378124009,6,68,408,2023-12-04
SYN-2206c4b89a14856a,573652001,5,34,170,2023-12-04
SYN-2206c4b89a14856a,630116002,2,34,68,2023-12-04
SYN-2206c4b89a14856a,663003005,4,34,136,2023-12-04
SYN-224e0f8f931b5604,479167002,3,34,102,2023-05-23
SYN-224e0f8f931b5604,598515008,4,17,68,2023-05-23
SYN-224e0f8f931b5604,628326003,2,14,28,2023-05-23
SYN-224e0f8f931b5604,629764001,4,14,56,2023-05-23
SYN-224e0f8f931b5604,643701003,6,14,84,2023-05-23
SYN-224e0f8f931b5604,647823002,5,14,70,2023-05-23
SYN-224e0f8f931b5604,662948001,2,42,84,2023-05-23
SYN-224e0f8f931b5604,666651012,4,14,56,2023-05-23
SYN-224e0f8f931b5604,675952003,3,34,102,2023-05-23
SYN-2259dd0c98fb253f,550309006,4,36,144,2023-01-12
SYN-2261e48f3be6b214,510126001,5,51,255,2023-04-04
SYN-2261e48f3be6b214,529008026,6,25,150,2023-04-04
SYN-2261e48f3be6b214,529012025,2,10,20,2023-04-04
SYN-226660406c5c0862,562245001,6,22,132,2023-01-02
SYN-2269abc01056591b,378124009,6,64,384,2023-03-22
SYN-2269abc01056591b,564418002,6,42,252,2023-03-22
SYN-2269abc01056591b,570781006,4,17,68,2023-03-22
SYN-226b6364a972f0a6,578476001,4,46,184,2023-06-03
SYN-226b6364a972f0a6,662857005,4,39,156,2023-06-03
SYN-226d7093e7ca33a0,630696004,5,25,125,2023-01-04
SYN-226d7093e7ca33a0,635957003,2,42,84,2023-01-04
SYN-228346fb00704536,308154008,2,14,28,2023-03-11
SYN-228346fb00704536,645424001,6,51,306,2023-03-11
SYN-22985238142f283b,684080001,3,97,291,2023-12-02
SYN-22a21effc6cffb04,562245034,6,16,96,2023-12-20
SYN-22a21effc6cffb04,685687004,4,17,68,2023-12-20
SYN-22b37b5373732d13,595928005,2,10,20,2023-12-10
SYN-22b37b5373732d13,683662005,6,14,84,2023-12-10
SYN-22b37b5373732d13,685687001,2,17,34,2023-12-10
SYN-22b61cbabc8f8b5d,675281001,4,25,100,2023-10-01
SYN-22b61cbabc8f8b5d,675319004,4,51,204,2023-10-01
SYN-22b6468cca2098a4,305931001,4,34,136,2023-11-26
SYN-22b6468cca2098a4,506110001,3,25,75,2023-11-26
SYN-22b6468cca2098a4,559634002,5,34,170,2023-11-26
SYN-22b6468cca2098a4,559634008,5,34,170,2023-11-26
SYN-22b6468cca2098a4,568864001,5,20,100,2023-11-26
SYN-22b6468cca2098a4,580770004,4,17,68,2023-11-26
SYN-22b6468cca2098a4,609727002,4,31,124,2023-11-26
SYN-22b6468cca2098a4,640462002,3,34,102,2023-11-26
SYN-22b6468cca2098a4,644362001,2,17,34,2023-11-26
SYN-22b6468cca2098a4,660927001,3,25,75,2023-11-26
SYN-22b6468cca2098a4,663937001,5,51,255,2023-11-26
SYN-22b6468cca2098a4,683024003,3,42,126,2023-11-26
SYN-22b6468cca2098a4,703795001,3,34,102,2023-11-26
SYN-22b8f92d8f036699,531310002,6,24,144,2023-03-06
SYN-22bc38e9e419dab9,637255010,2,25,50,2023-11-21
SYN-22bc38e9e419dab9,676954001,4,51,204,2023-11-21
SYN-22c8c891c05cda6f,578469004,2,48,96,2023-11-10
SYN-22e869af758fb331,665509002,6,42,252,2023-06-21
SYN-22ebfcbfbaf6e22d,401044012,4,19,76,2023-05-10
SYN-22ebfcbfbaf6e22d,508227002,4,16,64,2023-05-10
SYN-22ebfcbfbaf6e22d,573695001,3,16,48,2023-05-10
SYN-22ebfcbfbaf6e22d,622314003,4,9,36,2023-05-10
SYN-22ebfcbfbaf6e22d,641008013,5,20,100,2023-05-10
SYN-22ebfcbfbaf6e22d,651793001,3,16,48,2023-05-10
SYN-22f6ec664e9a5c53,524825013,2,42,84,2023-12-10
SYN-22f6ec664e9a5c53,537076001,2,102,204,2023-12-10
SYN-22f6ec664e9a5c53,637549004,4,34,136,2023-12-10
SYN-22f6ec664e9a5c53,657395002,2,34,68,2023-12-10
SYN-22f6ec664e9a5c53,685687002,4,17,68,2023-12-10
SYN-23070243c625f62d,516903005,2,33,66,2023-05-28
SYN-23070243c625f62d,633130002,3,16,48,2023-05-28
SYN-23070243c625f62d,633130015,5,16,80,2023-05-28
SYN-23070243c625f62d,637515005,3,33,99,2023-05-28
SYN-2309556453e000b0,411758014,5,34,170,2023-08-23
SYN-230bf43543ab6230,680186001,3,42,126,2023-12-12
SYN-232024993c6d077d,567993017,5,25,125,2023-06-06
SYN-232024993c6d077d,625818001,4,34,136,2023-06-06
SYN-232024993c6d077d,634320003,3,31,93,2023-06-06
SYN-232024993c6d077d,634411001,2,25,50,2023-06-06
SYN-23332d6f206f3517,403490012,2,13,26,2023-10-05
SYN-23332d6f206f3517,451243012,5,17,85,2023-10-05
SYN-23332d6f206f3517,509668001,3,15,45,2023-10-05
SYN-23332d6f206f3517,542982010,6,23,138,2023-10-05
SYN-23332d6f206f3517,591183001,2,20,40,2023-10-05
SYN-23332d6f206f3517,594541002,5,13,65,2023-10-05
SYN-23332d6f206f3517,594879002,4,25,100,2023-10-05
SYN-23332d6f206f3517,670152001,4,34,136,2023-10-05
SYN-233a03e76cb70745,606814002,5,102,510,2023-04-13
SYN-2343fb869be293c1,573085014,5,24,120,2023-03-05
SYN-2343fb869be293c1,573085020,5,34,170,2023-03-05
SYN-234a8972959f275c,683662005,3,14,42,2023-10-06
SYN-234a8972959f275c,683662006,6,14,84,2023-10-06
SYN-235351c802079e2f,181160009,3,29,87,2023-08-27
SYN-235351c802079e2f,510075010,3,12,36,2023-08-27
SYN-235351c802079e2f,592172007,2,7,14,2023-08-27
SYN-235351c802079e2f,625939005,3,3,9,2023-08-27
SYN-236228da980950c0,464454004,5,7,35,2023-10-31
SYN-23692733d42a9e03,561274001,2,22,44,2023-10-11
SYN-23692733d42a9e03,616733001,5,51,255,2023-10-11
SYN-23692733d42a9e03,617322004,5,34,170,2023-10-11
SYN-23692733d42a9e03,617322005,6,34,204,2023-10-11
SYN-23692733d42a9e03,667874001,2,34,68,2023-10-11
SYN-23692733d42a9e03,667916003,4,34,136,2023-10-11
SYN-23692733d42a9e03,678224001,2,42,84,2023-10-11
SYN-23692733d42a9e03,729931001,2,25,50,2023-10-11
SYN-2369321a2a5bb60b,342434002,6,9,54,2023-05-05
SYN-2369321a2a5bb60b,703193001,4,25,100,2023-05-05
SYN-2372bcd451021a5e,621381009,3,32,96,2023-07-23
SYN-2372bcd451021a5e,631649001,6,17,102,2023-07-23
SYN-2372bcd451021a5e,633130007,6,17,102,2023-07-23
SYN-2372bcd451021a5e,645065001,6,34,204,2023-07-23
SYN-2372bcd451021a5e,656213003,5,34,170,2023-07-23
SYN-2372bcd451021a5e,687270001,6,34,204,2023-07-23
SYN-237417edc93717cb,620081007,6,25,150,2023-04-19
SYN-237546604a991f34,559642003,5,15,75,2023-03-23
SYN-237bd0d00e8b2d7b,534181006,2,168,336,2023-10-19
SYN-23985b5171f72e83,452511002,4,9,36,2023-03-08
SYN-23985b5171f72e83,685687002,6,17,102,2023-03-08
SYN-23985b5171f72e83,685687003,6,17,102,2023-03-08
SYN-23985b5171f72e83,685687004,4,17,68,2023-03-08
SYN-239bcd8b2a55bce7,630672002,4,34,136,2023-07-31
SYN-239bcd8b2a55bce7,714419001,5,25,125,2023-07-31
SYN-23b504c22686c33b,565379023,5,9,45,2023-11-01
SYN-23b504c22686c33b,660712011,3,42,126,2023-11-01
SYN-23b504c22686c33b,660712012,6,42,252,2023-11-01
SYN-23b504c22686c33b,669882001,3,25,75,2023-11-01
SYN-23cbfa571a9d5156,599773014,4,17,68,2023-10-08
SYN-23cbfa571a9d5156,621522001,5,7,35,2023-10-08
SYN-23cbfa571a9d5156,661649001,5,14,70,2023-10-08
SYN-23d2f377417d5018,552473001,4,25,100,2023-04-08
SYN-23d2f377417d5018,552473029,2,25,50,2023-04-08
SYN-23d2f377417d5018,579541004,6,17,102,2023-04-08
SYN-23d2f377417d5018,579541026,5,17,85,2023-04-08
SYN-23d2f377417d5018,579541036,3,17,51,2023-04-08
SYN-23d2f377417d5018,608776009,3,14,42,2023-04-08
SYN-23d2f377417d5018,608776010,3,14,42,2023-04-08
SYN-23d2f377417d5018,663396002,4,51,204,2023-04-08
SYN-23d522d67053ce75,552473021,3,25,75,2023-09-24
SYN-23d522d67053ce75,568808001,2,42,84,2023-09-24
SYN-23da73434f561fea,548613038,6,17,102,2023-02-18
SYN-23da73434f561fea,579541004,5,17,85,2023-02-18
SYN-23da73434f561fea,610776022,3,9,27,2023-02-18
SYN-23e19998b7a8f23d,671505002,4,34,136,2023-03-15
SYN-23e7b7d90c93e8fa,486462007,3,9,27,2023-10-31
SYN-23f2e761f645e7de,507909022,5,25,125,2023-01-20
SYN-23f2e761f645e7de,568597006,6,42,252,2023-01-20
SYN-2403742d0fb933ef,189616007,5,17,85,2023-09-20
SYN-2403742d0fb933ef,189691067,3,10,30,2023-09-20
SYN-2403742d0fb933ef,399201005,3,56,168,2023-09-20
SYN-2403742d0fb933ef,554772003,4,9,36,2023-09-20
SYN-2403742d0fb933ef,598806001,3,10,30,2023-09-20
SYN-2403742d0fb933ef,598806002,2,10,20,2023-09-20
SYN-2403742d0fb933ef,643213002,6,22,132,2023-09-20
SYN-2403742d0fb933ef,644944002,6,17,102,2023-09-20
SYN-2403742d0fb933ef,665725002,6,34,204,2023-09-20
SYN-2403742d0fb933ef,665725003,3,34,102,2023-09-20
SYN-2403742d0fb933ef,678656002,4,51,204,2023-09-20
SYN-2403742d0fb933ef,685687003,2,17,34,2023-09-20
SYN-2403742d0fb933ef,685687004,6,17,102,2023-09-20
SYN-2420d80b37da6aa3,633152003,3,31,93,2023-03-23
SYN-2425d5e5e36d8880,630116001,4,34,136,2023-12-12
SYN-2425d5e5e36d8880,671783001,6,25,150,2023-12-12
SYN-243313740f0b8782,537116001,5,17,85,2023-07-07
SYN-243313740f0b8782,558986001,6,22,132,2023-07-07
SYN-243313740f0b8782,558986003,6,15,90,2023-07-07
SYN-243313740f0b8782,558986004,4,22,88,2023-07-07
SYN-243313740f0b8782,631735001,3,51,153,2023-07-07
SYN-243313740f0b8782,671515003,6,25,150,2023-07-07
SYN-243dd68f0716683f,666006006,5,119,595,2023-02-15
SYN-2444844be2bb0191,591334014,4,17,68,2023-10-17
SYN-2444844be2bb0191,651465001,2,10,20,2023-10-17
SYN-2444844be2bb0191,651465002,2,10,20,2023-10-17
SYN-2444844be2bb0191,688873011,5,34,170,2023-10-17
SYN-2456954e43cb8e00,636323001,2,15,30,2023-12-09
SYN-24694c9269029524,615141003,2,25,50,2023-12-27
SYN-24694c9269029524,640462001,4,34,136,2023-12-27
SYN-24694c9269029524,663942001,2,34,68,2023-12-27
SYN-24694c9269029524,685683001,5,25,125,2023-12-27
SYN-24694c9269029524,685687004,5,17,85,2023-12-27
SYN-2473c666f03b2acc,552473030,4,24,96,2023-09-09
SYN-247934b34ce5558c,622140005,4,14,56,2023-03-07
SYN-247934b34ce5558c,654564003,3,17,51,2023-03-07
SYN-247934b34ce5558c,666080001,3,25,75,2023-03-07
SYN-248126c236df1554,569929001,3,68,204,2023-09-27
SYN-248126c236df1554,678230003,6,34,204,2023-09-27
SYN-24812fa35feabbf1,312878005,6,56,336,2023-12-19
SYN-24812fa35feabbf1,403479001,4,10,40,2023-12-19
SYN-24812fa35feabbf1,485673023,6,10,60,2023-12-19
SYN-24812fa35feabbf1,485673040,2,10,20,2023-12-19
SYN-24812fa35feabbf1,491070004,5,9,45,2023-12-19
SYN-24812fa35feabbf1,610822010,3,5,15,2023-12-19
SYN-24812fa35feabbf1,610822020,3,5,15,2023-12-19
SYN-24812fa35feabbf1,621752002,2,14,28,2023-12-19
SYN-24812fa35feabbf1,654193001,4,7,28,2023-12-19
SYN-24a4c6a52568db83,624632001,6,17,102,2023-12-27
SYN-24ac9d5bf6338322,559630002,3,15,45,2023-06-12
SYN-24ac9d5bf6338322,583060001,6,15,90,2023-06-12
SYN-24ac9d5bf6338322,606983001,5,12,60,2023-06-12
SYN-24ac9d5bf6338322,651596001,2,29,58,2023-06-12
SYN-24ac9d5bf6338322,655843002,4,25,100,2023-06-12
SYN-24ac9d5bf6338322,655843003,3,23,69,2023-06-12
SYN-24ae03e5ca5b74eb,568601006,2,51,102,2023-08-11
SYN-24bca968b7f4c83f,554598003,3,17,51,2023-05-09
SYN-24bca968b7f4c83f,610776001,6,9,54,2023-05-09
SYN-24bebeeb5181ec6d,674697002,3,42,126,2023-10-05
SYN-24c2d7c85608ff96,637280003,3,22,66,2023-03-04
SYN-24e466aa733f94c8,685687003,3,17,51,2023-04-28
SYN-24e8c62d04aadc17,542677002,5,36,180,2023-11-27
SYN-24f3d16df0f67e37,253448001,5,25,125,2023-01-24
SYN-24f3d16df0f67e37,658487003,2,25,50,2023-01-24
SYN-250a49b426bfb6d5,617322003,3,34,102,2023-07-26
SYN-250da0c050da897c,636935006,4,51,204,2023-06-21
SYN-250da0c050da897c,652731001,3,59,177,2023-06-21
SYN-250e77ea22fa9cf4,565405001,5,22,110,2023-12-26
SYN-250e77ea22fa9cf4,624121003,4,12,48,2023-12-26
SYN-250e77ea22fa9cf4,629760009,3,14,42,2023-12-26
SYN-250fb0824524f848,653567003,4,68,272,2023-08-16
SYN-251bcc5960c5bef7,440811006,4,29,116,2023-10-29
SYN-251bcc5960c5bef7,501820008,2,17,34,2023-10-29
SYN-251bcc5960c5bef7,533407001,6,34,204,2023-10-29
SYN-251bcc5960c5bef7,569984003,3,10,30,2023-10-29
SYN-251bcc5960c5bef7,573438001,6,27,162,2023-10-29
SYN-251bcc5960c5bef7,574157001,5,46,230,2023-10-29
SYN-251bcc5960c5bef7,584631003,5,15,75,2023-10-29
SYN-251bcc5960c5bef7,588335001,6,27,162,2023-10-29
SYN-251bcc5960c5bef7,591421002,4,18,72,2023-10-29
SYN-251bcc5960c5bef7,605516005,4,41,164,2023-10-29
SYN-25427337ba3ed8fd,559634002,6,34,204,2023-11-28
SYN-25427337ba3ed8fd,615939001,4,25,100,2023-11-28
SYN-25427337ba3ed8fd,654701001,5,22,110,2023-11-28
SYN-25427337ba3ed8fd,654757001,2,31,62,2023-11-28
SYN-25427337ba3ed8fd,654758001,2,22,44,2023-11-28
SYN-25427337ba3ed8fd,687033002,3,17,51,2023-11-28
SYN-25427337ba3ed8fd,687034002,4,25,100,2023-11-28
SYN-254797f6543e2511,362931027,5,20,100,2023-01-10
SYN-254797f6543e2511,569986002,5,20,100,2023-01-10
SYN-254797f6543e2511,569986004,2,20,40,2023-01-10
SYN-254797f6543e2511,682051001,4,12,48,2023-01-10
SYN-254952abd717a858,297078002,4,8,32,2023-07-27
SYN-254952abd717a858,504155011,4,31,124,2023-07-27
SYN-254952abd717a858,658030005,6,46,276,2023-07-27
SYN-254a6069820f83bf,372860001,2,14,28,2023-10-09
SYN-254a6069820f83bf,579541001,4,17,68,2023-10-09
SYN-2555c53b4dcb8205,654772001,2,34,68,2023-03-15
SYN-255b5a12b0c0cbad,560325001,6,20,120,2023-05-06
SYN-255b5a12b0c0cbad,616337001,5,17,85,2023-05-06
SYN-25677dea8f0dbdda,556560001,6,14,84,2023-08-14
SYN-2571cc9f7bf6bb71,649494005,2,22,44,2023-09-20
SYN-2571cc9f7bf6bb71,714424001,6,40,240,2023-09-20
SYN-257c0731614fffd8,667491006,6,25,150,2023-12-08
SYN-257c0731614fffd8,683662005,3,14,42,2023-12-08
SYN-257c0731614fffd8,685687001,3,17,51,2023-12-08
SYN-257c0731614fffd8,687169002,3,113,339,2023-12-08
SYN-258cebeb9d36eaec,665477001,5,27,135,2023-10-24
SYN-258e4257e039019f,429313008,3,22,66,2023-12-04
SYN-258e4257e039019f,648173003,6,14,84,2023-12-04
SYN-2591062efbf81f7c,579990001,3,17,51,2023-04-02
SYN-2591062efbf81f7c,591334003,4,17,68,2023-04-02
SYN-2591062efbf81f7c,632982013,2,9,18,2023-04-02
SYN-259e7bfe843daeac,160442010,4,14,56,2023-04-03
SYN-259e7bfe843daeac,657287001,3,17,51,2023-04-03
SYN-259ebc62175dcebf,111593001,4,12,48,2023-08-03
SYN-259ebc62175dcebf,228257003,4,7,28,2023-08-03
SYN-259ebc62175dcebf,626427003,6,168,1008,2023-08-03
SYN-259fc9b2a32c3df6,542695004,5,20,100,2023-08-07
SYN-259fc9b2a32c3df6,598665003,2,12,24,2023-08-07
SYN-259fc9b2a32c3df6,683662006,2,14,28,2023-08-07
SYN-25ab2a691c95f809,680810001,5,34,170,2023-10-19
SYN-25c2061ad479c5a4,145872037,3,14,42,2023-04-12
SYN-25c2061ad479c5a4,605516005,2,51,102,2023-04-12
SYN-25c2061ad479c5a4,609475009,4,31,124,2023-04-12
SYN-25c73d81a67051df,585869003,4,51,204,2023-01-10
SYN-25c73d81a67051df,592975014,5,51,255,2023-01-10
SYN-25c73d81a67051df,661435001,5,85,425,2023-01-10
SYN-25c73d81a67051df,684686001,2,51,102,2023-01-10
SYN-25c73d81a67051df,688873008,2,34,68,2023-01-10
SYN-25c73d81a67051df,694153001,2,34,68,2023-01-10
SYN-25c80041aeaae914,355072001,5,9,45,2023-02-14
SYN-25c80041aeaae914,355072002,5,9,45,2023-02-14
SYN-25c80041aeaae914,468480002,2,34,68,2023-02-14
SYN-25c80041aeaae914,507910020,4,25,100,2023-02-14
SYN-25c80041aeaae914,585788003,4,34,136,2023-02-14
SYN-25c80041aeaae914,590920002,2,31,62,2023-02-14
SYN-25c80041aeaae914,615149001,3,17,51,2023-02-14
SYN-25c80041aeaae914,652361002,5,25,125,2023-02-14
SYN-25c80041aeaae914,652361004,5,25,125,2023-02-14
SYN-25c80041aeaae914,654772001,2,34,68,2023-02-14
SYN-25c80041aeaae914,658298001,3,42,126,2023-02-14
SYN-25c80041aeaae914,680846004,3,34,102,2023-02-14
SYN-25c80041aeaae914,683662006,5,14,70,2023-02-14
SYN-25c9c711114c18d5,287645003,5,9,45,2023-06-18
SYN-25c9c711114c18d5,500371003,6,25,150,2023-06-18
SYN-25d1379f5b202c0e,513373004,3,15,45,2023-05-19
SYN-25d749d41edf219b,559129008,5,42,210,2023-05-26
SYN-25d749d41edf219b,621756004,5,51,255,2023-05-26
SYN-25d749d41edf219b,623012010,6,31,186,2023-05-26
SYN-25d749d41edf219b,656401005,6,42,252,2023-05-26
SYN-25d749d41edf219b,670233004,4,25,100,2023-05-26
SYN-25e4e0561bd4d9d6,654257001,5,31,155,2023-02-17
SYN-25e4e0561bd4d9d6,660741001,6,38,228,2023-02-17
SYN-25f2cfa872459054,651337001,2,38,76,2023-06-15
SYN-25f2cfa872459054,669215004,4,23,92,2023-06-15
SYN-25f2cfa872459054,679986005,5,31,155,2023-06-15
SYN-25fd9856e12542e9,630116008,4,34,136,2023-10-31
SYN-25fd9856e12542e9,634411002,5,25,125,2023-10-31
SYN-25ffb3b3b3fa2db8,211143037,5,32,160,2023-08-01
SYN-25ffb3b3b3fa2db8,359504019,2,25,50,2023-08-01
SYN-25ffb3b3b3fa2db8,536139009,5,17,85,2023-08-01
SYN-25ffb3b3b3fa2db8,565379002,3,9,27,2023-08-01
SYN-25ffb3b3b3fa2db8,565379023,6,9,54,2023-08-01
SYN-25ffb3b3b3fa2db8,611024001,5,17,85,2023-08-01
SYN-25ffb3b3b3fa2db8,611024002,4,17,68,2023-08-01
SYN-25ffb3b3b3fa2db8,688463001,4,14,56,2023-08-01
SYN-260b9190efd1e8ad,657476008,6,17,102,2023-08-31
SYN-260b9190efd1e8ad,661645002,4,10,40,2023-08-31
SYN-260b9190efd1e8ad,671783004,4,25,100,2023-08-31
SYN-2611998b7af80405,557248005,2,31,62,2023-05-07
SYN-2615d837bdf56346,569242002,6,37,222,2023-05-01
SYN-261c83bb395dddf4,644306002,6,20,120,2023-01-06
SYN-263a9b73e85d672c,455504002,2,25,50,2023-05-12
SYN-263a9b73e85d672c,509457017,3,7,21,2023-05-12
SYN-263a9b73e85d672c,651756002,3,17,51,2023-05-12
SYN-2642f188ea758c8c,560846001,3,47,141,2023-10-19
SYN-2642f188ea758c8c,640131002,5,42,210,2023-10-19
SYN-2642f188ea758c8c,651905005,3,10,30,2023-10-19
SYN-2642f188ea758c8c,662257001,3,25,75,2023-10-19
SYN-2649e05a12ceaae1,619148005,6,24,144,2023-01-19
SYN-264b572b436b4582,568601019,5,51,255,2023-12-04
SYN-264e20065407450b,580000001,6,14,84,2023-07-04
SYN-2654bc33eb63793b,578478001,2,36,72,2023-09-06
SYN-26552ac2ed7ffbb2,617878003,6,10,60,2023-09-18
SYN-26552ac2ed7ffbb2,619075001,2,15,30,2023-09-18
SYN-265a0415bdba5ca5,399223001,3,34,102,2023-03-11
SYN-265a0415bdba5ca5,636938001,2,34,68,2023-03-11
SYN-265a0415bdba5ca5,655784003,4,34,136,2023-03-11
SYN-265a0415bdba5ca5,669882001,5,25,125,2023-03-11
SYN-265b34c162c2bf35,524825012,2,38,76,2023-07-14
SYN-265b34c162c2bf35,573716002,5,23,115,2023-07-14
SYN-26649faa8c60ad67,512699001,6,27,162,2023-11-02
SYN-266dbc0851d10410,539291001,5,34,170,2023-12-01
SYN-266dbc0851d10410,583534002,4,17,68,2023-12-01
SYN-266dbc0851d10410,645980001,3,34,102,2023-12-01
SYN-266dbc0851d10410,645980002,3,34,102,2023-12-01
SYN-266dbc0851d10410,673638001,4,17,68,2023-12-01
SYN-266dbc0851d10410,673638002,3,17,51,2023-12-01
SYN-266dbc0851d10410,687260003,2,34,68,2023-12-01
SYN-2683b1613498adcb,411413017,5,14,70,2023-06-20
SYN-2683b1613498adcb,481245003,6,31,186,2023-06-20
SYN-2683b1613498adcb,495418003,3,10,30,2023-06-20
SYN-2683b1613498adcb,619280009,5,17,85,2023-06-20
SYN-2683b1613498adcb,625939014,5,9,45,2023-06-20
SYN-2683b1613498adcb,625939035,4,9,36,2023-06-20
SYN-2683b1613498adcb,640716001,4,42,168,2023-06-20
SYN-2690b3e32dd04353,507909003,6,22,132,2023-09-25
SYN-2690b3e32dd04353,673638002,5,14,70,2023-09-25
SYN-2691f45f3848679f,463970010,4,22,88,2023-03-30
SYN-2691f45f3848679f,558246003,6,15,90,2023-03-30
SYN-2691f45f3848679f,615141003,6,25,150,2023-03-30
SYN-2691f45f3848679f,665477002,3,34,102,2023-03-30
SYN-2691f45f3848679f,679494004,2,17,34,2023-03-30
SYN-2691f45f3848679f,685687003,3,17,51,2023-03-30
SYN-26a0082cc1689ddd,400246021,2,68,136,2023-09-21
SYN-26a0082cc1689ddd,504154021,4,42,168,2023-09-21
SYN-26a0082cc1689ddd,599502005,5,51,255,2023-09-21
SYN-26a0082cc1689ddd,610730021,4,24,96,2023-09-21
SYN-26a0082cc1689ddd,623194001,3,42,126,2023-09-21
SYN-26a0082cc1689ddd,628930001,5,25,125,2023-09-21
SYN-26a0082cc1689ddd,628930008,5,25,125,2023-09-21
SYN-26a0082cc1689ddd,660369005,4,34,136,2023-09-21
SYN-26a0082cc1689ddd,660712001,2,42,84,2023-09-21
SYN-26a0082cc1689ddd,660712003,2,42,84,2023-09-21
SYN-26a0082cc1689ddd,660726001,5,34,170,2023-09-21
SYN-26a0082cc1689ddd,662868002,4,34,136,2023-09-21
SYN-26a0082cc1689ddd,662888001,6,34,204,2023-09-21
SYN-26a0082cc1689ddd,687260002,5,34,170,2023-09-21
SYN-26a50089f01fa710,626316003,4,14,56,2023-10-15
SYN-26a50089f01fa710,638899002,6,51,306,2023-10-15
SYN-26a50089f01fa710,664319005,4,17,68,2023-10-15
SYN-26a63bf361ed19e8,623275010,2,25,50,2023-06-30
SYN-26a63bf361ed19e8,637316002,4,59,236,2023-06-30
SYN-26a63bf361ed19e8,637609001,5,31,155,2023-06-30
SYN-26a63bf361ed19e8,659320001,4,25,100,2023-06-30
SYN-26aeff1eb64fbb7e,393447016,6,68,408,2023-01-09
SYN-26b5b9ae4003a26b,657285001,2,25,50,2023-12-24
SYN-26b5b9ae4003a26b,657285002,2,25,50,2023-12-24
SYN-26b9fa7c13d4de68,678942001,4,17,68,2023-06-27
SYN-26d2d9a112ea1d18,507910001,6,25,150,2023-02-19
SYN-26d7527b9f16896d,613497003,6,34,204,2023-04-13
SYN-26dd3233ada9e1bd,643552001,6,42,252,2023-12-27
SYN-26e50f2235a396f6,551336006,3,34,102,2023-03-04
SYN-26e50f2235a396f6,687260001,2,34,68,2023-03-04
SYN-26ed1677f80a4695,710060001,2,40,80,2023-07-28
SYN-26f307b6c45f652a,632523002,3,59,177,2023-01-15
SYN-26f307b6c45f652a,638657005,4,51,204,2023-01-15
SYN-26f307b6c45f652a,651072001,2,34,68,2023-01-15
SYN-26f307b6c45f652a,665477001,4,34,136,2023-01-15
SYN-26f307b6c45f652a,674047003,6,119,714,2023-01-15
SYN-26fc6ba9ee3fa670,648719001,2,25,50,2023-07-25
SYN-26ffdc4c37cf7bc6,569997016,3,14,42,2023-01-04
SYN-26ffdc4c37cf7bc6,572533005,2,15,30,2023-01-04
SYN-27215519921a1001,517462001,2,19,38,2023-04-17
SYN-27215519921a1001,556255003,5,20,100,2023-04-17
SYN-27278ea1fd3f0724,626587010,4,51,204,2023-12-17
SYN-27278ea1fd3f0724,641891001,2,51,102,2023-12-17
SYN-272e1cb8590f71be,683159001,4,51,204,2023-06-08
SYN-272e1cb8590f71be,685687004,5,17,85,2023-06-08
SYN-272e1cb8590f71be,696447003,3,68,204,2023-06-08
SYN-2737a3030aee9c61,522346004,6,34,204,2023-11-08
SYN-2737a3030aee9c61,564449001,3,22,66,2023-11-08
SYN-2737a3030aee9c61,581086001,4,10,40,2023-11-08
SYN-2737a3030aee9c61,621248002,3,20,60,2023-11-08
SYN-2737a3030aee9c61,622238007,6,15,90,2023-11-08
SYN-273df21a6125cee3,573085005,2,22,44,2023-07-21
SYN-273df21a6125cee3,625480004,2,34,68,2023-07-21
SYN-273df21a6125cee3,638628002,4,36,144,2023-07-21
SYN-273df21a6125cee3,662888004,4,34,136,2023-07-21
SYN-2751263b86a07d1e,591334017,3,17,51,2023-05-28
SYN-2751263b86a07d1e,591334019,3,17,51,2023-05-28
SYN-2751263b86a07d1e,639192002,6,68,408,2023-05-28
SYN-275912911bd841e7,575343001,2,24,48,2023-11-20
SYN-275912911bd841e7,611628002,6,10,60,2023-11-20
SYN-275912911bd841e7,643201001,6,34,204,2023-11-20
SYN-275912911bd841e7,689123001,5,25,125,2023-11-20
SYN-275e6586fa304356,568601006,5,51,255,2023-04-15
SYN-275e6586fa304356,568601008,5,51,255,2023-04-15
SYN-275e6586fa304356,568601016,6,51,306,2023-04-15
SYN-275e6586fa304356,568601018,6,51,306,2023-04-15
SYN-2792073faaa1ef0f,567993015,5,12,60,2023-03-09
SYN-2792073faaa1ef0f,572955001,2,31,62,2023-03-09
SYN-2792073faaa1ef0f,623321001,6,46,276,2023-03-09
SYN-279ef7608cab227c,160442043,4,14,56,2023-06-09
SYN-279ef7608cab227c,509091011,2,17,34,2023-06-09
SYN-27a16592bc90f806,252229001,6,24,144,2023-03-29
SYN-27a317c8b21b4bb5,625311009,4,18,72,2023-03-06
SYN-27bb7c42b1629a2f,551379001,6,51,306,2023-05-02
SYN-27bb7c42b1629a2f,551566001,2,51,102,2023-05-02
SYN-27bb7c42b1629a2f,551566002,2,22,44,2023-05-02
SYN-27bb7c42b1629a2f,616711001,4,42,168,2023-05-02
SYN-27bb7c42b1629a2f,616733001,6,51,306,2023-05-02
SYN-27bb7c42b1629a2f,617835006,4,17,68,2023-05-02
SYN-27bb7c42b1629a2f,620405001,4,34,136,2023-05-02
SYN-27bb7c42b1629a2f,624251001,4,34,136,2023-05-02
SYN-27bb7c42b1629a2f,653590001,5,102,510,2023-05-02
SYN-27bb7c42b1629a2f,659132001,3,17,51,2023-05-02
SYN-27bb7c42b1629a2f,667985001,2,34,68,2023-05-02
SYN-27bb7c42b1629a2f,729931001,2,25,50,2023-05-02
SYN-27d2709b94d48bae,652742004,4,59,236,2023-05-14
SYN-27d2709b94d48bae,669361001,4,42,168,2023-05-14
SYN-27d31c24231c15e4,425217001,4,10,40,2023-05-17
SYN-27d31c24231c15e4,669896002,6,34,204,2023-05-17
SYN-27e784e0a4f21f26,564754012,2,17,34,2023-10-19
SYN-27e784e0a4f21f26,572127015,2,19,38,2023-10-19
SYN-27e784e0a4f21f26,626410001,2,5,10,2023-10-19
SYN-27ee95da187d0569,484398077,3,17,51,2023-10-23
SYN-27ee95da187d0569,682965001,4,25,100,2023-10-23
SYN-27f76d4aaa4a839e,578470001,3,119,357,2023-02-24
SYN-27f76d4aaa4a839e,679725001,5,51,255,2023-02-24
SYN-27f91845c6b2faa8,212629040,2,12,24,2023-11-21
SYN-27f91845c6b2faa8,220094001,4,15,60,2023-11-21
SYN-27f91845c6b2faa8,583351005,5,17,85,2023-11-21
SYN-27f91845c6b2faa8,630324004,2,14,28,2023-11-21
SYN-27f91845c6b2faa8,633109002,3,17,51,2023-11-21
SYN-27f91845c6b2faa8,660497003,6,9,54,2023-11-21
SYN-27f91845c6b2faa8,661308001,6,15,90,2023-11-21
SYN-27fcd5d1b6253c22,237222001,5,17,85,2023-07-07
SYN-27fcd5d1b6253c22,521269001,4,34,136,2023-07-07
SYN-27fcd5d1b6253c22,574112001,5,25,125,2023-07-07
SYN-27fcd5d1b6253c22,615141002,3,25,75,2023-07-07
SYN-27fcd5d1b6253c22,673638002,4,17,68,2023-07-07
SYN-27fcd5d1b6253c22,703991001,6,25,150,2023-07-07
SYN-27fff56d7da7d269,507909001,6,25,150,2023-10-03
SYN-27fff56d7da7d269,705032001,4,31,124,2023-10-03
SYN-280d4c9e9c65b549,537895003,5,34,170,2023-04-20
SYN-281fcaa099a1f721,562245001,2,22,44,2023-12-10
SYN-282d3dc5f02ba960,562252028,5,25,125,2023-05-18
SYN-282d3dc5f02ba960,573716037,2,25,50,2023-05-18
SYN-282d3dc5f02ba960,649494005,6,22,132,2023-05-18
SYN-282d3dc5f02ba960,651282001,2,59,118,2023-05-18
SYN-282d3dc5f02ba960,660712012,4,42,168,2023-05-18
SYN-282d3dc5f02ba960,676539001,2,59,118,2023-05-18
SYN-282ea6c9b5a312a5,562245018,5,20,100,2023-11-02
SYN-282ea6c9b5a312a5,562245046,2,34,68,2023-11-02
SYN-282ea6c9b5a312a5,564934002,2,14,28,2023-11-02
SYN-282ea6c9b5a312a5,564934012,4,5,20,2023-11-02
SYN-282ea6c9b5a312a5,566592007,4,22,88,2023-11-02
SYN-282ea6c9b5a312a5,619782014,4,10,40,2023-11-02
SYN-282ea6c9b5a312a5,675856003,3,17,51,2023-11-02
SYN-282ea6c9b5a312a5,675875001,5,14,70,2023-11-02
SYN-28348271e748f792,624065001,4,34,136,2023-05-12
SYN-28348271e748f792,625818003,3,34,102,2023-05-12
SYN-28348271e748f792,626415013,3,22,66,2023-05-12
SYN-28348271e748f792,626816002,6,25,150,2023-05-12
SYN-28348271e748f792,671084001,2,25,50,2023-05-12
SYN-28348271e748f792,683001001,2,17,34,2023-05-12
SYN-2841092161469b3f,365592009,4,14,56,2023-07-06
SYN-2841092161469b3f,440811006,6,29,174,2023-07-06
SYN-2841092161469b3f,502941004,5,19,95,2023-07-06
SYN-2841092161469b3f,508156014,5,14,70,2023-07-06
SYN-2841092161469b3f,517462001,3,19,57,2023-07-06
SYN-2841092161469b3f,594834001,3,12,36,2023-07-06
SYN-2849b945f3924757,624006001,4,51,204,2023-08-31
SYN-2849b945f3924757,636900001,3,68,204,2023-08-31
SYN-2849b945f3924757,641009004,5,17,85,2023-08-31
SYN-2849b945f3924757,663944001,6,34,204,2023-08-31
SYN-2856f8588061bca6,189654001,2,9,18,2023-01-29
SYN-2856f8588061bca6,327310014,3,10,30,2023-01-29
SYN-2856f8588061bca6,446224002,5,14,70,2023-01-29
SYN-2856f8588061bca6,446224035,2,12,24,2023-01-29
SYN-2856f8588061bca6,501820043,5,17,85,2023-01-29
SYN-2856f8588061bca6,573085001,4,24,96,2023-01-29
SYN-2856f8588061bca6,591333002,6,24,144,2023-01-29
SYN-2856f8588061bca6,607154001,5,37,185,2023-01-29
SYN-2856f8588061bca6,607427002,6,20,120,2023-01-29
SYN-2856f8588061bca6,621020002,3,27,81,2023-01-29
SYN-2856f8588061bca6,621248002,3,20,60,2023-01-29
SYN-2856f8588061bca6,647136001,6,59,354,2023-01-29
SYN-2856f8588061bca6,686516001,2,34,68,2023-01-29
SYN-285d5500c0d498e0,253448003,4,25,100,2023-06-20
SYN-285d5500c0d498e0,399201005,4,59,236,2023-06-20
SYN-285d5500c0d498e0,473954006,2,17,34,2023-06-20
SYN-285d5500c0d498e0,529008026,3,25,75,2023-06-20
SYN-285d5500c0d498e0,529012025,2,10,20,2023-06-20
SYN-285d5500c0d498e0,628813001,5,14,70,2023-06-20
SYN-285d5500c0d498e0,643282001,6,34,204,2023-06-20
SYN-285d5500c0d498e0,650193004,2,51,102,2023-06-20
SYN-285d5500c0d498e0,656031001,6,17,102,2023-06-20
SYN-285d5500c0d498e0,661794001,3,153,459,2023-06-20
SYN-285d5500c0d498e0,671505001,2,34,68,2023-06-20
SYN-285d5500c0d498e0,671505002,6,34,204,2023-06-20
SYN-285d5500c0d498e0,671783004,6,25,150,2023-06-20
SYN-285d5500c0d498e0,677967003,6,25,150,2023-06-20
SYN-285d5500c0d498e0,683662002,4,14,56,2023-06-20
SYN-285d5500c0d498e0,683662006,4,14,56,2023-06-20
SYN-285d5500c0d498e0,683773001,2,51,102,2023-06-20
SYN-285d5500c0d498e0,695151001,3,59,177,2023-06-20
SYN-286147274d70713f,510126016,5,51,255,2023-10-22
SYN-286147274d70713f,622618004,3,42,126,2023-10-22
SYN-286147274d70713f,651692001,5,59,295,2023-10-22
SYN-286147274d70713f,665477001,2,31,62,2023-10-22
SYN-286147274d70713f,674492003,4,25,100,2023-10-22
SYN-289525f16c252418,493103005,2,14,28,2023-07-12
SYN-289525f16c252418,618840001,5,17,85,2023-07-12
SYN-289525f16c252418,618840005,6,17,102,2023-07-12
SYN-289525f16c252418,625034001,6,14,84,2023-07-12
SYN-289525f16c252418,629826001,4,22,88,2023-07-12
SYN-289525f16c252418,644706003,6,17,102,2023-07-12
SYN-289525f16c252418,659124001,5,5,25,2023-07-12
SYN-28a0d9784513af3c,653431001,6,168,1008,2023-11-17
SYN-28af9bea43264f1d,655347001,5,12,60,2023-04-08
SYN-28c65666e7faae75,671502001,4,51,204,2023-11-05
SYN-28c65666e7faae75,671505004,6,34,204,2023-11-05
SYN-28cfa4774bbfa284,189616007,4,17,68,2023-12-30
SYN-28d085af9536b034,189616006,5,17,85,2023-01-07
SYN-28d6572c39565299,588526001,2,51,102,2023-01-20
SYN-28da07b75948b0d5,668767002,3,17,51,2023-10-06
SYN-28f710b7d7d70946,549607002,3,168,504,2023-09-14
SYN-28f710b7d7d70946,597082002,6,20,120,2023-09-14
SYN-28f710b7d7d70946,627389006,4,15,60,2023-09-14
SYN-28f710b7d7d70946,671057003,6,5,30,2023-09-14
SYN-29152ffd9fe99341,374762021,6,12,72,2023-08-09
SYN-29152ffd9fe99341,463086004,4,7,28,2023-08-09
SYN-29152ffd9fe99341,519929006,2,9,18,2023-08-09
SYN-29152ffd9fe99341,581298001,5,7,35,2023-08-09
SYN-29152ffd9fe99341,643833002,2,7,14,2023-08-09
SYN-29152ffd9fe99341,643833003,4,7,28,2023-08-09
SYN-29152ffd9fe99341,643833004,5,7,35,2023-08-09
SYN-29152ffd9fe99341,643833005,6,7,42,2023-08-09
SYN-291edcfe3f5a4807,605053002,4,17,68,2023-01-21
SYN-291edcfe3f5a4807,625939025,3,9,27,2023-01-21
SYN-291edcfe3f5a4807,680499002,5,51,255,2023-01-21
SYN-29246c79d94ae818,649437002,3,34,102,2023-01-22
SYN-2926b61b14ff3bd2,372860024,6,14,84,2023-11-16
SYN-2926b61b14ff3bd2,557248020,6,34,204,2023-11-16
SYN-2926b61b14ff3bd2,607663001,3,19,57,2023-11-16
SYN-2926b61b14ff3bd2,626366001,4,5,20,2023-11-16
SYN-2927dd4735989da0,532578020,3,25,75,2023-10-30
SYN-2927dd4735989da0,631470003,3,40,120,2023-10-30
SYN-2927dd4735989da0,642631001,3,10,30,2023-10-30
SYN-2927dd4735989da0,648627007,4,17,68,2023-10-30
SYN-2927dd4735989da0,651724003,3,34,102,2023-10-30
SYN-2927dd4735989da0,657149001,5,42,210,2023-10-30
SYN-2927dd4735989da0,688873008,6,34,204,2023-10-30
SYN-29488f4d70b7848d,651793004,2,14,28,2023-11-12
SYN-29504659ee557a0b,451774001,4,25,100,2023-07-24
SYN-2952f16b7e7d8da2,562245001,4,22,88,2023-04-14
SYN-2952f16b7e7d8da2,562245046,4,34,136,2023-04-14
SYN-2952f16b7e7d8da2,562245058,5,34,170,2023-04-14
SYN-2952f16b7e7d8da2,650682001,2,51,102,2023-04-14
SYN-2952f16b7e7d8da2,663016003,5,68,340,2023-04-14
SYN-2952f16b7e7d8da2,677999003,5,61,305,2023-04-14
SYN-2952f16b7e7d8da2,685687001,3,17,51,2023-04-14
SYN-2952f16b7e7d8da2,685687003,6,17,102,2023-04-14
SYN-2952f16b7e7d8da2,695627001,4,14,56,2023-04-14
SYN-29689a3456d8b9d3,640124002,3,25,75,2023-06-12
SYN-297a3316c2a05423,617280003,6,64,384,2023-01-11
SYN-29835b1a2c8749a0,553139001,2,34,68,2023-12-31
SYN-29835b1a2c8749a0,568556001,6,20,120,2023-12-31
SYN-29835b1a2c8749a0,577314002,6,12,72,2023-12-31
SYN-29835b1a2c8749a0,607374003,6,19,114,2023-12-31
SYN-29835b1a2c8749a0,607427005,3,34,102,2023-12-31
SYN-29835b1a2c8749a0,612133001,6,17,102,2023-12-31
SYN-29835b1a2c8749a0,612133002,6,15,90,2023-12-31
SYN-29835b1a2c8749a0,621846001,2,25,50,2023-12-31
SYN-29835b1a2c8749a0,621846007,2,25,50,2023-12-31
SYN-29835b1a2c8749a0,635957001,6,42,252,2023-12-31
SYN-29835b1a2c8749a0,643235001,3,34,102,2023-12-31
SYN-29835b1a2c8749a0,651913002,5,25,125,2023-12-31
SYN-29835b1a2c8749a0,651913003,4,25,100,2023-12-31
SYN-29835b1a2c8749a0,668767002,4,17,68,2023-12-31
SYN-29835b1a2c8749a0,671421002,2,51,102,2023-12-31
SYN-29835b1a2c8749a0,671852003,4,31,124,2023-12-31
SYN-29835b1a2c8749a0,691184001,3,17,51,2023-12-31
SYN-29835b1a2c8749a0,694589005,2,25,50,2023-12-31
SYN-29835b1a2c8749a0,714378001,4,34,136,2023-12-31
SYN-2987da53cc1e45fa,301227002,5,25,125,2023-05-01
SYN-2987da53cc1e45fa,399223001,2,33,66,2023-05-01
SYN-2987da53cc1e45fa,446224014,5,16,80,2023-05-01
SYN-2987da53cc1e45fa,576773015,3,33,99,2023-05-01
SYN-2987da53cc1e45fa,576773016,5,33,165,2023-05-01
SYN-2987da53cc1e45fa,615054004,5,10,50,2023-05-01
SYN-2987da53cc1e45fa,615325001,2,8,16,2023-05-01
SYN-2987da53cc1e45fa,651336004,4,33,132,2023-05-01
SYN-2987da53cc1e45fa,667870001,6,25,150,2023-05-01
SYN-29882642421678a1,504154015,2,15,30,2023-05-30
SYN-29882642421678a1,660599003,5,34,170,2023-05-30
SYN-298b7c63642ae38d,179950001,3,25,75,2023-06-11
SYN-298b7c63642ae38d,637661002,5,48,240,2023-06-11
SYN-298b7c63642ae38d,671505002,6,34,204,2023-06-11
SYN-298b7c63642ae38d,705094001,5,40,200,2023-06-11
SYN-299fe59d84ba2bdd,673933001,3,39,117,2023-05-01
SYN-29a67503323029c2,642739003,3,34,102,2023-02-02
SYN-29a67503323029c2,678230003,4,34,136,2023-02-02
SYN-29be6d0fc0042948,592180003,5,20,100,2023-04-11
SYN-29be6d0fc0042948,688545001,6,168,1008,2023-04-11
SYN-29e1fc7d95d31ef3,681358001,4,25,100,2023-06-25
SYN-29e1fc7d95d31ef3,682456001,6,42,252,2023-06-25
SYN-29e7b735082fb771,517880010,5,12,60,2023-11-08
SYN-29e7b735082fb771,540521007,5,17,85,2023-11-08
SYN-29ee1cd30666ac1d,567608002,4,9,36,2023-01-07
SYN-29ee1cd30666ac1d,567992006,6,5,30,2023-01-07
SYN-29ee1cd30666ac1d,567992021,4,7,28,2023-01-07
SYN-29ee1cd30666ac1d,597471007,3,7,21,2023-01-07
SYN-29ee1cd30666ac1d,621499003,2,12,24,2023-01-07
SYN-29ee1cd30666ac1d,626257003,5,3,15,2023-01-07
SYN-29fb8888cbbe13c8,635467003,6,10,60,2023-10-15
SYN-29fb99b5aa2b3f5b,685687004,5,17,85,2023-02-10
SYN-29fb99b5aa2b3f5b,694589003,5,25,125,2023-02-10
SYN-2a031b3a21b928b5,637268001,6,51,306,2023-01-13
SYN-2a031b3a21b928b5,671505004,6,34,204,2023-01-13
SYN-2a031b3a21b928b5,685687003,2,17,34,2023-01-13
SYN-2a031b3a21b928b5,685687004,2,17,34,2023-01-13
SYN-2a0737e0c9fafc9b,253448003,3,25,75,2023-11-18
SYN-2a0737e0c9fafc9b,372860002,6,14,84,2023-11-18
SYN-2a0737e0c9fafc9b,486782002,4,22,88,2023-11-18
SYN-2a0737e0c9fafc9b,539723001,6,34,204,2023-11-18
SYN-2a0737e0c9fafc9b,543141002,2,14,28,2023-11-18
SYN-2a0737e0c9fafc9b,617857002,2,14,28,2023-11-18
SYN-2a0737e0c9fafc9b,654564003,6,17,102,2023-11-18
SYN-2a0737e0c9fafc9b,658036001,3,10,30,2023-11-18
SYN-2a0737e0c9fafc9b,678260002,3,10,30,2023-11-18
SYN-2a0737e0c9fafc9b,688873011,3,34,102,2023-11-18
SYN-2a0a4c46386e9ca3,507909003,6,23,138,2023-06-18
SYN-2a0a4c46386e9ca3,532578019,4,23,92,2023-06-18
SYN-2a0a4c46386e9ca3,637515005,3,31,93,2023-06-18
SYN-2a0a4c46386e9ca3,644706002,3,15,45,2023-06-18
SYN-2a0a4c46386e9ca3,648209001,4,23,92,2023-06-18
SYN-2a0a4c46386e9ca3,662866001,4,38,152,2023-06-18
SYN-2a0a4c46386e9ca3,678861001,4,38,152,2023-06-18
SYN-2a20ec7e0daa9261,597763001,2,10,20,2023-12-14
SYN-2a27547cf64f0ba6,556493009,5,10,50,2023-06-08
SYN-2a27547cf64f0ba6,577507004,2,9,18,2023-06-08
SYN-2a27547cf64f0ba6,611351001,2,5,10,2023-06-08
SYN-2a27547cf64f0ba6,651567001,5,51,255,2023-06-08
SYN-2a44364b142a4f83,564792011,6,14,84,2023-07-14
SYN-2a44364b142a4f83,573452001,5,14,70,2023-07-14
SYN-2a44364b142a4f83,591201001,5,14,70,2023-07-14
SYN-2a44364b142a4f83,597918002,4,14,56,2023-07-14
SYN-2a44364b142a4f83,638136001,4,12,48,2023-07-14
SYN-2a4606e0f53c6650,663515004,4,25,100,2023-08-02
SYN-2a4c9b7406969c2b,537688010,4,51,204,2023-09-13
SYN-2a4c9b7406969c2b,537688013,6,51,306,2023-09-13
SYN-2a523e9adbff5e5f,558787002,2,10,20,2023-12-02
SYN-2a523e9adbff5e5f,564073004,2,9,18,2023-12-02
SYN-2a5565b9611f0079,669361001,4,42,168,2023-09-13
SYN-2a6136f62bbbb9b3,631902001,3,51,153,2023-08-15
SYN-2a6c8067f297d318,615085004,6,17,102,2023-07-09
SYN-2a91b99119d55d39,640020001,6,41,246,2023-11-20
SYN-2a91b99119d55d39,640020003,2,41,82,2023-11-20
SYN-2a91b99119d55d39,668640001,4,25,100,2023-11-20
SYN-2a91b99119d55d39,686631001,2,34,68,2023-11-20
SYN-2a91b99119d55d39,691543001,6,51,306,2023-11-20
SYN-2a91ba8c232c65da,617812003,6,25,150,2023-04-06
SYN-2a91ba8c232c65da,624257002,6,68,408,2023-04-06
SYN-2a91ba8c232c65da,652924006,6,42,252,2023-04-06
SYN-2a91ba8c232c65da,653590001,3,102,306,2023-04-06
SYN-2a91ba8c232c65da,667985003,5,34,170,2023-04-06
SYN-2a91ba8c232c65da,678206001,3,68,204,2023-04-06
SYN-2a9afd96fe5be95e,501820007,3,17,51,2023-02-17
SYN-2a9afd96fe5be95e,502186012,6,34,204,2023-02-17
SYN-2a9afd96fe5be95e,524825013,5,42,210,2023-02-17
SYN-2a9afd96fe5be95e,610776001,2,9,18,2023-02-17
SYN-2a9afd96fe5be95e,610776002,3,9,27,2023-02-17
SYN-2a9afd96fe5be95e,624486001,5,14,70,2023-02-17
SYN-2a9afd96fe5be95e,636455003,6,51,306,2023-02-17
SYN-2a9afd96fe5be95e,662868002,2,34,68,2023-02-17
SYN-2a9afd96fe5be95e,665477001,3,34,102,2023-02-17
SYN-2a9afd96fe5be95e,672899001,5,59,295,2023-02-17
SYN-2a9afd96fe5be95e,676954001,2,51,102,2023-02-17
SYN-2a9afd96fe5be95e,683662006,3,14,42,2023-02-17
SYN-2a9afd96fe5be95e,690478001,6,34,204,2023-02-17
SYN-2a9afd96fe5be95e,697486001,2,9,18,2023-02-17
SYN-2abb08bd99578836,569997008,3,10,30,2023-06-28
SYN-2abb08bd99578836,593829004,4,3,12,2023-06-28
SYN-2abb08bd99578836,636587012,5,9,45,2023-06-28
SYN-2abb08bd99578836,653275007,5,17,85,2023-06-28
SYN-2abb08bd99578836,653275008,3,17,51,2023-06-28
SYN-2abb08bd99578836,653275013,4,17,68,2023-06-28
SYN-2acab0172b09f7fa,679887001,4,68,272,2023-11-17
SYN-2ace711f5c37fd89,399136004,6,59,354,2023-02-13
SYN-2ace711f5c37fd89,399201005,3,59,177,2023-02-13
SYN-2ace711f5c37fd89,625819005,4,25,100,2023-02-13
SYN-2ace711f5c37fd89,657287001,3,17,51,2023-02-13
SYN-2ace711f5c37fd89,674047003,4,119,476,2023-02-13
SYN-2ace711f5c37fd89,680374001,6,34,204,2023-02-13
SYN-2ace711f5c37fd89,683662002,6,14,84,2023-02-13
SYN-2ad39767a375313f,665228001,6,68,408,2023-06-04
SYN-2ada00f1f60ef049,688873007,3,29,87,2023-11-15
SYN-2adab18f1a11a262,357751003,5,10,50,2023-02-26
SYN-2ae0028a048be6eb,627389006,6,15,90,2023-06-04
SYN-2ae0028a048be6eb,633148004,3,25,75,2023-06-04
SYN-2ae0028a048be6eb,634249002,5,34,170,2023-06-04
SYN-2ae0028a048be6eb,643657001,3,42,126,2023-06-04
SYN-2ae0028a048be6eb,644522001,6,59,354,2023-06-04
SYN-2ae0028a048be6eb,650696002,4,42,168,2023-06-04
SYN-2ae0028a048be6eb,652869001,3,68,204,2023-06-04
SYN-2ae0028a048be6eb,659295003,4,59,236,2023-06-04
SYN-2ae0028a048be6eb,659459001,2,85,170,2023-06-04
SYN-2ae0028a048be6eb,662868003,3,34,102,2023-06-04
SYN-2ae0028a048be6eb,666006006,3,113,339,2023-06-04
SYN-2ae0028a048be6eb,671505004,6,34,204,2023-06-04
SYN-2ae0028a048be6eb,674002001,3,102,306,2023-06-04
SYN-2ae0028a048be6eb,675281001,2,25,50,2023-06-04
SYN-2ae0028a048be6eb,682430001,2,51,102,2023-06-04
SYN-2ae7f6ccc304cd08,687763001,2,42,84,2023-08-24
SYN-2aed278e964545a5,547752003,3,41,123,2023-05-12
SYN-2aef9bc03c7e5ff3,668767004,2,17,34,2023-12-13
SYN-2af61298e6f1a4fa,595779010,4,25,100,2023-09-07
SYN-2af61298e6f1a4fa,662888002,6,34,204,2023-09-07
SYN-2affaebade71880a,625321005,5,25,125,2023-01-26
SYN-2affaebade71880a,630116008,2,34,68,2023-01-26
SYN-2b114f8b0e0b428d,675302002,4,48,192,2023-04-30
SYN-2b319af38d1d1339,568808002,3,42,126,2023-07-25
SYN-2b4159d1f821fec9,664074001,5,17,85,2023-02-06
SYN-2b4159d1f821fec9,664074005,6,17,102,2023-02-06
SYN-2b594eebeeff196b,445865001,3,29,87,2023-04-12
SYN-2b600006707c88d1,719031001,4,34,136,2023-10-17
SYN-2b62f102517315d7,413029008,5,20,100,2023-03-07
SYN-2b62f102517315d7,467302066,4,10,40,2023-03-07
SYN-2b62f102517315d7,467302100,2,7,14,2023-03-07
SYN-2b67a80347865d73,572400002,5,34,170,2023-12-31
SYN-2b67a80347865d73,572797001,3,10,30,2023-12-31
SYN-2b67a80347865d73,594834010,6,42,252,2023-12-31
SYN-2b67a80347865d73,685687004,5,17,85,2023-12-31
SYN-2b6ed5b866be7232,592975011,5,51,255,2023-02-15
SYN-2b6ed5b866be7232,610730016,2,34,68,2023-02-15
SYN-2b75947173c23b0a,228257001,2,7,14,2023-01-25
SYN-2b7861aff1a576a7,594834002,4,42,168,2023-04-11
SYN-2b7e611f25c1140a,400246014,4,41,164,2023-03-22
SYN-2b7ea99cef69ef49,680715001,5,136,680,2023-01-26
SYN-2b86191015880b94,378135030,2,65,130,2023-07-24
SYN-2b86191015880b94,569999005,4,13,52,2023-07-24
SYN-2b86191015880b94,637549005,4,32,128,2023-07-24
SYN-2b86191015880b94,656059004,6,49,294,2023-07-24
SYN-2b98d7a05fa7e6a9,218829015,5,32,160,2023-08-26
SYN-2b98d7a05fa7e6a9,379780024,2,13,26,2023-08-26
SYN-2b98d7a05fa7e6a9,646429003,3,48,144,2023-08-26
SYN-2b98d7a05fa7e6a9,648173003,4,21,84,2023-08-26
SYN-2b98d7a05fa7e6a9,674336003,6,32,192,2023-08-26
SYN-2ba189ab0c7560e2,348870009,6,17,102,2023-09-30
SYN-2ba189ab0c7560e2,355072001,4,9,36,2023-09-30
SYN-2ba189ab0c7560e2,399087001,2,34,68,2023-09-30
SYN-2ba189ab0c7560e2,399087017,4,24,96,2023-09-30
SYN-2ba189ab0c7560e2,509210002,6,29,174,2023-09-30
SYN-2ba189ab0c7560e2,522398049,5,17,85,2023-09-30
SYN-2ba189ab0c7560e2,570781008,2,17,34,2023-09-30
SYN-2ba189ab0c7560e2,575141001,2,22,44,2023-09-30
SYN-2ba189ab0c7560e2,658030005,4,51,204,2023-09-30
SYN-2bb6d7ab29be3625,671057002,4,3,12,2023-09-22
SYN-2bb82f0b754a5b76,399223001,6,34,204,2023-03-20
SYN-2bb82f0b754a5b76,399223026,5,34,170,2023-03-20
SYN-2bb82f0b754a5b76,574109013,6,25,150,2023-03-20
SYN-2bb82f0b754a5b76,589222001,4,24,96,2023-03-20
SYN-2bb82f0b754a5b76,610776002,2,9,18,2023-03-20
SYN-2bb82f0b754a5b76,662935002,4,51,204,2023-03-20
SYN-2bb82f0b754a5b76,685687003,5,17,85,2023-03-20
SYN-2bb82f0b754a5b76,685687004,5,17,85,2023-03-20
SYN-2bc356d04b9ce8fd,531837001,4,25,100,2023-03-04
SYN-2bc356d04b9ce8fd,680912009,6,12,72,2023-03-04
SYN-2bd2f81b221cd286,228257001,5,9,45,2023-04-07
SYN-2bd2f81b221cd286,266873006,2,12,24,2023-04-07
SYN-2bd2f81b221cd286,652747001,3,46,138,2023-04-07
SYN-2bd5e209fd5b138b,590467001,5,61,305,2023-10-28
SYN-2bd790583c083559,663355003,2,30,60,2023-10-27
SYN-2bd790583c083559,688873008,4,30,120,2023-10-27
SYN-2bdb524903d83975,662935002,2,42,84,2023-08-10
SYN-2bf4cbe4dc894cbf,552826001,2,9,18,2023-09-10
SYN-2bf4cbe4dc894cbf,573085004,6,34,204,2023-09-10
SYN-2bf4cbe4dc894cbf,592172007,4,7,28,2023-09-10
SYN-2bf4cbe4dc894cbf,621381011,6,34,204,2023-09-10
SYN-2bf4cbe4dc894cbf,631744003,3,7,21,2023-09-10
SYN-2bf4cbe4dc894cbf,651244001,2,7,14,2023-09-10
SYN-2bf5e04843a57063,356289005,4,25,100,2023-07-03
SYN-2bf7beda24c41ab2,624636001,5,34,170,2023-09-29
SYN-2bf7beda24c41ab2,662888002,5,34,170,2023-09-29
SYN-2bf7beda24c41ab2,664074004,4,17,68,2023-09-29
SYN-2bfe5518acb461fd,667491011,6,25,150,2023-05-26
SYN-2bfe5518acb461fd,669360001,6,51,306,2023-05-26
SYN-2c15735f4e704f19,610776001,5,9,45,2023-07-30
SYN-2c15735f4e704f19,610776002,5,9,45,2023-07-30
SYN-2c15735f4e704f19,656869001,2,34,68,2023-07-30
SYN-2c15735f4e704f19,673281001,6,51,306,2023-07-30
SYN-2c15735f4e704f19,691072002,5,25,125,2023-07-30
SYN-2c1f7df3f362420d,384654004,5,24,120,2023-02-28
SYN-2c1f7df3f362420d,401044012,2,20,40,2023-02-28
SYN-2c1f7df3f362420d,448515027,6,38,228,2023-02-28
SYN-2c1f7df3f362420d,508227002,2,17,34,2023-02-28
SYN-2c1f7df3f362420d,554450027,3,31,93,2023-02-28
SYN-2c1f7df3f362420d,573323002,2,27,54,2023-02-28
SYN-2c1f7df3f362420d,573323004,6,36,216,2023-02-28
SYN-2c1f7df3f362420d,577399001,3,25,75,2023-02-28
SYN-2c1f7df3f362420d,577400001,5,36,180,2023-02-28
SYN-2c1f7df3f362420d,579468005,4,25,100,2023-02-28
SYN-2c1f7df3f362420d,587782005,3,27,81,2023-02-28
SYN-2c1f7df3f362420d,611924001,4,22,88,2023-02-28
SYN-2c1f7df3f362420d,613246001,2,23,46,2023-02-28
SYN-2c1f7df3f362420d,613246002,2,23,46,2023-02-28
SYN-2c1f7df3f362420d,613246004,6,23,138,2023-02-28
SYN-2c1f7df3f362420d,619636001,6,31,186,2023-02-28
SYN-2c1f7df3f362420d,625939003,5,9,45,2023-02-28
SYN-2c1f7df3f362420d,635673001,6,14,84,2023-02-28
SYN-2c1f7df3f362420d,635673002,6,15,90,2023-02-28
SYN-2c1f7df3f362420d,638383002,4,25,100,2023-02-28
SYN-2c1f7df3f362420d,641403001,2,29,58,2023-02-28
SYN-2c1f7df3f362420d,652196002,6,31,186,2023-02-28
SYN-2c1f7df3f362420d,656377002,5,25,125,2023-02-28
SYN-2c1f7df3f362420d,684588006,5,25,125,2023-02-28
SYN-2c1f7df3f362420d,684588008,4,25,100,2023-02-28
SYN-2c2359daa1316446,507910001,5,25,125,2023-08-07
SYN-2c2359daa1316446,626816004,5,25,125,2023-08-07
SYN-2c2a19e13886db18,521269002,2,27,54,2023-03-31
SYN-2c2a19e13886db18,692679001,6,14,84,2023-03-31
SYN-2c3dd2fc165558a9,627579002,3,25,75,2023-12-07
SYN-2c3dd2fc165558a9,627579003,5,25,125,2023-12-07
SYN-2c3dd2fc165558a9,649046002,6,51,306,2023-12-07
SYN-2c3fba6d426b3026,645134004,3,25,75,2023-11-03
SYN-2c3ff3121b6f47bf,660830006,2,33,66,2023-02-15
SYN-2c3ff3121b6f47bf,666006006,2,114,228,2023-02-15
SYN-2c3ff3121b6f47bf,685687003,5,16,80,2023-02-15
SYN-2c3ff3121b6f47bf,688678001,4,33,132,2023-02-15
SYN-2c65e6c3a001dd00,652708001,2,17,34,2023-06-02
SYN-2c65e6c3a001dd00,652708002,2,17,34,2023-06-02
SYN-2c6986602f139e18,664917002,4,34,136,2023-10-26
SYN-2c714805def1a0f2,541519001,2,17,34,2023-03-23
SYN-2c714805def1a0f2,666080001,6,24,144,2023-03-23
SYN-2c714805def1a0f2,678079005,2,10,20,2023-03-23
SYN-2c826b732e31634d,714428001,3,20,60,2023-04-22
SYN-2c85eec2a6d27e05,595779010,6,25,150,2023-03-01
SYN-2c884e96a0cbf78c,657476008,5,17,85,2023-10-05
SYN-2c9334b022fc400f,567728006,5,19,95,2023-09-17
SYN-2c9334b022fc400f,581162008,3,9,27,2023-09-17
SYN-2c9334b022fc400f,584925004,6,53,318,2023-09-17
SYN-2c9334b022fc400f,586515001,5,31,155,2023-09-17
SYN-2c9334b022fc400f,597082002,2,20,40,2023-09-17
SYN-2c9334b022fc400f,607427002,5,20,100,2023-09-17
SYN-2c9334b022fc400f,607427006,3,20,60,2023-09-17
SYN-2c9334b022fc400f,615523006,2,24,48,2023-09-17
SYN-2c9334b022fc400f,619148002,2,24,48,2023-09-17
SYN-2c9334b022fc400f,656377002,2,25,50,2023-09-17
SYN-2c9334b022fc400f,684080001,2,97,194,2023-09-17
SYN-2c9cd1bc5a76d204,619561010,4,22,88,2023-10-25
SYN-2c9cd1bc5a76d204,619561015,5,22,110,2023-10-25
SYN-2ca0c1b9cd4aad3a,667499006,2,25,50,2023-02-24
SYN-2ca0c1b9cd4aad3a,697486002,3,9,27,2023-02-24
SYN-2ca728aaf859526b,401044019,5,42,210,2023-11-22
SYN-2ca728aaf859526b,524825013,2,42,84,2023-11-22
SYN-2ca728aaf859526b,573716012,3,25,75,2023-11-22
SYN-2ca728aaf859526b,677530002,3,25,75,2023-11-22
SYN-2ca8a4d78aef0eb6,573716033,2,24,48,2023-11-29
SYN-2cb1e2ba749005d8,653210010,2,16,32,2023-08-27
SYN-2cb6ad7a62fb93c4,293244001,5,9,45,2023-08-01
SYN-2cb6ad7a62fb93c4,523489001,6,5,30,2023-08-01
SYN-2cb6ad7a62fb93c4,626052010,4,22,88,2023-08-01
SYN-2cb6ad7a62fb93c4,689298001,5,25,125,2023-08-01
SYN-2cc48e9f024abb50,237222001,6,17,102,2023-12-11
SYN-2cc48e9f024abb50,524825013,4,42,168,2023-12-11
SYN-2cc48e9f024abb50,599502009,2,32,64,2023-12-11
SYN-2cc48e9f024abb50,637515002,6,34,204,2023-12-11
SYN-2cc48e9f024abb50,637515004,2,34,68,2023-12-11
SYN-2cc48e9f024abb50,660712011,2,42,84,2023-12-11
SYN-2cc48e9f024abb50,671022001,4,25,100,2023-12-11
SYN-2cc48e9f024abb50,672598002,5,22,110,2023-12-11
SYN-2cc48e9f024abb50,680374003,3,34,102,2023-12-11
SYN-2cc48e9f024abb50,685347001,3,17,51,2023-12-11
SYN-2cc48e9f024abb50,688873001,6,34,204,2023-12-11
SYN-2ccc9e8f4885ab8b,613497003,2,34,68,2023-02-28
SYN-2ccc9e8f4885ab8b,613497008,3,34,102,2023-02-28
SYN-2ccc9e8f4885ab8b,671505002,3,34,102,2023-02-28
SYN-2ccc9e8f4885ab8b,688910001,2,68,136,2023-02-28
SYN-2cdeda9449c941af,506191003,2,17,34,2023-02-23
SYN-2cdeda9449c941af,583060001,4,17,68,2023-02-23
SYN-2cdeda9449c941af,639893003,2,25,50,2023-02-23
SYN-2d1edb70df1210a5,516903005,3,27,81,2023-07-04
SYN-2d226ee5c620ab05,633136003,5,32,160,2023-06-21
SYN-2d226ee5c620ab05,633136006,2,34,68,2023-06-21
SYN-2d25e45c98b4be30,458925002,2,9,18,2023-12-07
SYN-2d25e45c98b4be30,539723001,4,34,136,2023-12-07
SYN-2d25e45c98b4be30,541512013,5,31,155,2023-12-07
SYN-2d25e45c98b4be30,554811014,3,15,45,2023-12-07
SYN-2d25e45c98b4be30,574752003,4,20,80,2023-12-07
SYN-2d25e45c98b4be30,578876001,4,10,40,2023-12-07
SYN-2d25e45c98b4be30,625939005,3,3,9,2023-12-07
SYN-2d25e45c98b4be30,625939025,3,9,27,2023-12-07
SYN-2d25e45c98b4be30,640192001,6,12,72,2023-12-07
SYN-2d25e45c98b4be30,654414001,6,12,72,2023-12-07
SYN-2d2c69cd19c67cde,561445006,6,9,54,2023-10-30
SYN-2d2c69cd19c67cde,573716016,3,14,42,2023-10-30
SYN-2d2c69cd19c67cde,575542005,4,19,76,2023-10-30
SYN-2d2c69cd19c67cde,621972001,2,12,24,2023-10-30
SYN-2d2c69cd19c67cde,664490001,5,7,35,2023-10-30
SYN-2d40fc89bb9802ee,496735008,6,31,186,2023-07-18
SYN-2d40fc89bb9802ee,607834005,5,25,125,2023-07-18
SYN-2d43b7a68e08f48f,381038004,5,10,50,2023-07-03
SYN-2d43b7a68e08f48f,632982014,6,5,30,2023-07-03
SYN-2d43b7a68e08f48f,635473002,5,7,35,2023-07-03
SYN-2d43b7a68e08f48f,651558003,5,7,35,2023-07-03
SYN-2d43b7a68e08f48f,671057002,2,3,6,2023-07-03
SYN-2d51e4c0ffee0f49,554772031,2,9,18,2023-08-04
SYN-2d56d8c5e1911a57,546050003,6,11,66,2023-10-26
SYN-2d6e01b43909d073,596955004,6,9,54,2023-11-21
SYN-2d7854dca6b5029f,504154003,6,20,120,2023-11-25
SYN-2d7854dca6b5029f,504154027,4,42,168,2023-11-25
SYN-2d939296a9c60e01,613497003,2,34,68,2023-12-02
SYN-2d939296a9c60e01,613497008,6,34,204,2023-12-02
SYN-2d97c1635076dc8d,657287001,3,16,48,2023-03-28
SYN-2d97c1635076dc8d,657287004,5,16,80,2023-03-28
SYN-2d97c1635076dc8d,662948004,4,39,156,2023-03-28
SYN-2d97c1635076dc8d,672383002,6,12,72,2023-03-28
SYN-2d9e7637b6a28349,592241004,6,10,60,2023-09-16
SYN-2d9e7637b6a28349,612032001,4,10,40,2023-09-16
SYN-2d9e7637b6a28349,612136002,2,10,20,2023-09-16
SYN-2d9e7637b6a28349,635741001,6,5,30,2023-09-16
SYN-2d9e7637b6a28349,644464002,6,12,72,2023-09-16
SYN-2db631f8308edd83,523489001,2,5,10,2023-09-09
SYN-2db631f8308edd83,554541017,2,34,68,2023-09-09
SYN-2db631f8308edd83,626713001,4,20,80,2023-09-09
SYN-2db631f8308edd83,639104001,3,34,102,2023-09-09
SYN-2dbccef62f3217b7,688873020,4,34,136,2023-11-22
SYN-2dcce9a1ce05465f,586955022,6,17,102,2023-04-17
SYN-2dcce9a1ce05465f,624042004,3,17,51,2023-04-17
SYN-2dd5fc2cfc10378b,661152001,5,68,340,2023-10-24
SYN-2dd5fc2cfc10378b,682604002,3,34,102,2023-10-24
SYN-2dd600adb5264478,580482004,2,48,96,2023-09-20
SYN-2dd8bb39a536f097,615141002,2,25,50,2023-06-11
SYN-2dd8bb39a536f097,694153002,6,34,204,2023-06-11
SYN-2ddb4fdf240b565f,453358001,4,10,40,2023-05-23
SYN-2ddb4fdf240b565f,650974003,3,34,102,2023-05-23
SYN-2e10efc9ed0ee123,594834002,6,42,252,2023-09-27
SYN-2e10efc9ed0ee123,634775004,4,22,88,2023-09-27
SYN-2e10efc9ed0ee123,639836001,4,102,408,2023-09-27
SYN-2e10efc9ed0ee123,666221002,2,42,84,2023-09-27
SYN-2e10efc9ed0ee123,671502001,4,51,204,2023-09-27
SYN-2e10efc9ed0ee123,714424001,2,42,84,2023-09-27
SYN-2e123f19820ebe26,490793035,5,10,50,2023-09-21
SYN-2e123f19820ebe26,524529001,6,9,54,2023-09-21
SYN-2e123f19820ebe26,524529004,2,17,34,2023-09-21
SYN-2e4a770632314c32,583059002,3,25,75,2023-03-03
SYN-2e4a770632314c32,583534009,4,17,68,2023-03-03
SYN-2e4a770632314c32,615491005,6,34,204,2023-03-03
SYN-2e4a770632314c32,635673002,3,15,45,2023-03-03
SYN-2e50e4c28c7cce4d,653567003,3,68,204,2023-03-27
SYN-2e59db4a5e65611d,623632005,2,59,118,2023-07-16
SYN-2e59db4a5e65611d,660599001,2,34,68,2023-07-16
SYN-2e59db4a5e65611d,680715001,5,136,680,2023-07-16
SYN-2e5c37898e3e6097,678983004,5,17,85,2023-08-09
SYN-2e716ce5111a1dd3,594264001,2,25,50,2023-01-17
SYN-2e716ce5111a1dd3,612636001,5,20,100,2023-01-17
SYN-2e716ce5111a1dd3,623072001,4,20,80,2023-01-17
SYN-2e76978e69e10862,667499006,3,25,75,2023-12-23
SYN-2e76f02366abfe60,595779011,2,25,50,2023-10-04
SYN-2e85405c30d6330f,630616001,3,31,93,2023-08-12
SYN-2e91801261a4a27a,671783004,3,20,60,2023-02-20
SYN-2ec2bc03bd765e4d,555364002,5,25,125,2023-02-24
SYN-2ec2bc03bd765e4d,555364005,2,25,50,2023-02-24
SYN-2ec2bc03bd765e4d,555364007,6,25,150,2023-02-24
SYN-2ec2bc03bd765e4d,660830001,6,34,204,2023-02-24
SYN-2ec2bc03bd765e4d,660830004,4,34,136,2023-02-24
SYN-2ec6f2659691aec1,685687002,3,17,51,2023-01-31
SYN-2ecced58a6ad939e,675379001,3,253,759,2023-06-20
SYN-2ece0c78e2e22648,548110002,6,27,162,2023-06-03
SYN-2ece0c78e2e22648,624121003,6,14,84,2023-06-03
SYN-2ece0c78e2e22648,624688003,2,17,34,2023-06-03
SYN-2ed27e96fa55aa4c,539723005,6,34,204,2023-10-22
SYN-2ed27e96fa55aa4c,573085020,4,17,68,2023-10-22
SYN-2ed5e2f2324ce685,399201005,3,59,177,2023-08-01
SYN-2ee2945e50dc51af,594430008,5,20,100,2023-09-22
SYN-2ee2945e50dc51af,603680002,4,10,40,2023-09-22
SYN-2ee2945e50dc51af,616337002,4,17,68,2023-09-22
SYN-2ee2945e50dc51af,640129003,4,24,96,2023-09-22
SYN-2ee2945e50dc51af,642499001,6,20,120,2023-09-22
SYN-2ee690586864b9cb,487722001,2,40,80,2023-09-20
SYN-2ee945d94cf0ce84,562245001,5,22,110,2023-03-19
SYN-2efd41daf9e227e7,567993027,4,25,100,2023-03-05
SYN-2efd41daf9e227e7,630116007,2,34,68,2023-03-05
SYN-2f0b9d003f409467,567992021,3,7,21,2023-08-24
SYN-2f0b9d003f409467,586333001,5,17,85,2023-08-24
SYN-2f0b9d003f409467,605290001,2,14,28,2023-08-24
SYN-2f0b9d003f409467,605290002,4,9,36,2023-08-24
SYN-2f0b9d003f409467,626406003,2,7,14,2023-08-24
SYN-2f318f5b2c5a120e,623434014,4,34,136,2023-03-07
SYN-2f3744b2dfd76c9d,529008026,6,25,150,2023-03-18
SYN-2f3744b2dfd76c9d,529012025,4,10,40,2023-03-18
SYN-2f3d3a03ab2766fe,496111013,3,17,51,2023-04-20
SYN-2f3d3a03ab2766fe,615808003,5,12,60,2023-04-20
SYN-2f49eaa3eac41660,633051005,5,34,170,2023-11-03
SYN-2f49eaa3eac41660,633051007,3,34,102,2023-11-03
SYN-2f49eaa3eac41660,637230001,6,51,306,2023-11-03
SYN-2f49eaa3eac41660,682604001,2,34,68,2023-11-03
SYN-2f57bbd9e02d58b3,529008008,3,14,42,2023-03-29
SYN-2f57bbd9e02d58b3,594633001,2,14,28,2023-03-29
SYN-2f57bbd9e02d58b3,603401002,2,14,28,2023-03-29
SYN-2f5a903df1294fe1,666006006,5,113,565,2023-05-14
SYN-2f689b1bbf6e26f0,633130007,6,17,102,2023-08-13
SYN-2f689b1bbf6e26f0,633136004,3,34,102,2023-08-13
SYN-2f689b1bbf6e26f0,698943005,5,17,85,2023-08-13
SYN-2f6c89fc0ada1e6f,666354002,2,14,28,2023-03-02
SYN-2f7f28fd3e19e328,591088001,3,34,102,2023-10-02
SYN-2f7f28fd3e19e328,624486006,5,14,70,2023-10-02
SYN-2f7f28fd3e19e328,624486009,5,14,70,2023-10-02
SYN-2f7f28fd3e19e328,625939013,5,9,45,2023-10-02
SYN-2f7f28fd3e19e328,662592002,3,17,51,2023-10-02
SYN-2f8d93af595d25be,613497003,5,34,170,2023-11-22
SYN-2f8fa4068239f3b0,393447015,6,68,408,2023-08-25
SYN-2f8fa4068239f3b0,551300001,3,51,153,2023-08-25
SYN-2f96e9afd7573556,579541001,4,17,68,2023-03-20
SYN-2f96e9afd7573556,592176001,3,12,36,2023-03-20
SYN-2f96e9afd7573556,637911005,4,14,56,2023-03-20
SYN-2f99079fccd12e5a,577986001,6,10,60,2023-02-14
SYN-2fa25586c65f2bce,501820043,6,17,102,2023-03-02
SYN-2fa25586c65f2bce,529008011,3,20,60,2023-03-02
SYN-2fa25586c65f2bce,529008026,2,25,50,2023-03-02
SYN-2fa25586c65f2bce,537346013,5,42,210,2023-03-02
SYN-2fa25586c65f2bce,558986001,4,22,88,2023-03-02
SYN-2fa25586c65f2bce,558986003,4,15,60,2023-03-02
SYN-2fa25586c65f2bce,585482001,4,10,40,2023-03-02
SYN-2fa25586c65f2bce,595779010,5,25,125,2023-03-02
SYN-2fa25586c65f2bce,662868003,5,34,170,2023-03-02
SYN-2fa25586c65f2bce,662888003,6,34,204,2023-03-02
SYN-2fa25586c65f2bce,685687004,5,17,85,2023-03-02
SYN-2fa56d7338059fb4,399136027,4,61,244,2023-04-07
SYN-2fa56d7338059fb4,690498001,4,102,408,2023-04-07
SYN-2fa970cb2f495d14,691839001,4,46,184,2023-06-05
SYN-2fb3d0d219062cb8,399223001,3,34,102,2023-01-23
SYN-2fb3d0d219062cb8,539723005,5,34,170,2023-01-23
SYN-2fb9171b6e6b1e51,640462001,5,34,170,2023-07-15
SYN-2fb9daf4f035b66f,625316004,3,17,51,2023-12-17
SYN-2fb9daf4f035b66f,646429003,5,51,255,2023-12-17
SYN-2fba07c8880c9c2c,707606001,2,14,28,2023-01-01
SYN-2fc88c2fe53ff82e,305304008,3,12,36,2023-07-17
SYN-2fc88c2fe53ff82e,561617003,2,24,48,2023-07-17
SYN-2fc88c2fe53ff82e,587782001,6,27,162,2023-07-17
SYN-2fc88c2fe53ff82e,671777002,5,7,35,2023-07-17
SYN-2fd4930cbc66aa96,595435003,6,15,90,2023-08-30
SYN-2fd4930cbc66aa96,666006006,2,113,226,2023-08-30
SYN-2fd4930cbc66aa96,671636003,2,68,136,2023-08-30
SYN-2fdd16ae0469b070,268305001,4,14,56,2023-09-01
SYN-2fdd16ae0469b070,342034027,2,14,28,2023-09-01
SYN-2fdd16ae0469b070,650511003,2,34,68,2023-09-01
SYN-2fdd16ae0469b070,651859001,3,42,126,2023-09-01
SYN-2fddd822f3933e26,565200029,4,7,28,2023-08-20
SYN-2fddd822f3933e26,565200032,4,7,28,2023-08-20
SYN-2fddd822f3933e26,663942008,5,34,170,2023-08-20
SYN-2fe8c35b312d2c88,399136061,2,51,102,2023-03-01
SYN-2fe8c35b312d2c88,399201002,6,85,510,2023-03-01
SYN-2fe8c35b312d2c88,399201005,5,59,295,2023-03-01
SYN-2fe8c35b312d2c88,399201022,2,59,118,2023-03-01
SYN-2fe8c35b312d2c88,514482001,2,25,50,2023-03-01
SYN-2fe8c35b312d2c88,552473021,3,25,75,2023-03-01
SYN-2fe8c35b312d2c88,552473037,6,25,150,2023-03-01
SYN-2fe8c35b312d2c88,562245005,4,34,136,2023-03-01
SYN-2fe8c35b312d2c88,568597006,5,42,210,2023-03-01
SYN-2fe8c35b312d2c88,568597018,3,42,126,2023-03-01
SYN-2fe8c35b312d2c88,575172001,3,25,75,2023-03-01
SYN-2fe8c35b312d2c88,579302007,6,34,204,2023-03-01
SYN-2fe8c35b312d2c88,591334019,4,17,68,2023-03-01
SYN-2fe8c35b312d2c88,591334020,6,17,102,2023-03-01
SYN-2fe8c35b312d2c88,621846001,6,25,150,2023-03-01
SYN-2fe8c35b312d2c88,672598001,6,22,132,2023-03-01
SYN-2fe8c35b312d2c88,673677003,6,17,102,2023-03-01
SYN-2fe8c35b312d2c88,679121002,2,17,34,2023-03-01
SYN-2ff632a53607e9b3,573716012,2,25,50,2023-09-26
SYN-2ffe9ca7c7438a58,589855004,3,14,42,2023-01-08
SYN-2ffe9ca7c7438a58,589924009,6,25,150,2023-01-08
SYN-2ffe9ca7c7438a58,598806011,5,17,85,2023-01-08
SYN-30006b7d587cd6eb,372860001,5,14,70,2023-12-30
SYN-3003cd787008461e,563024001,5,12,60,2023-10-29
SYN-3003cd787008461e,605154001,6,9,54,2023-10-29
SYN-3003cd787008461e,606191001,3,17,51,2023-10-29
SYN-3008721930c869c7,217727002,4,12,48,2023-06-18
SYN-3008721930c869c7,399256001,2,17,34,2023-06-18
SYN-3008721930c869c7,537688013,5,51,255,2023-06-18
SYN-3008721930c869c7,560047001,6,14,84,2023-06-18
SYN-3008721930c869c7,572797002,3,9,27,2023-06-18
SYN-3008721930c869c7,611024002,6,15,90,2023-06-18
SYN-3008721930c869c7,639755001,2,8,16,2023-06-18
SYN-3008721930c869c7,656213001,2,31,62,2023-06-18
SYN-3008721930c869c7,664099001,6,12,72,2023-06-18
SYN-301487f79334b7af,590748001,5,52,260,2023-04-02
SYN-301487f79334b7af,661910001,5,134,670,2023-04-02
SYN-301487f79334b7af,666319002,5,54,270,2023-04-02
SYN-3030024b0b2c64fe,653706011,6,7,42,2023-01-28
SYN-30376d51aafb089c,615141002,5,25,125,2023-01-26
SYN-3042d3239eb9410f,399136023,5,38,190,2023-08-12
SYN-3042d3239eb9410f,453765006,4,27,108,2023-08-12
SYN-3042d3239eb9410f,460363016,5,20,100,2023-08-12
SYN-3042d3239eb9410f,594697003,5,20,100,2023-08-12
SYN-3042d3239eb9410f,643975003,3,10,30,2023-08-12
SYN-304625ce26faadb2,651902002,2,9,18,2023-02-18
SYN-304625ce26faadb2,671668005,3,17,51,2023-02-18
SYN-3057e0ad3ee0c4ff,667126001,3,68,204,2023-07-01
SYN-305b89fbbaaeefca,524825010,2,42,84,2023-11-22
SYN-305b89fbbaaeefca,615092002,5,17,85,2023-11-22
SYN-305b89fbbaaeefca,626587004,2,68,136,2023-11-22
SYN-3060888db767067c,432566001,3,17,51,2023-02-11
SYN-30689010daeddd37,464908039,3,17,51,2023-04-26
SYN-30689010daeddd37,643552001,6,32,192,2023-04-26
SYN-30689010daeddd37,687427001,3,34,102,2023-04-26
SYN-3068b9f1146a00d4,372860001,2,14,28,2023-05-03
SYN-3068b9f1146a00d4,464454004,4,14,56,2023-05-03
SYN-3068b9f1146a00d4,501820042,5,17,85,2023-05-03
SYN-3068b9f1146a00d4,543054009,3,42,126,2023-05-03
SYN-3068b9f1146a00d4,598795018,4,5,20,2023-05-03
SYN-3068b9f1146a00d4,651898004,3,5,15,2023-05-03
SYN-3068b9f1146a00d4,662948004,3,42,126,2023-05-03
SYN-306abe5ab030aa33,469137001,3,31,93,2023-09-09
SYN-306abe5ab030aa33,508156027,3,22,66,2023-09-09
SYN-306abe5ab030aa33,607427003,5,32,160,2023-09-09
SYN-306abe5ab030aa33,649437002,2,34,68,2023-09-09
SYN-306abe5ab030aa33,671852003,5,31,155,2023-09-09
SYN-306abe5ab030aa33,685687001,4,17,68,2023-09-09
SYN-306d7e75bc7bc5da,181448102,6,11,66,2023-10-19
SYN-306d7e75bc7bc5da,446224016,5,15,75,2023-10-19
SYN-306d7e75bc7bc5da,501820004,4,15,60,2023-10-19
SYN-306d7e75bc7bc5da,507987026,2,15,30,2023-10-19
SYN-306d7e75bc7bc5da,574109012,4,23,92,2023-10-19
SYN-306d7e75bc7bc5da,588299001,4,31,124,2023-10-19
SYN-306d7e75bc7bc5da,642437005,3,31,93,2023-10-19
SYN-307280162b7175da,564309005,5,12,60,2023-05-03
SYN-307e25b6bf8d6f44,552473021,5,25,125,2023-05-23
SYN-307e25b6bf8d6f44,626815001,3,34,102,2023-05-23
SYN-30921093a7bee964,685687004,4,17,68,2023-08-31
SYN-309fbc57a14a453f,591439006,3,7,21,2023-07-10
SYN-30a5a3e6e80ade52,660712012,6,42,252,2023-06-03
SYN-30a933e0ca062054,513373002,3,42,126,2023-09-03
SYN-30a933e0ca062054,513373004,4,15,60,2023-09-03
SYN-30a933e0ca062054,622955002,2,59,118,2023-09-03
SYN-30a933e0ca062054,637661001,3,51,153,2023-09-03
SYN-30a933e0ca062054,644803001,4,51,204,2023-09-03
SYN-30a933e0ca062054,656686001,5,168,840,2023-09-03
SYN-30a933e0ca062054,666006006,2,119,238,2023-09-03
SYN-30ab17dba94b6c7b,573716024,5,17,85,2023-09-23
SYN-30d4337f65198b53,640157002,3,42,126,2023-11-02
SYN-30da5a509a241b21,685687001,4,17,68,2023-05-09
SYN-30da5a509a241b21,685687004,4,17,68,2023-05-09
SYN-30deabdba01b531c,650677004,3,34,102,2023-07-04
SYN-30deabdba01b531c,671421002,3,51,153,2023-07-04
SYN-30deabdba01b531c,673807002,3,42,126,2023-07-04
SYN-30deabdba01b531c,682604002,3,34,102,2023-07-04
SYN-30fee78e9ce9299f,671513001,5,22,110,2023-05-10
SYN-31072b135865320f,532578009,6,7,42,2023-07-15
SYN-31072b135865320f,581086001,4,10,40,2023-07-15
SYN-310c10c313a87030,566904001,3,8,24,2023-07-07
SYN-310c10c313a87030,576770001,2,18,36,2023-07-07
SYN-310c10c313a87030,599559001,6,18,108,2023-07-07
SYN-310c10c313a87030,605164001,3,11,33,2023-07-07
SYN-310c10c313a87030,623471001,5,12,60,2023-07-07
SYN-31196b4c48dc7a60,318035017,2,12,24,2023-03-03
SYN-31196b4c48dc7a60,399201005,2,59,118,2023-03-03
SYN-31196b4c48dc7a60,584989001,5,53,265,2023-03-03
SYN-31196b4c48dc7a60,662857005,3,42,126,2023-03-03
SYN-31196b4c48dc7a60,671505002,4,34,136,2023-03-03
SYN-31196b4c48dc7a60,684105001,6,85,510,2023-03-03
SYN-311a82eb93161eac,640530001,4,27,108,2023-07-08
SYN-311a82eb93161eac,672054002,6,17,102,2023-07-08
SYN-311bd77c9e455a35,442633005,5,34,170,2023-06-03
SYN-311bd77c9e455a35,546519008,6,34,204,2023-06-03
SYN-311bd77c9e455a35,548978001,3,51,153,2023-06-03
SYN-312e8af53df77c63,519929006,2,9,18,2023-09-26
SYN-312e8af53df77c63,587782005,2,27,54,2023-09-26
SYN-312e8af53df77c63,639192001,2,68,136,2023-09-26
SYN-3134d9d20bd1c81b,573085001,5,24,120,2023-02-14
SYN-3134d9d20bd1c81b,620951001,6,42,252,2023-02-14
SYN-3134d9d20bd1c81b,620951002,2,34,68,2023-02-14
SYN-3135eca8c0acc9c4,714378001,3,34,102,2023-01-16
SYN-3137ff5258d902ef,666638003,3,23,69,2023-01-17
SYN-3143dbdf6fa3e223,372860001,2,14,28,2023-06-19
SYN-3143dbdf6fa3e223,631536005,4,17,68,2023-06-19
SYN-3143dbdf6fa3e223,677930005,2,17,34,2023-06-19
SYN-3143dbdf6fa3e223,694672001,5,14,70,2023-06-19
SYN-3158caa8ccd31e79,590748001,3,61,183,2023-03-23
SYN-3158caa8ccd31e79,710060001,4,42,168,2023-03-23
SYN-315f47e8f52961cd,509465002,4,12,48,2023-04-22
SYN-315f47e8f52961cd,575542001,4,20,80,2023-04-22
SYN-315f47e8f52961cd,577314002,3,12,36,2023-04-22
SYN-315f47e8f52961cd,585851001,6,19,114,2023-04-22
SYN-315f47e8f52961cd,597082001,5,15,75,2023-04-22
SYN-31699235dda1982f,693584002,2,51,102,2023-05-19
SYN-316eca1ca5314fbe,685687001,3,17,51,2023-09-24
SYN-3177645e5774a707,599374003,5,14,70,2023-11-29
SYN-3177645e5774a707,669328001,2,41,82,2023-11-29
SYN-318796ff1ea02457,597082001,2,15,30,2023-12-29
SYN-318796ff1ea02457,597082002,5,20,100,2023-12-29
SYN-318796ff1ea02457,602976003,5,24,120,2023-12-29
SYN-318796ff1ea02457,608570003,6,33,198,2023-12-29
SYN-318796ff1ea02457,687934001,4,25,100,2023-12-29
SYN-31895d7357c57562,637661001,5,51,255,2023-01-14
SYN-3189e1b0da0ea7bc,501820004,4,17,68,2023-11-05
SYN-319af690ec314c9f,625939012,5,8,40,2023-08-21
SYN-319af690ec314c9f,625939013,4,9,36,2023-08-21
SYN-319af690ec314c9f,678342008,4,9,36,2023-08-21
SYN-319f0a79747300eb,399136009,2,68,136,2023-01-03
SYN-319f0a79747300eb,399136027,6,68,408,2023-01-03
SYN-319f0a79747300eb,554598001,4,17,68,2023-01-03
SYN-319f0a79747300eb,554598008,6,17,102,2023-01-03
SYN-319f0a79747300eb,601743001,5,7,35,2023-01-03
SYN-319f0a79747300eb,610776023,2,9,18,2023-01-03
SYN-31aedf3f82aadba2,637515001,4,34,136,2023-12-30
SYN-31b2a654fd27f236,446224014,6,12,72,2023-06-06
SYN-31b2a654fd27f236,555364003,2,24,48,2023-06-06
SYN-31b2a654fd27f236,579541004,5,17,85,2023-06-06
SYN-31b2a654fd27f236,579990002,6,9,54,2023-06-06
SYN-31b2a654fd27f236,612891002,3,40,120,2023-06-06
SYN-31b2a654fd27f236,685687004,4,17,68,2023-06-06
SYN-31bad2d9c8759c80,665095003,5,25,125,2023-04-01
SYN-31c0e2430ebd7fe1,529008026,6,25,150,2023-04-27
SYN-31c0e2430ebd7fe1,529012025,5,10,50,2023-04-27
SYN-31c0e2430ebd7fe1,577992006,5,22,110,2023-04-27
SYN-31c0e2430ebd7fe1,611415005,5,17,85,2023-04-27
SYN-31c32139b7fd45ba,633136003,3,34,102,2023-04-23
SYN-31c32139b7fd45ba,686269001,3,17,51,2023-04-23
SYN-31ca5a3af00d4a41,633130019,6,17,102,2023-05-15
SYN-31ca5a3af00d4a41,657497001,4,25,100,2023-05-15
SYN-31d6ae7257f7d178,504742003,6,17,102,2023-05-19
SYN-31d6ae7257f7d178,549914003,2,12,24,2023-05-19
SYN-31d6ae7257f7d178,573085020,2,34,68,2023-05-19
SYN-31d6ae7257f7d178,586265002,4,31,124,2023-05-19
SYN-31d6ae7257f7d178,589924004,3,14,42,2023-05-19
SYN-31d6ae7257f7d178,589924005,5,14,70,2023-05-19
SYN-31d6ae7257f7d178,597082001,6,15,90,2023-05-19
SYN-31d6ae7257f7d178,619660001,3,32,96,2023-05-19
SYN-31d6ae7257f7d178,632451001,6,25,150,2023-05-19
SYN-31d6ae7257f7d178,633142004,2,17,34,2023-05-19
SYN-31d6ae7257f7d178,635146002,6,7,42,2023-05-19
SYN-31d6ae7257f7d178,640478001,4,14,56,2023-05-19
SYN-31d6ae7257f7d178,642960001,6,27,162,2023-05-19
SYN-31da43df38b411a2,639685006,5,42,210,2023-08-08
SYN-31da43df38b411a2,667491006,6,25,150,2023-08-08
SYN-31e6d35ac983a481,399201020,2,85,170,2023-02-14
SYN-31e6d35ac983a481,637549012,6,34,204,2023-02-14
SYN-31f1de84cdfa8b1a,599742002,6,12,72,2023-08-20
SYN-31f1de84cdfa8b1a,599742003,4,29,116,2023-08-20
SYN-31f1de84cdfa8b1a,635418002,3,12,36,2023-08-20
SYN-31f1de84cdfa8b1a,685687004,4,17,68,2023-08-20
SYN-31f1fdc928f57d95,609727002,5,31,155,2023-01-02
SYN-31fd47e994c75806,639576001,6,48,288,2023-04-11
SYN-32061011354fc7b4,562820006,6,9,54,2023-02-07
SYN-32061011354fc7b4,594430001,6,20,120,2023-02-07
SYN-32061011354fc7b4,627389006,5,15,75,2023-02-07
SYN-320cf5a6fb41b85e,309864002,2,15,30,2023-03-12
SYN-320cf5a6fb41b85e,554541015,4,38,152,2023-03-12
SYN-320cf5a6fb41b85e,559129006,4,38,152,2023-03-12
SYN-320cf5a6fb41b85e,629023006,2,15,30,2023-03-12
SYN-320cf5a6fb41b85e,629023007,3,15,45,2023-03-12
SYN-320cf5a6fb41b85e,654375001,4,15,60,2023-03-12
SYN-320f1ee5177e9490,636323001,6,17,102,2023-08-17
SYN-320f1ee5177e9490,673638002,6,17,102,2023-08-17
SYN-320f1ee5177e9490,679494004,5,16,80,2023-08-17
SYN-32344d76573362ec,399136009,2,85,170,2023-02-28
SYN-32344d76573362ec,539723001,6,34,204,2023-02-28
SYN-32344d76573362ec,614854001,6,17,102,2023-02-28
SYN-32344d76573362ec,622140005,3,14,42,2023-02-28
SYN-32344d76573362ec,633130015,4,17,68,2023-02-28
SYN-323942275df8d4ad,613497008,3,34,102,2023-05-15
SYN-323942275df8d4ad,683662005,5,14,70,2023-05-15
SYN-325c58f57fe9c91c,683662002,5,14,70,2023-08-07
SYN-325c58f57fe9c91c,683662005,6,14,84,2023-08-07
SYN-326e0efc5afccb41,675281001,2,25,50,2023-10-28
SYN-326f9a3ff1b81e7e,534357013,4,54,216,2023-05-22
SYN-326f9a3ff1b81e7e,589924009,5,25,125,2023-05-22
SYN-326f9a3ff1b81e7e,637661001,2,51,102,2023-05-22
SYN-326f9a3ff1b81e7e,663942005,3,34,102,2023-05-22
SYN-326f9a3ff1b81e7e,671505001,4,34,136,2023-05-22
SYN-326f9a3ff1b81e7e,683662002,5,14,70,2023-05-22
SYN-3273b3277ec85d74,637515011,5,34,170,2023-10-21
SYN-32824b25c3e8a3e7,594264003,2,14,28,2023-05-06
SYN-32824b25c3e8a3e7,603584011,3,14,42,2023-05-06
SYN-32824b25c3e8a3e7,617328002,5,19,95,2023-05-06
SYN-3284a134b13dd54d,399136061,5,51,255,2023-04-15
SYN-3284a134b13dd54d,502186011,5,34,170,2023-04-15
SYN-3284a134b13dd54d,578474001,5,68,340,2023-04-15
SYN-3284a134b13dd54d,679494004,3,17,51,2023-04-15
SYN-3284a134b13dd54d,685687001,3,17,51,2023-04-15
SYN-3284a134b13dd54d,685687004,2,17,34,2023-04-15
SYN-3289e6a1c41dda3b,560209004,5,9,45,2023-08-27
SYN-3289e6a1c41dda3b,607596001,3,41,123,2023-08-27
SYN-328fa098bc30b416,573716002,5,25,125,2023-10-15
SYN-328fa098bc30b416,573716012,6,25,150,2023-10-15
SYN-329d8a5570eb4521,189616007,6,17,102,2023-10-02
SYN-329e01284e583f14,397068015,4,34,136,2023-12-07
SYN-329e01284e583f14,567424006,4,51,204,2023-12-07
SYN-329e01284e583f14,637266003,3,34,102,2023-12-07
SYN-329e01284e583f14,670334001,6,42,252,2023-12-07
SYN-32a285b48f0254df,538142004,2,23,46,2023-11-23
SYN-32a285b48f0254df,562914005,5,12,60,2023-11-23
SYN-32a285b48f0254df,598779002,4,12,48,2023-11-23
SYN-32a285b48f0254df,612674004,3,14,42,2023-11-23
SYN-32a4b5ca2c3b4254,674492001,4,25,100,2023-03-18
SYN-32a7845223629876,631480006,3,9,27,2023-04-16
SYN-32a7845223629876,678260005,2,10,20,2023-04-16
SYN-32c09b1558f2f6f8,487827023,4,68,272,2023-01-07
SYN-32c09b1558f2f6f8,678239002,6,25,150,2023-01-07
SYN-32c81fdb7cd43cf0,562245001,6,22,132,2023-03-01
SYN-32c81fdb7cd43cf0,562245034,4,20,80,2023-03-01
SYN-32c81fdb7cd43cf0,573716039,2,25,50,2023-03-01
SYN-32d08df8fa3a20d7,679494004,2,17,34,2023-02-08
SYN-32edde0ca6c4b0c1,494691001,4,8,32,2023-10-11
SYN-32edde0ca6c4b0c1,598665002,6,12,72,2023-10-11
SYN-32f0e238755addfc,539723001,5,34,170,2023-07-25
SYN-32f0e238755addfc,539723005,2,34,68,2023-07-25
SYN-32f0e238755addfc,633135005,5,34,170,2023-07-25
SYN-32f0e238755addfc,633808002,5,14,70,2023-07-25
SYN-32f44f8f4c3b6f4e,592180003,5,16,80,2023-10-19
SYN-32f44f8f4c3b6f4e,662857005,6,34,204,2023-10-19
SYN-32f44f8f4c3b6f4e,688385003,4,61,244,2023-10-19
SYN-32f8fa8303144398,504154020,2,42,84,2023-05-23
SYN-3308684ff478fa50,637673005,4,34,136,2023-03-15
SYN-3308684ff478fa50,683662006,4,14,56,2023-03-15
SYN-330f655fb3162cd5,512251004,4,25,100,2023-11-22
SYN-330f655fb3162cd5,673638002,4,17,68,2023-11-22
SYN-330f655fb3162cd5,673677002,5,17,85,2023-11-22
SYN-330f655fb3162cd5,685687002,5,17,85,2023-11-22
SYN-330f655fb3162cd5,685687003,2,17,34,2023-11-22
SYN-331a51111f4ef0fe,464679003,5,20,100,2023-12-04
SYN-331a51111f4ef0fe,658298001,2,32,64,2023-12-04
SYN-331cc982cc3d9200,560621004,5,102,510,2023-07-17
SYN-33582f9dd42c3aba,692454002,5,25,125,2023-12-12
SYN-3367026e12e3fe1c,482638006,3,10,30,2023-11-21
SYN-3367026e12e3fe1c,537076001,5,102,510,2023-11-21
SYN-3367026e12e3fe1c,560221002,3,12,36,2023-11-21
SYN-3367026e12e3fe1c,560221006,6,15,90,2023-11-21
SYN-3367026e12e3fe1c,560222002,5,5,25,2023-11-21
SYN-3367026e12e3fe1c,566140001,3,7,21,2023-11-21
SYN-3367026e12e3fe1c,577887003,6,7,42,2023-11-21
SYN-3367026e12e3fe1c,581162001,6,15,90,2023-11-21
SYN-3367026e12e3fe1c,585130001,4,15,60,2023-11-21
SYN-3367026e12e3fe1c,663368001,3,51,153,2023-11-21
SYN-3374aef5ce5c054b,324946001,2,17,34,2023-11-25
SYN-3374aef5ce5c054b,685284001,6,42,252,2023-11-25
SYN-33b9b2da6c1f3b50,429313016,2,31,62,2023-05-13
SYN-33b9b2da6c1f3b50,529008038,6,25,150,2023-05-13
SYN-33b9b2da6c1f3b50,663695002,2,14,28,2023-05-13
SYN-33b9b2da6c1f3b50,664075005,4,14,56,2023-05-13
SYN-33c35355a303fb7e,562245001,2,22,44,2023-08-20
SYN-33c35355a303fb7e,562245018,6,20,120,2023-08-20
SYN-33c35355a303fb7e,577259003,4,15,60,2023-08-20
SYN-33c35355a303fb7e,581086004,2,17,34,2023-08-20
SYN-33c35355a303fb7e,617900008,5,17,85,2023-08-20
SYN-33c35355a303fb7e,635418001,6,15,90,2023-08-20
SYN-33c35355a303fb7e,635418002,2,12,24,2023-08-20
SYN-33c35355a303fb7e,685687002,3,17,51,2023-08-20
SYN-33c35355a303fb7e,685687004,2,17,34,2023-08-20
SYN-33c372f1947dcf87,306307002,4,5,20,2023-04-06
SYN-33c372f1947dcf87,341452001,3,31,93,2023-04-06
SYN-33c372f1947dcf87,461414009,3,46,138,2023-04-06
SYN-33c372f1947dcf87,521302008,2,15,30,2023-04-06
SYN-33c372f1947dcf87,569847001,3,20,60,2023-04-06
SYN-33c372f1947dcf87,591181002,4,27,108,2023-04-06
SYN-33c372f1947dcf87,592180003,2,20,40,2023-04-06
SYN-33c372f1947dcf87,626168003,3,27,81,2023-04-06
SYN-33c372f1947dcf87,627197005,3,14,42,2023-04-06
SYN-33c372f1947dcf87,631837003,3,14,42,2023-04-06
SYN-33c372f1947dcf87,665477001,3,34,102,2023-04-06
SYN-33c372f1947dcf87,669130001,5,17,85,2023-04-06
SYN-33c372f1947dcf87,671668005,5,31,155,2023-04-06
SYN-33c40605a1f7f97c,262277011,3,51,153,2023-07-04
SYN-33ed5df30aefc173,396135007,5,17,85,2023-01-23
SYN-33ee144b7405423e,547780001,4,25,100,2023-07-08
SYN-33ee144b7405423e,637005002,2,51,102,2023-07-08
SYN-3402953a7c92d0df,342034014,5,10,50,2023-05-02
SYN-3403b08a2772ba8b,637673007,6,34,204,2023-10-02
SYN-3407065b427d4508,108775051,3,5,15,2023-01-28
SYN-3407065b427d4508,458925001,2,12,24,2023-01-28
SYN-3407065b427d4508,458925002,5,9,45,2023-01-28
SYN-3407065b427d4508,604014001,2,17,34,2023-01-28
SYN-3407065b427d4508,607310005,2,68,136,2023-01-28
SYN-3407065b427d4508,608952002,4,68,272,2023-01-28
SYN-3407065b427d4508,608952004,4,20,80,2023-01-28
SYN-3407065b427d4508,615141002,4,25,100,2023-01-28
SYN-3407065b427d4508,623632003,6,29,174,2023-01-28
SYN-3407065b427d4508,625630002,2,22,44,2023-01-28
SYN-3407065b427d4508,633109002,5,17,85,2023-01-28
SYN-3407065b427d4508,645844001,4,25,100,2023-01-28
SYN-3407065b427d4508,648034001,6,36,216,2023-01-28
SYN-3407065b427d4508,651912002,2,10,20,2023-01-28
SYN-3407065b427d4508,692002006,6,51,306,2023-01-28
SYN-3407065b427d4508,717341002,3,68,204,2023-01-28
SYN-3407065b427d4508,727754001,6,25,150,2023-01-28
SYN-340b999007d0ee57,665877001,6,119,714,2023-07-19
SYN-34118dace867eee2,610776001,3,9,27,2023-11-15
SYN-34118dace867eee2,610776006,5,9,45,2023-11-15
SYN-34118dace867eee2,610776010,2,9,18,2023-11-15
SYN-34118dace867eee2,610776017,4,9,36,2023-11-15
SYN-34118dace867eee2,610776023,5,9,45,2023-11-15
SYN-34118dace867eee2,653208002,2,17,34,2023-11-15
SYN-34118dace867eee2,667924001,6,17,102,2023-11-15
SYN-342b497adda19488,666578001,4,34,136,2023-03-04
SYN-3433533a2e122cf8,595779008,6,25,150,2023-07-31
SYN-3433533a2e122cf8,660712003,3,42,126,2023-07-31
SYN-3433533a2e122cf8,660712011,6,42,252,2023-07-31
SYN-3433533a2e122cf8,686269001,4,17,68,2023-07-31
SYN-343ea23963b53885,586265001,5,31,155,2023-03-06
SYN-343f666ccda57682,661435001,3,68,204,2023-02-17
SYN-344e463ebabef354,658030001,5,51,255,2023-01-25
SYN-345186eb2cbf761f,589924005,2,14,28,2023-08-27
SYN-345186eb2cbf761f,620981001,6,42,252,2023-08-27
SYN-345186eb2cbf761f,633130015,2,17,34,2023-08-27
SYN-345186eb2cbf761f,633130019,5,17,85,2023-08-27
SYN-345186eb2cbf761f,657497001,3,25,75,2023-08-27
SYN-345186eb2cbf761f,665410002,2,25,50,2023-08-27
SYN-345186eb2cbf761f,686265002,5,17,85,2023-08-27
SYN-3454db67ed25fb64,588299002,4,34,136,2023-10-05
SYN-3454db67ed25fb64,633135005,4,34,136,2023-10-05
SYN-3454db67ed25fb64,694589001,6,25,150,2023-10-05
SYN-345be01809fdfd80,673677002,5,17,85,2023-05-18
SYN-345be01809fdfd80,675319004,2,51,102,2023-05-18
SYN-345e37931b5d487b,619110002,2,25,50,2023-08-31
SYN-345e37931b5d487b,628813002,4,14,56,2023-08-31
SYN-345e37931b5d487b,667127001,6,68,408,2023-08-31
SYN-345e37931b5d487b,685687001,6,17,102,2023-08-31
SYN-345e3b645a33e100,598691001,5,9,45,2023-06-30
SYN-345e3b645a33e100,678086002,6,20,120,2023-06-30
SYN-345e3b645a33e100,712838005,6,9,54,2023-06-30
SYN-3463981a466a43fa,372860024,4,14,56,2023-03-28
SYN-3463981a466a43fa,507909001,2,25,50,2023-03-28
SYN-3463981a466a43fa,507909022,5,25,125,2023-03-28
SYN-346879e3c98c9027,680186001,5,42,210,2023-01-17
SYN-346bc7b6d3f3127f,554598001,3,17,51,2023-12-12
SYN-346bc7b6d3f3127f,554598003,5,17,85,2023-12-12
SYN-346bc7b6d3f3127f,573085028,2,34,68,2023-12-12
SYN-346bc7b6d3f3127f,639573002,4,14,56,2023-12-12
SYN-346ecb48ea6b6cd3,568065004,2,34,68,2023-08-07
SYN-346ecb48ea6b6cd3,687270001,6,34,204,2023-08-07
SYN-346ff113e288597b,656649007,5,32,160,2023-06-04
SYN-3470299c58d59a4b,683662005,5,14,70,2023-05-21
SYN-34713f395096b77a,679986005,5,27,135,2023-10-06
SYN-3473b902e688dd0f,625480003,2,34,68,2023-09-21
SYN-3473b902e688dd0f,625480004,2,34,68,2023-09-21
SYN-3473b902e688dd0f,626813006,5,25,125,2023-09-21
SYN-3473b902e688dd0f,633861001,3,36,108,2023-09-21
SYN-3473b902e688dd0f,665507003,6,51,306,2023-09-21
SYN-34754f97165cd5c4,632143001,6,34,204,2023-09-24
SYN-347a2348d0fc1a52,549113001,3,59,177,2023-03-27
SYN-347a2348d0fc1a52,602985003,5,36,180,2023-03-27
SYN-347e1847de687758,651222005,2,43,86,2023-04-25
SYN-347e1847de687758,655784006,6,29,174,2023-04-25
SYN-348d9c4d1518f191,509280004,4,15,60,2023-03-08
SYN-348d9c4d1518f191,585788001,3,15,45,2023-03-08
SYN-348d9c4d1518f191,626000002,2,7,14,2023-03-08
SYN-348d9c4d1518f191,637549002,2,34,68,2023-03-08
SYN-3490594b872d704c,307239001,2,22,44,2023-05-15
SYN-3490594b872d704c,616708004,3,26,78,2023-05-15
SYN-34998f0c05773c25,592174001,4,34,136,2023-07-26
SYN-34998f0c05773c25,624556002,6,14,84,2023-07-26
SYN-34998f0c05773c25,662868001,6,34,204,2023-07-26
SYN-34998f0c05773c25,662868003,4,34,136,2023-07-26
SYN-34998f0c05773c25,662980001,4,34,136,2023-07-26
SYN-349f5b4f6d5c389b,661152002,6,64,384,2023-03-27
SYN-34b39039668564a6,661705001,2,59,118,2023-07-16
SYN-34d3d69d2e1ff79a,568597008,2,15,30,2023-01-01
SYN-34d3d69d2e1ff79a,647190001,5,12,60,2023-01-01
SYN-34d3d69d2e1ff79a,660497003,4,9,36,2023-01-01
SYN-34d3d69d2e1ff79a,671777001,4,5,20,2023-01-01
SYN-34f476ecffa07501,640677004,3,25,75,2023-02-06
SYN-351d3f5f6037e313,607609001,3,29,87,2023-06-17
SYN-352520b6bc4a7119,510126016,4,51,204,2023-11-08
SYN-352520b6bc4a7119,667491002,4,25,100,2023-11-08
SYN-352520b6bc4a7119,671505001,2,34,68,2023-11-08
SYN-352520b6bc4a7119,671505002,4,34,136,2023-11-08
SYN-352520b6bc4a7119,688463001,5,14,70,2023-11-08
SYN-352520b6bc4a7119,714421001,6,34,204,2023-11-08
SYN-352e82c1e6238bbf,570474003,4,15,60,2023-01-25
SYN-352e82c1e6238bbf,633130001,2,15,30,2023-01-25
SYN-352e82c1e6238bbf,633130005,2,15,30,2023-01-25
SYN-352e82c1e6238bbf,633130014,4,15,60,2023-01-25
SYN-354b3be3d00d63d7,123173001,3,13,39,2023-10-31
SYN-354b3be3d00d63d7,228257001,6,8,48,2023-10-31
SYN-354b3be3d00d63d7,316441001,3,16,48,2023-10-31
SYN-354b3be3d00d63d7,436261001,4,13,52,2023-10-31
SYN-354b3be3d00d63d7,538699001,4,8,32,2023-10-31
SYN-354b3be3d00d63d7,539723001,4,33,132,2023-10-31
SYN-354b3be3d00d63d7,560047001,4,13,52,2023-10-31
SYN-354b3be3d00d63d7,674913003,6,65,390,2023-10-31
SYN-354b3be3d00d63d7,705094003,5,41,205,2023-10-31
SYN-354ba9ca8af3def5,636323005,6,17,102,2023-07-24
SYN-354f53a20df79a19,621381001,3,31,93,2023-09-22
SYN-3550fd9feee5c7e5,572124001,5,39,195,2023-03-10
SYN-3550fd9feee5c7e5,572399004,2,15,30,2023-03-10
SYN-3550fd9feee5c7e5,581086004,2,16,32,2023-03-10
SYN-3550fd9feee5c7e5,581543001,5,19,95,2023-03-10
SYN-3550fd9feee5c7e5,589924004,4,13,52,2023-03-10
SYN-3550fd9feee5c7e5,605053002,2,16,32,2023-03-10
SYN-3550fd9feee5c7e5,605053003,5,13,65,2023-03-10
SYN-3550fd9feee5c7e5,613551002,4,39,156,2023-03-10
SYN-355929ddd7e26ee1,626816001,2,25,50,2023-09-08
SYN-355d87bfdb0a0de1,516903008,3,32,96,2023-03-20
SYN-355d87bfdb0a0de1,542730006,6,79,474,2023-03-20
SYN-355d87bfdb0a0de1,621381001,6,31,186,2023-03-20
SYN-355d87bfdb0a0de1,678983002,4,16,64,2023-03-20
SYN-3564071f58283686,514482002,4,25,100,2023-09-01
SYN-3564071f58283686,538699001,6,9,54,2023-09-01
SYN-3564071f58283686,692454002,5,25,125,2023-09-01
SYN-3564071f58283686,708706001,3,68,204,2023-09-01
SYN-3579e83fd13c2cad,655784001,2,34,68,2023-11-25
SYN-3579efde02ffacd9,618160002,4,20,80,2023-12-04
SYN-3579efde02ffacd9,677218001,3,42,126,2023-12-04
SYN-3579efde02ffacd9,680374003,4,34,136,2023-12-04
SYN-3579efde02ffacd9,688873001,6,34,204,2023-12-04
SYN-357a34f057374f44,639836001,4,102,408,2023-02-14
SYN-357a34f057374f44,639836004,4,102,408,2023-02-14
SYN-357a34f057374f44,670752002,5,153,765,2023-02-14
SYN-357a34f057374f44,692155002,2,85,170,2023-02-14
SYN-3581c4d3a8d637bc,594517003,3,31,93,2023-11-03
SYN-3581c4d3a8d637bc,613246001,2,23,46,2023-11-03
SYN-358e7733db3c2ee5,568597006,6,42,252,2023-09-18
SYN-358e7733db3c2ee5,688873008,3,34,102,2023-09-18
SYN-359b29199e4b9041,641708001,3,74,222,2023-02-01
SYN-35a1cd9de59e0bb6,625818001,5,34,170,2023-05-25
SYN-35a1cd9de59e0bb6,637549003,2,34,68,2023-05-25
SYN-35a1cd9de59e0bb6,662857001,2,42,84,2023-05-25
SYN-35ac8de9e94a5940,580857001,5,44,220,2023-08-05
SYN-35b482063b8beec3,662948003,2,42,84,2023-09-28
SYN-35b58be5a811d77a,667709001,6,51,306,2023-06-12
SYN-35b6c183035c7479,676954001,3,51,153,2023-12-12
SYN-35bad1037f6b997b,580768001,4,42,168,2023-09-17
SYN-35bad1037f6b997b,580768002,6,15,90,2023-09-17
SYN-35bad1037f6b997b,612064008,3,31,93,2023-09-17
SYN-35bad1037f6b997b,625618001,6,25,150,2023-09-17
SYN-35bad1037f6b997b,671505001,5,34,170,2023-09-17
SYN-35bad1037f6b997b,678065001,6,42,252,2023-09-17
SYN-35bad1037f6b997b,714367001,6,25,150,2023-09-17
SYN-35bb47307c3f022a,516000070,6,16,96,2023-04-24
SYN-35bb47307c3f022a,562252001,5,24,120,2023-04-24
SYN-35bb47307c3f022a,579541036,3,16,48,2023-04-24
SYN-35bb47307c3f022a,591334017,5,16,80,2023-04-24
SYN-35bb47307c3f022a,591334019,4,16,64,2023-04-24
SYN-35bb47307c3f022a,649492009,4,16,64,2023-04-24
SYN-35bffb70f49632a0,652696001,4,17,68,2023-07-19
SYN-35c7765187f49873,682267002,6,51,306,2023-07-12
SYN-35e383fa4504b9c4,573085020,4,34,136,2023-09-10
SYN-35e383fa4504b9c4,615378005,2,15,30,2023-09-10
SYN-35e383fa4504b9c4,626816003,2,25,50,2023-09-10
SYN-35e383fa4504b9c4,652742001,5,59,295,2023-09-10
SYN-35e383fa4504b9c4,690478001,6,34,204,2023-09-10
SYN-35e499342dd363cc,524825019,4,42,168,2023-01-09
SYN-35e499342dd363cc,554598028,5,17,85,2023-01-09
SYN-35e499342dd363cc,568601018,4,51,204,2023-01-09
SYN-360e47201a413a5a,637549003,4,34,136,2023-09-14
SYN-360e47201a413a5a,637549004,5,34,170,2023-09-14
SYN-360e47201a413a5a,637661003,4,51,204,2023-09-14
SYN-360e47201a413a5a,667491011,3,25,75,2023-09-14
SYN-360e47201a413a5a,671505002,3,34,102,2023-09-14
SYN-360e47201a413a5a,685284001,6,42,252,2023-09-14
SYN-360e47201a413a5a,685687004,2,17,34,2023-09-14
SYN-360e47201a413a5a,688873005,5,34,170,2023-09-14
SYN-361d17e6fa4e06c8,504881006,4,10,40,2023-12-26
SYN-361d17e6fa4e06c8,545439001,3,17,51,2023-12-26
SYN-361d17e6fa4e06c8,549961001,4,14,56,2023-12-26
SYN-361d17e6fa4e06c8,577985001,5,20,100,2023-12-26
SYN-361d17e6fa4e06c8,583443001,6,15,90,2023-12-26
SYN-361d17e6fa4e06c8,633219002,5,5,25,2023-12-26
SYN-3625471f050ea2f2,608007005,6,119,714,2023-05-16
SYN-3625471f050ea2f2,665506001,4,119,476,2023-05-16
SYN-3634de28b8b9a195,605053003,4,14,56,2023-03-04
SYN-3634de28b8b9a195,613666002,6,39,234,2023-03-04
SYN-3634de28b8b9a195,639478002,4,14,56,2023-03-04
SYN-3646c31e216fa9d9,631480005,5,9,45,2023-03-07
SYN-3649ab2eba92666e,574109015,6,25,150,2023-03-15
SYN-3649ab2eba92666e,578469004,5,64,320,2023-03-15
SYN-3649ab2eba92666e,591333003,2,24,48,2023-03-15
SYN-3649ab2eba92666e,615367008,3,25,75,2023-03-15
SYN-3649ab2eba92666e,620081006,3,25,75,2023-03-15
SYN-3649ab2eba92666e,624486009,3,14,42,2023-03-15
SYN-364e4a6d162550f7,598806012,5,17,85,2023-03-12
SYN-364e4a6d162550f7,662230001,2,51,102,2023-03-12
SYN-36559688044971e3,579541001,2,17,34,2023-01-20
SYN-36559688044971e3,579541004,3,17,51,2023-01-20
SYN-3666f88e1a442493,630116001,6,29,174,2023-07-02
SYN-3681a87322c3a443,507910001,5,25,125,2023-01-14
SYN-3681a87322c3a443,562245001,3,22,66,2023-01-14
SYN-3681a87322c3a443,562245006,3,34,102,2023-01-14
SYN-3681a87322c3a443,568601006,4,51,204,2023-01-14
SYN-3681a87322c3a443,578487011,3,64,192,2023-01-14
SYN-3681a87322c3a443,648627001,5,17,85,2023-01-14
SYN-3681a87322c3a443,685687004,5,17,85,2023-01-14
SYN-369456ca0762f1fa,633148017,6,24,144,2023-12-10
SYN-36b80dc105859048,524825012,3,32,96,2023-01-19
SYN-36b80dc105859048,665212003,3,38,114,2023-01-19
SYN-36e3f6335ebcef97,160442007,2,14,28,2023-06-24
SYN-36e3f6335ebcef97,160442010,4,14,56,2023-06-24
SYN-36e3f6335ebcef97,622958003,4,42,168,2023-06-24
SYN-36ed7f48af79ef19,633130020,5,16,80,2023-07-30
SYN-36ed7f48af79ef19,671502001,3,47,141,2023-07-30
SYN-36f04052fa7245f8,700833004,2,68,136,2023-02-03
SYN-36f69a80664e71dd,574109012,5,25,125,2023-03-03
SYN-36f69a80664e71dd,624486009,5,14,70,2023-03-03
SYN-36f7861d45ad1b26,505221001,5,20,100,2023-11-10
SYN-36f7861d45ad1b26,505221004,5,15,75,2023-11-10
SYN-36f7861d45ad1b26,685687001,2,17,34,2023-11-10
SYN-36f7861d45ad1b26,685687003,3,17,51,2023-11-10
SYN-36f7861d45ad1b26,685687004,6,17,102,2023-11-10
SYN-3707fa9ecbdfc51f,636172001,2,51,102,2023-04-23
SYN-37204686f34469af,464679003,3,20,60,2023-03-02
SYN-37204686f34469af,567479001,3,15,45,2023-03-02
SYN-37204686f34469af,573626001,3,20,60,2023-03-02
SYN-37204686f34469af,617322003,4,34,136,2023-03-02
SYN-37204686f34469af,637255010,5,25,125,2023-03-02
SYN-37204686f34469af,649397001,3,42,126,2023-03-02
SYN-37204686f34469af,649397002,5,42,210,2023-03-02
SYN-37204686f34469af,663942002,6,34,204,2023-03-02
SYN-3742f36cc435c7e1,693951004,2,25,50,2023-12-21
SYN-374a8f9588731e02,556438001,2,34,68,2023-06-15
SYN-374a8f9588731e02,672224001,4,59,236,2023-06-15
SYN-374e62275e56ac88,711521001,6,24,144,2023-02-14
SYN-3751f97176e545cb,665095003,4,25,100,2023-12-23
SYN-37524001960e1f4b,572942002,2,36,72,2023-05-29
SYN-3765fcea2dee4e8b,635049003,3,14,42,2023-08-25
SYN-3765fcea2dee4e8b,635425002,2,17,34,2023-08-25
SYN-379643a09cdf2b9d,501820001,3,17,51,2023-08-28
SYN-37a36ae21f019b32,592172007,4,7,28,2023-09-30
SYN-37a36ae21f019b32,685687001,2,17,34,2023-09-30
SYN-37a4a0eb4e1b2c5f,565379001,4,8,32,2023-01-23
SYN-37a4a0eb4e1b2c5f,565379002,3,8,24,2023-01-23
SYN-37a4a0eb4e1b2c5f,635789005,2,15,30,2023-01-23
SYN-37a97406036da671,685687003,6,17,102,2023-01-22
SYN-37c4c2b93dc2453f,680374004,6,32,192,2023-03-05
SYN-37db58f108641701,564787014,2,40,80,2023-08-01
SYN-37db58f108641701,577512001,6,48,288,2023-08-01
SYN-37db58f108641701,608769005,4,64,256,2023-08-01
SYN-37e42a270340041a,601468006,6,68,408,2023-11-12
SYN-37e909eb2cee47d9,316441001,2,16,32,2023-06-20
SYN-37e909eb2cee47d9,316441011,2,16,32,2023-06-20
SYN-37e909eb2cee47d9,355569001,6,8,48,2023-06-20
SYN-37e909eb2cee47d9,355569004,5,8,40,2023-06-20
SYN-37e909eb2cee47d9,393447015,2,64,128,2023-06-20
SYN-37e909eb2cee47d9,463970023,5,21,105,2023-06-20
SYN-37e909eb2cee47d9,657497006,2,24,48,2023-06-20
SYN-37ed34efe2e21a3e,501820001,6,17,102,2023-07-14
SYN-37ed34efe2e21a3e,636587006,5,9,45,2023-07-14
SYN-37ed34efe2e21a3e,688463001,2,14,28,2023-07-14
SYN-37f11ffebfb32f0d,619148005,3,24,72,2023-02-08
SYN-37f482ceb7664218,581971001,2,59,118,2023-02-11
SYN-37f482ceb7664218,657287001,5,17,85,2023-02-11
SYN-380fcc0f696ff4bf,487932024,3,12,36,2023-12-24
SYN-380fcc0f696ff4bf,487932038,3,12,36,2023-12-24
SYN-380fcc0f696ff4bf,567657006,3,31,93,2023-12-24
SYN-380fcc0f696ff4bf,626441007,5,31,155,2023-12-24
SYN-380fcc0f696ff4bf,646171001,6,31,186,2023-12-24
SYN-38280901c2ee0d35,562245057,5,29,145,2023-02-01
SYN-3828454ad4e78336,390512018,6,14,84,2023-07-13
SYN-3828454ad4e78336,637549012,5,34,170,2023-07-13
SYN-3828454ad4e78336,649671002,6,42,252,2023-07-13
SYN-382a06aecb625c10,687756002,6,85,510,2023-11-09
SYN-382a06aecb625c10,703193001,5,25,125,2023-11-09
SYN-38331665f5bf5bfc,613666003,3,59,177,2023-06-03
SYN-38331665f5bf5bfc,660712002,5,42,210,2023-06-03
SYN-3846b01f6516be12,564364002,3,16,48,2023-12-09
SYN-3850b5ce2b3ef216,509468002,6,56,336,2023-12-20
SYN-3850b5ce2b3ef216,548930002,3,19,57,2023-12-20
SYN-3850b5ce2b3ef216,622678003,6,22,132,2023-12-20
SYN-3850b5ce2b3ef216,653587001,3,59,177,2023-12-20
SYN-3850b5ce2b3ef216,657970001,5,68,340,2023-12-20
SYN-3850b5ce2b3ef216,667985001,6,34,204,2023-12-20
SYN-3853d40285aa80dc,601284002,4,20,80,2023-10-18
SYN-3856fc288433dca7,637661002,5,51,255,2023-09-05
SYN-3856fc288433dca7,661435002,6,85,510,2023-09-05
SYN-3856fc288433dca7,669034002,5,85,425,2023-09-05
SYN-385eecf059af5db7,624383004,5,25,125,2023-10-16
SYN-385f8e0e2f415788,633017001,6,42,252,2023-08-20
SYN-385f8e0e2f415788,663942008,4,34,136,2023-08-20
SYN-385f8e0e2f415788,673638001,5,17,85,2023-08-20
SYN-385f8e0e2f415788,677809001,2,34,68,2023-08-20
SYN-3864a566dd124351,568597019,2,42,84,2023-02-26
SYN-3864a566dd124351,655691001,5,51,255,2023-02-26
SYN-387d5a846580b1a4,568597009,2,27,54,2023-05-23
SYN-387d5a846580b1a4,599502009,3,32,96,2023-05-23
SYN-387d5a846580b1a4,632516001,6,68,408,2023-05-23
SYN-387d5a846580b1a4,660712011,4,42,168,2023-05-23
SYN-387d5a846580b1a4,672224001,6,59,354,2023-05-23
SYN-387d5a846580b1a4,714424001,5,42,210,2023-05-23
SYN-3881287c451a8c97,601622002,4,15,60,2023-05-27
SYN-3881287c451a8c97,622295001,6,36,216,2023-05-27
SYN-3881287c451a8c97,624723001,3,14,42,2023-05-27
SYN-389562417101d4a5,662076003,6,51,306,2023-06-17
SYN-389562417101d4a5,669882004,4,25,100,2023-06-17
SYN-38bbe32dd735221d,631837001,5,17,85,2023-03-26
SYN-38c888f5eb1c91d1,463970010,4,22,88,2023-07-31
SYN-38c888f5eb1c91d1,611415001,6,17,102,2023-07-31
SYN-38c888f5eb1c91d1,638416001,5,17,85,2023-07-31
SYN-38c888f5eb1c91d1,649038001,6,29,174,2023-07-31
SYN-38c888f5eb1c91d1,671800001,6,10,60,2023-07-31
SYN-38c888f5eb1c91d1,678079002,3,10,30,2023-07-31
SYN-38cc3aba8da6fd6b,532954003,3,3,9,2023-11-19
SYN-38cc3aba8da6fd6b,539723005,2,31,62,2023-11-19
SYN-38cc3aba8da6fd6b,622956005,6,46,276,2023-11-19
SYN-38ccfca67e10762f,505220001,2,22,44,2023-12-11
SYN-38ccfca67e10762f,570574001,6,17,102,2023-12-11
SYN-38f0c499b754da5d,565481002,6,41,246,2023-11-07
SYN-38f0c499b754da5d,586219005,4,54,216,2023-11-07
SYN-38f0c499b754da5d,605053003,2,14,28,2023-11-07
SYN-38f0c499b754da5d,642502001,2,51,102,2023-11-07
SYN-38f0c499b754da5d,678086001,5,20,100,2023-11-07
SYN-38fdad37c64bdce5,667499006,3,25,75,2023-12-27
SYN-38ff469bfb9c4f73,662868002,5,34,170,2023-05-10
SYN-39116e744e609cde,555102001,3,42,126,2023-01-10
SYN-39116e744e609cde,636407002,2,42,84,2023-01-10
SYN-3925fb41ce0e22f9,636898002,2,68,136,2023-09-26
SYN-3936bf12f60a2906,562245001,6,22,132,2023-03-23
SYN-3936bf12f60a2906,610321005,6,68,408,2023-03-23
SYN-3936bf12f60a2906,637549002,5,34,170,2023-03-23
SYN-3939a73c729accb7,611146010,6,19,114,2023-05-01
SYN-3939a73c729accb7,629396003,6,22,132,2023-05-01
SYN-3939a73c729accb7,658756001,5,22,110,2023-05-01
SYN-3939a73c729accb7,662160001,4,22,88,2023-05-01
SYN-3948daaadb983adb,536139006,3,17,51,2023-08-31
SYN-3948daaadb983adb,539723001,4,34,136,2023-08-31
SYN-394b3c450bd01c73,610776022,4,9,36,2023-09-10
SYN-39516a1e60324ec9,620081006,4,25,100,2023-04-27
SYN-39516a1e60324ec9,663009001,4,34,136,2023-04-27
SYN-39516a1e60324ec9,676512001,4,34,136,2023-04-27
SYN-39583f4a45d68b9a,685635001,2,85,170,2023-09-19
SYN-396e6cc2fcfaa48f,532578009,5,7,35,2023-07-17
SYN-396e6cc2fcfaa48f,587229001,5,15,75,2023-07-17
SYN-396e6cc2fcfaa48f,591800001,3,10,30,2023-07-17
SYN-396e6cc2fcfaa48f,611032001,3,12,36,2023-07-17
SYN-396eafff31aeb529,608483001,5,12,60,2023-05-08
SYN-396eafff31aeb529,614878001,2,24,48,2023-05-08
SYN-396f60393b8a37a7,564787001,5,12,60,2023-06-21
SYN-396f60393b8a37a7,564787014,4,42,168,2023-06-21
SYN-396f60393b8a37a7,624311002,5,12,60,2023-06-21
SYN-3972e10e88c5bd23,671505001,5,34,170,2023-05-23
SYN-39745596873f5145,507910001,4,25,100,2023-08-17
SYN-39745596873f5145,552471003,2,17,34,2023-08-17
SYN-39745596873f5145,573085001,6,21,126,2023-08-17
SYN-39745596873f5145,573085004,5,31,155,2023-08-17
SYN-39745596873f5145,625819001,6,25,150,2023-08-17
SYN-39745596873f5145,667491006,3,25,75,2023-08-17
SYN-39745596873f5145,667491011,2,25,50,2023-08-17
SYN-3979ac3c0ae8dafc,619502005,4,14,56,2023-08-20
SYN-397b5fe49e96b9ec,306307002,3,5,15,2023-04-28
SYN-397b5fe49e96b9ec,504152009,4,9,36,2023-04-28
SYN-397b5fe49e96b9ec,532578017,6,10,60,2023-04-28
SYN-397b5fe49e96b9ec,610776010,2,9,18,2023-04-28
SYN-397b5fe49e96b9ec,628930004,2,17,34,2023-04-28
SYN-3986c9604b7578e0,537612021,3,17,51,2023-01-12
SYN-3986c9604b7578e0,627009010,5,25,125,2023-01-12
SYN-3986c9604b7578e0,642975001,4,22,88,2023-01-12
SYN-3986c9604b7578e0,642975002,2,22,44,2023-01-12
SYN-3986c9604b7578e0,650678004,5,17,85,2023-01-12
SYN-3986c9604b7578e0,651793001,2,17,34,2023-01-12
SYN-398a90fad2c19edf,557248003,4,34,136,2023-02-17
SYN-398a90fad2c19edf,557248009,3,29,87,2023-02-17
SYN-398a90fad2c19edf,615959001,3,29,87,2023-02-17
SYN-398a90fad2c19edf,624632006,4,17,68,2023-02-17
SYN-398e2a7e0fa21500,578113002,4,29,116,2023-02-11
SYN-398e2a7e0fa21500,725253001,2,38,76,2023-02-11
SYN-399bfd5d48879b9f,399136004,5,59,295,2023-09-02
SYN-399bfd5d48879b9f,399136033,6,85,510,2023-09-02
SYN-399bfd5d48879b9f,510126016,4,51,204,2023-09-02
SYN-399bfd5d48879b9f,537346026,2,42,84,2023-09-02
SYN-399bfd5d48879b9f,598859003,2,51,102,2023-09-02
SYN-399bfd5d48879b9f,671421002,5,51,255,2023-09-02
SYN-399bfd5d48879b9f,685687003,4,17,68,2023-09-02
SYN-399bfd5d48879b9f,687821001,2,51,102,2023-09-02
SYN-39a2b0f2622f4519,634009010,2,25,50,2023-08-13
SYN-39a476cd9613952e,593829003,3,5,15,2023-12-13
SYN-39aa968157b23b4d,685687002,3,17,51,2023-10-30
SYN-39aa968157b23b4d,685687004,4,17,68,2023-10-30
SYN-39b858f680630039,646429001,6,48,288,2023-04-06
SYN-39bdd40c7d7f4df5,522461002,2,17,34,2023-02-05
SYN-39bdd40c7d7f4df5,649437001,3,34,102,2023-02-05
SYN-39bdd40c7d7f4df5,685687004,5,17,85,2023-02-05
SYN-39bea5afe9b62a0a,158340001,2,11,22,2023-08-03
SYN-39bea5afe9b62a0a,355072001,3,6,18,2023-08-03
SYN-39bea5afe9b62a0a,355072002,6,6,36,2023-08-03
SYN-39c5ccc857850e7c,186262006,6,4,24,2023-02-26
SYN-39c5ccc857850e7c,610776023,2,9,18,2023-02-26
SYN-39c5ccc857850e7c,610776024,6,9,54,2023-02-26
SYN-39d2e7a237d8baf6,573085001,5,24,120,2023-03-31
SYN-39d2e7a237d8baf6,589222001,6,24,144,2023-03-31
SYN-39d9ee2c4a8aee0c,473034010,4,12,48,2023-05-09
SYN-39d9ee2c4a8aee0c,519583008,3,34,102,2023-05-09
SYN-39d9ee2c4a8aee0c,583976001,3,25,75,2023-05-09
SYN-39d9ee2c4a8aee0c,591770001,4,17,68,2023-05-09
SYN-39d9ee2c4a8aee0c,598848006,4,31,124,2023-05-09
SYN-39d9ee2c4a8aee0c,621813001,3,14,42,2023-05-09
SYN-39d9ee2c4a8aee0c,678933002,4,42,168,2023-05-09
SYN-39e41e45ab6208d1,652671001,2,31,62,2023-02-18
SYN-39e41e45ab6208d1,652696001,2,17,34,2023-02-18
SYN-39e41e45ab6208d1,652708001,3,17,51,2023-02-18
SYN-39e41e45ab6208d1,655855001,3,34,102,2023-02-18
SYN-39e41e45ab6208d1,680810002,6,34,204,2023-02-18
SYN-39e6b2a1630af7f2,500780006,3,20,60,2023-06-05
SYN-39f2d61928fba18c,399136004,2,53,106,2023-01-30
SYN-39f2d61928fba18c,511783009,4,23,92,2023-01-30
SYN-39f2d61928fba18c,579541001,5,15,75,2023-01-30
SYN-39f2d61928fba18c,625819007,4,23,92,2023-01-30
SYN-39f2d61928fba18c,626816003,2,23,46,2023-01-30
SYN-39f2d61928fba18c,633130020,5,15,75,2023-01-30
SYN-39f2d61928fba18c,667870002,6,31,186,2023-01-30
SYN-39f2d61928fba18c,685687002,2,15,30,2023-01-30
SYN-39f2d61928fba18c,685687004,3,15,45,2023-01-30
SYN-39f2d61928fba18c,687524003,4,23,92,2023-01-30
SYN-39f4c0c8e1af6f29,599742001,4,25,100,2023-11-13
SYN-39f4c0c8e1af6f29,647946004,5,34,170,2023-11-13
SYN-39fa2dc3d782c98e,573149001,2,22,44,2023-12-17
SYN-39fa2dc3d782c98e,617919017,4,24,96,2023-12-17
SYN-39fa2dc3d782c98e,633946001,3,34,102,2023-12-17
SYN-39fa2dc3d782c98e,668767004,2,17,34,2023-12-17
SYN-39fa2dc3d782c98e,700862001,5,41,205,2023-12-17
SYN-39fa2dc3d782c98e,711694001,4,47,188,2023-12-17
SYN-3a0c40a8b0c586fc,656213003,4,34,136,2023-07-31
SYN-3a31f465b1c7c04b,429322001,3,42,126,2023-06-24
SYN-3a31f465b1c7c04b,580000001,4,14,56,2023-06-24
SYN-3a33786dc9c30d28,399201005,4,59,236,2023-01-17
SYN-3a33786dc9c30d28,487827007,3,44,132,2023-01-17
SYN-3a33786dc9c30d28,589222001,3,24,72,2023-01-17
SYN-3a33786dc9c30d28,589222002,3,17,51,2023-01-17
SYN-3a33786dc9c30d28,664133003,3,42,126,2023-01-17
SYN-3a33786dc9c30d28,665477001,6,34,204,2023-01-17
SYN-3a33786dc9c30d28,665477002,2,34,68,2023-01-17
SYN-3a3c6fea127aa3a5,573085001,6,21,126,2023-10-19
SYN-3a4288f9027d4c8b,601102001,2,22,44,2023-11-16
SYN-3a4288f9027d4c8b,681815001,4,17,68,2023-11-16
SYN-3a47835cb7417206,508544001,5,9,45,2023-11-22
SYN-3a47835cb7417206,581117001,5,9,45,2023-11-22
SYN-3a47835cb7417206,648995005,4,17,68,2023-11-22
SYN-3a47835cb7417206,722059002,3,9,27,2023-11-22
SYN-3a5129c3ea661a56,563519001,4,25,100,2023-10-31
SYN-3a516046da90ac84,611815001,6,68,408,2023-12-26
SYN-3a516046da90ac84,648635001,2,31,62,2023-12-26
SYN-3a516046da90ac84,662253002,3,85,255,2023-12-26
SYN-3a516046da90ac84,664319008,6,25,150,2023-12-26
SYN-3a525838084cae66,524825010,5,42,210,2023-01-14
SYN-3a525838084cae66,524825014,6,42,252,2023-01-14
SYN-3a525838084cae66,568597006,6,42,252,2023-01-14
SYN-3a525838084cae66,573716012,4,25,100,2023-01-14
SYN-3a525838084cae66,612182001,4,34,136,2023-01-14
SYN-3a525838084cae66,612182014,6,34,204,2023-01-14
SYN-3a54e0940adc8f6b,664074001,2,17,34,2023-01-06
SYN-3a56be1d0b5a5b04,671505001,6,34,204,2023-11-24
SYN-3a56be1d0b5a5b04,671505004,3,34,102,2023-11-24
SYN-3a5935119b302d88,572955001,2,32,64,2023-09-04
SYN-3a60e617398f98f6,662866001,3,42,126,2023-07-14
SYN-3a60e617398f98f6,662935001,5,51,255,2023-07-14
SYN-3a6ad4274db51504,214844001,4,3,12,2023-09-07
SYN-3a6ad4274db51504,537688014,5,51,255,2023-09-07
SYN-3a79957a81eba8a2,524825014,5,42,210,2023-03-18
SYN-3a79957a81eba8a2,581777001,4,36,144,2023-03-18
SYN-3a79957a81eba8a2,662857005,4,42,168,2023-03-18
SYN-3a79957a81eba8a2,670634001,2,42,84,2023-03-18
SYN-3a8149e6018b4f36,554450027,4,34,136,2023-07-04
SYN-3a8149e6018b4f36,614644001,5,51,255,2023-07-04
SYN-3a8df5a4f2644f9a,712074001,6,14,84,2023-07-31
SYN-3a932896bda1e55f,516903005,5,31,155,2023-09-13
SYN-3aa303e685930263,517462001,3,19,57,2023-11-18
SYN-3aa303e685930263,564491003,4,15,60,2023-11-18
SYN-3aa303e685930263,651464002,3,15,45,2023-11-18
SYN-3ab6690f4cc8bf05,650193001,3,51,153,2023-05-19
SYN-3ab6690f4cc8bf05,683773001,2,51,102,2023-05-19
SYN-3ac0903f732c627c,700833004,6,68,408,2023-10-26
SYN-3aebb98e3d3e1985,484398054,6,24,144,2023-10-19
SYN-3aebb98e3d3e1985,555102006,4,31,124,2023-10-19
SYN-3aebb98e3d3e1985,562820006,5,9,45,2023-10-19
SYN-3aebb98e3d3e1985,568253001,5,34,170,2023-10-19
SYN-3aebb98e3d3e1985,577314002,6,12,72,2023-10-19
SYN-3aebb98e3d3e1985,622159001,3,20,60,2023-10-19
SYN-3aebb98e3d3e1985,622159002,3,24,72,2023-10-19
SYN-3aebb98e3d3e1985,622295001,2,36,72,2023-10-19
SYN-3aebb98e3d3e1985,632172003,5,15,75,2023-10-19
SYN-3aebb98e3d3e1985,637515001,2,34,68,2023-10-19
SYN-3aebb98e3d3e1985,664748002,3,10,30,2023-10-19
SYN-3aef2a60497da084,399061012,5,56,280,2023-03-15
SYN-3aef3a66b2328f99,550309005,4,40,160,2023-08-13
SYN-3aef3a66b2328f99,579541007,5,17,85,2023-08-13
SYN-3aef3a66b2328f99,634332005,2,42,84,2023-08-13
SYN-3b0b10365fd594ff,559080002,4,5,20,2023-10-26
SYN-3b0b10365fd594ff,567635007,2,9,18,2023-10-26
SYN-3b0df5248a71552c,638039001,6,34,204,2023-06-05
SYN-3b0df5248a71552c,639677008,6,25,150,2023-06-05
SYN-3b100fb681aa8519,633130015,4,17,68,2023-06-02
SYN-3b2905afbe4a6a8f,642739002,4,34,136,2023-07-25
SYN-3b2a15776f5947ae,684105001,2,85,170,2023-05-06
SYN-3b2a5f46e689cae4,660519001,3,31,93,2023-02-09
SYN-3b2d293717b44960,198518010,3,16,48,2023-07-19
SYN-3b2d293717b44960,541286003,2,19,38,2023-07-19
SYN-3b2d293717b44960,577006002,2,13,26,2023-07-19
SYN-3b2d293717b44960,608069005,2,16,32,2023-07-19
SYN-3b2d293717b44960,608069010,3,16,48,2023-07-19
SYN-3b330d1d776c4eb6,679139001,5,24,120,2023-01-15
SYN-3b33a4f01b3994ed,612182014,5,34,170,2023-08-09
SYN-3b343b0a87667a89,573716010,4,25,100,2023-11-05
SYN-3b3a8cf176ca0879,456163026,5,34,170,2023-01-05
SYN-3b3a8cf176ca0879,625773001,3,59,177,2023-01-05
SYN-3b3a8cf176ca0879,657497007,4,25,100,2023-01-05
SYN-3b3a8cf176ca0879,674336001,3,34,102,2023-01-05
SYN-3b3a8cf176ca0879,676954001,3,51,153,2023-01-05
SYN-3b49e8b74a873744,567993017,3,22,66,2023-02-03
SYN-3b49e8b74a873744,613456001,3,15,45,2023-02-03
SYN-3b49e8b74a873744,657415002,4,22,88,2023-02-03
SYN-3b4e1eb49a935eaa,372860001,4,14,56,2023-12-27
SYN-3b4e1eb49a935eaa,507909023,2,25,50,2023-12-27
SYN-3b54447c81d2e1e6,622962001,4,51,204,2023-05-15
SYN-3b54447c81d2e1e6,671421002,2,51,102,2023-05-15
SYN-3b54447c81d2e1e6,673677002,4,17,68,2023-05-15
SYN-3b88f05859cac386,568253001,4,34,136,2023-08-22
SYN-3b8a902226c78cb3,237222012,3,17,51,2023-05-01
SYN-3b8a902226c78cb3,509210005,5,34,170,2023-05-01
SYN-3b8a902226c78cb3,515991012,6,17,102,2023-05-01
SYN-3b8a902226c78cb3,515991015,3,17,51,2023-05-01
SYN-3b8a902226c78cb3,561570001,5,34,170,2023-05-01
SYN-3b8a902226c78cb3,564314027,3,25,75,2023-05-01
SYN-3b8a902226c78cb3,635789001,2,17,34,2023-05-01
SYN-3b8a902226c78cb3,635789007,2,17,34,2023-05-01
SYN-3b8a902226c78cb3,677967002,2,25,50,2023-05-01
SYN-3b8cb0143da7bcea,617284001,6,31,186,2023-05-04
SYN-3b991e00e4557afd,687169001,2,119,238,2023-11-01
SYN-3bb076bdcd77d4e5,552471001,4,17,68,2023-08-19
SYN-3bbfb5fae3d39530,438460001,3,20,60,2023-03-21
SYN-3bbfb5fae3d39530,685687001,5,17,85,2023-03-21
SYN-3bbfb5fae3d39530,685687002,3,17,51,2023-03-21
SYN-3bcab593cb4a8141,519718007,3,51,153,2023-03-12
SYN-3bcab593cb4a8141,620081008,4,25,100,2023-03-12
SYN-3bd9851f5433a0da,399201005,2,53,106,2023-07-28
SYN-3bd9851f5433a0da,534181007,4,168,672,2023-07-28
SYN-3bd9851f5433a0da,535143002,2,42,84,2023-07-28
SYN-3bd9851f5433a0da,573085001,2,21,42,2023-07-28
SYN-3bd9851f5433a0da,573085010,5,31,155,2023-07-28
SYN-3bd9851f5433a0da,632523002,2,59,118,2023-07-28
SYN-3bd9851f5433a0da,652367005,3,34,102,2023-07-28
SYN-3bd9851f5433a0da,654521001,4,59,236,2023-07-28
SYN-3bd9851f5433a0da,657287004,6,17,102,2023-07-28
SYN-3bd9851f5433a0da,664074003,6,17,102,2023-07-28
SYN-3bd9851f5433a0da,666319002,5,68,340,2023-07-28
SYN-3bd9851f5433a0da,680374003,6,34,204,2023-07-28
SYN-3bd9851f5433a0da,697997001,6,25,150,2023-07-28
SYN-3be82241cb3b793d,146730001,6,10,60,2023-12-25
SYN-3be82241cb3b793d,201219001,6,19,114,2023-12-25
SYN-3be82241cb3b793d,237222001,4,17,68,2023-12-25
SYN-3be82241cb3b793d,349080001,5,13,65,2023-12-25
SYN-3be82241cb3b793d,523707002,4,25,100,2023-12-25
SYN-3be82241cb3b793d,531615005,4,20,80,2023-12-25
SYN-3be82241cb3b793d,538993002,3,34,102,2023-12-25
SYN-3be82241cb3b793d,561445026,4,9,36,2023-12-25
SYN-3be82241cb3b793d,565379004,3,9,27,2023-12-25
SYN-3be82241cb3b793d,576775001,2,31,62,2023-12-25
SYN-3be82241cb3b793d,610776002,3,9,27,2023-12-25
SYN-3be82241cb3b793d,617534004,5,25,125,2023-12-25
SYN-3be82241cb3b793d,628978004,2,168,336,2023-12-25
SYN-3be82241cb3b793d,628979005,5,153,765,2023-12-25
SYN-3be82241cb3b793d,630326004,5,17,85,2023-12-25
SYN-3be82241cb3b793d,630438002,4,17,68,2023-12-25
SYN-3be82241cb3b793d,651273002,5,22,110,2023-12-25
SYN-3be82241cb3b793d,661192001,3,17,51,2023-12-25
SYN-3be82241cb3b793d,662868003,5,34,170,2023-12-25
SYN-3be82241cb3b793d,662935002,3,51,153,2023-12-25
SYN-3be82241cb3b793d,668321001,4,17,68,2023-12-25
SYN-3be82241cb3b793d,676198001,5,51,255,2023-12-25
SYN-3be82241cb3b793d,695890001,5,136,680,2023-12-25
SYN-3bf564b47eacef51,663368001,6,51,306,2023-03-19
SYN-3bf564b47eacef51,675281001,2,25,50,2023-03-19
SYN-3c0b0f8a09365713,633781009,4,17,68,2023-02-27
SYN-3c0b0f8a09365713,633781015,3,17,51,2023-02-27
SYN-3c0b0f8a09365713,664319009,6,14,84,2023-02-27
SYN-3c0ed3f57c4abe13,655710007,4,51,204,2023-04-23
SYN-3c0f37fb9bb834e1,552370002,3,14,42,2023-05-03
SYN-3c0f37fb9bb834e1,598655008,2,10,20,2023-05-03
SYN-3c0f37fb9bb834e1,619353007,2,22,44,2023-05-03
SYN-3c0f37fb9bb834e1,619739037,5,19,95,2023-05-03
SYN-3c0f37fb9bb834e1,626415013,2,19,38,2023-05-03
SYN-3c110d8fabcb32eb,651165001,4,15,60,2023-07-09
SYN-3c110d8fabcb32eb,659295001,3,59,177,2023-07-09
SYN-3c110d8fabcb32eb,685687003,4,17,68,2023-07-09
SYN-3c110d8fabcb32eb,685687004,4,17,68,2023-07-09
SYN-3c11c53dd1bef428,548388014,4,42,168,2023-12-28
SYN-3c165a7cdf65c97b,514134001,6,68,408,2023-06-29
SYN-3c165a7cdf65c97b,639685006,6,42,252,2023-06-29
SYN-3c165a7cdf65c97b,651222002,3,51,153,2023-06-29
SYN-3c16f6e3af5737af,564314019,5,25,125,2023-09-28
SYN-3c16f6e3af5737af,624383007,2,25,50,2023-09-28
SYN-3c174749a445df00,436570023,5,25,125,2023-04-06
SYN-3c174749a445df00,646429001,6,38,228,2023-04-06
SYN-3c1a91b19ece9752,626346005,4,17,68,2023-08-14
SYN-3c1a91b19ece9752,688873007,2,34,68,2023-08-14
SYN-3c1cca73be469123,364297029,4,9,36,2023-10-18
SYN-3c1cca73be469123,604100002,5,9,45,2023-10-18
SYN-3c1cca73be469123,659521001,6,42,252,2023-10-18
SYN-3c1cca73be469123,664949001,2,34,68,2023-10-18
SYN-3c1cca73be469123,671505002,6,34,204,2023-10-18
SYN-3c1cca73be469123,677848001,6,9,54,2023-10-18
SYN-3c258012066062e5,428071011,3,9,27,2023-01-31
SYN-3c27db85e1238886,487050024,4,10,40,2023-08-07
SYN-3c27db85e1238886,606022001,2,11,22,2023-08-07
SYN-3c2dfdc3b284de66,509091025,2,15,30,2023-02-24
SYN-3c2dfdc3b284de66,529008027,4,23,92,2023-02-24
SYN-3c2dfdc3b284de66,632534005,5,15,75,2023-02-24
SYN-3c2dfdc3b284de66,656345001,3,31,93,2023-02-24
SYN-3c3d5d2920981708,636603002,5,25,125,2023-01-20
SYN-3c3f8f51a2195d63,351933029,2,25,50,2023-10-15
SYN-3c3f8f51a2195d63,588689002,3,20,60,2023-10-15
SYN-3c3f8f51a2195d63,687524001,5,25,125,2023-10-15
SYN-3c410d505d35bbac,228257001,6,10,60,2023-01-05
SYN-3c65dc5623893b3d,464927008,6,17,102,2023-02-02
SYN-3c65dc5623893b3d,509091011,6,17,102,2023-02-02
SYN-3c65dc5623893b3d,689208003,2,59,118,2023-02-02
SYN-3c68966d9e560ad1,630316008,2,68,136,2023-07-23
SYN-3c68966d9e560ad1,686972001,3,219,657,2023-07-23
SYN-3c68966d9e560ad1,695151001,3,59,177,2023-07-23
SYN-3c9373418da49046,639836004,6,100,600,2023-09-23
SYN-3c9373418da49046,660599002,6,33,198,2023-09-23
SYN-3c9373418da49046,677347003,4,134,536,2023-09-23
SYN-3c98a259b074f64c,485537024,2,20,40,2023-07-16
SYN-3c98a259b074f64c,588573001,5,23,115,2023-07-16
SYN-3c98a259b074f64c,618331002,6,38,228,2023-07-16
SYN-3c98a259b074f64c,625075003,6,38,228,2023-07-16
SYN-3c98a259b074f64c,626713001,4,23,92,2023-07-16
SYN-3c98a259b074f64c,634169009,4,20,80,2023-07-16
SYN-3c98a259b074f64c,637352008,3,23,69,2023-07-16
SYN-3c98a259b074f64c,651345004,3,31,93,2023-07-16
SYN-3c98a259b074f64c,672054002,5,31,155,2023-07-16
SYN-3c98a259b074f64c,695748001,3,8,24,2023-07-16
SYN-3c9ed0be6c4a1bbf,367376002,4,7,28,2023-08-12
SYN-3c9ed0be6c4a1bbf,601465006,3,17,51,2023-08-12
SYN-3cb0f688d2063444,555102001,6,42,252,2023-12-20
SYN-3cb0f688d2063444,555102006,5,31,155,2023-12-20
SYN-3cb0f688d2063444,622744002,3,42,126,2023-12-20
SYN-3cb0f688d2063444,630141001,6,42,252,2023-12-20
SYN-3cb0f688d2063444,646429003,5,51,255,2023-12-20
SYN-3cb0f688d2063444,647770001,4,34,136,2023-12-20
SYN-3cb0f688d2063444,661861003,2,25,50,2023-12-20
SYN-3cb0f688d2063444,687965001,6,68,408,2023-12-20
SYN-3cb0f688d2063444,697927001,3,59,177,2023-12-20
SYN-3cb8c1c2ed604a29,537738003,2,22,44,2023-07-26
SYN-3cb8c1c2ed604a29,537840001,6,15,90,2023-07-26
SYN-3cb8c1c2ed604a29,578430002,4,19,76,2023-07-26
SYN-3cb8c1c2ed604a29,601102001,4,22,88,2023-07-26
SYN-3cb8c1c2ed604a29,606769001,2,15,30,2023-07-26
SYN-3cb8c1c2ed604a29,609650008,2,9,18,2023-07-26
SYN-3cb8c1c2ed604a29,617900007,3,14,42,2023-07-26
SYN-3cb8c1c2ed604a29,622295001,4,36,144,2023-07-26
SYN-3cb8c1c2ed604a29,655710007,5,51,255,2023-07-26
SYN-3cb9f3363098d3ed,634332004,3,42,126,2023-07-20
SYN-3cb9f3363098d3ed,685276005,6,51,306,2023-07-20
SYN-3cb9f3363098d3ed,688873001,3,34,102,2023-07-20
SYN-3cc13687d0d2a818,663944001,5,34,170,2023-11-09
SYN-3cc13687d0d2a818,665095002,4,25,100,2023-11-09
SYN-3cc335b982b02c81,534165008,5,19,95,2023-04-19
SYN-3cc335b982b02c81,571052001,3,15,45,2023-04-19
SYN-3cd96864df7ac13b,568601006,5,51,255,2023-02-22
SYN-3cdbb9ea005f0055,564787014,4,38,152,2023-05-09
SYN-3cf68fba881225ea,636892002,3,92,276,2023-10-20
SYN-3cfb7aaf6fc71c58,464277014,6,22,132,2023-01-19
SYN-3cfb7aaf6fc71c58,515136001,3,61,183,2023-01-19
SYN-3cfb7aaf6fc71c58,628458001,6,34,204,2023-01-19
SYN-3d09304ede97de4f,399201020,3,85,255,2023-09-09
SYN-3d09304ede97de4f,488546001,4,102,408,2023-09-09
SYN-3d09304ede97de4f,647190003,5,17,85,2023-09-09
SYN-3d09304ede97de4f,662888001,3,34,102,2023-09-09
SYN-3d09304ede97de4f,662888004,2,34,68,2023-09-09
SYN-3d0a5b9b704d646c,662857001,3,40,120,2023-12-18
SYN-3d0f1a1a73aeb032,562245042,6,34,204,2023-04-13
SYN-3d0f1a1a73aeb032,576773016,6,34,204,2023-04-13
SYN-3d0f1a1a73aeb032,664319001,4,25,100,2023-04-13
SYN-3d104e567bcf74ca,399201005,2,59,118,2023-06-01
SYN-3d104e567bcf74ca,501323011,6,59,354,2023-06-01
SYN-3d104e567bcf74ca,673677003,3,17,51,2023-06-01
SYN-3d10974b0860b5d3,529953001,3,34,102,2023-12-18
SYN-3d10974b0860b5d3,586515001,6,31,186,2023-12-18
SYN-3d10974b0860b5d3,631590005,4,51,204,2023-12-18
SYN-3d34c26a570a6f7b,478646001,6,13,78,2023-06-17
SYN-3d34c26a570a6f7b,546579001,3,12,36,2023-06-17
SYN-3d386cc1838f095b,634411001,6,19,114,2023-03-19
SYN-3d386cc1838f095b,666585001,2,25,50,2023-03-19
SYN-3d386cc1838f095b,675139003,2,13,26,2023-03-19
SYN-3d414f7811710e97,657287005,2,17,34,2023-01-31
SYN-3d414f7811710e97,657291005,3,10,30,2023-01-31
SYN-3d4fc8014bb62c5c,557247013,2,17,34,2023-05-20
SYN-3d4fc8014bb62c5c,662888004,2,29,58,2023-05-20
SYN-3d6078ac147602e2,619496004,5,34,170,2023-10-25
SYN-3d6078ac147602e2,685687003,5,17,85,2023-10-25
SYN-3d72360d559f8606,673677002,5,17,85,2023-03-19
SYN-3d7ec0be356b0ff1,436083002,4,25,100,2023-10-29
SYN-3d7ec0be356b0ff1,677809001,3,34,102,2023-10-29
SYN-3d82524a8cc052fa,516903005,6,34,204,2023-01-16
SYN-3d8d606710a38a3b,399136004,4,59,236,2023-01-19
SYN-3d8d606710a38a3b,399136033,3,85,255,2023-01-19
SYN-3d8d606710a38a3b,399136060,5,59,295,2023-01-19
SYN-3d9698867b05670c,678073002,6,25,150,2023-02-16
SYN-3da15cc54ce24658,614496003,6,15,90,2023-01-01
SYN-3da15cc54ce24658,639525002,6,22,132,2023-01-01
SYN-3da15cc54ce24658,658487001,3,22,66,2023-01-01
SYN-3da172f44b582b8b,672590001,6,102,612,2023-04-24
SYN-3db3bf2b0d4a9efc,586515001,4,31,124,2023-10-31
SYN-3db3bf2b0d4a9efc,619138001,2,20,40,2023-10-31
SYN-3db3bf2b0d4a9efc,622228002,6,20,120,2023-10-31
SYN-3db849ae4467f976,613405001,2,27,54,2023-12-20
SYN-3db849ae4467f976,641237001,5,27,135,2023-12-20
SYN-3db849ae4467f976,642739003,6,34,204,2023-12-20
SYN-3dbafe545876ac9e,352811001,2,34,68,2023-07-03
SYN-3dbafe545876ac9e,430694018,5,49,245,2023-07-03
SYN-3dbafe545876ac9e,548971001,6,36,216,2023-07-03
SYN-3dbafe545876ac9e,587096005,4,31,124,2023-07-03
SYN-3dbafe545876ac9e,610677001,3,14,42,2023-07-03
SYN-3dc1656742d26442,639192002,2,68,136,2023-03-06
SYN-3dc35cd6645b1ebf,638642002,6,10,60,2023-05-09
SYN-3dc35cd6645b1ebf,679121002,6,17,102,2023-05-09
SYN-3dc35cd6645b1ebf,685687004,4,17,68,2023-05-09
SYN-3dca85f2864209cb,554450001,4,31,124,2023-03-02
SYN-3dca85f2864209cb,688873012,6,34,204,2023-03-02
SYN-3ddfe27401308721,507910020,4,25,100,2023-10-11
SYN-3dfe45616b67d6bc,507909003,5,25,125,2023-01-06
SYN-3dfe45616b67d6bc,568601006,4,51,204,2023-01-06
SYN-3dfe45616b67d6bc,612182001,6,34,204,2023-01-06
SYN-3e0788fcee2ddf92,671502001,6,51,306,2023-01-11
SYN-3e096f9aa14bf8e3,519583008,6,34,204,2023-03-23
SYN-3e096f9aa14bf8e3,677999001,6,68,408,2023-03-23
SYN-3e096f9aa14bf8e3,684686001,4,51,204,2023-03-23
SYN-3e256641780b8248,677930004,6,17,102,2023-01-26
SYN-3e35f9f7d36eec59,399223001,4,34,136,2023-05-22
SYN-3e35f9f7d36eec59,539723001,5,34,170,2023-05-22
SYN-3e4fdb11fb1ab047,663944001,3,34,102,2023-06-18
SYN-3e4fdb11fb1ab047,687371002,2,42,84,2023-06-18
SYN-3e56a4672f99513c,562252001,2,25,50,2023-05-26
SYN-3e61ac0d599e82ae,595779011,3,25,75,2023-06-06
SYN-3e7c871e0c45175d,342034003,2,14,28,2023-07-11
SYN-3e7c871e0c45175d,407663008,6,9,54,2023-07-11
SYN-3e7c871e0c45175d,571436009,6,14,84,2023-07-11
SYN-3e88768d43d442ac,581162008,5,9,45,2023-02-15
SYN-3e88768d43d442ac,610776002,5,9,45,2023-02-15
SYN-3e88768d43d442ac,655493001,2,15,30,2023-02-15
SYN-3e88768d43d442ac,659669001,2,31,62,2023-02-15
SYN-3e97c647604f4367,581234001,2,36,72,2023-06-04
SYN-3e97c647604f4367,591548002,5,36,180,2023-06-04
SYN-3e97c647604f4367,620870004,3,36,108,2023-06-04
SYN-3e97c647604f4367,627092001,5,50,250,2023-06-04
SYN-3e97c647604f4367,627092003,4,50,200,2023-06-04
SYN-3e97c647604f4367,663724002,5,36,180,2023-06-04
SYN-3e97c647604f4367,663746001,4,43,172,2023-06-04
SYN-3eae1089fa4fc20b,436570008,2,22,44,2023-06-18
SYN-3eae1089fa4fc20b,688873008,6,29,174,2023-06-18
SYN-3eb647d573146cf6,661806003,5,51,255,2023-06-24
SYN-3ebfdae1c3d54d34,678933001,2,42,84,2023-08-23
SYN-3ec2438334745b73,550021002,5,9,45,2023-11-03
SYN-3ec2438334745b73,591334017,4,17,68,2023-11-03
SYN-3ec2438334745b73,666382001,3,25,75,2023-11-03
SYN-3ec53f6d67599f9b,692454002,5,25,125,2023-04-26
SYN-3eda6c26a9fbb0d8,672224001,2,59,118,2023-11-05
SYN-3edb036e17eb30c7,650181001,2,68,136,2023-12-13
SYN-3ee411986533b960,179393001,4,14,56,2023-08-03
SYN-3ee411986533b960,678983002,5,17,85,2023-08-03
SYN-3eee5ff44615adaa,341242001,5,34,170,2023-09-09
SYN-3eee5ff44615adaa,622267001,6,51,306,2023-09-09
SYN-3efccb9fc09ca866,585413001,6,31,186,2023-01-01
SYN-3efccb9fc09ca866,629912001,4,25,100,2023-01-01
SYN-3eff0402395124f2,568597021,6,42,252,2023-05-31
SYN-3eff0402395124f2,568601020,2,51,102,2023-05-31
SYN-3f0f7af5ad1084ad,504113012,6,17,102,2023-07-12
SYN-3f0f7af5ad1084ad,504113023,3,15,45,2023-07-12
SYN-3f0f7af5ad1084ad,579541030,4,17,68,2023-07-12
SYN-3f0f7af5ad1084ad,610776001,2,9,18,2023-07-12
SYN-3f0f7af5ad1084ad,610776018,4,9,36,2023-07-12
SYN-3f0f7af5ad1084ad,611216002,5,9,45,2023-07-12
SYN-3f0f7af5ad1084ad,639273003,2,12,24,2023-07-12
SYN-3f10d9a36557f230,556255005,2,20,40,2023-06-06
SYN-3f10d9a36557f230,562245050,6,22,132,2023-06-06
SYN-3f1f825a4afe04b1,547349002,2,31,62,2023-08-08
SYN-3f1f825a4afe04b1,630116001,3,34,102,2023-08-08
SYN-3f314b2a2b57ef1a,458924011,4,9,36,2023-10-07
SYN-3f314b2a2b57ef1a,479227017,2,10,20,2023-10-07
SYN-3f314b2a2b57ef1a,572128008,6,10,60,2023-10-07
SYN-3f314b2a2b57ef1a,572128013,4,9,36,2023-10-07
SYN-3f314b2a2b57ef1a,612075007,6,17,102,2023-10-07
SYN-3f314b2a2b57ef1a,625939005,5,3,15,2023-10-07
SYN-3f314b2a2b57ef1a,634160007,6,9,54,2023-10-07
SYN-3f36809eaccbd0bf,452616009,6,12,72,2023-02-02
SYN-3f3eadc53d8d0790,556763004,6,31,186,2023-08-14
SYN-3f3eadc53d8d0790,562299001,6,14,84,2023-08-14
SYN-3f3eadc53d8d0790,566942001,3,15,45,2023-08-14
SYN-3f3eadc53d8d0790,567547001,2,12,24,2023-08-14
SYN-3f3eadc53d8d0790,575495003,5,24,120,2023-08-14
SYN-3f3eadc53d8d0790,598665003,5,12,60,2023-08-14
SYN-3f3eadc53d8d0790,598811003,5,12,60,2023-08-14
SYN-3f3eadc53d8d0790,622314003,3,10,30,2023-08-14
SYN-3f3eadc53d8d0790,626168003,6,27,162,2023-08-14
SYN-3f3eadc53d8d0790,641686001,4,36,144,2023-08-14
SYN-3f3eadc53d8d0790,648614005,5,14,70,2023-08-14
SYN-3f3f52604bd72be3,399201005,5,47,235,2023-03-31
SYN-3f3f52604bd72be3,680715001,6,136,816,2023-03-31
SYN-3f407ddc7281aa1e,507909022,5,25,125,2023-10-24
SYN-3f407ddc7281aa1e,673396002,4,14,56,2023-10-24
SYN-3f567c065bf8ef9c,224314013,6,12,72,2023-05-09
SYN-3f567c065bf8ef9c,356289005,6,25,150,2023-05-09
SYN-3f567c065bf8ef9c,469137001,2,31,62,2023-05-09
SYN-3f567c065bf8ef9c,490793033,6,10,60,2023-05-09
SYN-3f567c065bf8ef9c,572400003,3,20,60,2023-05-09
SYN-3f567c065bf8ef9c,579695005,6,22,132,2023-05-09
SYN-3f567c065bf8ef9c,605093001,2,10,20,2023-05-09
SYN-3f567c065bf8ef9c,685687001,2,17,34,2023-05-09
SYN-3f567c065bf8ef9c,685687003,5,17,85,2023-05-09
SYN-3f7c08ba6089198d,501820045,5,16,80,2023-12-09
SYN-3f7c08ba6089198d,655784001,4,33,132,2023-12-09
SYN-3f7c08ba6089198d,661794001,4,148,592,2023-12-09
SYN-3f7c08ba6089198d,662868002,3,33,99,2023-12-09
SYN-3f7c08ba6089198d,662980002,2,33,66,2023-12-09
SYN-3f7c08ba6089198d,685683001,3,25,75,2023-12-09
SYN-3f87244367fc9d27,464908040,3,17,51,2023-12-05
SYN-3f87244367fc9d27,591334003,5,17,85,2023-12-05
SYN-3f87244367fc9d27,591334016,5,17,85,2023-12-05
SYN-3f87244367fc9d27,591334019,3,17,51,2023-12-05
SYN-3f87244367fc9d27,662857003,4,42,168,2023-12-05
SYN-3f87244367fc9d27,662935002,3,51,153,2023-12-05
SYN-3fa064759edd5a7f,656121001,2,68,136,2023-11-25
SYN-3fb0422ac7332791,524825013,5,32,160,2023-09-09
SYN-3fc584c1d472a785,562820006,3,9,27,2023-05-23
SYN-3fcbaecd7fdefeda,217727002,3,12,36,2023-05-22
SYN-3fcbaecd7fdefeda,568601006,6,46,276,2023-05-22
SYN-3fcbaecd7fdefeda,673638002,2,15,30,2023-05-22
SYN-3fcdc42ed77d6333,433444001,3,25,75,2023-03-25
SYN-3fcdc42ed77d6333,641039001,5,51,255,2023-03-25
SYN-3fcdc42ed77d6333,680586005,3,42,126,2023-03-25
SYN-3fe99587a3cfd12d,650274001,3,15,45,2023-10-11
SYN-3fe99587a3cfd12d,700798001,4,37,148,2023-10-11
SYN-400c74d9a414daed,662868003,5,34,170,2023-07-11
SYN-400d560fd5f6d3c9,599502009,5,32,160,2023-06-27
SYN-400d560fd5f6d3c9,610776010,5,9,45,2023-06-27
SYN-40130d793273698d,610671001,3,14,42,2023-09-03
SYN-40130d793273698d,636587001,4,9,36,2023-09-03
SYN-40130d793273698d,684890003,2,24,48,2023-09-03
SYN-4019e2151db0120a,524825013,6,42,252,2023-05-26
SYN-40303adbdec98202,323274002,5,14,70,2023-11-02
SYN-40303adbdec98202,665349001,5,51,255,2023-11-02
SYN-40391cb7f2feac7e,683024004,3,42,126,2023-03-05
SYN-40391cb7f2feac7e,692454002,5,25,125,2023-03-05
SYN-4046452e444d8bd6,501820003,3,17,51,2023-09-13
SYN-4046452e444d8bd6,521302008,6,15,90,2023-09-13
SYN-4046452e444d8bd6,581086002,6,14,84,2023-09-13
SYN-404e0d9f982d8999,666638003,3,25,75,2023-05-07
SYN-40561ab097beda75,653428002,2,136,272,2023-09-06
SYN-405b3a70467d77d9,547780004,2,24,48,2023-07-28
SYN-408cbd7e5e12870d,550309005,2,42,84,2023-02-13
SYN-408cbd7e5e12870d,711053001,4,14,56,2023-02-13
SYN-40955c28f0574fc0,591787002,6,24,144,2023-02-23
SYN-40955c28f0574fc0,611032001,2,12,24,2023-02-23
SYN-40975f025d328827,587229001,6,11,66,2023-08-10
SYN-40a508bb6d64b613,294008002,3,14,42,2023-11-07
SYN-40a508bb6d64b613,361401005,4,9,36,2023-11-07
SYN-40a508bb6d64b613,567594001,3,12,36,2023-11-07
SYN-40a508bb6d64b613,573626001,6,20,120,2023-11-07
SYN-40a508bb6d64b613,587096001,3,31,93,2023-11-07
SYN-40a508bb6d64b613,589136002,4,7,28,2023-11-07
SYN-40a508bb6d64b613,657856001,4,12,48,2023-11-07
SYN-40a508bb6d64b613,681276001,4,41,164,2023-11-07
SYN-40a69ea4f8405bb9,651276002,4,42,168,2023-06-26
SYN-40ab3d100b95d704,666006006,5,110,550,2023-12-10
SYN-40babfcd715569bd,671553002,5,17,85,2023-06-21
SYN-40c3028d82af5049,446224043,3,14,42,2023-01-13
SYN-40c3028d82af5049,496111011,3,15,45,2023-01-13
SYN-40c3028d82af5049,532578009,4,7,28,2023-01-13
SYN-40c3028d82af5049,539723028,4,15,60,2023-01-13
SYN-40c3028d82af5049,580770002,4,17,68,2023-01-13
SYN-40c3028d82af5049,581086002,4,14,56,2023-01-13
SYN-40ccf499b22d0927,554541015,4,38,152,2023-07-30
SYN-40ccf499b22d0927,554541025,6,38,228,2023-07-30
SYN-40ccf499b22d0927,559129006,2,38,76,2023-07-30
SYN-40d9fa3fa2bd9688,632143002,5,34,170,2023-12-15
SYN-40df9a9755175843,399201020,6,85,510,2023-06-30
SYN-40e01b52b8063403,676166001,4,17,68,2023-06-30
SYN-40e0ad3d1d9d54e5,484398001,2,31,62,2023-12-30
SYN-40e0ad3d1d9d54e5,622743001,2,38,76,2023-12-30
SYN-40e0ad3d1d9d54e5,630116014,4,31,124,2023-12-30
SYN-40e0ad3d1d9d54e5,630141001,5,38,190,2023-12-30
SYN-40e0ad3d1d9d54e5,630141007,6,38,228,2023-12-30
SYN-40e13ead4ded8351,687169001,2,113,226,2023-08-29
SYN-40f45da753888909,680374003,2,34,68,2023-10-25
SYN-40f45da753888909,719610002,3,25,75,2023-10-25
SYN-40f91835650bffba,687427002,3,34,102,2023-06-24
SYN-40fd1711532de1dd,651244001,6,7,42,2023-09-30
SYN-40fd1711532de1dd,651244002,3,14,42,2023-09-30
SYN-40fd1711532de1dd,662888001,2,34,68,2023-09-30
SYN-40fd1711532de1dd,662888002,3,34,102,2023-09-30
SYN-4105ce05d3841273,612935007,2,34,68,2023-09-13
SYN-410e6745283feda4,605290002,6,9,54,2023-09-29
SYN-41183ec683392be8,627389006,4,15,60,2023-10-13
SYN-4119cd0a58a0ddd4,648976001,5,11,55,2023-05-11
SYN-4119cd0a58a0ddd4,665538001,6,27,162,2023-05-11
SYN-413739602b716e8e,407653001,2,10,20,2023-10-23
SYN-413739602b716e8e,576656004,3,43,129,2023-10-23
SYN-413739602b716e8e,705754001,5,31,155,2023-10-23
SYN-413962fa5951faaa,625818001,2,31,62,2023-04-12
SYN-413962fa5951faaa,626816003,3,23,69,2023-04-12
SYN-413962fa5951faaa,678086003,3,23,69,2023-04-12
SYN-41424ff7c73dd0f3,529008026,6,25,150,2023-09-08
SYN-4148457360a1f491,595779011,4,25,100,2023-06-23
SYN-4148457360a1f491,705094001,3,42,126,2023-06-23
SYN-415275e7d7e60d3e,446224002,6,17,102,2023-03-11
SYN-415275e7d7e60d3e,519749047,4,12,48,2023-03-11
SYN-415275e7d7e60d3e,625939014,5,9,45,2023-03-11
SYN-41783db6793cbdbc,549253007,5,31,155,2023-01-12
SYN-41783db6793cbdbc,549257001,4,20,80,2023-01-12
SYN-41783db6793cbdbc,617788006,2,17,34,2023-01-12
SYN-41783db6793cbdbc,646592006,5,17,85,2023-01-12
SYN-41783db6793cbdbc,653145003,6,31,186,2023-01-12
SYN-41783db6793cbdbc,667874001,3,34,102,2023-01-12
SYN-41783db6793cbdbc,701685001,5,42,210,2023-01-12
SYN-41837f7fa296683f,618665002,5,17,85,2023-07-05
SYN-4198f34a288e2990,486639003,5,31,155,2023-11-01
SYN-4198f34a288e2990,638154001,2,25,50,2023-11-01
SYN-4198f34a288e2990,662888002,2,34,68,2023-11-01
SYN-4198f34a288e2990,671505004,5,34,170,2023-11-01
SYN-4198f34a288e2990,680220001,2,25,50,2023-11-01
SYN-4198f34a288e2990,680715001,4,136,544,2023-11-01
SYN-4198f34a288e2990,688910001,3,68,204,2023-11-01
SYN-41a8925dea2b957e,626587010,6,68,408,2023-09-04
SYN-41a8925dea2b957e,639976005,4,85,340,2023-09-04
SYN-41ad7a04a9973a3c,482660018,5,14,70,2023-12-08
SYN-41ad7a04a9973a3c,662868003,3,34,102,2023-12-08
SYN-41b62e46cafc2833,649397002,6,42,252,2023-09-23
SYN-41b9504cd9df0318,674079003,4,23,92,2023-09-18
SYN-41b9504cd9df0318,677930004,6,15,90,2023-09-18
SYN-41bfa5806f3d3003,393447009,6,41,246,2023-01-22
SYN-41c92e61116591f6,399136011,3,68,204,2023-11-19
SYN-41c92e61116591f6,504154022,3,42,126,2023-11-19
SYN-41c92e61116591f6,608458002,5,17,85,2023-11-19
SYN-41c92e61116591f6,669215004,5,25,125,2023-11-19
SYN-41c92e61116591f6,728162001,4,9,36,2023-11-19
SYN-41c92e61116591f6,728162002,4,9,36,2023-11-19
SYN-41e1f67d67cdcb89,179208001,2,12,24,2023-09-26
SYN-41e1f67d67cdcb89,200182001,3,10,30,2023-09-26
SYN-41f68f611469baa5,645422002,3,14,42,2023-06-06
SYN-41f68f611469baa5,645423002,3,14,42,2023-06-06
SYN-41f68f611469baa5,645424001,4,51,204,2023-06-06
SYN-420d32920b64e1cf,652671004,3,31,93,2023-07-30
SYN-42244fad06bc3a74,256151014,2,51,102,2023-03-24
SYN-42244fad06bc3a74,633025001,3,34,102,2023-03-24
SYN-42244fad06bc3a74,647396002,4,119,476,2023-03-24
SYN-422afea7bc3d5799,554450004,2,34,68,2023-02-26
SYN-422afea7bc3d5799,655567002,5,56,280,2023-02-26
SYN-422afea7bc3d5799,657497001,2,25,50,2023-02-26
SYN-422d1fd8195dd23a,562245059,6,20,120,2023-03-08
SYN-422d1fd8195dd23a,576773002,3,22,66,2023-03-08
SYN-422d1fd8195dd23a,613246006,2,23,46,2023-03-08
SYN-422d1fd8195dd23a,664319001,5,25,125,2023-03-08
SYN-422efa6c5f6fdd95,657510001,6,34,204,2023-06-07
SYN-422efa6c5f6fdd95,667168001,2,42,84,2023-06-07
SYN-422efa6c5f6fdd95,670424001,5,51,255,2023-06-07
SYN-422efa6c5f6fdd95,728146001,6,25,150,2023-06-07
SYN-423b05e8a4dc5315,555276003,6,14,84,2023-08-26
SYN-423b05e8a4dc5315,563988004,5,8,40,2023-08-26
SYN-423b05e8a4dc5315,583797001,2,14,28,2023-08-26
SYN-423b05e8a4dc5315,596204001,6,31,186,2023-08-26
SYN-42421c0dcb1c5cf7,652742003,6,59,354,2023-04-08
SYN-42421c0dcb1c5cf7,676954001,4,51,204,2023-04-08
SYN-42421c0dcb1c5cf7,691799001,3,51,153,2023-04-08
SYN-4243ed69b5980067,506110001,6,25,150,2023-06-20
SYN-42552192e3d33d54,527687007,4,97,388,2023-08-05
SYN-4277693125e8e8e9,552826028,2,13,26,2023-11-13
SYN-4277693125e8e8e9,636935006,3,51,153,2023-11-13
SYN-4277693125e8e8e9,648173001,4,22,88,2023-11-13
SYN-4277693125e8e8e9,657476002,2,17,34,2023-11-13
SYN-4277693125e8e8e9,665303002,4,51,204,2023-11-13
SYN-4283f46fee054172,626366001,3,3,9,2023-12-31
SYN-4283f46fee054172,637223004,4,10,40,2023-12-31
SYN-429cbb09568cdc7b,669363001,2,59,118,2023-10-07
SYN-429cbb09568cdc7b,705094001,4,42,168,2023-10-07
SYN-429fad2ea441375a,502224001,6,65,390,2023-01-17
SYN-429fad2ea441375a,651273001,2,21,42,2023-01-17
SYN-429fad2ea441375a,662868001,5,33,165,2023-01-17
SYN-429fad2ea441375a,662868003,2,33,66,2023-01-17
SYN-429fad2ea441375a,662888001,4,33,132,2023-01-17
SYN-429fad2ea441375a,667491002,5,24,120,2023-01-17
SYN-42aa10c8c06be0be,678073001,4,25,100,2023-08-15
SYN-42aa10c8c06be0be,692210001,4,136,544,2023-08-15
SYN-42b1d4c9db8929fd,665228001,6,68,408,2023-02-03
SYN-42b1d4c9db8929fd,668562001,6,34,204,2023-02-03
SYN-42b1d4c9db8929fd,669360004,4,68,272,2023-02-03
SYN-42b3367809b1bba8,568861008,3,51,153,2023-01-01
SYN-42b3367809b1bba8,637549002,4,34,136,2023-01-01
SYN-42b3367809b1bba8,637549005,2,34,68,2023-01-01
SYN-42b6a0f94081ca32,529841001,6,20,120,2023-07-30
SYN-42b6a0f94081ca32,529841004,6,17,102,2023-07-30
SYN-42b6a0f94081ca32,592174001,2,34,68,2023-07-30
SYN-42b6a0f94081ca32,631837003,4,14,56,2023-07-30
SYN-42b6a0f94081ca32,632143001,3,34,102,2023-07-30
SYN-42b6a0f94081ca32,662868002,5,34,170,2023-07-30
SYN-42b6a0f94081ca32,678230003,2,34,68,2023-07-30
SYN-42b6a0f94081ca32,687629001,6,68,408,2023-07-30
SYN-42b6d1bbbd4d37b7,662888001,5,31,155,2023-05-26
SYN-42bf49bf8b09f421,660712003,6,42,252,2023-10-08
SYN-42bf49bf8b09f421,663351002,4,42,168,2023-10-08
SYN-42cbbdbf17cd5692,622046001,4,36,144,2023-11-14
SYN-42d40c82fef0d5b3,569526002,6,25,150,2023-07-16
SYN-42d40c82fef0d5b3,619502001,5,14,70,2023-07-16
SYN-42d40c82fef0d5b3,646429003,4,51,204,2023-07-16
SYN-42d40c82fef0d5b3,687965001,2,68,136,2023-07-16
SYN-42d71c4e5effb56b,295873004,4,24,96,2023-11-10
SYN-42d71c4e5effb56b,597524003,2,10,20,2023-11-10
SYN-42d834d05fa4f7ee,573085020,5,34,170,2023-11-03
SYN-42dcf4cb45c189ef,146721002,2,3,6,2023-08-13
SYN-42dcf4cb45c189ef,622295005,2,31,62,2023-08-13
SYN-42decd8030110d46,469658009,4,21,84,2023-02-17
SYN-42decd8030110d46,522725014,3,22,66,2023-02-17
SYN-42e30e4759902adc,305304008,4,12,48,2023-10-10
SYN-42e30e4759902adc,479227020,4,5,20,2023-10-10
SYN-42e30e4759902adc,548659001,5,17,85,2023-10-10
SYN-42e30e4759902adc,548659003,2,20,40,2023-10-10
SYN-42e30e4759902adc,568137004,3,5,15,2023-10-10
SYN-42e30e4759902adc,576689001,2,9,18,2023-10-10
SYN-42e30e4759902adc,581298002,2,7,14,2023-10-10
SYN-42e30e4759902adc,586333002,2,20,40,2023-10-10
SYN-42e30e4759902adc,590007003,3,14,42,2023-10-10
SYN-42e30e4759902adc,590007005,2,20,40,2023-10-10
SYN-42e30e4759902adc,592241007,3,14,42,2023-10-10
SYN-42e30e4759902adc,607367011,4,29,116,2023-10-10
SYN-42e30e4759902adc,611628002,2,10,20,2023-10-10
SYN-42e30e4759902adc,621251002,5,24,120,2023-10-10
SYN-42e30e4759902adc,621749001,5,12,60,2023-10-10
SYN-42e30e4759902adc,623564001,5,14,70,2023-10-10
SYN-42e30e4759902adc,623564002,6,19,114,2023-10-10
SYN-42e30e4759902adc,630532001,6,25,150,2023-10-10
SYN-42e30e4759902adc,632737001,3,7,21,2023-10-10
SYN-42e30e4759902adc,637103001,4,25,100,2023-10-10
SYN-42e30e4759902adc,639273008,3,14,42,2023-10-10
SYN-42e30e4759902adc,644464002,5,12,60,2023-10-10
SYN-42e30e4759902adc,651687001,4,10,40,2023-10-10
SYN-42f1674b9681d82d,669358001,4,51,204,2023-08-20
SYN-42f6930911aeca93,684206001,5,14,70,2023-05-10
SYN-430a6061f3247160,490113003,2,20,40,2023-08-17
SYN-430a6061f3247160,633861001,2,36,72,2023-08-17
SYN-430a6061f3247160,656367001,6,36,216,2023-08-17
SYN-430a6061f3247160,677017001,4,24,96,2023-08-17
SYN-431f8fd86ea07e9a,522918006,4,17,68,2023-10-20
SYN-431f8fd86ea07e9a,562252038,4,25,100,2023-10-20
SYN-431f8fd86ea07e9a,612935007,5,34,170,2023-10-20
SYN-431f8fd86ea07e9a,655895001,3,42,126,2023-10-20
SYN-431f8fd86ea07e9a,676954001,4,51,204,2023-10-20
SYN-432bd7028a0a3ce2,549253002,3,51,153,2023-03-27
SYN-432bd7028a0a3ce2,663007004,2,42,84,2023-03-27
SYN-432bd7028a0a3ce2,675699001,6,68,408,2023-03-27
SYN-432e2e69eae4701b,573937001,3,32,96,2023-09-04
SYN-432e2e69eae4701b,575141004,2,22,44,2023-09-04
SYN-432e2e69eae4701b,671505001,2,34,68,2023-09-04
SYN-432e2e69eae4701b,671505002,5,34,170,2023-09-04
SYN-43406366a78b80bb,621474001,4,29,116,2023-12-04
SYN-43406366a78b80bb,621474008,5,29,145,2023-12-04
SYN-43406366a78b80bb,624636002,2,34,68,2023-12-04
SYN-43421668fb863f9f,179123001,5,17,85,2023-10-08
SYN-434586784992e473,356289021,3,25,75,2023-02-25
SYN-434586784992e473,618800001,4,34,136,2023-02-25
SYN-434586784992e473,618800003,3,20,60,2023-02-25
SYN-434a56d94267dcf2,573085020,6,25,150,2023-03-30
SYN-434a56d94267dcf2,634016017,6,13,78,2023-03-30
SYN-4350f40c6f7e0f78,500771007,2,25,50,2023-10-14
SYN-4350f40c6f7e0f78,572582003,3,31,93,2023-10-14
SYN-4350f40c6f7e0f78,610776002,4,9,36,2023-10-14
SYN-4350f40c6f7e0f78,611378001,4,20,80,2023-10-14
SYN-4350f40c6f7e0f78,659324002,4,12,48,2023-10-14
SYN-436773b0e48cff29,641741001,6,78,468,2023-09-26
SYN-436773b0e48cff29,685683001,6,24,144,2023-09-26
SYN-4369c1dea8d59db9,456163009,4,34,136,2023-11-06
SYN-438802b41c028d68,395127001,3,42,126,2023-07-30
SYN-438802b41c028d68,513325016,2,51,102,2023-07-30
SYN-438802b41c028d68,553092013,4,102,408,2023-07-30
SYN-438e7829958ec99e,680186001,2,42,84,2023-07-05
SYN-438e7829958ec99e,680186002,4,42,168,2023-07-05
SYN-43b0fed52a2ba860,620236002,2,41,82,2023-03-04
SYN-43b0fed52a2ba860,631653001,2,12,24,2023-03-04
SYN-43b0fed52a2ba860,661365001,4,59,236,2023-03-04
SYN-43b1741af91f9c11,551336003,3,34,102,2023-02-08
SYN-43b1741af91f9c11,618398011,2,17,34,2023-02-08
SYN-43b1741af91f9c11,623284005,4,17,68,2023-02-08
SYN-43b1741af91f9c11,653291002,4,22,88,2023-02-08
SYN-43b1741af91f9c11,683662002,5,14,70,2023-02-08
SYN-43b1741af91f9c11,688018003,5,17,85,2023-02-08
SYN-43bb70f7287ee359,688873015,2,25,50,2023-07-07
SYN-43c53db60aa2cb16,687151002,5,25,125,2023-12-02
SYN-43c8d6ffd30a9eba,304766009,4,22,88,2023-05-20
SYN-43c8d6ffd30a9eba,571436009,6,14,84,2023-05-20
SYN-43c8d6ffd30a9eba,674492001,4,25,100,2023-05-20
SYN-43ca20f43d47a189,680715001,4,102,408,2023-02-16
SYN-43cd4a52b3ec8363,111593001,6,11,66,2023-10-26
SYN-43d6ca7669fb6762,559646002,2,14,28,2023-09-29
SYN-43d6ca7669fb6762,637549013,3,34,102,2023-09-29
SYN-43e7db52551f7f75,588689014,4,34,136,2023-11-23
SYN-43e7db52551f7f75,620855001,2,15,30,2023-11-23
SYN-43e7db52551f7f75,622968001,5,51,255,2023-11-23
SYN-43e7db52551f7f75,633135001,3,34,102,2023-11-23
SYN-43e7db52551f7f75,674601001,2,51,102,2023-11-23
SYN-43e7db52551f7f75,676286001,4,51,204,2023-11-23
SYN-43e7db52551f7f75,679514001,5,42,210,2023-11-23
SYN-43e7db52551f7f75,717341002,2,68,136,2023-11-23
SYN-43fa13881ae182f2,658923002,4,59,236,2023-02-27
SYN-43fa35ee7cf42e48,660599001,2,34,68,2023-08-19
SYN-43fa35ee7cf42e48,660599003,6,34,204,2023-08-19
SYN-4436659c82d634e3,660599003,6,34,204,2023-06-28
SYN-444076580459f443,572998001,6,46,276,2023-02-23
SYN-444076580459f443,572998002,4,46,184,2023-02-23
SYN-4441dfd21ced43d1,539723005,3,34,102,2023-12-14
SYN-4441dfd21ced43d1,539723006,2,34,68,2023-12-14
SYN-4441dfd21ced43d1,539723007,5,34,170,2023-12-14
SYN-4441dfd21ced43d1,554450004,3,34,102,2023-12-14
SYN-4444423382d70efb,179123001,2,17,34,2023-03-08
SYN-4444423382d70efb,413707001,4,34,136,2023-03-08
SYN-4444423382d70efb,571436009,5,14,70,2023-03-08
SYN-4444423382d70efb,571436030,2,14,28,2023-03-08
SYN-4444423382d70efb,607834002,3,25,75,2023-03-08
SYN-4444423382d70efb,607834007,5,25,125,2023-03-08
SYN-4444423382d70efb,626816001,2,25,50,2023-03-08
SYN-4444423382d70efb,660312002,6,42,252,2023-03-08
SYN-444eb43aca69cfc7,532578019,4,21,84,2023-05-10
SYN-44510b230291a2e8,652075001,4,12,48,2023-10-05
SYN-44510b230291a2e8,670295001,2,10,20,2023-10-05
SYN-4451c313a931ee4d,626702001,3,25,75,2023-06-12
SYN-4451c313a931ee4d,632193002,3,34,102,2023-06-12
SYN-4451c313a931ee4d,651461003,5,25,125,2023-06-12
SYN-445d73364b232cf0,579541004,3,17,51,2023-06-21
SYN-445d73364b232cf0,579541041,6,17,102,2023-06-21
SYN-445d73364b232cf0,685687002,4,17,68,2023-06-21
SYN-445d73364b232cf0,685687004,5,17,85,2023-06-21
SYN-44610dc35638a85f,691574001,4,85,340,2023-02-16
SYN-4476ac0afab1ebb2,630891002,5,20,100,2023-01-22
SYN-4476ac0afab1ebb2,681244001,6,17,102,2023-01-22
SYN-447ad79bd53c1f25,599729001,4,85,340,2023-12-29
SYN-447ad79bd53c1f25,610776001,3,9,27,2023-12-29
SYN-447ad79bd53c1f25,620081001,6,25,150,2023-12-29
SYN-447ad79bd53c1f25,640539001,4,42,168,2023-12-29
SYN-447ad79bd53c1f25,662253002,5,85,425,2023-12-29
SYN-447ad79bd53c1f25,684588007,5,25,125,2023-12-29
SYN-447ad79bd53c1f25,684588008,6,25,150,2023-12-29
SYN-447b27438962d285,517880011,6,12,72,2023-10-12
SYN-447b27438962d285,529008027,5,25,125,2023-10-12
SYN-447b27438962d285,541512010,2,31,62,2023-10-12
SYN-447b27438962d285,557599010,2,17,34,2023-10-12
SYN-447b27438962d285,629483002,5,25,125,2023-10-12
SYN-447b27438962d285,664368003,5,17,85,2023-10-12
SYN-447b27438962d285,670279002,6,14,84,2023-10-12
SYN-447b27438962d285,674651001,6,22,132,2023-10-12
SYN-447b27438962d285,677967002,2,25,50,2023-10-12
SYN-4494da24b7d51f73,691574001,4,85,340,2023-05-18
SYN-44a3454771993d5a,561307003,3,25,75,2023-12-15
SYN-44a7a3db5afbcc46,481529007,4,68,272,2023-08-25
SYN-44a7a3db5afbcc46,554792001,3,25,75,2023-08-25
SYN-44b35ccb05928666,355569001,3,9,27,2023-02-14
SYN-44b35ccb05928666,355569005,4,9,36,2023-02-14
SYN-44bd3b4a0dca5c32,599083005,3,23,69,2023-06-13
SYN-44bd3b4a0dca5c32,620745003,6,15,90,2023-06-13
SYN-44c0f53b61ad32b7,585812003,5,34,170,2023-02-11
SYN-44c6e094c51fc3f1,656734005,3,59,177,2023-03-07
SYN-44c6e094c51fc3f1,662980003,2,34,68,2023-03-07
SYN-44cf68819cefa1e2,588771001,6,24,144,2023-04-03
SYN-44cf68819cefa1e2,618899001,2,25,50,2023-04-03
SYN-44cf68819cefa1e2,637282002,5,34,170,2023-04-03
SYN-44cf68819cefa1e2,651244001,3,7,21,2023-04-03
SYN-44cf68819cefa1e2,655039001,5,34,170,2023-04-03
SYN-44da739d9352ca5d,573716012,3,25,75,2023-08-30
SYN-44da739d9352ca5d,573716023,6,25,150,2023-08-30
SYN-44da739d9352ca5d,696447003,6,68,408,2023-08-30
SYN-44df695a7ecbf276,662868004,2,34,68,2023-08-04
SYN-44e5429186c32e35,634248001,6,34,204,2023-09-26
SYN-44e5429186c32e35,634332001,3,42,126,2023-09-26
SYN-44e5429186c32e35,643591001,6,51,306,2023-09-26
SYN-44eb517acafad48d,591334017,4,17,68,2023-06-16
SYN-4506c3277643ba1f,671436002,4,9,36,2023-12-07
SYN-450d33a42fd95dea,561067003,5,15,75,2023-12-08
SYN-450d33a42fd95dea,572480004,6,7,42,2023-12-08
SYN-450d33a42fd95dea,573452001,4,14,56,2023-12-08
SYN-450d33a42fd95dea,585277001,5,17,85,2023-12-08
SYN-450d33a42fd95dea,608499001,2,12,24,2023-12-08
SYN-450d33a42fd95dea,627197005,5,14,70,2023-12-08
SYN-4518e68c6ccfb28e,188183009,4,31,124,2023-12-15
SYN-4518e68c6ccfb28e,558428001,3,36,108,2023-12-15
SYN-4518e68c6ccfb28e,583976001,6,25,150,2023-12-15
SYN-4518e68c6ccfb28e,587229001,6,15,90,2023-12-15
SYN-4518e68c6ccfb28e,608952004,3,20,60,2023-12-15
SYN-4518e68c6ccfb28e,626168001,3,27,81,2023-12-15
SYN-4518e68c6ccfb28e,636418001,4,41,164,2023-12-15
SYN-4518e68c6ccfb28e,636420001,6,41,246,2023-12-15
SYN-4518e68c6ccfb28e,650578001,2,7,14,2023-12-15
SYN-451967417a36cae2,568597006,6,34,204,2023-12-14
SYN-45199f3801258daf,558513001,3,17,51,2023-01-15
SYN-45199f3801258daf,567818001,6,27,162,2023-01-15
SYN-4519b3282dc678ce,399136027,5,85,425,2023-07-15
SYN-4519d8c66de50e0a,400246010,6,47,282,2023-10-25
SYN-4519d8c66de50e0a,400246014,4,41,164,2023-10-25
SYN-4519d8c66de50e0a,607596001,6,41,246,2023-10-25
SYN-4519d8c66de50e0a,623434011,3,34,102,2023-10-25
SYN-4519d8c66de50e0a,639685006,5,42,210,2023-10-25
SYN-4519d8c66de50e0a,667491002,6,25,150,2023-10-25
SYN-4519d8c66de50e0a,667491006,4,25,100,2023-10-25
SYN-45209a98c751a9f4,685687004,2,17,34,2023-03-10
SYN-4533bb5b973e49f8,534357002,5,47,235,2023-03-18
SYN-4533bb5b973e49f8,624486010,4,14,56,2023-03-18
SYN-4533bb5b973e49f8,634332001,4,42,168,2023-03-18
SYN-4533bb5b973e49f8,685687002,3,17,51,2023-03-18
SYN-453644329389eb8e,449897018,4,68,272,2023-08-01
SYN-453644329389eb8e,552826024,4,14,56,2023-08-01
SYN-453644329389eb8e,557247021,2,17,34,2023-08-01
SYN-453644329389eb8e,579010012,4,14,56,2023-08-01
SYN-453644329389eb8e,607834002,6,25,150,2023-08-01
SYN-453644329389eb8e,643974005,4,31,124,2023-08-01
SYN-453644329389eb8e,668958001,2,22,44,2023-08-01
SYN-453aea7a70721317,636455012,2,51,102,2023-09-03
SYN-4552a53a1fb9894c,448509009,5,20,100,2023-04-01
SYN-4557675e0d357f23,458924002,6,25,150,2023-05-05
SYN-4557675e0d357f23,554598001,5,17,85,2023-05-05
SYN-4557675e0d357f23,561797002,2,17,34,2023-05-05
SYN-4557675e0d357f23,568137002,6,17,102,2023-05-05
SYN-4557675e0d357f23,635888001,3,17,51,2023-05-05
SYN-4557675e0d357f23,659132001,2,17,34,2023-05-05
SYN-4557675e0d357f23,677304002,6,59,354,2023-05-05
SYN-4557675e0d357f23,684588008,2,25,50,2023-05-05
SYN-4557675e0d357f23,690992001,6,17,102,2023-05-05
SYN-456e809a04be7300,605290002,5,9,45,2023-10-25
SYN-4573a1c190839186,578797001,5,22,110,2023-06-21
SYN-4573a1c190839186,623866001,3,5,15,2023-06-21
SYN-457ae57c2e2f2806,181448105,5,12,60,2023-04-23
SYN-457f2006bcfedcdd,584895001,5,9,45,2023-07-23
SYN-457f2006bcfedcdd,586955016,5,12,60,2023-07-23
SYN-457f2006bcfedcdd,632362003,6,9,54,2023-07-23
SYN-457f2006bcfedcdd,640192001,5,12,60,2023-07-23
SYN-457f2006bcfedcdd,651558010,4,10,40,2023-07-23
SYN-457f2006bcfedcdd,651558021,4,10,40,2023-07-23
SYN-458486354b81ec28,400285006,6,44,264,2023-07-12
SYN-458486354b81ec28,400285019,4,41,164,2023-07-12
SYN-459388f02ec45d8d,612537001,2,25,50,2023-08-17
SYN-459b10a24c7f3517,536663006,2,29,58,2023-01-27
SYN-459b10a24c7f3517,560221006,6,14,84,2023-01-27
SYN-459b10a24c7f3517,649677003,2,9,18,2023-01-27
SYN-45a7365b1f6ba298,672054002,4,17,68,2023-03-04
SYN-45aaa299f1e1d46b,635957003,3,38,114,2023-11-04
SYN-45aaa299f1e1d46b,680186001,3,38,114,2023-11-04
SYN-45ad039fde500423,512251004,3,25,75,2023-09-06
SYN-45ad039fde500423,561370004,6,12,72,2023-09-06
SYN-45ad039fde500423,562252004,4,15,60,2023-09-06
SYN-45ad039fde500423,562252038,6,25,150,2023-09-06
SYN-45ad039fde500423,570189003,4,25,100,2023-09-06
SYN-45ad039fde500423,587524001,5,119,595,2023-09-06
SYN-45ad039fde500423,615524003,4,17,68,2023-09-06
SYN-45ad039fde500423,637255010,2,25,50,2023-09-06
SYN-45ad039fde500423,638958006,3,12,36,2023-09-06
SYN-45ad039fde500423,638958012,2,17,34,2023-09-06
SYN-45ad039fde500423,665294001,4,34,136,2023-09-06
SYN-45ad039fde500423,665294004,2,34,68,2023-09-06
SYN-45ad039fde500423,670021001,4,34,136,2023-09-06
SYN-45ad039fde500423,670950004,6,25,150,2023-09-06
SYN-45ad039fde500423,703675001,6,34,204,2023-09-06
SYN-45b2680e18f75e08,552471004,3,17,51,2023-10-11
SYN-45cad782dfd1fa79,642339001,4,42,168,2023-11-28
SYN-45cad782dfd1fa79,701410001,4,48,192,2023-11-28
SYN-45cad782dfd1fa79,701419001,6,34,204,2023-11-28
SYN-45cce41fb29ab118,631837001,4,17,68,2023-05-06
SYN-45d75c0a02afbaab,446224014,4,12,48,2023-05-14
SYN-45d75c0a02afbaab,510126001,5,51,255,2023-05-14
SYN-45d75c0a02afbaab,510126010,6,51,306,2023-05-14
SYN-45d75c0a02afbaab,524825013,4,42,168,2023-05-14
SYN-45d75c0a02afbaab,589222001,2,24,48,2023-05-14
SYN-45d75c0a02afbaab,637549003,4,34,136,2023-05-14
SYN-45d75c0a02afbaab,637549005,2,34,68,2023-05-14
SYN-45d75c0a02afbaab,661147004,5,51,255,2023-05-14
SYN-45d75c0a02afbaab,661162003,3,34,102,2023-05-14
SYN-45e5e18030373f35,567993036,6,25,150,2023-04-02
SYN-45e5e18030373f35,619506001,2,14,28,2023-04-02
SYN-45e5e18030373f35,630116006,2,34,68,2023-04-02
SYN-45e5e18030373f35,630116011,4,34,136,2023-04-02
SYN-45e89c18784d4a0e,671022001,5,25,125,2023-09-28
SYN-45e89c18784d4a0e,714421001,6,34,204,2023-09-28
SYN-45ee2ca49aae4e79,243613004,6,22,132,2023-08-18
SYN-45ef23915ed03589,662980003,4,34,136,2023-01-07
SYN-45f6c813d5ee1c99,631837003,4,12,48,2023-10-01
SYN-45f7b207dee64742,515042002,5,17,85,2023-09-25
SYN-45f7b207dee64742,515991007,3,15,45,2023-09-25
SYN-45f7b207dee64742,516000019,2,10,20,2023-09-25
SYN-45f7b207dee64742,554450001,3,34,102,2023-09-25
SYN-45f7b207dee64742,562245001,2,22,44,2023-09-25
SYN-45fa28a346e14d0b,602895001,2,61,122,2023-12-07
SYN-45fa28a346e14d0b,607596001,5,41,205,2023-12-07
SYN-45fa28a346e14d0b,619515001,4,29,116,2023-12-07
SYN-45fa28a346e14d0b,656367001,4,36,144,2023-12-07
SYN-45fa28a346e14d0b,671505002,5,34,170,2023-12-07
SYN-45fa28a346e14d0b,680186001,3,42,126,2023-12-07
SYN-45fa28a346e14d0b,685687004,3,17,51,2023-12-07
SYN-45fa28a346e14d0b,703193001,3,25,75,2023-12-07
SYN-45fc7704255d1aec,660308001,3,25,75,2023-01-18
SYN-45fc7704255d1aec,660308003,4,25,100,2023-01-18
SYN-4602540d6ac61662,653428001,2,136,272,2023-08-16
SYN-460712c05bf6c55b,646551001,3,16,48,2023-02-01
SYN-46241f6e1190b0ac,688873020,2,29,58,2023-07-29
SYN-4626fd47f126529b,372860041,6,7,42,2023-06-05
SYN-4626fd47f126529b,465655017,6,17,102,2023-06-05
SYN-4626fd47f126529b,529008008,6,14,84,2023-06-05
SYN-4626fd47f126529b,541519001,5,17,85,2023-06-05
SYN-4637332b76db5e05,552370001,2,12,24,2023-03-20
SYN-4637332b76db5e05,552370002,3,14,42,2023-03-20
SYN-463b8cfbe19d101b,111593001,4,11,44,2023-08-01
SYN-463b8cfbe19d101b,240561001,3,11,33,2023-08-01
SYN-463b8cfbe19d101b,251510001,5,11,55,2023-08-01
SYN-463b8cfbe19d101b,583533002,3,68,204,2023-08-01
SYN-463b8cfbe19d101b,637230001,6,51,306,2023-08-01
SYN-464c59cbd3716b43,524825013,2,42,84,2023-10-13
SYN-464c59cbd3716b43,539844004,5,50,250,2023-10-13
SYN-464c59cbd3716b43,685687001,5,17,85,2023-10-13
SYN-464c59cbd3716b43,685687002,5,17,85,2023-10-13
SYN-4651891762438ad1,685687003,5,17,85,2023-06-01
SYN-4659667237748c26,507910021,3,25,75,2023-04-11
SYN-4659667237748c26,568601018,2,51,102,2023-04-11
SYN-46647dc91d6bc9c4,509210006,2,34,68,2023-01-19
SYN-46647dc91d6bc9c4,612182014,2,34,68,2023-01-19
SYN-46647dc91d6bc9c4,662253002,2,85,170,2023-01-19
SYN-46647dc91d6bc9c4,672598001,4,22,88,2023-01-19
SYN-466ff01faca56799,294008002,2,14,28,2023-07-07
SYN-466ff01faca56799,384654004,2,24,48,2023-07-07
SYN-466ff01faca56799,615508003,5,29,145,2023-07-07
SYN-466ff01faca56799,618387002,4,24,96,2023-07-07
SYN-466ff01faca56799,621706001,3,27,81,2023-07-07
SYN-466ff01faca56799,635425004,5,17,85,2023-07-07
SYN-466ff01faca56799,637141005,6,20,120,2023-07-07
SYN-468221040ef2935c,456163002,4,20,80,2023-12-21
SYN-468221040ef2935c,519583008,3,32,96,2023-12-21
SYN-468221040ef2935c,679655001,3,24,72,2023-12-21
SYN-46885a2bcb62ac82,452851015,2,14,28,2023-09-30
SYN-46885a2bcb62ac82,617065002,5,14,70,2023-09-30
SYN-46885a2bcb62ac82,617065003,2,14,28,2023-09-30
SYN-468ab3b75cd26393,555351006,5,42,210,2023-05-03
SYN-468bd680b89269e8,639151001,4,102,408,2023-12-10
SYN-468c5858ffc04bc8,458925001,3,12,36,2023-01-25
SYN-468c5858ffc04bc8,458925009,3,15,45,2023-01-25
SYN-468c5858ffc04bc8,520829001,3,9,27,2023-01-25
SYN-468c5858ffc04bc8,520829003,3,12,36,2023-01-25
SYN-468c5858ffc04bc8,523707006,5,15,75,2023-01-25
SYN-468c5858ffc04bc8,531615002,3,20,60,2023-01-25
SYN-468c5858ffc04bc8,537085011,4,15,60,2023-01-25
SYN-468c5858ffc04bc8,611628001,4,17,68,2023-01-25
SYN-468c5858ffc04bc8,633925003,5,20,100,2023-01-25
SYN-468c5858ffc04bc8,643975003,6,10,60,2023-01-25
SYN-468c5858ffc04bc8,651464001,5,15,75,2023-01-25
SYN-46b593b739c5c0e6,625043002,5,36,180,2023-12-13
SYN-46d2ba7279ee0688,456163015,3,20,60,2023-03-22
SYN-46e58cbd9bc200be,478549001,6,51,306,2023-12-01
SYN-46e58cbd9bc200be,509042001,4,51,204,2023-12-01
SYN-46e58cbd9bc200be,638532001,2,25,50,2023-12-01
SYN-46e58cbd9bc200be,667709001,5,51,255,2023-12-01
SYN-46e58cbd9bc200be,688632001,2,34,68,2023-12-01
SYN-470f57b130abfdac,611032001,2,34,68,2023-02-09
SYN-47217cae97cedcbb,664936004,5,76,380,2023-07-23
SYN-472d99ef9d4e9dca,301656013,6,51,306,2023-04-11
SYN-4736dc67cc079941,350911001,3,17,51,2023-10-01
SYN-473cd6130ced9f9f,552370002,4,15,60,2023-10-11
SYN-473cd6130ced9f9f,626263002,6,23,138,2023-10-11
SYN-473cd6130ced9f9f,626263009,5,23,115,2023-10-11
SYN-4746368316a80561,574109014,3,25,75,2023-04-29
SYN-4746368316a80561,684686001,5,51,255,2023-04-29
SYN-474e7e45e22aeaee,491913001,5,42,210,2023-08-11
SYN-474e7e45e22aeaee,491913003,2,42,84,2023-08-11
SYN-4753079b5c88a7ed,658955001,3,59,177,2023-10-02
SYN-4753079b5c88a7ed,679805001,4,51,204,2023-10-02
SYN-4754a55cab88cff5,493103005,5,13,65,2023-06-03
SYN-4754a55cab88cff5,496111007,6,32,192,2023-06-03
SYN-4754a55cab88cff5,516741004,6,52,312,2023-06-03
SYN-4754a55cab88cff5,549262001,3,65,195,2023-06-03
SYN-4754a55cab88cff5,620585013,6,16,96,2023-06-03
SYN-4754a55cab88cff5,640850001,3,24,72,2023-06-03
SYN-4754a55cab88cff5,654620001,5,16,80,2023-06-03
SYN-4754a55cab88cff5,675209007,4,10,40,2023-06-03
SYN-4754a55cab88cff5,682550006,6,32,192,2023-06-03
SYN-4754a55cab88cff5,687524002,4,24,96,2023-06-03
SYN-4754a55cab88cff5,692992002,6,32,192,2023-06-03
SYN-4754a55cab88cff5,729931001,4,24,96,2023-06-03
SYN-4755fa170a98f759,541706002,4,14,56,2023-12-22
SYN-476e1a227d8490ed,679121001,2,17,34,2023-05-13
SYN-477d0fc5b3b35dac,547752003,2,41,82,2023-10-26
SYN-47824acb65e7cfb8,689899001,4,48,192,2023-10-18
SYN-47824acb65e7cfb8,714421001,5,34,170,2023-10-18
SYN-4782f3ba0028969d,621381010,6,34,204,2023-07-07
SYN-4783f55319c428ae,349301001,5,10,50,2023-09-10
SYN-4783f55319c428ae,546050003,5,12,60,2023-09-10
SYN-4783f55319c428ae,714424001,4,40,160,2023-09-10
SYN-478a948cc14c5234,573716012,4,25,100,2023-06-18
SYN-479aa0ac15d9c6f3,658183002,3,5,15,2023-12-03
SYN-47aff70ee5aa0e08,324502008,2,7,14,2023-05-21
SYN-47aff70ee5aa0e08,516903005,4,34,136,2023-05-21
SYN-47aff70ee5aa0e08,547937008,5,20,100,2023-05-21
SYN-47aff70ee5aa0e08,562299002,2,12,24,2023-05-21
SYN-47aff70ee5aa0e08,562775001,3,22,66,2023-05-21
SYN-47aff70ee5aa0e08,567499003,4,9,36,2023-05-21
SYN-47aff70ee5aa0e08,635561009,2,17,34,2023-05-21
SYN-47aff70ee5aa0e08,640605004,2,40,80,2023-05-21
SYN-47b3871ed693317f,524825013,2,42,84,2023-06-16
SYN-47b3ae60bb29e8af,673638003,4,17,68,2023-04-24
SYN-47b3ae60bb29e8af,687535001,2,68,136,2023-04-24
SYN-47b561d922d39a71,538993007,3,34,102,2023-06-24
SYN-47b561d922d39a71,685347002,5,17,85,2023-06-24
SYN-47bdf1c1ce368f92,501820006,6,17,102,2023-02-06
SYN-47bdf1c1ce368f92,501820043,5,17,85,2023-02-06
SYN-47bdf1c1ce368f92,562245001,5,22,110,2023-02-06
SYN-47da05f22c78732d,266168001,3,17,51,2023-07-22
SYN-47da05f22c78732d,455832001,5,37,185,2023-07-22
SYN-47da05f22c78732d,651912001,5,14,70,2023-07-22
SYN-47e044d6dba72076,574874003,2,25,50,2023-04-05
SYN-47e044d6dba72076,630316008,3,68,204,2023-04-05
SYN-47e044d6dba72076,630316009,5,68,340,2023-04-05
SYN-47e044d6dba72076,630316012,2,68,136,2023-04-05
SYN-47e044d6dba72076,634775001,5,22,110,2023-04-05
SYN-47e044d6dba72076,643657001,5,42,210,2023-04-05
SYN-47e044d6dba72076,666080001,5,25,125,2023-04-05
SYN-47e19a098306ea4d,156231001,5,9,45,2023-09-09
SYN-47e19a098306ea4d,523489019,3,5,15,2023-09-09
SYN-47e19a098306ea4d,548110002,2,27,54,2023-09-09
SYN-47e19a098306ea4d,552018006,3,34,102,2023-09-09
SYN-47e19a098306ea4d,552018007,5,34,170,2023-09-09
SYN-47e19a098306ea4d,611144021,2,25,50,2023-09-09
SYN-47e19a098306ea4d,620423010,6,11,66,2023-09-09
SYN-47e19a098306ea4d,620424023,2,11,22,2023-09-09
SYN-47e19a098306ea4d,620424024,3,11,33,2023-09-09
SYN-47e19a098306ea4d,623283002,2,25,50,2023-09-09
SYN-47e19a098306ea4d,623283003,6,25,150,2023-09-09
SYN-47e19a098306ea4d,624122003,3,22,66,2023-09-09
SYN-47e19a098306ea4d,624123001,3,22,66,2023-09-09
SYN-47e19a098306ea4d,624123004,4,22,88,2023-09-09
SYN-47e19a098306ea4d,646811002,6,17,102,2023-09-09
SYN-47e19a098306ea4d,651935002,2,25,50,2023-09-09
SYN-47e19a098306ea4d,652000009,3,17,51,2023-09-09
SYN-47f107fd60ef61da,212042043,6,9,54,2023-01-01
SYN-47f107fd60ef61da,562252010,3,17,51,2023-01-01
SYN-47f107fd60ef61da,574120001,2,27,54,2023-01-01
SYN-47f107fd60ef61da,578816004,6,31,186,2023-01-01
SYN-47f107fd60ef61da,590951007,6,9,54,2023-01-01
SYN-48108bb20e6abb3f,396135007,6,17,102,2023-07-18
SYN-48108bb20e6abb3f,396135040,5,12,60,2023-07-18
SYN-48108bb20e6abb3f,581298002,3,7,21,2023-07-18
SYN-48108bb20e6abb3f,599718006,5,15,75,2023-07-18
SYN-48110e3bdcd3a0c3,666006006,4,119,476,2023-03-12
SYN-48113188b746988f,634332006,5,42,210,2023-04-23
SYN-48566b787137c0ca,399223001,4,31,124,2023-03-20
SYN-48566b787137c0ca,554450027,4,31,124,2023-03-20
SYN-48566b787137c0ca,573085027,4,31,124,2023-03-20
SYN-48566b787137c0ca,662857003,4,42,168,2023-03-20
SYN-48566b787137c0ca,685687001,3,17,51,2023-03-20
SYN-48566b787137c0ca,685687002,3,17,51,2023-03-20
SYN-48566b787137c0ca,685687004,4,17,68,2023-03-20
SYN-486e69255fdc8666,675379001,5,240,1200,2023-03-21
SYN-487baccecdd9c173,684080003,3,102,306,2023-07-26
SYN-48a1fdac90a73784,603583006,5,25,125,2023-11-11
SYN-48b3c570806e0505,728162002,5,9,45,2023-02-14
SYN-48d7bc28db609d50,578476001,6,47,282,2023-02-23
SYN-48d7bc28db609d50,621989001,3,32,96,2023-02-23
SYN-48d7bc28db609d50,688873006,5,32,160,2023-02-23
SYN-48d7c32105a5d115,568863002,2,20,40,2023-11-28
SYN-48db006d17a84e2d,587748004,2,40,80,2023-03-05
SYN-48e26aeec5fbf7e7,453272015,2,7,14,2023-02-17
SYN-48e26aeec5fbf7e7,573716012,5,25,125,2023-02-17
SYN-48e26aeec5fbf7e7,573716023,2,25,50,2023-02-17
SYN-48e26aeec5fbf7e7,608458001,5,17,85,2023-02-17
SYN-48e26aeec5fbf7e7,683667001,6,34,204,2023-02-17
SYN-48e769a06c3607cf,399256001,3,15,45,2023-06-05
SYN-48e769a06c3607cf,484205010,3,42,126,2023-06-05
SYN-48e769a06c3607cf,562245001,2,22,44,2023-06-05
SYN-48e769a06c3607cf,664665004,6,34,204,2023-06-05
SYN-48e769a06c3607cf,668767004,3,17,51,2023-06-05
SYN-48e769a06c3607cf,683662005,4,14,56,2023-06-05
SYN-48ebf3fa8024b16c,569516006,5,23,115,2023-04-30
SYN-490309affa12ec4e,474138001,3,34,102,2023-09-26
SYN-490309affa12ec4e,613497006,2,34,68,2023-09-26
SYN-490d5b9863a61c1b,627389006,2,15,30,2023-12-08
SYN-490f9e2cdcb326f1,493438027,3,25,75,2023-11-17
SYN-490f9e2cdcb326f1,625321004,4,25,100,2023-11-17
SYN-490f9e2cdcb326f1,625321010,5,25,125,2023-11-17
SYN-490f9e2cdcb326f1,630116003,5,34,170,2023-11-17
SYN-490f9e2cdcb326f1,630116004,4,34,136,2023-11-17
SYN-490f9e2cdcb326f1,646429003,3,51,153,2023-11-17
SYN-4914a8f6663ccced,652671001,3,31,93,2023-01-15
SYN-4914a8f6663ccced,655855001,3,34,102,2023-01-15
SYN-491a86c37057d9b8,396135007,5,17,85,2023-05-28
SYN-491a86c37057d9b8,470636007,5,15,75,2023-05-28
SYN-491a86c37057d9b8,490113003,6,20,120,2023-05-28
SYN-491a86c37057d9b8,552473021,6,25,150,2023-05-28
SYN-491a86c37057d9b8,554479005,4,25,100,2023-05-28
SYN-491a86c37057d9b8,558986003,3,15,45,2023-05-28
SYN-491a86c37057d9b8,579302001,5,34,170,2023-05-28
SYN-491a86c37057d9b8,587813006,4,15,60,2023-05-28
SYN-491a86c37057d9b8,603583004,3,25,75,2023-05-28
SYN-491a86c37057d9b8,615141002,2,25,50,2023-05-28
SYN-491a86c37057d9b8,618180001,4,12,48,2023-05-28
SYN-491a86c37057d9b8,621044004,2,34,68,2023-05-28
SYN-491a86c37057d9b8,625939004,3,9,27,2023-05-28
SYN-491a86c37057d9b8,630532001,6,25,150,2023-05-28
SYN-491a86c37057d9b8,632143001,3,34,102,2023-05-28
SYN-491a86c37057d9b8,633781006,5,17,85,2023-05-28
SYN-491a86c37057d9b8,635273002,4,47,188,2023-05-28
SYN-491a86c37057d9b8,638039001,4,34,136,2023-05-28
SYN-491a86c37057d9b8,640639003,5,17,85,2023-05-28
SYN-491a86c37057d9b8,640677002,6,25,150,2023-05-28
SYN-491a86c37057d9b8,642853001,5,31,155,2023-05-28
SYN-491a86c37057d9b8,651893001,6,17,102,2023-05-28
SYN-491a86c37057d9b8,651913003,2,25,50,2023-05-28
SYN-491a86c37057d9b8,655898001,4,51,204,2023-05-28
SYN-491a86c37057d9b8,657063001,6,20,120,2023-05-28
SYN-491a86c37057d9b8,664939001,4,42,168,2023-05-28
SYN-491a86c37057d9b8,665538001,2,31,62,2023-05-28
SYN-491a86c37057d9b8,675689001,5,17,85,2023-05-28
SYN-491a86c37057d9b8,681358001,4,25,100,2023-05-28
SYN-491a86c37057d9b8,681815001,2,17,34,2023-05-28
SYN-491a86c37057d9b8,702624001,4,42,168,2023-05-28
SYN-491db17295076f0b,457892005,2,25,50,2023-12-15
SYN-491db17295076f0b,662888002,6,34,204,2023-12-15
SYN-491db17295076f0b,662888003,3,34,102,2023-12-15
SYN-491db17295076f0b,672590001,3,102,306,2023-12-15
SYN-491db17295076f0b,688873001,3,34,102,2023-12-15
SYN-491db17295076f0b,688873002,6,34,204,2023-12-15
SYN-491db17295076f0b,688873012,5,34,170,2023-12-15
SYN-49350de9ac55c2c2,573716040,6,25,150,2023-12-30
SYN-493633f8d74e480d,507909001,2,25,50,2023-06-28
SYN-493633f8d74e480d,507909017,6,25,150,2023-06-28
SYN-4946e108ad4bb947,601102001,6,22,132,2023-05-31
SYN-49475357ac8e92da,186262001,4,4,16,2023-03-13
SYN-49475357ac8e92da,529008026,2,25,50,2023-03-13
SYN-49475357ac8e92da,529012025,6,10,60,2023-03-13
SYN-49475357ac8e92da,541519001,3,17,51,2023-03-13
SYN-49475357ac8e92da,678260003,5,10,50,2023-03-13
SYN-4979adcd0f2cad5f,562245006,2,34,68,2023-01-04
SYN-4979adcd0f2cad5f,655347007,6,17,102,2023-01-04
SYN-4979adcd0f2cad5f,661794002,3,153,459,2023-01-04
SYN-4991b40f6271f7f5,592172007,4,7,28,2023-11-15
SYN-499cadf8e065eb05,610776002,2,9,18,2023-01-02
SYN-499f308efd310940,685687001,3,17,51,2023-02-17
SYN-499f308efd310940,685687003,4,17,68,2023-02-17
SYN-49a92da3dcb2992e,536139029,5,17,85,2023-12-13
SYN-49b2b9f70765f43b,562245004,3,21,63,2023-07-09
SYN-49b2b9f70765f43b,588689002,6,20,120,2023-07-09
SYN-49ca84f6dc2b8754,587637003,3,8,24,2023-07-11
SYN-49ca84f6dc2b8754,591100001,6,8,48,2023-07-11
SYN-49ca84f6dc2b8754,598795002,6,12,72,2023-07-11
SYN-49ca84f6dc2b8754,598795016,2,8,16,2023-07-11
SYN-49ca84f6dc2b8754,616086002,2,3,6,2023-07-11
SYN-49ca84f6dc2b8754,621746001,6,18,108,2023-07-11
SYN-49ca84f6dc2b8754,639896001,2,15,30,2023-07-11
SYN-49ca84f6dc2b8754,644464002,4,11,44,2023-07-11
SYN-49e34fb0a9831f53,524825006,6,24,144,2023-01-24
SYN-49e34fb0a9831f53,561815002,3,12,36,2023-01-24
SYN-49e34fb0a9831f53,562245001,5,22,110,2023-01-24
SYN-49e34fb0a9831f53,573085001,4,24,96,2023-01-24
SYN-49e34fb0a9831f53,610671001,6,31,186,2023-01-24
SYN-49e34fb0a9831f53,622295001,5,36,180,2023-01-24
SYN-49e34fb0a9831f53,623434009,4,34,136,2023-01-24
SYN-49e34fb0a9831f53,637223005,3,9,27,2023-01-24
SYN-49e34fb0a9831f53,662868003,4,34,136,2023-01-24
SYN-49e904e9a9a340ee,683356003,3,14,42,2023-04-05
SYN-49f501d6767d596c,605020002,5,14,70,2023-10-25
SYN-4a04f0e198bbfc61,567993019,4,15,60,2023-06-21
SYN-4a04f0e198bbfc61,610747004,3,20,60,2023-06-21
SYN-4a04f0e198bbfc61,632982013,4,9,36,2023-06-21
SYN-4a04f0e198bbfc61,632982014,4,5,20,2023-06-21
SYN-4a04f0e198bbfc61,632982015,5,14,70,2023-06-21
SYN-4a04f0e198bbfc61,680912009,3,12,36,2023-06-21
SYN-4a083ebb8d1742f5,610776002,2,9,18,2023-02-28
SYN-4a102f839f6bdb42,372860001,3,14,42,2023-03-23
SYN-4a102f839f6bdb42,678995001,2,9,18,2023-03-23
SYN-4a102f839f6bdb42,707611001,3,14,42,2023-03-23
SYN-4a30dc93aa9ce7ab,393447015,2,68,136,2023-03-22
SYN-4a30dc93aa9ce7ab,496111020,2,34,68,2023-03-22
SYN-4a30dc93aa9ce7ab,516903008,3,34,102,2023-03-22
SYN-4a30dc93aa9ce7ab,521269001,4,34,136,2023-03-22
SYN-4a30dc93aa9ce7ab,548388013,3,42,126,2023-03-22
SYN-4a30dc93aa9ce7ab,616733001,6,51,306,2023-03-22
SYN-4a30dc93aa9ce7ab,691764006,5,34,170,2023-03-22
SYN-4a434dfd15a19d15,429313002,4,31,124,2023-05-30
SYN-4a434dfd15a19d15,573390001,3,22,66,2023-05-30
SYN-4a434dfd15a19d15,591334003,3,17,51,2023-05-30
SYN-4a53e67ccb14e163,678291006,4,34,136,2023-09-13
SYN-4a54a4f75577db45,620081007,3,23,69,2023-01-07
SYN-4a54a4f75577db45,648630001,2,12,24,2023-01-07
SYN-4a54a4f75577db45,651273003,6,20,120,2023-01-07
SYN-4a54a4f75577db45,667499010,6,23,138,2023-01-07
SYN-4a5690bcda2834f2,528931002,4,20,80,2023-06-08
SYN-4a5690bcda2834f2,546050003,6,12,72,2023-06-08
SYN-4a8cdbcd904db96b,568601020,6,51,306,2023-12-08
SYN-4a8cdbcd904db96b,598696001,5,25,125,2023-12-08
SYN-4a8cdbcd904db96b,663396002,2,51,102,2023-12-08
SYN-4a8e04aa6350cddc,368038011,2,5,10,2023-05-01
SYN-4a959a4e7f2b230c,548659003,6,20,120,2023-12-13
SYN-4a959a4e7f2b230c,665477001,6,27,162,2023-12-13
SYN-4a972dfcbddb858f,416175023,6,14,84,2023-05-05
SYN-4a972dfcbddb858f,418545036,2,14,28,2023-05-05
SYN-4a972dfcbddb858f,624443003,6,14,84,2023-05-05
SYN-4a972dfcbddb858f,624444002,6,14,84,2023-05-05
SYN-4a972dfcbddb858f,627579001,6,22,132,2023-05-05
SYN-4a972dfcbddb858f,627687001,2,19,38,2023-05-05
SYN-4a972dfcbddb858f,642425001,4,22,88,2023-05-05
SYN-4a972dfcbddb858f,654482001,4,19,76,2023-05-05
SYN-4a972dfcbddb858f,663278001,2,14,28,2023-05-05
SYN-4a972dfcbddb858f,686631003,4,36,144,2023-05-05
SYN-4aaed0f809cd2733,599742006,5,42,210,2023-09-06
SYN-4ab2b0943898aaf6,690586001,5,129,645,2023-05-22
SYN-4ac372d8866e8142,583558001,2,68,136,2023-02-23
SYN-4ac372d8866e8142,625773001,2,59,118,2023-02-23
SYN-4ac372d8866e8142,649397002,5,42,210,2023-02-23
SYN-4ac372d8866e8142,649397003,2,42,84,2023-02-23
SYN-4ac372d8866e8142,651072001,4,34,136,2023-02-23
SYN-4ac372d8866e8142,652742001,4,59,236,2023-02-23
SYN-4ac372d8866e8142,672899001,3,59,177,2023-02-23
SYN-4ac372d8866e8142,680979001,5,136,680,2023-02-23
SYN-4ac372d8866e8142,693584002,5,51,255,2023-02-23
SYN-4ad10151f6f9639d,675281002,5,25,125,2023-04-11
SYN-4ad10151f6f9639d,675319002,6,51,306,2023-04-11
SYN-4ad86d21005258dd,671657010,6,22,132,2023-11-27
SYN-4ad8fa86d65fd578,577992006,6,22,132,2023-05-09
SYN-4ad8fa86d65fd578,610776002,5,9,45,2023-05-09
SYN-4ad8fa86d65fd578,610776017,6,9,54,2023-05-09
SYN-4ad8fa86d65fd578,615021020,6,17,102,2023-05-09
SYN-4ad8fa86d65fd578,625939025,2,9,18,2023-05-09
SYN-4ad8fa86d65fd578,631536004,6,17,102,2023-05-09
SYN-4ad8fa86d65fd578,631536006,2,17,34,2023-05-09
SYN-4ad8fa86d65fd578,651348002,2,17,34,2023-05-09
SYN-4ad8fa86d65fd578,665873001,2,17,34,2023-05-09
SYN-4ad8fa86d65fd578,665873002,5,17,85,2023-05-09
SYN-4ad8fa86d65fd578,666617003,4,14,56,2023-05-09
SYN-4ae2b917dbf8caaf,189616008,5,17,85,2023-09-27
SYN-4ae2b917dbf8caaf,516903005,6,34,204,2023-09-27
SYN-4ae2b917dbf8caaf,622295005,2,29,58,2023-09-27
SYN-4ae2b917dbf8caaf,633136003,6,34,204,2023-09-27
SYN-4ae2b917dbf8caaf,640124002,4,25,100,2023-09-27
SYN-4ae2b917dbf8caaf,662257001,4,25,100,2023-09-27
SYN-4ae2b917dbf8caaf,668767002,3,17,51,2023-09-27
SYN-4ae2b917dbf8caaf,688558007,2,17,34,2023-09-27
SYN-4aeae1ee613ae461,633130017,6,17,102,2023-03-10
SYN-4aef3eb7e4f3960f,519583015,3,24,72,2023-07-24
SYN-4af37ce73b562907,656497004,5,34,170,2023-01-22
SYN-4af37ce73b562907,674079001,3,25,75,2023-01-22
SYN-4af37ce73b562907,690566005,5,102,510,2023-01-22
SYN-4af952b6be8bd45d,612358004,3,34,102,2023-08-06
SYN-4b03f59af1e2317f,368979001,4,17,68,2023-04-01
SYN-4b10e60c9d1e94db,599502001,6,38,228,2023-12-03
SYN-4b1e311f768164f7,539723006,3,34,102,2023-01-12
SYN-4b1f5b3e450dde53,507909001,6,25,150,2023-10-20
SYN-4b2be70c42dd0da8,526266006,2,20,40,2023-04-22
SYN-4b2be70c42dd0da8,552471023,2,7,14,2023-04-22
SYN-4b2be70c42dd0da8,556255001,2,20,40,2023-04-22
SYN-4b2be70c42dd0da8,556255003,3,20,60,2023-04-22
SYN-4b2be70c42dd0da8,591334004,3,10,30,2023-04-22
SYN-4b2be70c42dd0da8,609650008,3,9,27,2023-04-22
SYN-4b2be70c42dd0da8,610730027,3,20,60,2023-04-22
SYN-4b3651b7a46b3c62,637515002,3,34,102,2023-11-11
SYN-4b46101d16497a0c,608483007,6,25,150,2023-11-14
SYN-4b46101d16497a0c,615021020,4,17,68,2023-11-14
SYN-4b46101d16497a0c,662257001,3,19,57,2023-11-14
SYN-4b46101d16497a0c,668767002,3,17,51,2023-11-14
SYN-4b5abe4d54f48733,519847010,6,29,174,2023-11-19
SYN-4b5fc51f899c196e,624632006,6,17,102,2023-07-05
SYN-4b69a817b441376a,399136009,3,76,228,2023-01-26
SYN-4b69a817b441376a,501820007,3,17,51,2023-01-26
SYN-4b69a817b441376a,554450001,6,31,186,2023-01-26
SYN-4b69a817b441376a,615566001,2,46,92,2023-01-26
SYN-4b69a817b441376a,628930004,3,17,51,2023-01-26
SYN-4b69a817b441376a,637549011,2,34,68,2023-01-26
SYN-4b69a817b441376a,645895001,5,25,125,2023-01-26
SYN-4b69a817b441376a,658627001,4,42,168,2023-01-26
SYN-4b69a817b441376a,658628001,4,51,204,2023-01-26
SYN-4b69a817b441376a,662868003,6,34,204,2023-01-26
SYN-4b69a817b441376a,667491005,3,25,75,2023-01-26
SYN-4b69a817b441376a,675378002,4,25,100,2023-01-26
SYN-4b7027fbe43c77d9,399223030,4,34,136,2023-09-18
SYN-4b7027fbe43c77d9,668321002,5,17,85,2023-09-18
SYN-4b7027fbe43c77d9,671553006,3,17,51,2023-09-18
SYN-4b7027fbe43c77d9,673638003,4,17,68,2023-09-18
SYN-4b7027fbe43c77d9,673677003,3,17,51,2023-09-18
SYN-4b7027fbe43c77d9,714419001,4,25,100,2023-09-18
SYN-4b73b8543ea58935,524825010,4,42,168,2023-09-16
SYN-4b73b8543ea58935,673677002,2,17,34,2023-09-16
SYN-4b87dec65161295b,537085001,4,25,100,2023-03-10
SYN-4b87dec65161295b,672224001,5,52,260,2023-03-10
SYN-4b92248038abf8fc,564787012,2,42,84,2023-06-23
SYN-4b92248038abf8fc,624633001,4,17,68,2023-06-23
SYN-4b996699bf6b1046,620081008,4,25,100,2023-04-08
SYN-4ba3825769f8ba45,671505001,3,25,75,2023-01-10
SYN-4ba3acd1ed5fe96c,358483007,3,17,51,2023-03-13
SYN-4ba3acd1ed5fe96c,448509009,3,20,60,2023-03-13
SYN-4ba3acd1ed5fe96c,463601008,4,17,68,2023-03-13
SYN-4ba3acd1ed5fe96c,516000035,5,7,35,2023-03-13
SYN-4ba3acd1ed5fe96c,552346002,5,19,95,2023-03-13
SYN-4ba3acd1ed5fe96c,611151001,6,17,102,2023-03-13
SYN-4ba771eb4950d365,605053003,3,14,42,2023-12-01
SYN-4bab909e0e02698c,605093001,3,10,30,2023-12-02
SYN-4bb31240374239fc,652671004,3,31,93,2023-11-16
SYN-4bbca93a906f249e,512699001,4,29,116,2023-11-06
SYN-4be5522e2b8e5dcb,579541001,2,17,34,2023-07-31
SYN-4be5522e2b8e5dcb,579541009,3,17,51,2023-07-31
SYN-4be5522e2b8e5dcb,579541026,4,17,68,2023-07-31
SYN-4bf77ccc634b93bf,571343003,3,7,21,2023-11-21
SYN-4c037070bdbf9085,700828001,5,51,255,2023-12-11
SYN-4c15ef89a0eefff6,652671001,4,31,124,2023-05-09
SYN-4c1ba72424301628,691184001,5,17,85,2023-05-14
SYN-4c2d0ab0edf3dfc9,468480031,5,10,50,2023-09-05
SYN-4c2d0ab0edf3dfc9,612481008,6,15,90,2023-09-05
SYN-4c2d0ab0edf3dfc9,617645010,6,9,54,2023-09-05
SYN-4c2d0ab0edf3dfc9,637194001,3,18,54,2023-09-05
SYN-4c2d0ab0edf3dfc9,656763005,3,22,66,2023-09-05
SYN-4c2d0ab0edf3dfc9,661605001,5,26,130,2023-09-05
SYN-4c2ddf9998793771,601102001,2,22,44,2023-08-22
SYN-4c38f7affae08920,254940026,4,17,68,2023-03-29
SYN-4c38f7affae08920,573085001,3,23,69,2023-03-29
SYN-4c38f7affae08920,589222001,2,24,48,2023-03-29
SYN-4c448c18c777e9cf,381038026,6,10,60,2023-09-01
SYN-4c448c18c777e9cf,464454004,3,7,21,2023-09-01
SYN-4c448c18c777e9cf,532578009,2,7,14,2023-09-01
SYN-4c448c18c777e9cf,538142004,3,25,75,2023-09-01
SYN-4c448c18c777e9cf,584940007,4,15,60,2023-09-01
SYN-4c448c18c777e9cf,587782003,4,27,108,2023-09-01
SYN-4c448c18c777e9cf,610234003,6,25,150,2023-09-01
SYN-4c448c18c777e9cf,632065002,6,10,60,2023-09-01
SYN-4c46ebcf3e847ba3,379780040,5,14,70,2023-01-12
SYN-4c46ebcf3e847ba3,539723007,2,34,68,2023-01-12
SYN-4c4cf1f06183b55e,478549001,5,41,205,2023-02-03
SYN-4c4cf1f06183b55e,478549006,2,24,48,2023-02-03
SYN-4c4cf1f06183b55e,504154015,5,15,75,2023-02-03
SYN-4c4cf1f06183b55e,504154016,5,20,100,2023-02-03
SYN-4c4cf1f06183b55e,504154018,2,22,44,2023-02-03
SYN-4c4cf1f06183b55e,618784002,6,24,144,2023-02-03
SYN-4c4cf1f06183b55e,620081001,3,25,75,2023-02-03
SYN-4c4cf1f06183b55e,620081008,4,25,100,2023-02-03
SYN-4c4cf1f06183b55e,652361001,6,25,150,2023-02-03
SYN-4c4cf1f06183b55e,685687003,2,17,34,2023-02-03
SYN-4c4cf1f06183b55e,693584002,5,51,255,2023-02-03
SYN-4c586899b5ef1e20,662888003,3,34,102,2023-02-11
SYN-4c5a887434cf5848,497225012,2,9,18,2023-07-22
SYN-4c5a887434cf5848,563394006,6,22,132,2023-07-22
SYN-4c622d0fe14538ee,544627005,5,42,210,2023-09-09
SYN-4c622d0fe14538ee,637268002,2,51,102,2023-09-09
SYN-4c622d0fe14538ee,637268006,5,51,255,2023-09-09
SYN-4c622d0fe14538ee,655710006,4,51,204,2023-09-09
SYN-4c622d0fe14538ee,655710007,3,51,153,2023-09-09
SYN-4c622d0fe14538ee,659306001,2,102,204,2023-09-09
SYN-4c622d0fe14538ee,659306002,4,102,408,2023-09-09
SYN-4c92f811f35f9f3c,666578008,3,59,177,2023-12-06
SYN-4c92f811f35f9f3c,677530002,2,25,50,2023-12-06
SYN-4cab51d6d6d7141e,397068014,3,27,81,2023-03-05
SYN-4cab51d6d6d7141e,632496001,4,85,340,2023-03-05
SYN-4cab51d6d6d7141e,656497003,4,34,136,2023-03-05
SYN-4cb89f7bcdfc5802,624544001,4,31,124,2023-04-19
SYN-4cb89f7bcdfc5802,632151002,4,12,48,2023-04-19
SYN-4cb89f7bcdfc5802,655272002,4,7,28,2023-04-19
SYN-4cc176cdae26e8c9,619234001,6,51,306,2023-12-13
SYN-4cc176cdae26e8c9,619234005,3,51,153,2023-12-13
SYN-4ccf9c52a5ea3fc8,501820008,5,17,85,2023-02-05
SYN-4ccf9c52a5ea3fc8,557246003,3,34,102,2023-02-05
SYN-4ccf9c52a5ea3fc8,557247003,4,17,68,2023-02-05
SYN-4ccf9c52a5ea3fc8,562245034,3,16,48,2023-02-05
SYN-4ccf9c52a5ea3fc8,562245059,4,16,64,2023-02-05
SYN-4ccf9c52a5ea3fc8,569974001,3,34,102,2023-02-05
SYN-4ccf9c52a5ea3fc8,600229001,5,34,170,2023-02-05
SYN-4ccf9c52a5ea3fc8,613246002,5,20,100,2023-02-05
SYN-4ccf9c52a5ea3fc8,661610001,3,29,87,2023-02-05
SYN-4ccf9c52a5ea3fc8,665477001,3,27,81,2023-02-05
SYN-4cd007b6687b107a,554704004,2,51,102,2023-02-07
SYN-4cd007b6687b107a,608483002,6,14,84,2023-02-07
SYN-4cd007b6687b107a,654100004,5,16,80,2023-02-07
SYN-4cd70e20dbaf4a5d,622295001,5,34,170,2023-09-23
SYN-4cd70e20dbaf4a5d,625316007,6,17,102,2023-09-23
SYN-4cd70e20dbaf4a5d,639845009,2,25,50,2023-09-23
SYN-4cd70e20dbaf4a5d,683662006,4,14,56,2023-09-23
SYN-4d0611c1933b5601,637515002,2,34,68,2023-05-22
SYN-4d0611c1933b5601,662905001,3,51,153,2023-05-22
SYN-4d0611c1933b5601,665481004,3,51,153,2023-05-22
SYN-4d08c200a7f984e4,662888001,4,34,136,2023-05-14
SYN-4d08c200a7f984e4,713997001,2,9,18,2023-05-14
SYN-4d0f9c76bd7813df,574112007,4,23,92,2023-07-10
SYN-4d0f9c76bd7813df,623434008,3,31,93,2023-07-10
SYN-4d17759b15011944,494030019,3,10,30,2023-05-21
SYN-4d17759b15011944,529008009,5,12,60,2023-05-21
SYN-4d17759b15011944,537839004,6,15,90,2023-05-21
SYN-4d17759b15011944,664665004,4,34,136,2023-05-21
SYN-4d17db39c8c2cf7d,501820042,4,17,68,2023-01-09
SYN-4d17db39c8c2cf7d,680499003,3,51,153,2023-01-09
SYN-4d1ecc30bf6deeb2,634332001,5,42,210,2023-11-12
SYN-4d214a51e1244755,581583001,6,23,138,2023-05-24
SYN-4d24ff820ab4af78,612935007,2,34,68,2023-01-25
SYN-4d24ff820ab4af78,667491011,3,25,75,2023-01-25
SYN-4d5676246557d9b8,501820007,5,17,85,2023-10-03
SYN-4d5676246557d9b8,685687004,6,17,102,2023-10-03
SYN-4d56f48ea91ff247,578478006,3,42,126,2023-05-05
SYN-4d5c82152f9377f5,536139006,6,17,102,2023-11-09
SYN-4d656200cb36cc8a,568632003,6,25,150,2023-01-31
SYN-4d656200cb36cc8a,568861017,3,20,60,2023-01-31
SYN-4d673aff325d411f,560270007,6,51,306,2023-01-22
SYN-4d673aff325d411f,564787014,3,42,126,2023-01-22
SYN-4d6857a4f9103f89,632143001,4,34,136,2023-04-17
SYN-4d6857a4f9103f89,714421001,4,34,136,2023-04-17
SYN-4d72284acde0b0bb,403448008,6,12,72,2023-11-23
SYN-4d72284acde0b0bb,403448010,6,12,72,2023-11-23
SYN-4d72284acde0b0bb,485673025,5,14,70,2023-11-23
SYN-4d72284acde0b0bb,507909003,3,25,75,2023-11-23
SYN-4d72284acde0b0bb,507910004,3,25,75,2023-11-23
SYN-4d72284acde0b0bb,554541002,2,36,72,2023-11-23
SYN-4d72284acde0b0bb,554541005,6,36,216,2023-11-23
SYN-4d72284acde0b0bb,559129006,6,36,216,2023-11-23
SYN-4d72284acde0b0bb,573085027,6,34,204,2023-11-23
SYN-4d72284acde0b0bb,573716012,5,25,125,2023-11-23
SYN-4d72284acde0b0bb,573716039,4,25,100,2023-11-23
SYN-4d72284acde0b0bb,618899007,3,25,75,2023-11-23
SYN-4d72284acde0b0bb,621381011,3,34,102,2023-11-23
SYN-4d72284acde0b0bb,622877004,4,26,104,2023-11-23
SYN-4d72284acde0b0bb,634775003,3,12,36,2023-11-23
SYN-4d72284acde0b0bb,639297001,5,34,170,2023-11-23
SYN-4d72284acde0b0bb,639845002,3,25,75,2023-11-23
SYN-4d72284acde0b0bb,639845009,3,25,75,2023-11-23
SYN-4d72284acde0b0bb,642437005,2,34,68,2023-11-23
SYN-4d72284acde0b0bb,658502001,4,43,172,2023-11-23
SYN-4d72284acde0b0bb,665095002,6,25,150,2023-11-23
SYN-4d72284acde0b0bb,665095004,5,25,125,2023-11-23
SYN-4d72284acde0b0bb,667999004,6,14,84,2023-11-23
SYN-4d72284acde0b0bb,670233009,4,22,88,2023-11-23
SYN-4d7f9367dec370ea,160442010,3,14,42,2023-09-14
SYN-4d7f9367dec370ea,507910001,3,25,75,2023-09-14
SYN-4d7f9367dec370ea,574064001,6,27,162,2023-09-14
SYN-4d9cf6e44bac9811,574064001,5,27,135,2023-10-20
SYN-4d9e1eaa1866eb18,537346024,2,42,84,2023-04-21
SYN-4d9e1eaa1866eb18,685687001,4,17,68,2023-04-21
SYN-4d9e1eaa1866eb18,685687004,3,17,51,2023-04-21
SYN-4da03aebb8407e73,534795002,3,12,36,2023-06-18
SYN-4da36e18be72844b,630316011,2,68,136,2023-04-15
SYN-4da36e18be72844b,701256004,4,59,236,2023-04-15
SYN-4daa8f89edb65bbc,564790006,2,14,28,2023-10-01
SYN-4dadee1076475fcb,630145001,2,51,102,2023-10-19
SYN-4db20a156dfeb11b,665303002,3,46,138,2023-10-11
SYN-4db39135012132ca,426013024,6,27,162,2023-10-30
SYN-4db39135012132ca,572998001,5,51,255,2023-10-30
SYN-4db39135012132ca,620951002,2,34,68,2023-10-30
SYN-4db39135012132ca,671011001,4,24,96,2023-10-30
SYN-4de4f24ddf83f181,458032003,3,51,153,2023-01-17
SYN-4de4f24ddf83f181,611216002,2,9,18,2023-01-17
SYN-4de4f24ddf83f181,632516001,3,64,192,2023-01-17
SYN-4de4f24ddf83f181,639478002,4,14,56,2023-01-17
SYN-4de4f24ddf83f181,685687003,6,17,102,2023-01-17
SYN-4dfe83d308ddc2da,683662006,4,14,56,2023-10-07
SYN-4dff5163a685cee7,464908037,2,15,30,2023-01-08
SYN-4dff5163a685cee7,620625001,5,42,210,2023-01-08
SYN-4dff5163a685cee7,688873001,4,31,124,2023-01-08
SYN-4dff5163a685cee7,688873015,3,31,93,2023-01-08
SYN-4e105d3b3a1160fc,663016003,5,64,320,2023-12-30
SYN-4e11a58b4f58154f,573085010,3,34,102,2023-12-10
SYN-4e11a58b4f58154f,573085019,4,34,136,2023-12-10
SYN-4e11a58b4f58154f,628930001,5,25,125,2023-12-10
SYN-4e29aa24139a7c41,496111007,6,34,204,2023-03-03
SYN-4e29aa24139a7c41,612537001,6,25,150,2023-03-03
SYN-4e29aa24139a7c41,631590002,4,51,204,2023-03-03
SYN-4e29aa24139a7c41,660369005,3,34,102,2023-03-03
SYN-4e29aa24139a7c41,662857005,3,42,126,2023-03-03
SYN-4e2a7c145d8b1d58,111586001,4,11,44,2023-08-29
SYN-4e2a7c145d8b1d58,417951001,4,11,44,2023-08-29
SYN-4e2a7c145d8b1d58,457466001,5,11,55,2023-08-29
SYN-4e2a7c145d8b1d58,661095001,4,64,256,2023-08-29
SYN-4e2d1a63bd5841d4,663942008,2,34,68,2023-08-07
SYN-4e383a6289c70fdc,652365003,2,34,68,2023-08-16
SYN-4e3e0eca63c658f1,657165001,3,22,66,2023-02-19
SYN-4e3e0eca63c658f1,682739002,6,25,150,2023-02-19
SYN-4e43791cb914db6b,429313013,5,31,155,2023-11-01
SYN-4e43791cb914db6b,535146002,6,22,132,2023-11-01
SYN-4e575ddcb5bece33,427114015,4,17,68,2023-12-19
SYN-4e575ddcb5bece33,567475001,5,34,170,2023-12-19
SYN-4e575ddcb5bece33,567594001,3,12,36,2023-12-19
SYN-4e575ddcb5bece33,573937001,6,32,192,2023-12-19
SYN-4e575ddcb5bece33,613456001,6,17,102,2023-12-19
SYN-4e575ddcb5bece33,613456009,5,17,85,2023-12-19
SYN-4e575ddcb5bece33,617322004,5,34,170,2023-12-19
SYN-4e575ddcb5bece33,622745001,4,48,192,2023-12-19
SYN-4e575ddcb5bece33,633675001,6,10,60,2023-12-19
SYN-4e575ddcb5bece33,648719001,2,25,50,2023-12-19
SYN-4e575ddcb5bece33,681358001,4,25,100,2023-12-19
SYN-4e67bd2acaac673a,507910001,2,25,50,2023-08-26
SYN-4e67bd2acaac673a,568601018,6,38,228,2023-08-26
SYN-4e67bd2acaac673a,663396001,5,43,215,2023-08-26
SYN-4e72efcce8201243,671505002,2,34,68,2023-06-01
SYN-4e78c775f66c0d2e,559575001,2,32,64,2023-02-11
SYN-4e7929267dc7dd0c,634411001,5,25,125,2023-01-08
SYN-4e7bf9896551920b,524825012,5,42,210,2023-08-12
SYN-4e7bf9896551920b,524825013,5,42,210,2023-08-12
SYN-4e7bf9896551920b,689899001,3,51,153,2023-08-12
SYN-4e7c4976a8c9d6c9,647334001,5,59,295,2023-01-21
SYN-4e7c4976a8c9d6c9,657116001,4,51,204,2023-01-21
SYN-4e7c4976a8c9d6c9,685687004,3,17,51,2023-01-21
SYN-4e84055eae78f0f0,484398001,6,34,204,2023-12-10
SYN-4e84055eae78f0f0,501820008,3,17,51,2023-12-10
SYN-4e84055eae78f0f0,533329006,3,22,66,2023-12-10
SYN-4e84055eae78f0f0,661645002,5,10,50,2023-12-10
SYN-4e84055eae78f0f0,662868003,2,34,68,2023-12-10
SYN-4e84055eae78f0f0,678086002,4,25,100,2023-12-10
SYN-4e9e4798a65365c9,568931007,2,51,102,2023-07-31
SYN-4e9e4798a65365c9,675501001,4,59,236,2023-07-31
SYN-4ea862f35812c34e,568869002,4,20,80,2023-07-24
SYN-4ea862f35812c34e,576773012,6,20,120,2023-07-24
SYN-4eaf9e0de3da68c0,615970004,4,46,184,2023-02-04
SYN-4eaf9e0de3da68c0,639976001,4,76,304,2023-02-04
SYN-4eaf9e0de3da68c0,664917002,5,31,155,2023-02-04
SYN-4ecab28b5de38519,512630005,4,44,176,2023-06-30
SYN-4ecab28b5de38519,535176001,5,61,305,2023-06-30
SYN-4ecab28b5de38519,608007007,6,36,216,2023-06-30
SYN-4ecd7d15719d19a3,640788002,6,42,252,2023-10-31
SYN-4ed1645c7a0b01ad,126589010,5,5,25,2023-07-18
SYN-4ed1645c7a0b01ad,266875001,6,17,102,2023-07-18
SYN-4ed1645c7a0b01ad,697486002,4,9,36,2023-07-18
SYN-4ed1a4f80d96f398,399136009,4,85,340,2023-01-29
SYN-4ed1a4f80d96f398,399201024,6,59,354,2023-01-29
SYN-4ed1a4f80d96f398,591334003,3,17,51,2023-01-29
SYN-4ed1a4f80d96f398,637673006,5,34,170,2023-01-29
SYN-4ee47e12fdc449a8,397068014,6,24,144,2023-10-31
SYN-4ee47e12fdc449a8,602409006,6,30,180,2023-10-31
SYN-4ee47e12fdc449a8,651724003,5,30,150,2023-10-31
SYN-4ee47e12fdc449a8,673638003,6,15,90,2023-10-31
SYN-4ee47e12fdc449a8,673638005,4,15,60,2023-10-31
SYN-4efa9fe5897362c3,485678032,2,14,28,2023-12-24
SYN-4f01d25208a0d7d9,225784001,5,15,75,2023-01-12
SYN-4f01d25208a0d7d9,458393001,4,12,48,2023-01-12
SYN-4f01d25208a0d7d9,619502001,3,12,36,2023-01-12
SYN-4f01d25208a0d7d9,628426002,5,28,140,2023-01-12
SYN-4f0eb4464fbb5a83,657970001,2,65,130,2023-08-05
SYN-4f0f800e56ed4cda,537085009,6,25,150,2023-05-22
SYN-4f0f800e56ed4cda,575495003,3,24,72,2023-05-22
SYN-4f0f800e56ed4cda,594697005,5,42,210,2023-05-22
SYN-4f0f800e56ed4cda,652361001,3,25,75,2023-05-22
SYN-4f1b5cfb2cf447cc,575839001,5,17,85,2023-04-09
SYN-4f1b5cfb2cf447cc,575839002,6,20,120,2023-04-09
SYN-4f201b9588980bb6,301656017,2,51,102,2023-11-19
SYN-4f201b9588980bb6,663355003,4,34,136,2023-11-19
SYN-4f279017d45a8895,625939004,6,9,54,2023-11-28
SYN-4f2a6737adc5d25e,478298011,6,5,30,2023-08-25
SYN-4f2a6737adc5d25e,627389006,3,15,45,2023-08-25
SYN-4f382f922e33e322,399256001,5,17,85,2023-09-01
SYN-4f422619333b4ad4,685687003,6,17,102,2023-07-03
SYN-4f422619333b4ad4,685687004,5,17,85,2023-07-03
SYN-4f518eda424b1041,656004002,6,85,510,2023-06-19
SYN-4f52eee48f45c941,615130001,6,19,114,2023-09-07
SYN-4f52eee48f45c941,621522012,4,5,20,2023-09-07
SYN-4f52eee48f45c941,628920004,5,10,50,2023-09-07
SYN-4f5880e2cc647333,573626001,2,20,40,2023-01-16
SYN-4f5880e2cc647333,573626002,3,24,72,2023-01-16
SYN-4f5880e2cc647333,573716033,5,24,120,2023-01-16
SYN-4f605b115c70f634,666006006,2,119,238,2023-06-06
SYN-4f70175021ea4b4a,685972001,4,129,516,2023-10-29
SYN-4f70175021ea4b4a,698272001,2,51,102,2023-10-29
SYN-4f9669a733bb12a5,547367007,2,10,20,2023-07-30
SYN-4f9669a733bb12a5,589924004,3,14,42,2023-07-30
SYN-4f9669a733bb12a5,589924005,5,14,70,2023-07-30
SYN-4f9669a733bb12a5,683662005,6,14,84,2023-07-30
SYN-4f9669a733bb12a5,685687004,6,17,102,2023-07-30
SYN-4fa68cbc74e7e86c,688873005,2,34,68,2023-02-03
SYN-4fd1b842b2d04e48,507910004,3,23,69,2023-09-09
SYN-4fd1b842b2d04e48,561445026,3,8,24,2023-09-09
SYN-4fd1b842b2d04e48,567411008,2,20,40,2023-09-09
SYN-4fd1b842b2d04e48,567411015,3,20,60,2023-09-09
SYN-4fd1b842b2d04e48,649098003,2,15,30,2023-09-09
SYN-4fd8d0e962b7d403,473954006,6,17,102,2023-12-11
SYN-4fd8d0e962b7d403,565338002,2,22,44,2023-12-11
SYN-4fd8d0e962b7d403,570319001,2,22,44,2023-12-11
SYN-4fd8d0e962b7d403,594997001,3,12,36,2023-12-11
SYN-5000ce6756a710e2,619192002,2,41,82,2023-04-12
SYN-50074be6b512de7e,623434013,6,34,204,2023-12-26
SYN-503c397b69eefd08,521269001,5,20,100,2023-08-17
SYN-503c397b69eefd08,574109014,3,25,75,2023-08-17
SYN-503c397b69eefd08,633781006,3,17,51,2023-08-17
SYN-503c397b69eefd08,677991002,4,34,136,2023-08-17
SYN-504535ba565b7240,678073002,6,25,150,2023-09-20
SYN-504535ba565b7240,692747001,2,17,34,2023-09-20
SYN-504535ba565b7240,719017001,6,17,102,2023-09-20
SYN-5048f58250a9558d,493836015,3,18,54,2023-12-29
SYN-504dffe8b2ef9a8f,684105002,4,85,340,2023-04-26
SYN-504e435dd51a50c4,656213003,6,34,204,2023-11-08
SYN-508c0b3f160f0226,504155011,2,32,64,2023-03-13
SYN-508c0b3f160f0226,568597016,6,34,204,2023-03-13
SYN-508c0b3f160f0226,591334017,4,16,64,2023-03-13
SYN-508c0b3f160f0226,672590001,4,82,328,2023-03-13
SYN-509c465fbbac1eca,539723001,3,34,102,2023-06-19
SYN-509e79ad537e9abc,688873004,3,34,102,2023-05-18
SYN-50a007f58a7a29e7,621248002,2,20,40,2023-09-02
SYN-50a2a49261406ecb,654701001,5,22,110,2023-09-24
SYN-50b17122756e8c81,612170001,3,22,66,2023-11-23
SYN-50ccda772507fd2a,504155015,2,34,68,2023-11-25
SYN-50e33b2be306705a,570003001,6,14,84,2023-03-18
SYN-50e33b2be306705a,570003026,5,14,70,2023-03-18
SYN-50e33b2be306705a,611024001,3,17,51,2023-03-18
SYN-50e33b2be306705a,649494005,6,22,132,2023-03-18
SYN-50e33b2be306705a,698943004,2,17,34,2023-03-18
SYN-50f0ece75b212530,348442015,2,20,40,2023-10-15
SYN-50f0ece75b212530,543723019,4,9,36,2023-10-15
SYN-50f0ece75b212530,575957001,3,25,75,2023-10-15
SYN-50f0ece75b212530,588148002,2,17,34,2023-10-15
SYN-50f0ece75b212530,635676001,5,25,125,2023-10-15
SYN-50f0ece75b212530,646592004,4,17,68,2023-10-15
SYN-50f0ece75b212530,684385001,3,25,75,2023-10-15
SYN-50f9c43a5e4ff09e,355072001,2,9,18,2023-03-30
SYN-50f9c43a5e4ff09e,362931027,2,19,38,2023-03-30
SYN-50f9c43a5e4ff09e,451380012,3,41,123,2023-03-30
SYN-50f9c43a5e4ff09e,561817002,2,20,40,2023-03-30
SYN-50f9c43a5e4ff09e,588452002,2,15,30,2023-03-30
SYN-50f9c43a5e4ff09e,597035001,4,10,40,2023-03-30
SYN-50f9c43a5e4ff09e,610662002,2,30,60,2023-03-30
SYN-50f9c43a5e4ff09e,660497003,2,9,18,2023-03-30
SYN-50fee487ce4f5a0d,487722001,5,42,210,2023-12-24
SYN-5101d89212d30558,618650002,4,2,8,2023-01-19
SYN-5101d89212d30558,664133002,6,42,252,2023-01-19
SYN-5116ca0687df0f9f,577178002,4,58,232,2023-01-01
SYN-511fc298c48261c6,564343001,6,32,192,2023-12-27
SYN-5121e0c6acee08a2,635273002,6,47,282,2023-03-23
SYN-51384fe94895500b,547367007,3,17,51,2023-07-02
SYN-51384fe94895500b,630116003,5,19,95,2023-07-02
SYN-51384fe94895500b,630116008,2,34,68,2023-07-02
SYN-513dde9e7d07c6ee,665725001,4,34,136,2023-06-29
SYN-513dde9e7d07c6ee,667491006,6,25,150,2023-06-29
SYN-513dde9e7d07c6ee,682430001,5,51,255,2023-06-29
SYN-514e1f4be9e3c42d,649397002,6,42,252,2023-11-15
SYN-51526d56a5145ac0,672054004,5,14,70,2023-10-11
SYN-51526d56a5145ac0,691911001,4,29,116,2023-10-11
SYN-515faf4e3227946f,519583015,6,24,144,2023-05-23
SYN-515faf4e3227946f,561815002,3,12,36,2023-05-23
SYN-515faf4e3227946f,589222001,2,24,48,2023-05-23
SYN-515faf4e3227946f,610747002,6,22,132,2023-05-23
SYN-5163dcdbd4b76bd9,611062002,2,12,24,2023-05-10
SYN-5165b940ffb96790,681657002,5,22,110,2023-11-03
SYN-516c8c6c139934a1,464927010,5,9,45,2023-05-30
SYN-516c8c6c139934a1,481110017,3,31,93,2023-05-30
SYN-516c8c6c139934a1,481110018,2,31,62,2023-05-30
SYN-516c8c6c139934a1,520175004,4,14,56,2023-05-30
SYN-516c8c6c139934a1,581157001,3,31,93,2023-05-30
SYN-516c8c6c139934a1,635742002,5,50,250,2023-05-30
SYN-516c8c6c139934a1,638635001,4,36,144,2023-05-30
SYN-516c8c6c139934a1,660552001,5,29,145,2023-05-30
SYN-516c8c6c139934a1,703207001,6,17,102,2023-05-30
SYN-5187da75047894db,671505002,5,34,170,2023-08-12
SYN-5187da75047894db,714428001,4,25,100,2023-08-12
SYN-518e1e314dd87e49,652671001,3,31,93,2023-01-14
SYN-5192c682882a44da,398089002,4,17,68,2023-07-16
SYN-5192c682882a44da,525518002,5,42,210,2023-07-16
SYN-5192c682882a44da,525518006,5,42,210,2023-07-16
SYN-51a7538d3f200c27,651465003,3,10,30,2023-01-05
SYN-51a7538d3f200c27,688873015,3,34,102,2023-01-05
SYN-51b252563c536d7e,596067001,4,15,60,2023-02-04
SYN-51b252563c536d7e,651558002,4,12,48,2023-02-04
SYN-51b252563c536d7e,651558003,5,7,35,2023-02-04
SYN-51b252563c536d7e,651558006,4,9,36,2023-02-04
SYN-51b252563c536d7e,651558017,2,10,20,2023-02-04
SYN-51bbfc5b7bbc20ba,474088001,4,31,124,2023-04-21
SYN-51bbfc5b7bbc20ba,532578009,6,7,42,2023-04-21
SYN-51bbfc5b7bbc20ba,532578017,3,10,30,2023-04-21
SYN-51bbfc5b7bbc20ba,570896001,6,15,90,2023-04-21
SYN-51bbfc5b7bbc20ba,611032001,6,12,72,2023-04-21
SYN-51be8ad8406b3559,156231001,6,9,54,2023-03-21
SYN-51be8ad8406b3559,639576001,4,51,204,2023-03-21
SYN-51c72c4c0e0d1c1d,643055001,4,31,124,2023-09-09
SYN-51d2f32ca86ec381,325087002,5,25,125,2023-03-19
SYN-51d2f32ca86ec381,469658009,4,22,88,2023-03-19
SYN-51d2f32ca86ec381,529008026,2,19,38,2023-03-19
SYN-51d2f32ca86ec381,573390001,5,22,110,2023-03-19
SYN-51df07ebc6566c03,654921001,2,51,102,2023-10-18
SYN-51df07ebc6566c03,659835001,4,68,272,2023-10-18
SYN-51df07ebc6566c03,665098001,3,59,177,2023-10-18
SYN-51df07ebc6566c03,671610001,3,17,51,2023-10-18
SYN-51df07ebc6566c03,703629001,3,17,51,2023-10-18
SYN-51e2ffd145ab20c0,626705001,6,22,132,2023-06-17
SYN-51e2ffd145ab20c0,632223001,4,14,56,2023-06-17
SYN-51e2ffd145ab20c0,664696003,2,19,38,2023-06-17
SYN-51e3831b636e37ad,504154021,5,42,210,2023-06-02
SYN-51e3831b636e37ad,660712003,3,42,126,2023-06-02
SYN-51e8f5ca06dcd901,372860001,6,14,84,2023-09-16
SYN-51e8f5ca06dcd901,436570023,2,25,50,2023-09-16
SYN-51e8f5ca06dcd901,554450019,2,34,68,2023-09-16
SYN-51e8f5ca06dcd901,564311002,3,25,75,2023-09-16
SYN-51e8f5ca06dcd901,626813005,6,25,150,2023-09-16
SYN-51e8f5ca06dcd901,662868003,3,34,102,2023-09-16
SYN-51e8f5ca06dcd901,663942001,6,34,204,2023-09-16
SYN-51f638788d7c89d0,578476001,4,48,192,2023-08-18
SYN-51f638788d7c89d0,663396002,6,51,306,2023-08-18
SYN-51fbb90dcfd6d079,542982010,5,20,100,2023-09-28
SYN-51fbb90dcfd6d079,554541017,6,36,216,2023-09-28
SYN-51fbb90dcfd6d079,554541020,3,36,108,2023-09-28
SYN-51fbb90dcfd6d079,559129008,5,36,180,2023-09-28
SYN-51fbb90dcfd6d079,647250001,6,20,120,2023-09-28
SYN-51fbb90dcfd6d079,666606002,2,29,58,2023-09-28
SYN-51fbb90dcfd6d079,670233011,4,22,88,2023-09-28
SYN-51fedb7154a6f763,524061003,3,51,153,2023-10-18
SYN-51fedb7154a6f763,644944001,6,17,102,2023-10-18
SYN-51fedb7154a6f763,669034002,4,81,324,2023-10-18
SYN-520f11bd1b8b1407,594697001,4,37,148,2023-01-03
SYN-520f11bd1b8b1407,594697005,5,42,210,2023-01-03
SYN-5216d45966e5dbff,524825010,6,42,252,2023-04-21
SYN-521a3e78b9dde6c7,524825010,3,42,126,2023-08-15
SYN-521a3e78b9dde6c7,611062002,6,12,72,2023-08-15
SYN-521a3e78b9dde6c7,620182001,5,25,125,2023-08-15
SYN-522ae2d9e8c41839,575172005,2,24,48,2023-09-07
SYN-522ae2d9e8c41839,584483004,4,15,60,2023-09-07
SYN-522ae2d9e8c41839,612182014,4,34,136,2023-09-07
SYN-522ae2d9e8c41839,671505001,2,34,68,2023-09-07
SYN-523ac71b59406a73,498620006,4,20,80,2023-06-13
SYN-523f0607bd6959a0,559630003,6,7,42,2023-06-06
SYN-523f0607bd6959a0,603585003,3,17,51,2023-06-06
SYN-523f0607bd6959a0,612481007,4,20,80,2023-06-06
SYN-523f0607bd6959a0,714375001,4,34,136,2023-06-06
SYN-5248cb0e59e90544,581781004,6,51,306,2023-07-23
SYN-525af8c21a68df2d,469562013,6,68,408,2023-04-22
SYN-525af8c21a68df2d,469562036,6,44,264,2023-04-22
SYN-525af8c21a68df2d,510465001,3,25,75,2023-04-22
SYN-526a79071408dd43,607834002,3,25,75,2023-10-18
SYN-526e5c07331a7727,545396001,2,11,22,2023-01-10
SYN-526e5c07331a7727,545396005,3,11,33,2023-01-10
SYN-526e5c07331a7727,545396032,3,11,33,2023-01-10
SYN-526ed38c56e1fb06,613133001,4,25,100,2023-11-29
SYN-526ed38c56e1fb06,633130015,3,17,51,2023-11-29
SYN-526ed38c56e1fb06,667379002,6,42,252,2023-11-29
SYN-526ed38c56e1fb06,672890001,4,25,100,2023-11-29
SYN-526ed38c56e1fb06,672890002,4,25,100,2023-11-29
SYN-526ed38c56e1fb06,674336003,2,34,68,2023-11-29
SYN-526ed38c56e1fb06,674492003,2,25,50,2023-11-29
SYN-526ed38c56e1fb06,683493001,6,25,150,2023-11-29
SYN-526ed38c56e1fb06,696545002,4,68,272,2023-11-29
SYN-526ed38c56e1fb06,696545005,2,68,136,2023-11-29
SYN-526ed38c56e1fb06,710059001,2,59,118,2023-11-29
SYN-528665856e70571f,557248001,4,31,124,2023-12-11
SYN-528665856e70571f,557248009,4,31,124,2023-12-11
SYN-528665856e70571f,569974022,5,31,155,2023-12-11
SYN-52af556f28e392af,212766043,3,34,102,2023-08-10
SYN-52af556f28e392af,212766045,3,34,102,2023-08-10
SYN-52af556f28e392af,441386001,5,42,210,2023-08-10
SYN-52af556f28e392af,562252035,4,25,100,2023-08-10
SYN-52af556f28e392af,648968003,5,34,170,2023-08-10
SYN-52af556f28e392af,673707002,6,42,252,2023-08-10
SYN-52af556f28e392af,684033003,5,31,155,2023-08-10
SYN-52af556f28e392af,684080001,2,102,204,2023-08-10
SYN-52af556f28e392af,703795002,4,34,136,2023-08-10
SYN-52af556f28e392af,716419001,6,17,102,2023-08-10
SYN-52b05ef63c2fc530,552826001,2,9,18,2023-09-01
SYN-52b05ef63c2fc530,608776001,5,9,45,2023-09-01
SYN-52b05ef63c2fc530,653188001,3,7,21,2023-09-01
SYN-52b9ada5b0622ed1,656719003,3,51,153,2023-06-11
SYN-52bae7e47a9af07c,719017001,6,17,102,2023-07-21
SYN-52bd2ebb3c7618de,648995005,4,17,68,2023-12-22
SYN-52c9adacf09e5a32,562256010,5,41,205,2023-07-10
SYN-52c9adacf09e5a32,562820006,6,9,54,2023-07-10
SYN-52c9adacf09e5a32,581086001,6,10,60,2023-07-10
SYN-52c9adacf09e5a32,583554002,3,24,72,2023-07-10
SYN-52c9adacf09e5a32,650722001,2,20,40,2023-07-10
SYN-52d9dbc2fe0f2e6a,153115039,2,25,50,2023-04-16
SYN-52d9dbc2fe0f2e6a,495573004,2,25,50,2023-04-16
SYN-52d9dbc2fe0f2e6a,616337002,4,17,68,2023-04-16
SYN-52d9dbc2fe0f2e6a,622140005,6,14,84,2023-04-16
SYN-52d9dbc2fe0f2e6a,623059004,3,34,102,2023-04-16
SYN-52e8a04bd79c3e88,554533003,2,25,50,2023-09-19
SYN-52e8a04bd79c3e88,609181001,4,34,136,2023-09-19
SYN-52f3aed6bcde6c44,519847006,4,22,88,2023-03-07
SYN-52f3aed6bcde6c44,538142008,4,19,76,2023-03-07
SYN-52f3aed6bcde6c44,540277004,6,13,78,2023-03-07
SYN-52f3aed6bcde6c44,610314001,3,14,42,2023-03-07
SYN-52f3aed6bcde6c44,685687001,6,16,96,2023-03-07
SYN-52f3aed6bcde6c44,685687004,6,16,96,2023-03-07
SYN-52fd63a535cd14df,656686001,2,168,336,2023-03-01
SYN-5301f7d2052b18f6,662948001,5,42,210,2023-08-06
SYN-53071a63eede32f7,575347003,5,14,70,2023-06-02
SYN-53071a63eede32f7,597510001,3,68,204,2023-06-02
SYN-53071a63eede32f7,665831002,5,85,425,2023-06-02
SYN-53071a63eede32f7,697997001,3,25,75,2023-06-02
SYN-532d34b2a7106978,541313006,2,51,102,2023-10-28
SYN-53344023a5c6e669,573937001,5,26,130,2023-11-10
SYN-53344023a5c6e669,685687001,2,17,34,2023-11-10
SYN-533e13d4911f5e77,594264003,6,25,150,2023-12-23
SYN-533e13d4911f5e77,598859001,2,51,102,2023-12-23
SYN-533e13d4911f5e77,656485001,2,31,62,2023-12-23
SYN-533e13d4911f5e77,686631001,5,42,210,2023-12-23
SYN-534e7843e62850ba,543141003,5,10,50,2023-03-21
SYN-534e7843e62850ba,567993020,6,10,60,2023-03-21
SYN-534e7843e62850ba,634009004,5,25,125,2023-03-21
SYN-534e7843e62850ba,636351001,6,17,102,2023-03-21
SYN-534e7843e62850ba,666223002,5,7,35,2023-03-21
SYN-5368a7377d3fe374,563162004,6,7,42,2023-07-15
SYN-5368a7377d3fe374,579907001,4,19,76,2023-07-15
SYN-5368a7377d3fe374,624120004,3,14,42,2023-07-15
SYN-5368a7377d3fe374,624121005,3,14,42,2023-07-15
SYN-5368a7377d3fe374,639452002,3,10,30,2023-07-15
SYN-538cabbe917d8dc3,640124003,5,19,95,2023-11-20
SYN-539451150ecdcff7,562252014,4,25,100,2023-09-17
SYN-539451150ecdcff7,680374002,4,34,136,2023-09-17
SYN-53a5e35e8237037f,612891001,3,29,87,2023-01-06
SYN-53b8675f70f295dc,436570023,5,25,125,2023-06-20
SYN-53b8675f70f295dc,636455009,6,51,306,2023-06-20
SYN-53b8675f70f295dc,699566001,6,68,408,2023-06-20
SYN-53da5fc91a2a7ae7,553139001,2,32,64,2023-09-08
SYN-53da5fc91a2a7ae7,607247001,4,48,192,2023-09-08
SYN-53daeb175be0a48e,611415005,6,17,102,2023-03-15
SYN-53daeb175be0a48e,685687004,4,17,68,2023-03-15
SYN-53e67922094e57f4,591334014,3,17,51,2023-09-16
SYN-53e67922094e57f4,673396003,3,14,42,2023-09-16
SYN-53e67922094e57f4,678942001,5,17,85,2023-09-16
SYN-53eb02eb59daad66,652671004,4,31,124,2023-03-20
SYN-5412f57157c6b3b5,598665001,3,9,27,2023-08-26
SYN-5412f57157c6b3b5,617919017,5,21,105,2023-08-26
SYN-5412f57157c6b3b5,638553001,5,36,180,2023-08-26
SYN-542329ad5e109eed,539723042,2,29,58,2023-03-31
SYN-542fac562a623ea0,685687004,6,17,102,2023-02-07
SYN-5432f0f0134589b3,510126016,4,51,204,2023-09-30
SYN-5432f0f0134589b3,639576001,6,51,306,2023-09-30
SYN-5432f0f0134589b3,656719005,5,51,255,2023-09-30
SYN-5454d5d1fa29452d,680186001,6,42,252,2023-04-10
SYN-54552398d524d4a0,540701004,4,15,60,2023-06-22
SYN-54552398d524d4a0,567594001,6,12,72,2023-06-22
SYN-5455280d0d0a52f8,541512001,5,29,145,2023-03-29
SYN-5455280d0d0a52f8,657291003,2,10,20,2023-03-29
SYN-545f6b337b2cfc4a,629042001,6,136,816,2023-12-14
SYN-545f6b337b2cfc4a,682189001,6,168,1008,2023-12-14
SYN-545f6b337b2cfc4a,682204001,2,219,438,2023-12-14
SYN-545f6b337b2cfc4a,691989002,4,68,272,2023-12-14
SYN-5469730acb48ad70,507909003,5,24,120,2023-01-07
SYN-5469730acb48ad70,601102001,3,20,60,2023-01-07
SYN-5469730acb48ad70,639677001,4,24,96,2023-01-07
SYN-5469730acb48ad70,651723001,5,39,195,2023-01-07
SYN-547d43e453bdce5f,592172007,4,7,28,2023-03-19
SYN-547d43e453bdce5f,626000002,3,7,21,2023-03-19
SYN-549d303397d561ea,573085001,3,21,63,2023-08-29
SYN-549d303397d561ea,593986002,4,73,292,2023-08-29
SYN-549d303397d561ea,640677004,5,25,125,2023-08-29
SYN-54a09d66481d4ef6,189616006,3,17,51,2023-06-26
SYN-54a09d66481d4ef6,237222001,2,17,34,2023-06-26
SYN-54a09d66481d4ef6,484398054,2,24,48,2023-06-26
SYN-54a09d66481d4ef6,505975001,5,59,295,2023-06-26
SYN-54a09d66481d4ef6,550309001,6,42,252,2023-06-26
SYN-54a09d66481d4ef6,568069001,4,20,80,2023-06-26
SYN-54a09d66481d4ef6,568597008,3,15,45,2023-06-26
SYN-54a09d66481d4ef6,573085010,2,34,68,2023-06-26
SYN-54a09d66481d4ef6,584483003,2,9,18,2023-06-26
SYN-54a09d66481d4ef6,588689013,6,34,204,2023-06-26
SYN-54a09d66481d4ef6,611024001,2,17,34,2023-06-26
SYN-54a09d66481d4ef6,611024002,4,17,68,2023-06-26
SYN-54a09d66481d4ef6,620745003,6,15,90,2023-06-26
SYN-54a09d66481d4ef6,626990003,5,27,135,2023-06-26
SYN-54a09d66481d4ef6,628593001,3,51,153,2023-06-26
SYN-54a09d66481d4ef6,629305003,2,17,34,2023-06-26
SYN-54a09d66481d4ef6,632516001,4,68,272,2023-06-26
SYN-54a09d66481d4ef6,637255010,6,25,150,2023-06-26
SYN-54a09d66481d4ef6,651165001,4,15,60,2023-06-26
SYN-54a09d66481d4ef6,656719005,3,51,153,2023-06-26
SYN-54a09d66481d4ef6,662868001,6,34,204,2023-06-26
SYN-54a09d66481d4ef6,663355002,6,34,204,2023-06-26
SYN-54a09d66481d4ef6,663942002,6,34,204,2023-06-26
SYN-54a09d66481d4ef6,664190003,4,76,304,2023-06-26
SYN-54a09d66481d4ef6,667709001,4,51,204,2023-06-26
SYN-54a09d66481d4ef6,671022001,2,25,50,2023-06-26
SYN-54a09d66481d4ef6,678086001,4,25,100,2023-06-26
SYN-54a09d66481d4ef6,703991001,2,25,50,2023-06-26
SYN-54aca6f9edb365b6,537895003,6,34,204,2023-05-07
SYN-54aca6f9edb365b6,543054009,4,42,168,2023-05-07
SYN-54aca6f9edb365b6,623434013,4,34,136,2023-05-07
SYN-54aca6f9edb365b6,652731003,3,59,177,2023-05-07
SYN-54aca6f9edb365b6,688873006,2,34,68,2023-05-07
SYN-54aca6f9edb365b6,688873020,5,34,170,2023-05-07
SYN-54b0164831bb1962,541518023,4,31,124,2023-09-20
SYN-54b198b7f16df93f,562252028,2,24,48,2023-12-17
SYN-54b198b7f16df93f,562252031,5,25,125,2023-12-17
SYN-54c803e8ef303acc,524825010,2,42,84,2023-03-07
SYN-54c803e8ef303acc,592975011,2,51,102,2023-03-07
SYN-54cca8f7bc103aa2,662935002,3,51,153,2023-01-06
SYN-54d08d30b82e35e6,579541026,4,17,68,2023-10-21
SYN-54d08d30b82e35e6,631470003,4,42,168,2023-10-21
SYN-54d08d30b82e35e6,637549005,2,34,68,2023-10-21
SYN-54d08d30b82e35e6,684151001,3,51,153,2023-10-21
SYN-54d08d30b82e35e6,685687004,5,17,85,2023-10-21
SYN-54e4b9d8658565ad,636938001,3,34,102,2023-07-21
SYN-54e90c7f2b08466a,671011001,6,23,138,2023-11-01
SYN-5513bdd07ae3e2c4,554598028,5,17,85,2023-09-08
SYN-5513bdd07ae3e2c4,615092002,5,17,85,2023-09-08
SYN-5513bdd07ae3e2c4,629420002,6,9,54,2023-09-08
SYN-551f14e18b732aa9,606814002,5,102,510,2023-12-11
SYN-551f14e18b732aa9,665228001,3,68,204,2023-12-11
SYN-5533d95e892bfe64,516903005,5,34,170,2023-12-18
SYN-5535c7f50f92818f,663699001,2,31,62,2023-03-07
SYN-553a21f1f32372bb,545439001,2,17,34,2023-09-01
SYN-553a21f1f32372bb,550471019,6,15,90,2023-09-01
SYN-553a21f1f32372bb,584804001,3,17,51,2023-09-01
SYN-553a21f1f32372bb,657759002,2,17,34,2023-09-01
SYN-553a21f1f32372bb,670390001,2,25,50,2023-09-01
SYN-555a0123085a8eb9,542730007,5,85,425,2023-10-16
SYN-555dc2646479c68a,575923001,3,47,141,2023-08-18
SYN-555dc2646479c68a,664618001,2,10,20,2023-08-18
SYN-55637cd68818516e,456163024,6,34,204,2023-04-03
SYN-556803b82a068843,399087001,4,34,136,2023-05-24
SYN-556803b82a068843,399087010,2,34,68,2023-05-24
SYN-556ce053f3d908cc,458032003,4,51,204,2023-12-17
SYN-5573fd9c31aec167,552370002,4,17,68,2023-09-13
SYN-5573fd9c31aec167,552370007,2,17,34,2023-09-13
SYN-5573fd9c31aec167,554141003,2,17,34,2023-09-13
SYN-5573fd9c31aec167,554546003,2,17,34,2023-09-13
SYN-5573fd9c31aec167,555369001,5,12,60,2023-09-13
SYN-5573fd9c31aec167,557293003,3,20,60,2023-09-13
SYN-5585fcbbe2cdc3fb,554704006,4,51,204,2023-06-09
SYN-5585fcbbe2cdc3fb,662868002,6,34,204,2023-06-09
SYN-5585fcbbe2cdc3fb,662868003,6,34,204,2023-06-09
SYN-5585fcbbe2cdc3fb,667491006,3,25,75,2023-06-09
SYN-5585fcbbe2cdc3fb,667491011,5,25,125,2023-06-09
SYN-5585fcbbe2cdc3fb,685687001,2,17,34,2023-06-09
SYN-5585fcbbe2cdc3fb,685687002,6,17,102,2023-06-09
SYN-5585fcbbe2cdc3fb,685687004,3,17,51,2023-06-09
SYN-5585fcbbe2cdc3fb,690478001,6,34,204,2023-06-09
SYN-558932651546aba1,372860041,5,7,35,2023-03-07
SYN-558be08bb51f8b7a,379780045,3,14,42,2023-09-20
SYN-558be08bb51f8b7a,529008038,4,25,100,2023-09-20
SYN-558be08bb51f8b7a,610776010,5,9,45,2023-09-20
SYN-5593dbc83d5db07b,479227020,5,5,25,2023-09-04
SYN-5593dbc83d5db07b,490793015,2,9,18,2023-09-04
SYN-5593dbc83d5db07b,613459002,5,10,50,2023-09-04
SYN-5593dbc83d5db07b,621523013,2,17,34,2023-09-04
SYN-5593dbc83d5db07b,625047001,4,27,108,2023-09-04
SYN-5593dbc83d5db07b,626263003,4,25,100,2023-09-04
SYN-559bc909b4b9992d,615021003,4,9,36,2023-07-17
SYN-559bc909b4b9992d,660712012,4,42,168,2023-07-17
SYN-559f595c3f10994a,413029008,5,20,100,2023-04-09
SYN-559f595c3f10994a,633135001,2,34,68,2023-04-09
SYN-55abf049ddf0d844,417427026,5,31,155,2023-11-06
SYN-55abf049ddf0d844,445419009,2,14,28,2023-11-06
SYN-55abf049ddf0d844,458032003,3,51,153,2023-11-06
SYN-55abf049ddf0d844,517729038,4,12,48,2023-11-06
SYN-55abf049ddf0d844,574109015,3,25,75,2023-11-06
SYN-55abf049ddf0d844,575141004,2,22,44,2023-11-06
SYN-55abf049ddf0d844,576693002,4,9,36,2023-11-06
SYN-55abf049ddf0d844,593494001,3,17,51,2023-11-06
SYN-55abf049ddf0d844,595573001,2,27,54,2023-11-06
SYN-55abf049ddf0d844,597745001,6,19,114,2023-11-06
SYN-55abf049ddf0d844,612305001,3,56,168,2023-11-06
SYN-55abf049ddf0d844,616543005,6,25,150,2023-11-06
SYN-55abf049ddf0d844,616543007,5,20,100,2023-11-06
SYN-55abf049ddf0d844,616808001,2,9,18,2023-11-06
SYN-55abf049ddf0d844,624486001,6,14,84,2023-11-06
SYN-55abf049ddf0d844,624486008,4,14,56,2023-11-06
SYN-55abf049ddf0d844,631590005,6,46,276,2023-11-06
SYN-55abf049ddf0d844,661435002,5,76,380,2023-11-06
SYN-55abf049ddf0d844,671624001,6,102,612,2023-11-06
SYN-55abf049ddf0d844,672598001,5,22,110,2023-11-06
SYN-55abf049ddf0d844,681815001,6,17,102,2023-11-06
SYN-55abf049ddf0d844,681815003,6,17,102,2023-11-06
SYN-55ba8d9234a7230b,638614001,2,56,112,2023-09-24
SYN-55ba8d9234a7230b,638630001,4,42,168,2023-09-24
SYN-55bacbc64291f184,450604022,3,34,102,2023-07-07
SYN-55bacbc64291f184,610709001,5,34,170,2023-07-07
SYN-55d21c8834709857,687371002,6,36,216,2023-04-25
SYN-55d30b6879857ecd,179123040,6,17,102,2023-03-17
SYN-55d30b6879857ecd,189634001,2,10,20,2023-03-17
SYN-55d30b6879857ecd,533518001,4,59,236,2023-03-17
SYN-55d30b6879857ecd,547300001,2,24,48,2023-03-17
SYN-55de7de4358961fc,714379001,2,34,68,2023-04-07
SYN-55df08dcb0386163,685687001,3,16,48,2023-08-31
SYN-55e80b7c8e7ceb8f,482638018,3,9,27,2023-03-23
SYN-55e80b7c8e7ceb8f,560326001,6,19,114,2023-03-23
SYN-55e80b7c8e7ceb8f,598795018,3,5,15,2023-03-23
SYN-55e80b7c8e7ceb8f,629679001,6,14,84,2023-03-23
SYN-55e80b7c8e7ceb8f,643055001,2,31,62,2023-03-23
SYN-55e80b7c8e7ceb8f,648950002,3,12,36,2023-03-23
SYN-55e80b7c8e7ceb8f,671057002,5,9,45,2023-03-23
SYN-55ec33a02c49e919,217727003,2,13,26,2023-07-23
SYN-55ec33a02c49e919,562657001,5,10,50,2023-07-23
SYN-55ec33a02c49e919,565379001,6,8,48,2023-07-23
SYN-55ec33a02c49e919,638899001,6,49,294,2023-07-23
SYN-55ec33a02c49e919,662866003,5,41,205,2023-07-23
SYN-55ec33a02c49e919,665477001,3,32,96,2023-07-23
SYN-55ec33a02c49e919,684686001,2,49,98,2023-07-23
SYN-56101b277e8d8430,496111004,2,20,40,2023-03-12
SYN-56101b277e8d8430,496111007,3,34,102,2023-03-12
SYN-56101b277e8d8430,610744007,2,15,30,2023-03-12
SYN-56101b277e8d8430,610744009,3,15,45,2023-03-12
SYN-561774472ee2848c,605777001,4,14,56,2023-10-26
SYN-561dade7bdd88af9,560270007,6,51,306,2023-08-19
SYN-562b296bd50e6f12,662369001,2,34,68,2023-09-29
SYN-56355f74b2072bc9,580000001,4,14,56,2023-05-30
SYN-56355f74b2072bc9,657291001,6,10,60,2023-05-30
SYN-56355f74b2072bc9,680810002,6,32,192,2023-05-30
SYN-563735331b5fcd53,681718001,5,41,205,2023-06-07
SYN-564869de56c298e5,613497008,2,34,68,2023-03-15
SYN-564869de56c298e5,657395002,2,34,68,2023-03-15
SYN-564869de56c298e5,669303001,2,61,122,2023-03-15
SYN-564869de56c298e5,701580001,3,51,153,2023-03-15
SYN-5656c9189b2b9f5c,640021005,2,51,102,2023-09-06
SYN-566041d7fdea8028,561445008,3,9,27,2023-03-17
SYN-566041d7fdea8028,561445011,6,5,30,2023-03-17
SYN-566fea732a0ddb95,557248024,4,32,128,2023-07-11
SYN-566fea732a0ddb95,596517001,6,15,90,2023-07-11
SYN-5679b08c660128f1,554598001,4,15,60,2023-11-02
SYN-5679b08c660128f1,634333001,2,38,76,2023-11-02
SYN-5679b08c660128f1,687535001,5,61,305,2023-11-02
SYN-5680315ea2f3dc6e,536139003,5,15,75,2023-08-19
SYN-568b5c27b0566920,657287005,5,17,85,2023-07-11
SYN-568b5c27b0566920,657291005,6,10,60,2023-07-11
SYN-568b5c27b0566920,662888004,6,34,204,2023-07-11
SYN-568b5c27b0566920,680810002,2,34,68,2023-07-11
SYN-5691569e666f5bfc,665875003,2,85,170,2023-09-23
SYN-569a6b94cdddac98,521269002,5,27,135,2023-01-13
SYN-569a6b94cdddac98,637549005,6,34,204,2023-01-13
SYN-569a6b94cdddac98,685687002,4,17,68,2023-01-13
SYN-569a6b94cdddac98,685687003,6,17,102,2023-01-13
SYN-569ae3e79644b500,537076006,2,102,204,2023-12-17
SYN-569ae3e79644b500,629060003,2,136,272,2023-12-17
SYN-569ae3e79644b500,691102001,4,168,672,2023-12-17
SYN-56a379f8d2964646,324502018,3,10,30,2023-11-19
SYN-56afde9dfc4e4d50,457466002,6,17,102,2023-02-28
SYN-56c4bb9339ac8768,674844001,2,59,118,2023-02-19
SYN-56cb754e9bfc963f,688873014,2,34,68,2023-04-11
SYN-56d22a761ec62d1f,501722005,5,42,210,2023-10-12
SYN-56d22a761ec62d1f,507909001,3,25,75,2023-10-12
SYN-56d22a761ec62d1f,546406001,6,34,204,2023-10-12
SYN-56d22a761ec62d1f,671600002,2,22,44,2023-10-12
SYN-56e7ceaa8de91e84,594987001,2,17,34,2023-06-18
SYN-5717fc635eabe456,181448109,6,12,72,2023-05-09
SYN-5717fc635eabe456,558267001,6,3,18,2023-05-09
SYN-5717fc635eabe456,571436009,3,14,42,2023-05-09
SYN-5728c8b71653c6e5,567618001,4,22,88,2023-09-13
SYN-573b1fd611080804,568601018,5,51,255,2023-10-04
SYN-57424587200c058b,537116004,6,15,90,2023-03-10
SYN-5742bcd88c00d96d,524825012,2,42,84,2023-06-03
SYN-5742bcd88c00d96d,636455012,6,51,306,2023-06-03
SYN-5742bcd88c00d96d,680220001,2,25,50,2023-06-03
SYN-574c6eaeff5d00f8,572127015,5,19,95,2023-01-03
SYN-574e7501338af5dd,677930015,5,17,85,2023-08-16
SYN-5750c402da25047b,510126016,2,51,102,2023-08-08
SYN-5750c402da25047b,583533002,5,68,340,2023-08-08
SYN-5750c402da25047b,640462002,2,34,68,2023-08-08
SYN-57533d3bbe841977,244267032,3,34,102,2023-02-04
SYN-57533d3bbe841977,630672001,3,34,102,2023-02-04
SYN-57568c8dc544c941,639192002,5,59,295,2023-11-11
SYN-5787c5d7aa4959a7,301517018,2,10,20,2023-04-16
SYN-57895202d51dc106,673638001,2,17,34,2023-03-29
SYN-57895202d51dc106,685687004,2,17,34,2023-03-29
SYN-5794da64eb8f0416,483290015,3,9,27,2023-02-08
SYN-5794da64eb8f0416,585809001,6,14,84,2023-02-08
SYN-5794da64eb8f0416,585809002,4,14,56,2023-02-08
SYN-5794fdf4bc6ffc3c,446224036,2,17,34,2023-06-19
SYN-5794fdf4bc6ffc3c,692586001,3,68,204,2023-06-19
SYN-579a82f58a14552b,469137010,2,22,44,2023-09-05
SYN-579eb534bea9b869,685972001,2,136,272,2023-12-27
SYN-57ae8f595df1c890,534181005,2,168,336,2023-04-29
SYN-57ae8f595df1c890,549607002,5,168,840,2023-04-29
SYN-57ae8f595df1c890,613497006,3,34,102,2023-04-29
SYN-57ae8f595df1c890,685383002,5,136,680,2023-04-29
SYN-57ae8f595df1c890,699566001,2,68,136,2023-04-29
SYN-57d8589f0235795d,634704001,6,17,102,2023-07-26
SYN-57d8589f0235795d,634704002,4,17,68,2023-07-26
SYN-57ed0369e07105b4,538142006,6,20,120,2023-03-20
SYN-57f9e00348d619fb,663942002,5,34,170,2023-08-14
SYN-581b7f78e389c0ee,561797002,5,17,85,2023-08-31
SYN-581b7f78e389c0ee,573716028,4,25,100,2023-08-31
SYN-581b7f78e389c0ee,573716039,5,25,125,2023-08-31
SYN-581b7f78e389c0ee,633781014,6,17,102,2023-08-31
SYN-581b7f78e389c0ee,671057006,2,9,18,2023-08-31
SYN-581b7f78e389c0ee,683662005,3,14,42,2023-08-31
SYN-582258032f91dca4,432566001,4,17,68,2023-03-05
SYN-582258032f91dca4,469137001,4,31,124,2023-03-05
SYN-582258032f91dca4,635844002,6,9,54,2023-03-05
SYN-5837e31ebcfe9da9,647355003,4,51,204,2023-12-01
SYN-583b20f918ffa382,653431003,2,168,336,2023-09-09
SYN-5843fdb29023f15d,663942005,2,34,68,2023-02-15
SYN-584cb43dbbc1c199,618840001,4,17,68,2023-07-21
SYN-584cf5664f17eb86,574109011,3,25,75,2023-10-03
SYN-584cf5664f17eb86,669882001,4,22,88,2023-10-03
SYN-584cf5664f17eb86,714421001,6,29,174,2023-10-03
SYN-585fa5a293c3b9a4,512382006,3,25,75,2023-06-12
SYN-585fa5a293c3b9a4,518318001,4,25,100,2023-06-12
SYN-585fa5a293c3b9a4,518318002,4,29,116,2023-06-12
SYN-585fa5a293c3b9a4,617426002,3,34,102,2023-06-12
SYN-585fa5a293c3b9a4,623347003,6,51,306,2023-06-12
SYN-585fa5a293c3b9a4,640462002,6,34,204,2023-06-12
SYN-585fa5a293c3b9a4,693769001,6,68,408,2023-06-12
SYN-5867235e745a6799,573716012,5,25,125,2023-03-06
SYN-58702a4d972f3e9b,417427001,6,31,186,2023-09-28
SYN-58702a4d972f3e9b,553139001,4,34,136,2023-09-28
SYN-58702a4d972f3e9b,581777002,6,41,246,2023-09-28
SYN-58702a4d972f3e9b,663185001,6,14,84,2023-09-28
SYN-58702a4d972f3e9b,692903001,5,42,210,2023-09-28
SYN-58702a4d972f3e9b,699569001,5,25,125,2023-09-28
SYN-587586074de2bd2b,487722005,5,42,210,2023-02-16
SYN-5890e6c60f6f078d,186372011,4,25,100,2023-06-19
SYN-5890e6c60f6f078d,624050003,3,14,42,2023-06-19
SYN-58ae8114920157ec,507910009,3,10,30,2023-06-24
SYN-58ae8114920157ec,562245039,3,34,102,2023-06-24
SYN-58ae8114920157ec,573716005,5,25,125,2023-06-24
SYN-58ae8114920157ec,575141005,3,22,66,2023-06-24
SYN-58ae8114920157ec,612075002,5,12,60,2023-06-24
SYN-58ae8114920157ec,618784002,3,31,93,2023-06-24
SYN-58ae8114920157ec,626588003,2,68,136,2023-06-24
SYN-58ae8114920157ec,661152002,4,68,272,2023-06-24
SYN-58ae8114920157ec,675952003,4,34,136,2023-06-24
SYN-58ae91c42ce8356d,554450004,2,34,68,2023-05-09
SYN-58ae91c42ce8356d,573085001,5,24,120,2023-05-09
SYN-58aea98594a53de7,599719004,4,19,76,2023-10-19
SYN-58aeef5192537353,458032003,2,51,102,2023-01-13
SYN-58aeef5192537353,583351009,3,17,51,2023-01-13
SYN-58aeef5192537353,607400002,4,17,68,2023-01-13
SYN-58aeef5192537353,713997001,6,9,54,2023-01-13
SYN-58b9a9b1aa424e26,603013001,5,7,35,2023-08-06
SYN-58b9a9b1aa424e26,660712003,6,40,240,2023-08-06
SYN-58c0421b32b215dc,690276002,5,25,125,2023-04-07
SYN-58d581f043ffde8d,156231001,4,6,24,2023-01-10
SYN-58d581f043ffde8d,156231002,2,6,12,2023-01-10
SYN-58d832b76af3c09d,577513001,4,51,204,2023-10-31
SYN-58d904edd2d4c3f0,668767004,5,17,85,2023-06-12
SYN-58dec1907d98cab6,627389006,5,15,75,2023-06-06
SYN-58e4ca6914fcbfbe,692454002,2,25,50,2023-10-06
SYN-58ef71adfe2a58af,625939004,2,9,18,2023-07-14
SYN-58fe1888e411993f,656213001,5,34,170,2023-12-01
SYN-591f05b3322fa409,662888003,5,34,170,2023-05-08
SYN-5925a6e4e09ed96f,625939013,5,9,45,2023-12-04
SYN-5925a6e4e09ed96f,636938003,2,34,68,2023-12-04
SYN-5925a6e4e09ed96f,701246002,5,68,340,2023-12-04
SYN-5926e3774ffdae3d,355072001,6,9,54,2023-12-19
SYN-5934a9b642b02e1b,615280005,4,14,56,2023-08-06
SYN-594c3ee8fa2a3470,643344005,6,38,228,2023-07-25
SYN-594c3ee8fa2a3470,714421001,6,30,180,2023-07-25
SYN-5962bc65fa88b679,566941001,2,14,28,2023-11-04
SYN-5962bc65fa88b679,566941019,2,7,14,2023-11-04
SYN-5962bc65fa88b679,585355001,2,25,50,2023-11-04
SYN-5962bc65fa88b679,634320003,4,31,124,2023-11-04
SYN-5962bc65fa88b679,638136001,5,12,60,2023-11-04
SYN-5962bc65fa88b679,647770002,5,34,170,2023-11-04
SYN-5962bc65fa88b679,651456001,4,17,68,2023-11-04
SYN-5962bc65fa88b679,652742003,2,59,118,2023-11-04
SYN-5962bc65fa88b679,656401001,3,42,126,2023-11-04
SYN-5962bc65fa88b679,678342006,5,9,45,2023-11-04
SYN-5965595b1e65c0ec,688873018,4,34,136,2023-12-26
SYN-596a4024b6ff6078,675302002,3,42,126,2023-10-28
SYN-596c5a2029c07b21,372860001,6,14,84,2023-01-21
SYN-596c5a2029c07b21,568751005,4,10,40,2023-01-21
SYN-596c5a2029c07b21,624486006,5,14,70,2023-01-21
SYN-5974bba12029fc8c,539723001,2,31,62,2023-07-19
SYN-5974bba12029fc8c,539723007,6,31,186,2023-07-19
SYN-5974bba12029fc8c,554598004,3,10,30,2023-07-19
SYN-5987a8db00110a51,588431002,3,17,51,2023-09-22
SYN-5987a8db00110a51,617378001,6,68,408,2023-09-22
SYN-598c81bd1fc93bd5,568597018,3,42,126,2023-05-19
SYN-598c81bd1fc93bd5,568601018,5,51,255,2023-05-19
SYN-598c81bd1fc93bd5,624050004,3,14,42,2023-05-19
SYN-598e8e843556e7ea,644762001,4,34,136,2023-08-11
SYN-598e8e843556e7ea,677930003,4,17,68,2023-08-11
SYN-598f3f1b058b5b42,524825012,3,42,126,2023-04-02
SYN-598f3f1b058b5b42,524825019,4,42,168,2023-04-02
SYN-598f3f1b058b5b42,536139006,5,17,85,2023-04-02
SYN-598f3f1b058b5b42,536139010,4,17,68,2023-04-02
SYN-598f3f1b058b5b42,675378002,6,25,150,2023-04-02
SYN-598f3f1b058b5b42,685687001,3,17,51,2023-04-02
SYN-598f3f1b058b5b42,698272001,5,51,255,2023-04-02
SYN-59983e550acf0830,562245050,6,22,132,2023-06-14
SYN-59983e550acf0830,562245059,3,20,60,2023-06-14
SYN-59983e550acf0830,615367009,2,17,34,2023-06-14
SYN-59994953e531033a,507883008,2,14,28,2023-02-02
SYN-59bd5409794f0425,685399001,2,17,34,2023-08-28
SYN-59c1615edf9a69c5,539723004,5,34,170,2023-12-07
SYN-59c1615edf9a69c5,539723005,2,34,68,2023-12-07
SYN-59c1615edf9a69c5,595779008,3,25,75,2023-12-07
SYN-59c1615edf9a69c5,637661002,4,51,204,2023-12-07
SYN-59c6521dd64ac7a7,478641001,3,12,36,2023-02-09
SYN-59c6521dd64ac7a7,683395002,6,9,54,2023-02-09
SYN-59c87a677c310f9b,651327001,4,19,76,2023-11-21
SYN-59c87a677c310f9b,682028003,5,29,145,2023-11-21
SYN-59e5d5def9123573,649057002,3,34,102,2023-05-27
SYN-59e7d920f1e80117,587115001,6,12,72,2023-03-27
SYN-59ec09f1cda272bd,636587001,2,9,18,2023-10-03
SYN-59ec09f1cda272bd,640462002,6,32,192,2023-10-03
SYN-59faf12c0f804e18,599502001,4,36,144,2023-04-06
SYN-59faf12c0f804e18,660712001,5,42,210,2023-04-06
SYN-59faf12c0f804e18,677930002,5,17,85,2023-04-06
SYN-59fec05e5851b4d5,510126016,3,51,153,2023-03-26
SYN-59fec05e5851b4d5,573716023,4,25,100,2023-03-26
SYN-59fec05e5851b4d5,573716039,5,25,125,2023-03-26
SYN-59fec05e5851b4d5,594018004,5,41,205,2023-03-26
SYN-59fec05e5851b4d5,600920001,2,15,30,2023-03-26
SYN-59fec05e5851b4d5,641138002,6,20,120,2023-03-26
SYN-59fec05e5851b4d5,674023001,6,51,306,2023-03-26
SYN-5a0eb542df9f0dee,633870002,5,42,210,2023-06-01
SYN-5a0eb542df9f0dee,684080003,4,102,408,2023-06-01
SYN-5a1870dd1439f274,631418002,3,9,27,2023-02-12
SYN-5a1870dd1439f274,662344001,4,34,136,2023-02-12
SYN-5a18bc4e42fc9db9,572127013,5,17,85,2023-04-21
SYN-5a18bc4e42fc9db9,572127015,4,19,76,2023-04-21
SYN-5a18bc4e42fc9db9,639192002,3,68,204,2023-04-21
SYN-5a24df7e9716ffcc,632523001,2,56,112,2023-05-17
SYN-5a2aa20c094f39d2,189626001,3,17,51,2023-12-22
SYN-5a3019b7bacab770,537688010,5,42,210,2023-12-17
SYN-5a4591a71c4dad5d,574120001,5,27,135,2023-07-17
SYN-5a5bb30444b240ba,592858004,4,14,56,2023-07-02
SYN-5a5bb30444b240ba,669091003,6,34,204,2023-07-02
SYN-5a664f04ff7a385c,508931035,4,9,36,2023-12-26
SYN-5a664f04ff7a385c,522918030,4,12,48,2023-12-26
SYN-5a664f04ff7a385c,586282001,2,7,14,2023-12-26
SYN-5a664f04ff7a385c,594390001,5,10,50,2023-12-26
SYN-5a664f04ff7a385c,594399002,2,5,10,2023-12-26
SYN-5a664f04ff7a385c,619907003,3,12,36,2023-12-26
SYN-5a664f04ff7a385c,642105003,4,10,40,2023-12-26
SYN-5a670d801131f5ec,626713002,3,25,75,2023-08-11
SYN-5a7d4e60a42c19d6,448509017,3,42,126,2023-09-21
SYN-5a7d4e60a42c19d6,637549005,6,34,204,2023-09-21
SYN-5a7d4e60a42c19d6,664133001,5,42,210,2023-09-21
SYN-5a96c3861d7f1345,689899001,2,41,82,2023-05-05
SYN-5aa2623a9d84f18f,655710006,6,48,288,2023-08-03
SYN-5aa42e115331b0dd,666382003,5,25,125,2023-03-15
SYN-5aa42e115331b0dd,677930005,6,17,102,2023-03-15
SYN-5aa42e115331b0dd,677930015,3,17,51,2023-03-15
SYN-5aab60cb5e65cd0f,501820003,5,17,85,2023-04-28
SYN-5aab60cb5e65cd0f,628930008,3,25,75,2023-04-28
SYN-5aab60cb5e65cd0f,630323010,6,14,84,2023-04-28
SYN-5aab60cb5e65cd0f,630323012,3,17,51,2023-04-28
SYN-5ab9a92e24628948,638282001,6,22,132,2023-03-09
SYN-5acef465118fc0c9,543054009,3,42,126,2023-03-20
SYN-5acef465118fc0c9,630141001,5,42,210,2023-03-20
SYN-5acef465118fc0c9,660712007,2,42,84,2023-03-20
SYN-5acef465118fc0c9,670424001,5,51,255,2023-03-20
SYN-5acfd58631ca230b,625345002,5,56,280,2023-01-11
SYN-5ae2e5432d29207c,537346026,6,40,240,2023-06-13
SYN-5ae2e5432d29207c,660599003,3,34,102,2023-06-13
SYN-5b012f1b7876da28,562775001,4,21,84,2023-12-20
SYN-5b18fc1e8a282964,399136011,4,53,212,2023-09-01
SYN-5b18fc1e8a282964,399223001,3,31,93,2023-09-01
SYN-5b18fc1e8a282964,399256001,2,15,30,2023-09-01
SYN-5b18fc1e8a282964,589222001,2,21,42,2023-09-01
SYN-5b18fc1e8a282964,589222003,3,18,54,2023-09-01
SYN-5b1c57219af5e659,500780006,2,20,40,2023-05-08
SYN-5b1c57219af5e659,590165002,4,14,56,2023-05-08
SYN-5b365517dbafe796,266875006,3,17,51,2023-07-07
SYN-5b365517dbafe796,657291002,2,10,20,2023-07-07
SYN-5b365517dbafe796,661414003,5,25,125,2023-07-07
SYN-5b39c933b9a27a47,568597009,4,33,132,2023-07-16
SYN-5b39c933b9a27a47,572400013,3,31,93,2023-07-16
SYN-5b39c933b9a27a47,662857002,5,36,180,2023-07-16
SYN-5b39c933b9a27a47,662868001,2,31,62,2023-07-16
SYN-5b3a938d4d678cef,588689001,5,32,160,2023-09-17
SYN-5b3b328c122619ee,637255001,2,25,50,2023-07-03
SYN-5b3b328c122619ee,699383001,3,96,288,2023-07-03
SYN-5b3b328c122619ee,700828001,5,48,240,2023-07-03
SYN-5b3befab367f080c,646429003,3,51,153,2023-06-23
SYN-5b3ca27d1d8c6de2,111586001,2,12,24,2023-02-18
SYN-5b3ca27d1d8c6de2,111593001,2,12,24,2023-02-18
SYN-5b3ca27d1d8c6de2,148033001,4,10,40,2023-02-18
SYN-5b6a7bd56c8b8a3b,626440003,6,17,102,2023-10-19
SYN-5b6a7bd56c8b8a3b,626615004,6,12,72,2023-10-19
SYN-5b6a7bd56c8b8a3b,651793002,6,14,84,2023-10-19
SYN-5b9fc612ee6bf891,156231001,4,6,24,2023-12-16
SYN-5ba04e1389e63a78,623434011,3,34,102,2023-11-18
SYN-5ba04e1389e63a78,634332004,2,42,84,2023-11-18
SYN-5ba04e1389e63a78,651584001,2,59,118,2023-11-18
SYN-5ba04e1389e63a78,669031002,3,68,204,2023-11-18
SYN-5ba04e1389e63a78,674014003,4,31,124,2023-11-18
SYN-5ba04e1389e63a78,674047003,5,113,565,2023-11-18
SYN-5ba04e1389e63a78,692454002,5,25,125,2023-11-18
SYN-5ba965920d564fb5,564313003,4,22,88,2023-08-17
SYN-5ba9839329bf0a32,535783001,2,53,106,2023-01-11
SYN-5bae661365e13bf2,610776010,4,9,36,2023-03-09
SYN-5bae661365e13bf2,674079003,5,25,125,2023-03-09
SYN-5bd04b7a16fa0078,266873006,3,14,42,2023-09-17
SYN-5bd04b7a16fa0078,516859002,3,14,42,2023-09-17
SYN-5bd3ad6f6a082fb2,598859003,3,51,153,2023-07-02
SYN-5bd3ad6f6a082fb2,649437001,2,34,68,2023-07-02
SYN-5bd3ad6f6a082fb2,665481001,5,51,255,2023-07-02
SYN-5bd559d9419964fd,504154016,6,20,120,2023-03-19
SYN-5bdd69f024a6e383,507909003,5,25,125,2023-09-03
SYN-5bdd69f024a6e383,665095002,2,25,50,2023-09-03
SYN-5bdd69f024a6e383,687260003,3,34,102,2023-09-03
SYN-5be36945d31b6738,648904001,2,8,16,2023-09-27
SYN-5be36945d31b6738,665475001,6,46,276,2023-09-27
SYN-5be36945d31b6738,677515001,2,12,24,2023-09-27
SYN-5be36945d31b6738,706670001,3,38,114,2023-09-27
SYN-5bf5383211203024,474138001,5,31,155,2023-12-02
SYN-5bf5383211203024,574109015,2,23,46,2023-12-02
SYN-5bf5383211203024,648968003,3,31,93,2023-12-02
SYN-5bf5383211203024,710060001,5,38,190,2023-12-02
SYN-5bfd008e50ebfb97,448509017,6,38,228,2023-12-26
SYN-5bfd008e50ebfb97,578696001,3,12,36,2023-12-26
SYN-5bfd008e50ebfb97,648562002,2,25,50,2023-12-26
SYN-5c05022a047aef74,511105001,5,14,70,2023-03-15
SYN-5c05022a047aef74,519583015,2,21,42,2023-03-15
SYN-5c05022a047aef74,524825012,2,42,84,2023-03-15
SYN-5c05022a047aef74,553069002,5,34,170,2023-03-15
SYN-5c05022a047aef74,562245001,2,22,44,2023-03-15
SYN-5c05022a047aef74,612182001,5,34,170,2023-03-15
SYN-5c05022a047aef74,612182014,4,34,136,2023-03-15
SYN-5c05022a047aef74,622958001,3,42,126,2023-03-15
SYN-5c05022a047aef74,644522001,5,59,295,2023-03-15
SYN-5c05022a047aef74,652742001,5,59,295,2023-03-15
SYN-5c05022a047aef74,657195001,4,85,340,2023-03-15
SYN-5c05022a047aef74,658304003,2,51,102,2023-03-15
SYN-5c05022a047aef74,685284001,5,42,210,2023-03-15
SYN-5c05022a047aef74,691208001,6,42,252,2023-03-15
SYN-5c05022a047aef74,706896001,3,85,255,2023-03-15
SYN-5c126088ac19de17,399223029,4,27,108,2023-08-31
SYN-5c126088ac19de17,536139006,6,17,102,2023-08-31
SYN-5c126088ac19de17,613456001,3,17,51,2023-08-31
SYN-5c126088ac19de17,705094002,3,42,126,2023-08-31
SYN-5c1706343fb62cbe,639192009,4,68,272,2023-05-09
SYN-5c1706343fb62cbe,703193001,6,25,150,2023-05-09
SYN-5c1a05ef62730b67,399136004,2,59,118,2023-01-11
SYN-5c1a05ef62730b67,399201020,4,85,340,2023-01-11
SYN-5c1a05ef62730b67,565379001,3,9,27,2023-01-11
SYN-5c1a05ef62730b67,565379002,2,9,18,2023-01-11
SYN-5c1a05ef62730b67,565379004,3,9,27,2023-01-11
SYN-5c1a05ef62730b67,657287004,4,17,68,2023-01-11
SYN-5c294481c3a420e6,631590002,2,51,102,2023-04-12
SYN-5c2c466d612fb1ee,562245034,4,20,80,2023-02-16
SYN-5c2c466d612fb1ee,665477001,4,34,136,2023-02-16
SYN-5c2c466d612fb1ee,667491005,4,25,100,2023-02-16
SYN-5c2c466d612fb1ee,685687001,3,17,51,2023-02-16
SYN-5c305d9f2ca3b912,637661001,5,48,240,2023-05-07
SYN-5c3afe3dafcef807,633781003,2,14,28,2023-09-12
SYN-5c3b27fd9d133bbf,524825013,6,42,252,2023-07-27
SYN-5c3b27fd9d133bbf,592975020,5,51,255,2023-07-27
SYN-5c3b27fd9d133bbf,612182014,4,34,136,2023-07-27
SYN-5c3f6ea23b2ed2be,359504016,5,17,85,2023-02-12
SYN-5c3f6ea23b2ed2be,398829008,5,3,15,2023-02-12
SYN-5c3f6ea23b2ed2be,562245034,4,20,80,2023-02-12
SYN-5c3f6ea23b2ed2be,607154001,4,37,148,2023-02-12
SYN-5c56e1db495f8b32,514134001,2,64,128,2023-10-04
SYN-5c56e1db495f8b32,609598007,3,20,60,2023-10-04
SYN-5c56e1db495f8b32,660369004,6,34,204,2023-10-04
SYN-5c56e1db495f8b32,678983004,3,17,51,2023-10-04
SYN-5c70a702d3f3ae70,524061003,5,51,255,2023-07-12
SYN-5c70a702d3f3ae70,539878003,4,42,168,2023-07-12
SYN-5c76a86c119c1741,534357005,4,37,148,2023-01-23
SYN-5c76a86c119c1741,549914003,6,12,72,2023-01-23
SYN-5c76a86c119c1741,612075002,4,12,48,2023-01-23
SYN-5c76a86c119c1741,617620001,6,29,174,2023-01-23
SYN-5c76a86c119c1741,635741001,5,5,25,2023-01-23
SYN-5c76a86c119c1741,642631003,4,15,60,2023-01-23
SYN-5c76a86c119c1741,671011001,6,24,144,2023-01-23
SYN-5c7d9c9fa7241cef,577675001,3,24,72,2023-12-03
SYN-5c81f587dbb5432f,594834001,5,12,60,2023-03-14
SYN-5c887471d1c6bc49,524825013,3,42,126,2023-12-26
SYN-5c887471d1c6bc49,568808001,5,42,210,2023-12-26
SYN-5c887471d1c6bc49,573716040,5,25,125,2023-12-26
SYN-5c887471d1c6bc49,583534002,3,17,51,2023-12-26
SYN-5c887471d1c6bc49,636455009,3,51,153,2023-12-26
SYN-5c949abb07b4b60d,678073001,5,25,125,2023-07-21
SYN-5c949abb07b4b60d,681247002,5,59,295,2023-07-21
SYN-5c96ec127afe5acc,399136004,5,53,265,2023-11-21
SYN-5c96ec127afe5acc,562245001,6,22,132,2023-11-21
SYN-5c96ec127afe5acc,562245018,4,20,80,2023-11-21
SYN-5c96ec127afe5acc,573085020,3,31,93,2023-11-21
SYN-5cab9e5baa3ed5be,681121001,5,17,85,2023-05-09
SYN-5cadc8512fc73e49,501616007,5,25,125,2023-07-07
SYN-5cadc8512fc73e49,570002002,2,14,28,2023-07-07
SYN-5cadc8512fc73e49,610617001,2,3,6,2023-07-07
SYN-5cadc8512fc73e49,633242006,3,51,153,2023-07-07
SYN-5cb3232d417b0b44,630316009,2,68,136,2023-01-19
SYN-5cb9b65ba51d11fa,560268001,3,12,36,2023-09-14
SYN-5cb9b65ba51d11fa,592172007,2,7,14,2023-09-14
SYN-5cb9b65ba51d11fa,592291001,4,9,36,2023-09-14
SYN-5cb9b65ba51d11fa,625939005,5,3,15,2023-09-14
SYN-5cbeeca5cdb03774,573716040,5,20,100,2023-03-18
SYN-5cbeeca5cdb03774,661162001,5,34,170,2023-03-18
SYN-5cdfb541f4c9eac9,573716012,5,25,125,2023-09-16
SYN-5cfa1672294e24ba,670634001,5,42,210,2023-04-02
SYN-5d0582c4949fd4d7,536663006,6,32,192,2023-12-10
SYN-5d2105dc4e103f01,639769001,2,20,40,2023-09-26
SYN-5d2105dc4e103f01,657614003,2,14,28,2023-09-26
SYN-5d3be0fca7d7ce06,556764002,2,25,50,2023-03-08
SYN-5d517376951d5966,578476001,6,36,216,2023-09-17
SYN-5d517376951d5966,588689001,2,34,68,2023-09-17
SYN-5d517376951d5966,647804001,2,18,36,2023-09-17
SYN-5d522bbe6e4cf00e,502224001,3,68,204,2023-11-15
SYN-5d522bbe6e4cf00e,685687001,6,17,102,2023-11-15
SYN-5d522bbe6e4cf00e,685687002,3,17,51,2023-11-15
SYN-5d5f2346ab04f859,487722007,6,40,240,2023-03-29
SYN-5d5f2346ab04f859,680810001,5,34,170,2023-03-29
SYN-5d6e2b58cbca6160,282832001,3,50,150,2023-01-23
SYN-5d6e2b58cbca6160,608069005,5,17,85,2023-01-23
SYN-5d6e2b58cbca6160,657215002,3,10,30,2023-01-23
SYN-5d72657536a2f4fc,213691083,5,3,15,2023-11-12
SYN-5d72657536a2f4fc,623884002,5,3,15,2023-11-12
SYN-5d8a4f31ebe1bb04,446224036,5,17,85,2023-01-11
SYN-5d8a4f31ebe1bb04,640252001,2,25,50,2023-01-11
SYN-5d8a4f31ebe1bb04,687270003,2,34,68,2023-01-11
SYN-5d9af460e5ed4ee8,657116001,5,51,255,2023-03-26
SYN-5d9fd388f01241b0,519079006,2,118,236,2023-10-03
SYN-5d9fd388f01241b0,567439006,5,61,305,2023-10-03
SYN-5db847b960586946,685687001,3,17,51,2023-12-24
SYN-5db847b960586946,685687002,5,17,85,2023-12-24
SYN-5dbcb98b94ce279b,610730016,6,34,204,2023-04-29
SYN-5dbf7569274b2675,653409002,6,208,1248,2023-10-03
SYN-5dcf6b791b185312,658978001,4,51,204,2023-08-16
SYN-5dd39801e31529fa,576859004,4,14,56,2023-06-07
SYN-5dd39801e31529fa,610182007,5,19,95,2023-06-07
SYN-5dd39801e31529fa,639896001,5,17,85,2023-06-07
SYN-5dd39801e31529fa,654701001,2,22,44,2023-06-07
SYN-5de14984002aa348,538142004,6,25,150,2023-12-21
SYN-5de14984002aa348,538142006,2,20,40,2023-12-21
SYN-5de14984002aa348,613246003,4,25,100,2023-12-21
SYN-5df31e2895dc3f65,561445005,2,9,18,2023-06-03
SYN-5df31e2895dc3f65,661166005,3,47,141,2023-06-03
SYN-5df31e2895dc3f65,666080002,6,24,144,2023-06-03
SYN-5df31e2895dc3f65,671513003,6,20,120,2023-06-03
SYN-5df4eb2feb767c7f,224337001,3,17,51,2023-11-30
SYN-5df4eb2feb767c7f,619884012,3,27,81,2023-11-30
SYN-5df4eb2feb767c7f,643657001,4,36,144,2023-11-30
SYN-5df4eb2feb767c7f,661794002,6,130,780,2023-11-30
SYN-5df6e618cf4f36c2,633787001,2,5,10,2023-09-08
SYN-5df8e4b23c334cf2,632534002,6,17,102,2023-12-21
SYN-5e03d76e91a55214,631902001,5,51,255,2023-09-18
SYN-5e0400b668b06f62,667491002,5,25,125,2023-07-21
SYN-5e0a0315c168b5fc,399256002,2,15,30,2023-04-08
SYN-5e39a134d418e4f4,448509015,4,42,168,2023-02-09
SYN-5e39a134d418e4f4,546882001,3,34,102,2023-02-09
SYN-5e39a134d418e4f4,583060001,5,17,85,2023-02-09
SYN-5e39a134d418e4f4,597082001,6,15,90,2023-02-09
SYN-5e46f5cb9d421843,500435039,3,14,42,2023-07-15
SYN-5e47b0d168c2ff2e,397068015,6,34,204,2023-10-23
SYN-5e6047c666a214d6,684080002,5,102,510,2023-06-03
SYN-5e83c11b8b079bda,599489003,6,29,174,2023-01-12
SYN-5e83c11b8b079bda,633153004,5,10,50,2023-01-12
SYN-5e98d965501d73e5,653431003,6,159,954,2023-04-07
SYN-5e98d965501d73e5,655434002,2,102,204,2023-04-07
SYN-5ea540d99f900d6d,560214002,5,9,45,2023-06-13
SYN-5ea540d99f900d6d,590928001,6,31,186,2023-06-13
SYN-5ea540d99f900d6d,590928004,2,19,38,2023-06-13
SYN-5ea540d99f900d6d,590929001,6,10,60,2023-06-13
SYN-5ea540d99f900d6d,590929003,4,10,40,2023-06-13
SYN-5ea540d99f900d6d,609332002,3,9,27,2023-06-13
SYN-5ea540d99f900d6d,609334002,5,7,35,2023-06-13
SYN-5ea540d99f900d6d,620945002,3,5,15,2023-06-13
SYN-5ea540d99f900d6d,620963002,2,3,6,2023-06-13
SYN-5ea879acb2522d95,507910001,6,25,150,2023-03-25
SYN-5eb141182854c5a2,482207007,2,51,102,2023-03-21
SYN-5eb141182854c5a2,584035002,5,17,85,2023-03-21
SYN-5eb141182854c5a2,607691001,5,31,155,2023-03-21
SYN-5eb141182854c5a2,611945001,4,27,108,2023-03-21
SYN-5eb141182854c5a2,626705002,3,25,75,2023-03-21
SYN-5eb141182854c5a2,633304002,3,25,75,2023-03-21
SYN-5ebafbbc9178dbfa,189616008,4,17,68,2023-05-02
SYN-5ebafbbc9178dbfa,243613004,3,22,66,2023-05-02
SYN-5ebafbbc9178dbfa,557248009,3,34,102,2023-05-02
SYN-5ec2d76f7c136e6b,686631003,4,32,128,2023-06-13
SYN-5ecd9d4489a08c7b,162074071,4,6,24,2023-09-02
SYN-5ecd9d4489a08c7b,373493010,4,16,64,2023-09-02
SYN-5ecd9d4489a08c7b,661095001,6,62,372,2023-09-02
SYN-5eeee04fd5840bc4,301656013,5,51,255,2023-02-21
SYN-5eeee04fd5840bc4,399136009,2,68,136,2023-02-21
SYN-5eeee04fd5840bc4,399201002,6,68,408,2023-02-21
SYN-5eeee04fd5840bc4,399201005,6,47,282,2023-02-21
SYN-5eeee04fd5840bc4,573085010,3,27,81,2023-02-21
SYN-5f3d7f775d8c9d95,570900001,4,31,124,2023-10-25
SYN-5f43f83c1d4f1188,555326006,5,42,210,2023-07-31
SYN-5f43f83c1d4f1188,555326007,2,42,84,2023-07-31
SYN-5f43f83c1d4f1188,626406002,3,17,51,2023-07-31
SYN-5f43f83c1d4f1188,626440010,3,17,51,2023-07-31
SYN-5f43f83c1d4f1188,626445002,6,25,150,2023-07-31
SYN-5f43f83c1d4f1188,626445013,4,25,100,2023-07-31
SYN-5f4a0b51cfcfc1db,556655002,2,20,40,2023-07-07
SYN-5f50c8d5d416637f,220094001,2,14,28,2023-12-20
SYN-5f5a2074243b3601,560270003,2,51,102,2023-08-25
SYN-5f5a2074243b3601,655691001,5,51,255,2023-08-25
SYN-5f5a2074243b3601,660367001,2,51,102,2023-08-25
SYN-5f5d8043a969d35e,627379002,2,50,100,2023-02-16
SYN-5f5d8043a969d35e,686631003,5,42,210,2023-02-16
SYN-5f6784fe7b892b31,300024016,4,46,184,2023-10-19
SYN-5f6784fe7b892b31,542413001,4,12,48,2023-10-19
SYN-5f6784fe7b892b31,657628001,6,46,276,2023-10-19
SYN-5f72ee9b5e2df329,665098001,6,59,354,2023-01-29
SYN-5f72ee9b5e2df329,671491001,2,46,92,2023-01-29
SYN-5f880a868f21ff64,622958001,3,42,126,2023-02-16
SYN-5f880a868f21ff64,683662006,3,14,42,2023-02-16
SYN-5f8f6576830b0565,630141001,3,42,126,2023-02-09
SYN-5faa495204e84033,312543001,5,22,110,2023-12-03
SYN-5faa495204e84033,581086002,4,12,48,2023-12-03
SYN-5faa495204e84033,680258001,2,27,54,2023-12-03
SYN-5fc69845a84c27ee,643217002,3,51,153,2023-12-11
SYN-5fc6fd1c5b03e0be,624895001,4,61,244,2023-07-25
SYN-5fcda38dcbfb670a,657203001,6,61,366,2023-12-01
SYN-5fcf2ca865b026a0,449897042,2,68,136,2023-02-07
SYN-5fcf2ca865b026a0,602409001,3,34,102,2023-02-07
SYN-5fcf2ca865b026a0,602409006,6,34,204,2023-02-07
SYN-5fcf2ca865b026a0,611020010,4,68,272,2023-02-07
SYN-5fdf9bad9fb64c79,514134001,5,64,320,2023-01-27
SYN-5fe2176533e4c502,645065014,5,34,170,2023-07-19
SYN-5fe2176533e4c502,663176006,2,38,76,2023-07-19
SYN-5fe2176533e4c502,663942008,2,34,68,2023-07-19
SYN-5fe2176533e4c502,699566001,4,51,204,2023-07-19
SYN-5fed6790bbca0f6d,507883008,2,12,24,2023-01-26
SYN-5fed6790bbca0f6d,507883009,2,12,24,2023-01-26
SYN-5fed6790bbca0f6d,561445018,2,8,16,2023-01-26
SYN-5fed6790bbca0f6d,572797001,6,9,54,2023-01-26
SYN-5fed6790bbca0f6d,572797002,4,9,36,2023-01-26
SYN-5fed6790bbca0f6d,636935006,4,46,184,2023-01-26
SYN-5fed6790bbca0f6d,637549013,5,31,155,2023-01-26
SYN-5fed6790bbca0f6d,651456001,3,15,45,2023-01-26
SYN-5fed6790bbca0f6d,664074001,2,15,30,2023-01-26
SYN-5fed6790bbca0f6d,664074004,3,15,45,2023-01-26
SYN-5fed6790bbca0f6d,666448001,4,23,92,2023-01-26
SYN-5fed6790bbca0f6d,666448005,3,23,69,2023-01-26
SYN-5ff38fb7159ea8d8,574109012,5,25,125,2023-01-28
SYN-5ff38fb7159ea8d8,640727001,5,51,255,2023-01-28
SYN-5ff38fb7159ea8d8,662230001,5,51,255,2023-01-28
SYN-5ff870d06ecb2fb7,662230001,6,45,270,2023-05-09
SYN-5ff870d06ecb2fb7,662257001,4,23,92,2023-05-09
SYN-601bb373f69fb991,574109015,4,25,100,2023-08-18
SYN-602a3d3c8216cd34,324502008,3,7,21,2023-12-19
SYN-602a3d3c8216cd34,579941007,2,12,24,2023-12-19
SYN-602a3d3c8216cd34,621844001,2,12,24,2023-12-19
SYN-602a3d3c8216cd34,633153004,2,10,20,2023-12-19
SYN-602e7c39cfad9c82,635789005,5,17,85,2023-02-26
SYN-6032f230f0237309,554546015,4,31,124,2023-12-02
SYN-6032f230f0237309,556560002,4,11,44,2023-12-02
SYN-6032f230f0237309,558512003,6,31,186,2023-12-02
SYN-6032f230f0237309,579695005,4,20,80,2023-12-02
SYN-6032f230f0237309,616543007,5,18,90,2023-12-02
SYN-6032f230f0237309,656539001,2,11,22,2023-12-02
SYN-6032f230f0237309,687411001,3,20,60,2023-12-02
SYN-6032f230f0237309,687411004,6,20,120,2023-12-02
SYN-60344de71b6a4d5f,529008026,3,24,72,2023-09-11
SYN-60344de71b6a4d5f,529012025,5,10,50,2023-09-11
SYN-60344de71b6a4d5f,541519001,4,17,68,2023-09-11
SYN-60344de71b6a4d5f,569594001,2,25,50,2023-09-11
SYN-60344de71b6a4d5f,573716023,2,25,50,2023-09-11
SYN-6036b96d5918037e,479227020,4,5,20,2023-03-27
SYN-603abcca2c203f44,662948004,2,36,72,2023-07-14
SYN-603c91c6db5a8dec,671505004,2,31,62,2023-01-04
SYN-605049adad86c0c0,664949002,4,17,68,2023-11-18
SYN-606b998373affe2c,509468004,2,86,172,2023-02-14
SYN-606b998373affe2c,559954002,6,14,84,2023-02-14
SYN-606b998373affe2c,573444001,2,19,38,2023-02-14
SYN-606b998373affe2c,662320001,2,5,10,2023-02-14
SYN-606da22381419c3e,399223001,5,34,170,2023-12-05
SYN-606da22381419c3e,591334003,6,17,102,2023-12-05
SYN-606da22381419c3e,619881001,4,51,204,2023-12-05
SYN-606da22381419c3e,678291002,3,34,102,2023-12-05
SYN-6075f29f3dd93720,665477002,2,31,62,2023-02-07
SYN-609d890830b4498a,325027011,2,42,84,2023-07-16
SYN-609d890830b4498a,508182003,5,20,100,2023-07-16
SYN-609d890830b4498a,586664005,3,34,102,2023-07-16
SYN-609d890830b4498a,637982002,3,20,60,2023-07-16
SYN-60a62d36d6e77b55,560249001,5,22,110,2023-03-31
SYN-60d0df943a1c51cd,669713007,4,34,136,2023-05-04
SYN-60db599f9a7968be,256151014,6,51,306,2023-09-02
SYN-60db599f9a7968be,524825010,5,42,210,2023-09-02
SYN-60db599f9a7968be,586955001,5,17,85,2023-09-02
SYN-60db599f9a7968be,639192001,4,68,272,2023-09-02
SYN-60db599f9a7968be,653567001,2,68,136,2023-09-02
SYN-60db599f9a7968be,661806002,6,51,306,2023-09-02
SYN-60db599f9a7968be,667491006,2,25,50,2023-09-02
SYN-60db599f9a7968be,667491011,6,25,150,2023-09-02
SYN-60e423daa8c416da,200182002,4,14,56,2023-12-25
SYN-60e423daa8c416da,626813010,6,25,150,2023-12-25
SYN-60e423daa8c416da,647334001,6,59,354,2023-12-25
SYN-60e42b507f424138,539296001,4,20,80,2023-07-29
SYN-60e42b507f424138,556625001,5,10,50,2023-07-29
SYN-60e42b507f424138,612032001,4,10,40,2023-07-29
SYN-60e42b507f424138,637449001,5,32,160,2023-07-29
SYN-60e42b507f424138,640021001,6,22,132,2023-07-29
SYN-60e46943d700b966,714424001,3,40,120,2023-10-01
SYN-60f67eb8f54deef6,660599001,6,32,192,2023-10-08
SYN-60f67eb8f54deef6,685687001,3,17,51,2023-10-08
SYN-60f67eb8f54deef6,685687002,2,17,34,2023-10-08
SYN-60fe165c3d75d2ad,481540001,5,9,45,2023-06-11
SYN-60fe165c3d75d2ad,568751005,5,10,50,2023-06-11
SYN-60fe165c3d75d2ad,657287001,3,17,51,2023-06-11
SYN-610611f8aaf1703c,656719003,2,43,86,2023-07-30
SYN-610fd876d16b84bb,618840004,2,17,34,2023-01-09
SYN-610fd876d16b84bb,648911001,2,34,68,2023-01-09
SYN-611b959571c5b2c5,562245005,6,31,186,2023-06-05
SYN-611b959571c5b2c5,570781008,5,17,85,2023-06-05
SYN-611b959571c5b2c5,598848006,5,31,155,2023-06-05
SYN-611b959571c5b2c5,672890001,3,25,75,2023-06-05
SYN-612f39ed5ac152cc,519847011,6,32,192,2023-05-18
SYN-613b9e06ad159a34,574212001,4,20,80,2023-02-27
SYN-613b9e06ad159a34,587229001,5,15,75,2023-02-27
SYN-613b9e06ad159a34,622241002,6,15,90,2023-02-27
SYN-613b9e06ad159a34,622242002,2,17,34,2023-02-27
SYN-61447880d6820f4f,448509009,3,20,60,2023-03-16
SYN-61447880d6820f4f,539723028,2,15,30,2023-03-16
SYN-61447880d6820f4f,573085014,3,24,72,2023-03-16
SYN-61447880d6820f4f,686265001,4,17,68,2023-03-16
SYN-61447880d6820f4f,686265003,2,17,34,2023-03-16
SYN-614774e1cf7aef32,539723004,3,27,81,2023-06-05
SYN-6147959998cb8824,680374002,4,34,136,2023-05-31
SYN-615a0d78ce4a9613,490473012,4,2,8,2023-08-28
SYN-615a0d78ce4a9613,648995005,4,17,68,2023-08-28
SYN-6163a456422e04d6,532578020,6,25,150,2023-04-20
SYN-6163a456422e04d6,574117006,5,20,100,2023-04-20
SYN-6163a456422e04d6,640176002,5,34,170,2023-04-20
SYN-6163a456422e04d6,660599003,6,34,204,2023-04-20
SYN-6163a456422e04d6,662868003,6,34,204,2023-04-20
SYN-6169181c915347db,637515002,2,34,68,2023-09-08
SYN-616e6c2cfc8461c6,228257001,5,10,50,2023-07-24
SYN-6172cc86ce22bc1e,685687004,5,17,85,2023-11-20
SYN-617983593431ae4b,542352001,6,5,30,2023-08-23
SYN-617983593431ae4b,546728001,5,25,125,2023-08-23
SYN-6179913a69cad237,357792006,3,15,45,2023-01-23
SYN-6179913a69cad237,469137010,6,22,132,2023-01-23
SYN-6179913a69cad237,521269002,2,27,54,2023-01-23
SYN-6179913a69cad237,613246003,6,25,150,2023-01-23
SYN-6179913a69cad237,613294001,2,51,102,2023-01-23
SYN-6179913a69cad237,628930001,5,25,125,2023-01-23
SYN-6179913a69cad237,628930008,5,25,125,2023-01-23
SYN-6179913a69cad237,640176001,6,34,204,2023-01-23
SYN-6179913a69cad237,664891002,4,25,100,2023-01-23
SYN-6179913a69cad237,667416001,6,31,186,2023-01-23
SYN-617b5daf2e0da9e0,485691003,5,20,100,2023-07-23
SYN-617b5daf2e0da9e0,575373004,6,17,102,2023-07-23
SYN-617b5daf2e0da9e0,650678003,5,17,85,2023-07-23
SYN-617f30585ee594b2,512251003,5,25,125,2023-08-03
SYN-617f30585ee594b2,552471023,2,7,14,2023-08-03
SYN-617f30585ee594b2,562820006,6,9,54,2023-08-03
SYN-617f30585ee594b2,641972002,6,20,120,2023-08-03
SYN-617f30585ee594b2,647190003,5,17,85,2023-08-03
SYN-619129c04f92a37c,529008027,4,25,100,2023-09-19
SYN-619129c04f92a37c,674316003,6,42,252,2023-09-19
SYN-6195b996add785c9,626588003,3,51,153,2023-06-28
SYN-6195b996add785c9,665477001,3,27,81,2023-06-28
SYN-6199be4f8e4ac468,667491002,6,25,150,2023-09-07
SYN-6199be4f8e4ac468,714421001,3,34,102,2023-09-07
SYN-61eaa5760b5e5714,301656013,4,51,204,2023-02-05
SYN-61eaa5760b5e5714,562252010,2,17,34,2023-02-05
SYN-61eaa5760b5e5714,562252014,5,17,85,2023-02-05
SYN-61eaa5760b5e5714,586955001,2,17,34,2023-02-05
SYN-61eaa5760b5e5714,613456001,3,17,51,2023-02-05
SYN-61eaa5760b5e5714,660599001,4,34,136,2023-02-05
SYN-61eaa5760b5e5714,662888001,5,34,170,2023-02-05
SYN-61eaa5760b5e5714,667491002,3,25,75,2023-02-05
SYN-61f41da4faff9b41,674336003,4,31,124,2023-02-11
SYN-620e60aa06820630,671505001,6,34,204,2023-07-15
SYN-620e60aa06820630,683662009,4,14,56,2023-07-15
SYN-620e60aa06820630,695457001,5,22,110,2023-07-15
SYN-6214f88d4909c934,589599001,3,25,75,2023-10-26
SYN-6214f88d4909c934,600886001,4,25,100,2023-10-26
SYN-622a5b6bc4a9f598,672625006,6,34,204,2023-10-22
SYN-622a5b6bc4a9f598,680186002,2,42,84,2023-10-22
SYN-622c21d5182b3877,573937001,2,31,62,2023-02-02
SYN-622c21d5182b3877,573937003,2,31,62,2023-02-02
SYN-622ea3e9a7e19bdc,611221005,4,10,40,2023-08-21
SYN-622ea3e9a7e19bdc,636926001,2,10,20,2023-08-21
SYN-6251c22219746b1b,592975011,2,41,82,2023-07-17
SYN-6275e46415ef6238,513257010,4,14,56,2023-09-02
SYN-6275e46415ef6238,513257013,2,14,28,2023-09-02
SYN-6275e46415ef6238,595987008,2,31,62,2023-09-02
SYN-6275e46415ef6238,620424017,4,17,68,2023-09-02
SYN-6275e46415ef6238,620424023,4,17,68,2023-09-02
SYN-6275e46415ef6238,620424035,4,17,68,2023-09-02
SYN-6275e46415ef6238,623283003,2,25,50,2023-09-02
SYN-62784fe471c0f21b,666638003,3,25,75,2023-03-27
SYN-6287070440de8f52,440811006,3,29,87,2023-07-28
SYN-6287070440de8f52,509465002,5,12,60,2023-07-28
SYN-6287070440de8f52,581275002,3,7,21,2023-07-28
SYN-6287070440de8f52,594834007,2,15,30,2023-07-28
SYN-62afa050ab3d503f,673677002,5,17,85,2023-07-24
SYN-62dd6aab64c4b6e2,660712011,3,42,126,2023-11-10
SYN-62fb5d0c83d3be83,610776022,4,9,36,2023-12-08
SYN-62fb5d0c83d3be83,651456005,2,17,34,2023-12-08
SYN-62fb5d0c83d3be83,657476008,3,17,51,2023-12-08
SYN-62fb5d0c83d3be83,673677002,3,17,51,2023-12-08
SYN-63021b64c8b7190d,655784003,6,31,186,2023-02-14
SYN-63021b64c8b7190d,687371001,2,42,84,2023-02-14
SYN-6305f3f8b3fc33df,490793031,6,10,60,2023-03-26
SYN-6305f3f8b3fc33df,562245001,3,22,66,2023-03-26
SYN-6305f3f8b3fc33df,562245018,5,20,100,2023-03-26
SYN-6305f3f8b3fc33df,562245059,3,20,60,2023-03-26
SYN-6305f3f8b3fc33df,573085001,5,19,95,2023-03-26
SYN-631b57bd7c5c2846,624216001,6,12,72,2023-09-09
SYN-631b57bd7c5c2846,639405001,5,12,60,2023-09-09
SYN-631ca7e2b173494d,507909001,5,25,125,2023-08-13
SYN-631ca7e2b173494d,599502001,2,51,102,2023-08-13
SYN-631ca7e2b173494d,640124001,2,25,50,2023-08-13
SYN-631ca7e2b173494d,718281001,4,17,68,2023-08-13
SYN-6324d6e6bdbf507a,677930005,4,17,68,2023-06-18
SYN-63323f20f228adc8,529008008,3,14,42,2023-07-13
SYN-63323f20f228adc8,537738001,2,15,30,2023-07-13
SYN-63323f20f228adc8,562245059,6,20,120,2023-07-13
SYN-63323f20f228adc8,603401003,2,10,20,2023-07-13
SYN-63323f20f228adc8,618160002,4,19,76,2023-07-13
SYN-633330cd40e9df9f,584631018,6,15,90,2023-11-04
SYN-633b919d450a70f1,628930004,6,17,102,2023-12-01
SYN-633b919d450a70f1,680186002,3,34,102,2023-12-01
SYN-6343e98a191d1ff0,642739001,5,34,170,2023-05-12
SYN-6384cdf983d50a42,519780001,5,22,110,2023-04-27
SYN-6384cdf983d50a42,685687004,4,17,68,2023-04-27
SYN-638bc853f83e860d,613456009,4,17,68,2023-01-14
SYN-638bc853f83e860d,703193001,6,25,150,2023-01-14
SYN-6395bfb5564497fe,502224001,3,64,192,2023-06-02
SYN-6395bfb5564497fe,636323005,4,17,68,2023-06-02
SYN-6395bfb5564497fe,660830002,6,34,204,2023-06-02
SYN-639c551f8ddff8db,126589006,2,5,10,2023-10-12
SYN-639c551f8ddff8db,591334016,5,17,85,2023-10-12
SYN-639c551f8ddff8db,666080002,3,25,75,2023-10-12
SYN-63a1be12e6664cdb,148033001,2,14,28,2023-12-20
SYN-63a1be12e6664cdb,629801001,2,59,118,2023-12-20
SYN-63a1be12e6664cdb,642339001,4,42,168,2023-12-20
SYN-63ae03fe042fbef2,569847001,3,20,60,2023-06-17
SYN-63ae03fe042fbef2,584481001,6,10,60,2023-06-17
SYN-63ae03fe042fbef2,607310003,3,22,66,2023-06-17
SYN-63ae03fe042fbef2,615959001,3,14,42,2023-06-17
SYN-63ae03fe042fbef2,637149005,4,22,88,2023-06-17
SYN-63ae03fe042fbef2,639578004,5,17,85,2023-06-17
SYN-63ae03fe042fbef2,639598004,2,15,30,2023-06-17
SYN-63ae03fe042fbef2,665509002,5,42,210,2023-06-17
SYN-63bff39f5ae5ae47,574109015,5,25,125,2023-04-06
SYN-63bff39f5ae5ae47,611062002,2,12,24,2023-04-06
SYN-63bff39f5ae5ae47,659832004,6,17,102,2023-04-06
SYN-63bff39f5ae5ae47,660712012,2,42,84,2023-04-06
SYN-63c70176fdc13184,589222002,5,17,85,2023-03-01
SYN-63c8b5bc2fa12d7c,568597007,5,42,210,2023-06-14
SYN-63c8b5bc2fa12d7c,568601016,4,51,204,2023-06-14
SYN-63d068ec04c46044,665110001,2,25,50,2023-08-22
SYN-63d068ec04c46044,666006006,4,119,476,2023-08-22
SYN-63daf18dece6e96d,499368002,2,14,28,2023-04-11
SYN-63daf18dece6e96d,521970004,3,22,66,2023-04-11
SYN-63daf18dece6e96d,549437002,4,22,88,2023-04-11
SYN-63daf18dece6e96d,658601004,4,17,68,2023-04-11
SYN-63dd41fc9208f112,399136027,6,61,366,2023-06-17
SYN-63dd41fc9208f112,399201005,3,53,159,2023-06-17
SYN-63dd41fc9208f112,399201024,6,53,318,2023-06-17
SYN-63ddc595176dfce7,111586001,5,11,55,2023-10-16
SYN-63ddc595176dfce7,466595001,5,42,210,2023-10-16
SYN-63ddc595176dfce7,524825011,4,42,168,2023-10-16
SYN-63ddc595176dfce7,651276001,4,42,168,2023-10-16
SYN-63ea51b1406a3129,554811014,5,17,85,2023-03-23
SYN-63ea51b1406a3129,578997006,3,7,21,2023-03-23
SYN-63ea51b1406a3129,610776006,4,9,36,2023-03-23
SYN-63ea51b1406a3129,610776024,5,9,45,2023-03-23
SYN-63ea51b1406a3129,615021023,3,17,51,2023-03-23
SYN-63ef1d9d69b96d2a,522461001,2,20,40,2023-08-07
SYN-63ef1d9d69b96d2a,635957003,6,42,252,2023-08-07
SYN-642e14e02fcff045,610776020,4,8,32,2023-10-30
SYN-6463995bb0caa5ec,481529006,5,31,155,2023-04-03
SYN-6463995bb0caa5ec,506452004,3,34,102,2023-04-03
SYN-6463995bb0caa5ec,652696001,5,17,85,2023-04-03
SYN-6463995bb0caa5ec,652708002,4,17,68,2023-04-03
SYN-646b9d55e52f9733,622617002,2,10,20,2023-07-26
SYN-6471bb69f356e4e6,612170001,2,22,44,2023-06-15
SYN-64831d536f26364c,628326004,4,13,52,2023-02-23
SYN-64831d536f26364c,639685003,5,40,200,2023-02-23
SYN-64831d536f26364c,639738005,3,24,72,2023-02-23
SYN-64831d536f26364c,660519001,5,29,145,2023-02-23
SYN-64831d536f26364c,676539001,5,55,275,2023-02-23
SYN-6485b543975ba177,571436009,5,14,70,2023-11-01
SYN-648aefb9636bfd32,400246014,6,41,246,2023-06-06
SYN-648aefb9636bfd32,613246001,6,25,150,2023-06-06
SYN-6495f9e693264083,392938035,3,51,153,2023-03-19
SYN-6495f9e693264083,395127011,6,42,252,2023-03-19
SYN-6495f9e693264083,408104012,6,34,204,2023-03-19
SYN-6495f9e693264083,513325016,2,51,102,2023-03-19
SYN-6495f9e693264083,570003002,3,14,42,2023-03-19
SYN-6495f9e693264083,570243001,4,51,204,2023-03-19
SYN-6495f9e693264083,605842006,5,17,85,2023-03-19
SYN-6495f9e693264083,608776001,3,9,27,2023-03-19
SYN-6495f9e693264083,612420001,3,9,27,2023-03-19
SYN-6495f9e693264083,626476002,3,85,255,2023-03-19
SYN-64a3c375878b39c9,481147001,3,29,87,2023-07-22
SYN-64a3c375878b39c9,494691001,2,9,18,2023-07-22
SYN-64a3c375878b39c9,552471023,6,7,42,2023-07-22
SYN-64a3c375878b39c9,597596005,6,10,60,2023-07-22
SYN-64a3c375878b39c9,601102001,5,22,110,2023-07-22
SYN-64a3c375878b39c9,611032001,5,12,60,2023-07-22
SYN-64a3c375878b39c9,617919009,3,10,30,2023-07-22
SYN-64a3c375878b39c9,676110001,4,10,40,2023-07-22
SYN-64ade3e818826d44,637549011,3,29,87,2023-11-02
SYN-64ade3e818826d44,658506001,5,50,250,2023-11-02
SYN-64ade3e818826d44,666638003,4,22,88,2023-11-02
SYN-64b9dfbd9ac6467d,611378001,3,20,60,2023-09-24
SYN-64bc5d6974f481b5,399136023,5,42,210,2023-03-15
SYN-64bc5d6974f481b5,581086001,3,10,30,2023-03-15
SYN-64bc5d6974f481b5,590748001,2,64,128,2023-03-15
SYN-64bc5d6974f481b5,607534010,2,17,34,2023-03-15
SYN-64bc5d6974f481b5,609719001,4,9,36,2023-03-15
SYN-64bc5d6974f481b5,609727002,6,31,186,2023-03-15
SYN-64bc5d6974f481b5,611062002,6,12,72,2023-03-15
SYN-64bc5d6974f481b5,679121001,6,17,102,2023-03-15
SYN-64d0ae03ea8327ec,565379001,3,9,27,2023-06-05
SYN-64d0ae03ea8327ec,565379002,5,9,45,2023-06-05
SYN-64d0ae03ea8327ec,620081006,2,25,50,2023-06-05
SYN-64f2face1a52e200,533425001,5,25,125,2023-08-17
SYN-64f2face1a52e200,567411012,5,14,70,2023-08-17
SYN-64f2face1a52e200,615021023,5,17,85,2023-08-17
SYN-64f2face1a52e200,615085004,2,17,34,2023-08-17
SYN-64f2face1a52e200,615141002,6,25,150,2023-08-17
SYN-64f2face1a52e200,692687001,6,25,150,2023-08-17
SYN-64fb57d95c393ef2,548110002,3,27,81,2023-11-13
SYN-64fb57d95c393ef2,552346014,2,34,68,2023-11-13
SYN-64fb57d95c393ef2,626425001,2,34,68,2023-11-13
SYN-64fb57d95c393ef2,626442010,3,34,102,2023-11-13
SYN-64fb57d95c393ef2,672126001,4,42,168,2023-11-13
SYN-64fb57d95c393ef2,719610001,2,25,50,2023-11-13
SYN-64fccc27175b7eda,428071011,4,9,36,2023-07-23
SYN-64fccc27175b7eda,430757001,6,27,162,2023-07-23
SYN-64fccc27175b7eda,563024001,6,12,72,2023-07-23
SYN-64fccc27175b7eda,568787002,2,12,24,2023-07-23
SYN-64fccc27175b7eda,574116001,6,20,120,2023-07-23
SYN-64fccc27175b7eda,610314001,2,15,30,2023-07-23
SYN-64fccc27175b7eda,610730017,2,10,20,2023-07-23
SYN-64fccc27175b7eda,629551004,2,14,28,2023-07-23
SYN-650e19268c019f00,287645002,2,9,18,2023-01-06
SYN-6519bb693fefaea6,568137003,2,17,34,2023-10-29
SYN-6519bb693fefaea6,573085001,6,24,144,2023-10-29
SYN-652bedef783d54d2,156231001,5,9,45,2023-06-18
SYN-652bedef783d54d2,662948004,2,42,84,2023-06-18
SYN-652bedef783d54d2,680186001,2,34,68,2023-06-18
SYN-652bedef783d54d2,703193001,5,25,125,2023-06-18
SYN-6543485cd9942221,555102001,5,42,210,2023-10-26
SYN-6543485cd9942221,625316004,5,17,85,2023-10-26
SYN-6543485cd9942221,662888003,2,34,68,2023-10-26
SYN-654b548ad04be198,618841001,6,17,102,2023-01-13
SYN-654b548ad04be198,623277001,5,25,125,2023-01-13
SYN-654b548ad04be198,623997001,4,25,100,2023-01-13
SYN-654b548ad04be198,629723001,4,22,88,2023-01-13
SYN-654b548ad04be198,640536001,4,25,100,2023-01-13
SYN-654b548ad04be198,645882003,3,7,21,2023-01-13
SYN-654b87e1d8865346,562245018,2,20,40,2023-02-03
SYN-654b87e1d8865346,562252010,2,17,34,2023-02-03
SYN-656376eb5abf50a7,384851013,4,5,20,2023-12-25
SYN-656da77fd01fb675,607834001,6,25,150,2023-01-17
SYN-658415a143ebbfc1,589222001,4,20,80,2023-01-13
SYN-658415a143ebbfc1,589222002,6,15,90,2023-01-13
SYN-658415a143ebbfc1,589222003,4,18,72,2023-01-13
SYN-6584366b4b0095bb,627389006,5,15,75,2023-08-15
SYN-659713d98a12c174,573085028,5,31,155,2023-06-30
SYN-65a17ff58c09a7a7,522398023,3,7,21,2023-08-22
SYN-65a17ff58c09a7a7,617900007,3,14,42,2023-08-22
SYN-65a17ff58c09a7a7,622678001,3,22,66,2023-08-22
SYN-65a17ff58c09a7a7,625939005,2,3,6,2023-08-22
SYN-65a17ff58c09a7a7,629305003,2,17,34,2023-08-22
SYN-65a17ff58c09a7a7,631744003,5,7,35,2023-08-22
SYN-65a17ff58c09a7a7,662868001,2,34,68,2023-08-22
SYN-65a17ff58c09a7a7,671505002,2,34,68,2023-08-22
SYN-65a31f56b48291fe,533406005,6,51,306,2023-06-02
SYN-65aff9060c0971c2,682600001,3,34,102,2023-02-15
SYN-65baad5b3258f01b,612182001,2,34,68,2023-02-12
SYN-65baad5b3258f01b,681121002,4,17,68,2023-02-12
SYN-65bdb3c11c9118f7,685278004,5,102,510,2023-05-15
SYN-65c353a4addcf00d,519773002,2,27,54,2023-11-26
SYN-65d7eacfc8e1fa12,621251002,3,24,72,2023-03-22
SYN-65d7eacfc8e1fa12,638553001,5,41,205,2023-03-22
SYN-65d7eacfc8e1fa12,651905007,4,9,36,2023-03-22
SYN-65de4549784b6d53,200182001,2,9,18,2023-03-09
SYN-65de4549784b6d53,626443002,2,17,34,2023-03-09
SYN-65de4549784b6d53,688432001,5,25,125,2023-03-09
SYN-65eaba3215e8ddeb,553623008,5,23,115,2023-06-25
SYN-65eaba3215e8ddeb,633133001,5,6,30,2023-06-25
SYN-65f045af86306b0f,629042001,3,136,408,2023-02-17
SYN-65f045af86306b0f,660087001,2,42,84,2023-02-17
SYN-65f045af86306b0f,669031002,3,68,204,2023-02-17
SYN-65f045af86306b0f,710060001,6,42,252,2023-02-17
SYN-6609cf519d999e91,660712011,3,42,126,2023-08-28
SYN-66137fcd3580b518,637661002,6,51,306,2023-07-23
SYN-661556ac0d64b371,658030005,4,48,192,2023-05-24
SYN-661f54fad73ac060,658254006,3,51,153,2023-05-05
SYN-662c43e215bf67c8,470636064,2,25,50,2023-09-25
SYN-662c43e215bf67c8,504113022,3,12,36,2023-09-25
SYN-662c43e215bf67c8,599729003,2,51,102,2023-09-25
SYN-663e172c2bf9ad59,253448001,3,25,75,2023-11-11
SYN-663e172c2bf9ad59,253448002,6,25,150,2023-11-11
SYN-664f7f2314cacd57,189616008,6,16,96,2023-01-13
SYN-664f7f2314cacd57,524939008,3,14,42,2023-01-13
SYN-664f7f2314cacd57,567968002,4,6,24,2023-01-13
SYN-664f7f2314cacd57,610274009,4,24,96,2023-01-13
SYN-664f7f2314cacd57,627554001,5,13,65,2023-01-13
SYN-664f7f2314cacd57,657165001,5,20,100,2023-01-13
SYN-664f7f2314cacd57,676166001,6,16,96,2023-01-13
SYN-66555ce88c80245f,453358001,6,10,60,2023-04-02
SYN-66555ce88c80245f,656734005,5,59,295,2023-04-02
SYN-6658676e63b0ac98,594264001,6,25,150,2023-12-24
SYN-6658676e63b0ac98,660308002,2,25,50,2023-12-24
SYN-6658676e63b0ac98,664319008,2,25,50,2023-12-24
SYN-667dd0514fc3e857,672890003,3,24,72,2023-04-05
SYN-6686d4e50f486473,524825010,2,34,68,2023-08-13
SYN-6686d4e50f486473,524825013,3,34,102,2023-08-13
SYN-6686d4e50f486473,675827003,5,34,170,2023-08-13
SYN-6689d6ffd37b2012,651327002,2,22,44,2023-03-21
SYN-6689d6ffd37b2012,667870002,2,34,68,2023-03-21
SYN-6689d6ffd37b2012,687371002,3,42,126,2023-03-21
SYN-6689d6ffd37b2012,711521001,3,25,75,2023-03-21
SYN-668d8f07aa78add6,399136047,3,46,138,2023-04-25
SYN-668d8f07aa78add6,637661001,4,51,204,2023-04-25
SYN-668d8f07aa78add6,645065015,6,34,204,2023-04-25
SYN-668d8f07aa78add6,664665004,4,34,136,2023-04-25
SYN-668d8f07aa78add6,669916001,3,42,126,2023-04-25
SYN-668d8f07aa78add6,680186001,2,42,84,2023-04-25
SYN-668d8f07aa78add6,680810001,4,34,136,2023-04-25
SYN-66a78128b66856ca,510126016,2,51,102,2023-07-23
SYN-66a78128b66856ca,660599002,5,34,170,2023-07-23
SYN-66a78128b66856ca,662888004,4,34,136,2023-07-23
SYN-66a78128b66856ca,683662005,5,14,70,2023-07-23
SYN-66b38d04e15fd323,719031001,2,34,68,2023-11-23
SYN-66b41eadadc0be6e,665477002,3,34,102,2023-09-28
SYN-66b902fdc62921d9,667999003,4,15,60,2023-06-20
SYN-66b902fdc62921d9,667999004,2,15,30,2023-06-20
SYN-66d5385ef2d04f30,529008026,4,25,100,2023-11-23
SYN-66d5385ef2d04f30,529012025,2,10,20,2023-11-23
SYN-66d5385ef2d04f30,666651009,2,14,28,2023-11-23
SYN-66d5df2340d0f3af,667379003,4,42,168,2023-10-02
SYN-66d5df2340d0f3af,673677003,6,17,102,2023-10-02
SYN-66d5df2340d0f3af,679887001,4,68,272,2023-10-02
SYN-66dc87a313478232,610543011,6,25,150,2023-02-26
SYN-66dc87a313478232,665481004,6,51,306,2023-02-26
SYN-66dc87a313478232,673677002,3,17,51,2023-02-26
SYN-66fa04ce840989ec,637268006,6,51,306,2023-06-15
SYN-66fa04ce840989ec,652730003,4,48,192,2023-06-15
SYN-6715625737d0e2e2,539723003,3,31,93,2023-02-15
SYN-6715625737d0e2e2,539723005,5,31,155,2023-02-15
SYN-6715625737d0e2e2,685687001,6,17,102,2023-02-15
SYN-6715625737d0e2e2,685687004,5,17,85,2023-02-15
SYN-671e9b02cea0adce,624006001,4,43,172,2023-05-25
SYN-6733d0ccc5f35989,619739016,4,22,88,2023-01-28
SYN-6733d0ccc5f35989,650678003,4,17,68,2023-01-28
SYN-6733d0ccc5f35989,652009003,5,25,125,2023-01-28
SYN-6733d0ccc5f35989,669814003,4,51,204,2023-01-28
SYN-67356ebe69f75cf1,665477002,4,31,124,2023-12-27
SYN-6735814f4195e707,649492009,4,17,68,2023-04-17
SYN-6735814f4195e707,657287002,4,17,68,2023-04-17
SYN-673987770324f0f3,665477001,2,31,62,2023-11-22
SYN-673987770324f0f3,665477002,2,31,62,2023-11-22
SYN-673987770324f0f3,665477003,5,31,155,2023-11-22
SYN-673a77809aa1f474,573085028,6,34,204,2023-07-15
SYN-675a18bff149ea49,603401002,5,14,70,2023-12-08
SYN-675a18bff149ea49,603401003,3,10,30,2023-12-08
SYN-676c68a9fe8561b0,348870001,3,17,51,2023-07-24
SYN-676c68a9fe8561b0,562820006,3,9,27,2023-07-24
SYN-676c68a9fe8561b0,572124001,5,41,205,2023-07-24
SYN-676c68a9fe8561b0,572942002,5,36,180,2023-07-24
SYN-676c68a9fe8561b0,583976001,3,25,75,2023-07-24
SYN-676c68a9fe8561b0,612891003,3,29,87,2023-07-24
SYN-676c68a9fe8561b0,633109002,6,17,102,2023-07-24
SYN-676c68a9fe8561b0,633925003,3,20,60,2023-07-24
SYN-676c68a9fe8561b0,654772003,5,34,170,2023-07-24
SYN-676c68a9fe8561b0,678280001,2,34,68,2023-07-24
SYN-676c68a9fe8561b0,685687003,5,17,85,2023-07-24
SYN-677a1d98b96fc588,633130005,6,17,102,2023-10-22
SYN-677a1d98b96fc588,657497001,3,25,75,2023-10-22
SYN-677a1d98b96fc588,658847003,6,25,150,2023-10-22
SYN-677b2a22e0cc23eb,691177002,6,42,252,2023-09-20
SYN-677cc0993d4f616d,522398049,4,17,68,2023-06-10
SYN-677cc0993d4f616d,552473032,6,25,150,2023-06-10
SYN-677cc0993d4f616d,579541004,6,17,102,2023-06-10
SYN-677cc0993d4f616d,579541007,2,17,34,2023-06-10
SYN-677cc0993d4f616d,579541027,3,17,51,2023-06-10
SYN-677cc0993d4f616d,579541030,4,17,68,2023-06-10
SYN-677cc0993d4f616d,626588003,3,68,204,2023-06-10
SYN-677cc0993d4f616d,633130020,6,17,102,2023-06-10
SYN-677cc0993d4f616d,658030001,2,51,102,2023-06-10
SYN-677cc0993d4f616d,658030002,6,51,306,2023-06-10
SYN-677cc0993d4f616d,658030005,5,51,255,2023-06-10
SYN-677cc0993d4f616d,661147004,5,51,255,2023-06-10
SYN-677cc0993d4f616d,667491002,3,25,75,2023-06-10
SYN-677cc0993d4f616d,672625002,6,34,204,2023-06-10
SYN-677cc0993d4f616d,672625003,6,34,204,2023-06-10
SYN-677cc0993d4f616d,672625007,6,34,204,2023-06-10
SYN-677cc0993d4f616d,678153001,6,51,306,2023-06-10
SYN-677cc0993d4f616d,678153002,2,51,102,2023-06-10
SYN-677cc0993d4f616d,680374003,4,34,136,2023-06-10
SYN-6789736a9e47dfae,714425001,4,29,116,2023-06-22
SYN-67a5b23bf508e783,551877001,6,25,150,2023-10-28
SYN-67a5b23bf508e783,561218001,5,12,60,2023-10-28
SYN-67a797e773f9b2eb,111586001,6,14,84,2023-12-01
SYN-67a797e773f9b2eb,156231001,5,7,35,2023-12-01
SYN-67a797e773f9b2eb,436261001,5,14,70,2023-12-01
SYN-67a797e773f9b2eb,591667001,3,31,93,2023-12-01
SYN-67a797e773f9b2eb,632862002,4,36,144,2023-12-01
SYN-67a797e773f9b2eb,635273002,2,47,94,2023-12-01
SYN-67ab0c0af0460466,568696001,3,19,57,2023-03-03
SYN-67ab0c0af0460466,573452001,3,14,42,2023-03-03
SYN-67ab0c0af0460466,591201001,6,14,84,2023-03-03
SYN-67ab0c0af0460466,595078001,3,17,51,2023-03-03
SYN-67ab0c0af0460466,634009004,5,25,125,2023-03-03
SYN-67ab0c0af0460466,634009008,6,25,150,2023-03-03
SYN-67ae17cd62114212,539723006,6,34,204,2023-12-24
SYN-67ae17cd62114212,705973003,4,38,152,2023-12-24
SYN-67b869ee3019850b,677711003,3,22,66,2023-09-12
SYN-67bbeb2f43f39e1b,306847002,5,25,125,2023-12-17
SYN-67bbeb2f43f39e1b,347983038,3,10,30,2023-12-17
SYN-67bbeb2f43f39e1b,509210002,5,29,145,2023-12-17
SYN-67bbeb2f43f39e1b,555292006,4,31,124,2023-12-17
SYN-67bbeb2f43f39e1b,557265001,6,17,102,2023-12-17
SYN-67bbeb2f43f39e1b,596648001,2,22,44,2023-12-17
SYN-67bbeb2f43f39e1b,663942002,5,34,170,2023-12-17
SYN-67bbeb2f43f39e1b,671783004,6,25,150,2023-12-17
SYN-67bbeb2f43f39e1b,686267001,4,14,56,2023-12-17
SYN-67bbeb2f43f39e1b,688873020,4,34,136,2023-12-17
SYN-67bbeb2f43f39e1b,691543001,4,51,204,2023-12-17
SYN-67bbeb2f43f39e1b,692066001,5,51,255,2023-12-17
SYN-67d48444e82a4668,665477003,6,34,204,2023-07-01
SYN-67f65c39f75e6d2c,573085020,3,33,99,2023-11-20
SYN-67f65c39f75e6d2c,657970001,6,67,402,2023-11-20
SYN-67f65c39f75e6d2c,674336001,5,33,165,2023-11-20
SYN-67f65c39f75e6d2c,674492003,3,25,75,2023-11-20
SYN-67f65c39f75e6d2c,677930002,5,17,85,2023-11-20
SYN-67f6be0091271fcd,516000002,4,17,68,2023-06-27
SYN-67f6be0091271fcd,573282004,6,9,54,2023-06-27
SYN-67f6be0091271fcd,635146002,2,14,28,2023-06-27
SYN-67fd68c07213e781,147339034,6,34,204,2023-03-19
SYN-67fd68c07213e781,217207046,4,22,88,2023-03-19
SYN-67fd68c07213e781,462435007,2,34,68,2023-03-19
SYN-67fd68c07213e781,462435012,6,34,204,2023-03-19
SYN-67fd68c07213e781,472064018,4,34,136,2023-03-19
SYN-67fd68c07213e781,579010008,3,14,42,2023-03-19
SYN-67fd68c07213e781,594177003,3,22,66,2023-03-19
SYN-67fd68c07213e781,620910001,4,17,68,2023-03-19
SYN-67fd68c07213e781,624123003,6,22,132,2023-03-19
SYN-67fd68c07213e781,624327002,4,17,68,2023-03-19
SYN-67fd68c07213e781,624544001,2,31,62,2023-03-19
SYN-67fd68c07213e781,627210001,3,14,42,2023-03-19
SYN-67fd68c07213e781,629760001,5,17,85,2023-03-19
SYN-67fd68c07213e781,633785001,4,14,56,2023-03-19
SYN-67fd68c07213e781,633785014,6,14,84,2023-03-19
SYN-67fd68c07213e781,634036005,5,34,170,2023-03-19
SYN-67fd68c07213e781,639452001,5,10,50,2023-03-19
SYN-67fd68c07213e781,649369002,3,14,42,2023-03-19
SYN-67fd68c07213e781,680127001,3,14,42,2023-03-19
SYN-67fd68c07213e781,683209001,3,17,51,2023-03-19
SYN-67fd68c07213e781,684307001,2,31,62,2023-03-19
SYN-680af0592c3e2380,593196001,2,153,306,2023-02-07
SYN-680af0592c3e2380,677347003,3,136,408,2023-02-07
SYN-682132ffcd275b7f,301227017,4,25,100,2023-12-18
SYN-682132ffcd275b7f,669091001,3,34,102,2023-12-18
SYN-6829d3bc4c658e3f,666006006,5,119,595,2023-06-09
SYN-6829d3bc4c658e3f,685687003,2,17,34,2023-06-09
SYN-682ec19310a019da,657287003,2,17,34,2023-01-26
SYN-683b65ace2a02aae,551336008,2,31,62,2023-09-04
SYN-683b65ace2a02aae,567993020,4,9,36,2023-09-04
SYN-683b65ace2a02aae,633136003,2,31,62,2023-09-04
SYN-683b65ace2a02aae,633136009,5,31,155,2023-09-04
SYN-683b65ace2a02aae,656989001,5,85,425,2023-09-04
SYN-683e346ac3593eaa,567475004,5,20,100,2023-07-11
SYN-683e346ac3593eaa,617736001,4,39,156,2023-07-11
SYN-684ae9d6e5f8a3dd,556560001,3,17,51,2023-06-05
SYN-684ae9d6e5f8a3dd,558513001,5,34,170,2023-06-05
SYN-684ae9d6e5f8a3dd,568174026,4,17,68,2023-06-05
SYN-684ae9d6e5f8a3dd,620533001,4,42,168,2023-06-05
SYN-684ae9d6e5f8a3dd,628499001,4,17,68,2023-06-05
SYN-684ae9d6e5f8a3dd,638705006,2,10,20,2023-06-05
SYN-684ae9d6e5f8a3dd,638868001,2,31,62,2023-06-05
SYN-684eaaa61382ffbc,464679008,5,42,210,2023-04-06
SYN-684eaaa61382ffbc,560393001,6,22,132,2023-04-06
SYN-684eaaa61382ffbc,644763001,6,31,186,2023-04-06
SYN-684eaaa61382ffbc,657287005,4,17,68,2023-04-06
SYN-684edda430729332,456163026,2,29,58,2023-11-13
SYN-684edda430729332,669215006,6,25,150,2023-11-13
SYN-6854c8c5aeedfd81,186372011,5,25,125,2023-11-03
SYN-6854c8c5aeedfd81,347975001,4,14,56,2023-11-03
SYN-6854c8c5aeedfd81,523625004,3,25,75,2023-11-03
SYN-6854c8c5aeedfd81,541518004,6,31,186,2023-11-03
SYN-6854c8c5aeedfd81,634016017,6,17,102,2023-11-03
SYN-6854c8c5aeedfd81,657759002,4,17,68,2023-11-03
SYN-685ad6268fc767e5,519192001,6,34,204,2023-05-29
SYN-685bf079d2315c47,640872001,6,48,288,2023-06-05
SYN-686b7d91575e414d,580000002,4,11,44,2023-07-02
SYN-686b7d91575e414d,666061003,5,27,135,2023-07-02
SYN-6871e88b1e076fd7,548613005,5,17,85,2023-01-27
SYN-6871e88b1e076fd7,651465002,6,10,60,2023-01-27
SYN-6871e88b1e076fd7,712838005,4,9,36,2023-01-27
SYN-688417ba680117f5,677341001,5,81,405,2023-03-08
SYN-68915c16dfcf98f7,668290001,3,22,66,2023-02-26
SYN-68a20857345474d9,653431001,3,168,504,2023-09-08
SYN-68c1f2b154b27424,535716001,3,70,210,2023-06-30
SYN-68c1f2b154b27424,537076001,2,102,204,2023-06-30
SYN-68c1f2b154b27424,564417001,6,14,84,2023-06-30
SYN-68c1f2b154b27424,613521002,3,34,102,2023-06-30
SYN-68c6230d638e4182,399136023,4,38,152,2023-05-01
SYN-68c6230d638e4182,496762018,2,12,24,2023-05-01
SYN-68c6230d638e4182,521302008,6,15,90,2023-05-01
SYN-68c6230d638e4182,532578009,3,7,21,2023-05-01
SYN-68c6230d638e4182,562245034,3,20,60,2023-05-01
SYN-68c6230d638e4182,567720003,6,31,186,2023-05-01
SYN-68c6230d638e4182,573085001,3,21,63,2023-05-01
SYN-68c6230d638e4182,576773012,5,20,100,2023-05-01
SYN-68c6230d638e4182,576773018,2,24,48,2023-05-01
SYN-68c6230d638e4182,599502009,2,32,64,2023-05-01
SYN-68c6230d638e4182,615934008,5,29,145,2023-05-01
SYN-68c6230d638e4182,632451001,3,25,75,2023-05-01
SYN-68c6230d638e4182,633925003,4,20,80,2023-05-01
SYN-68c6a27e299bd5aa,504152001,3,25,75,2023-07-28
SYN-68c6a27e299bd5aa,565379001,4,9,36,2023-07-28
SYN-68d7e29cc5a25e2f,624050007,3,14,42,2023-01-25
SYN-68dc7a1618d88e65,153115020,2,25,50,2023-02-28
SYN-68dc7a1618d88e65,495573014,4,25,100,2023-02-28
SYN-68dc7a1618d88e65,622744002,2,42,84,2023-02-28
SYN-68dc7a1618d88e65,624257001,3,85,255,2023-02-28
SYN-68dc7a1618d88e65,624257003,3,85,255,2023-02-28
SYN-68dc7a1618d88e65,643702004,3,31,93,2023-02-28
SYN-68dc7a1618d88e65,660327004,2,42,84,2023-02-28
SYN-68dc7a1618d88e65,669579003,5,51,255,2023-02-28
SYN-68e157fdb9190f7a,625321010,4,25,100,2023-09-16
SYN-68e157fdb9190f7a,634411001,4,25,100,2023-09-16
SYN-68e157fdb9190f7a,638899002,3,51,153,2023-09-16
SYN-68f084fdd671c078,646429001,2,51,102,2023-05-17
SYN-68f1e5325ea78690,189626001,4,17,68,2023-10-13
SYN-68f1e5325ea78690,517678006,3,17,51,2023-10-13
SYN-68f1e5325ea78690,610730021,2,23,46,2023-10-13
SYN-68f4ddf4951ecbe7,337991001,3,25,75,2023-12-01
SYN-68f4ddf4951ecbe7,538993003,6,42,252,2023-12-01
SYN-68f4ddf4951ecbe7,644762001,5,34,170,2023-12-01
SYN-68f4ddf4951ecbe7,648964001,3,59,177,2023-12-01
SYN-68f4ddf4951ecbe7,667316002,5,10,50,2023-12-01
SYN-68f4ddf4951ecbe7,671505002,2,34,68,2023-12-01
SYN-68f4ddf4951ecbe7,676266001,6,42,252,2023-12-01
SYN-68f4ddf4951ecbe7,678086002,4,25,100,2023-12-01
SYN-68f4ddf4951ecbe7,688910001,4,68,272,2023-12-01
SYN-68f651509ad6b207,608952004,2,20,40,2023-09-16
SYN-68f651509ad6b207,685347003,4,17,68,2023-09-16
SYN-68f651509ad6b207,714417001,3,25,75,2023-09-16
SYN-6906d58b4378887d,543310001,6,51,306,2023-03-05
SYN-6906d58b4378887d,583533002,3,68,204,2023-03-05
SYN-6906d58b4378887d,583558001,6,68,408,2023-03-05
SYN-6906d58b4378887d,637255009,6,25,150,2023-03-05
SYN-6906d58b4378887d,661794001,5,153,765,2023-03-05
SYN-6906d58b4378887d,665725003,3,34,102,2023-03-05
SYN-6906d58b4378887d,684675001,2,136,272,2023-03-05
SYN-6906d58b4378887d,701600001,5,34,170,2023-03-05
SYN-690dd2e0dc508e78,490176001,5,20,100,2023-01-05
SYN-690dd2e0dc508e78,508903014,2,7,14,2023-01-05
SYN-690dd2e0dc508e78,605777008,4,14,56,2023-01-05
SYN-690dd2e0dc508e78,644522001,4,59,236,2023-01-05
SYN-690dd2e0dc508e78,656649003,2,42,84,2023-01-05
SYN-690dd2e0dc508e78,670300001,2,12,24,2023-01-05
SYN-690dd2e0dc508e78,670300002,2,12,24,2023-01-05
SYN-690dd2e0dc508e78,714411001,5,34,170,2023-01-05
SYN-6911bc414be30364,372860002,4,14,56,2023-05-13
SYN-6911bc414be30364,541518004,2,31,62,2023-05-13
SYN-6911bc414be30364,654564002,4,17,68,2023-05-13
SYN-69215b95d418d785,516903005,6,34,204,2023-11-16
SYN-6930a837439d1a12,557248025,4,34,136,2023-09-01
SYN-6938221787f26270,617169010,5,10,50,2023-08-07
SYN-6938221787f26270,665481004,5,51,255,2023-08-07
SYN-694d9b781e9d2cd0,539723005,3,31,93,2023-02-28
SYN-694d9b781e9d2cd0,573085027,2,31,62,2023-02-28
SYN-69542e7c698e427c,637549005,3,27,81,2023-11-13
SYN-69542e7c698e427c,654772001,3,27,81,2023-11-13
SYN-69542e7c698e427c,661147004,5,41,205,2023-11-13
SYN-695ba26774153869,551413002,3,14,42,2023-10-06
SYN-695ba26774153869,624443008,6,14,84,2023-10-06
SYN-695ba26774153869,624444001,2,14,28,2023-10-06
SYN-695c070a79a145b1,664074004,6,17,102,2023-10-13
SYN-695ddda2d42c9cd6,348870009,6,17,102,2023-06-28
SYN-695ddda2d42c9cd6,574057001,2,34,68,2023-06-28
SYN-695ddda2d42c9cd6,615566001,5,46,230,2023-06-28
SYN-696b193d471c6eb3,572124001,4,41,164,2023-12-28
SYN-69716e692e510af3,181448104,4,12,48,2023-05-24
SYN-69716e692e510af3,200182002,2,12,24,2023-05-24
SYN-69716e692e510af3,358753005,6,9,54,2023-05-24
SYN-69716e692e510af3,502224001,4,61,244,2023-05-24
SYN-69716e692e510af3,666382002,5,25,125,2023-05-24
SYN-6972cc8cc81d477c,500435003,5,9,45,2023-07-01
SYN-6972cc8cc81d477c,637549005,2,30,60,2023-07-01
SYN-6972cc8cc81d477c,673677003,6,15,90,2023-07-01
SYN-6972cc8cc81d477c,685687004,3,15,45,2023-07-01
SYN-69742302633278f1,532578017,3,10,30,2023-08-28
SYN-6986b9924435444b,179950001,6,24,144,2023-10-15
SYN-6986b9924435444b,181448102,2,7,14,2023-10-15
SYN-6986b9924435444b,200182001,4,14,56,2023-10-15
SYN-6986b9924435444b,532954003,3,3,9,2023-10-15
SYN-6986b9924435444b,547367007,4,10,40,2023-10-15
SYN-6986b9924435444b,624632002,2,17,34,2023-10-15
SYN-698c686e2bbe8797,667709001,6,51,306,2023-02-16
SYN-698ea4c61bcdab3c,619234005,4,51,204,2023-08-31
SYN-6993047dc83d2e4f,493103018,6,12,72,2023-03-11
SYN-6993047dc83d2e4f,623842001,5,3,15,2023-03-11
SYN-6993047dc83d2e4f,648209002,4,22,88,2023-03-11
SYN-69b6b9dfd795e331,617279003,6,68,408,2023-05-20
SYN-69b6b9dfd795e331,673677004,5,17,85,2023-05-20
SYN-69bb313adc6bc0dd,557247005,4,14,56,2023-12-30
SYN-69bb313adc6bc0dd,628924001,4,10,40,2023-12-30
SYN-69bdbf7e5fd843eb,616739001,6,17,102,2023-04-08
SYN-69c28b81f4358909,671505001,3,34,102,2023-07-11
SYN-69c28b81f4358909,671505004,2,34,68,2023-07-11
SYN-69eb42ae2d69306c,570781008,2,17,34,2023-10-27
SYN-69eb42ae2d69306c,662868003,2,34,68,2023-10-27
SYN-69eb42ae2d69306c,674014003,3,31,93,2023-10-27
SYN-69f45033b92e683f,539723001,3,34,102,2023-10-21
SYN-69f45033b92e683f,539723007,2,34,68,2023-10-21
SYN-69f9099b604b484e,661162004,4,32,128,2023-06-22
SYN-69f9099b604b484e,685687003,3,17,51,2023-06-22
SYN-6a002a452c97f38f,399087001,2,34,68,2023-03-24
SYN-6a002a452c97f38f,399087015,6,34,204,2023-03-24
SYN-6a0e3e8153c71af8,554598008,6,15,90,2023-03-07
SYN-6a0e3e8153c71af8,562245043,3,31,93,2023-03-07
SYN-6a0e3e8153c71af8,588689010,4,31,124,2023-03-07
SYN-6a0e3e8153c71af8,660599001,5,31,155,2023-03-07
SYN-6a0e3e8153c71af8,662866001,3,38,114,2023-03-07
SYN-6a16bf222623acad,576773002,6,22,132,2023-03-04
SYN-6a16bf222623acad,576775001,2,31,62,2023-03-04
SYN-6a16bf222623acad,581777008,3,51,153,2023-03-04
SYN-6a28538b73e74fb2,662868002,4,34,136,2023-10-08
SYN-6a28538b73e74fb2,667985001,6,34,204,2023-10-08
SYN-6a28538b73e74fb2,672947004,3,34,102,2023-10-08
SYN-6a28a531a8b84e42,552473021,3,25,75,2023-01-22
SYN-6a28a531a8b84e42,552473037,2,25,50,2023-01-22
SYN-6a28a531a8b84e42,554450027,5,34,170,2023-01-22
SYN-6a28a531a8b84e42,591334003,4,17,68,2023-01-22
SYN-6a2ced5da55f5c54,243937023,6,17,102,2023-07-06
SYN-6a2ced5da55f5c54,534052001,6,7,42,2023-07-06
SYN-6a2ced5da55f5c54,662857003,5,42,210,2023-07-06
SYN-6a2ced5da55f5c54,683001003,3,17,51,2023-07-06
SYN-6a30879b4ed0a14e,550309001,3,42,126,2023-01-08
SYN-6a315981be8267b6,657014002,6,22,132,2023-03-21
SYN-6a4cbaf127e42456,496111020,3,34,102,2023-02-17
SYN-6a57ff2b1af1399e,554141004,2,16,32,2023-05-27
SYN-6a57ff2b1af1399e,576705002,6,41,246,2023-05-27
SYN-6a57ff2b1af1399e,622877005,3,29,87,2023-05-27
SYN-6a57ff2b1af1399e,640001001,3,21,63,2023-05-27
SYN-6a57ff2b1af1399e,670233005,4,24,96,2023-05-27
SYN-6a57ff2b1af1399e,673677002,3,16,48,2023-05-27
SYN-6a57ff2b1af1399e,675981001,4,49,196,2023-05-27
SYN-6a7b920f2e34a472,691799001,5,43,215,2023-07-10
SYN-6a89d3ae95bfe7b6,694966001,5,34,170,2023-03-18
SYN-6a98d55e6eb708a2,614412002,3,39,117,2023-01-09
SYN-6a98d55e6eb708a2,666261001,5,31,155,2023-01-09
SYN-6ab3044d300ed422,525335018,4,10,40,2023-10-01
SYN-6ab3044d300ed422,525335021,6,9,54,2023-10-01
SYN-6ab3044d300ed422,554811014,6,11,66,2023-10-01
SYN-6abf80d0077b9bb4,634249005,6,34,204,2023-09-15
SYN-6abf80d0077b9bb4,688873020,6,34,204,2023-09-15
SYN-6ac5ecc4f70ebf4d,642498002,3,10,30,2023-09-07
SYN-6b05c7781650b75a,680186001,2,42,84,2023-10-20
SYN-6b05c7781650b75a,685687004,3,17,51,2023-10-20
SYN-6b0667426a13442c,561445005,2,9,18,2023-06-07
SYN-6b0667426a13442c,592975013,6,43,258,2023-06-07
SYN-6b0667426a13442c,662075001,5,58,290,2023-06-07
SYN-6b0667426a13442c,665477002,6,29,174,2023-06-07
SYN-6b102141e7516249,561445005,4,9,36,2023-06-02
SYN-6b102141e7516249,599502009,6,32,192,2023-06-02
SYN-6b158beb0fd1eef8,612182014,4,34,136,2023-07-25
SYN-6b158beb0fd1eef8,657852007,2,34,68,2023-07-25
SYN-6b158beb0fd1eef8,685687002,3,17,51,2023-07-25
SYN-6b1af32e5f3a6165,377277001,3,9,27,2023-05-11
SYN-6b1af32e5f3a6165,501820043,6,17,102,2023-05-11
SYN-6b1af32e5f3a6165,553139001,4,34,136,2023-05-11
SYN-6b1af32e5f3a6165,631848002,5,34,170,2023-05-11
SYN-6b1af32e5f3a6165,640639001,3,10,30,2023-05-11
SYN-6b1af32e5f3a6165,664421002,6,17,102,2023-05-11
SYN-6b1af32e5f3a6165,671505001,3,34,102,2023-05-11
SYN-6b1af32e5f3a6165,674681001,2,9,18,2023-05-11
SYN-6b1af32e5f3a6165,676827002,4,42,168,2023-05-11
SYN-6b1af32e5f3a6165,680187001,5,17,85,2023-05-11
SYN-6b1af32e5f3a6165,680912006,5,17,85,2023-05-11
SYN-6b1af32e5f3a6165,680912009,6,12,72,2023-05-11
SYN-6b1af32e5f3a6165,685687002,5,17,85,2023-05-11
SYN-6b1af32e5f3a6165,692454002,4,25,100,2023-05-11
SYN-6b1af32e5f3a6165,700819006,4,42,168,2023-05-11
SYN-6b1d55b9e0c44f9b,605365001,3,14,42,2023-06-30
SYN-6b2d703e5d4d05e0,615021021,3,17,51,2023-05-23
SYN-6b2d703e5d4d05e0,617646002,4,22,88,2023-05-23
SYN-6b2d703e5d4d05e0,630450002,3,31,93,2023-05-23
SYN-6b2d703e5d4d05e0,647334001,5,59,295,2023-05-23
SYN-6b2d703e5d4d05e0,684210001,5,59,295,2023-05-23
SYN-6b2d703e5d4d05e0,704048003,5,59,295,2023-05-23
SYN-6b2daac12585f532,624486008,2,14,28,2023-05-20
SYN-6b2daac12585f532,672598002,4,22,88,2023-05-20
SYN-6b2daac12585f532,681815001,6,17,102,2023-05-20
SYN-6b2daac12585f532,683662006,4,14,56,2023-05-20
SYN-6b32dc8c85d026f8,639192002,3,68,204,2023-12-17
SYN-6b41ecc4e016c642,507910001,3,25,75,2023-11-09
SYN-6b41ecc4e016c642,524825007,2,18,36,2023-11-09
SYN-6b41ecc4e016c642,660712012,3,34,102,2023-11-09
SYN-6b41ecc4e016c642,673638002,3,17,51,2023-11-09
SYN-6b41ecc4e016c642,685687002,3,17,51,2023-11-09
SYN-6b41ecc4e016c642,685687003,4,17,68,2023-11-09
SYN-6b64e968512bbe07,618476004,4,22,88,2023-08-26
SYN-6b64e968512bbe07,622238014,4,25,100,2023-08-26
SYN-6b64e968512bbe07,639297001,2,34,68,2023-08-26
SYN-6b64e968512bbe07,652731008,6,56,336,2023-08-26
SYN-6b6c24bd7bd5aec3,578113002,2,29,58,2023-09-15
SYN-6b734403d3154477,156231001,6,9,54,2023-09-17
SYN-6b74afa99bd5cd86,653431003,5,168,840,2023-08-01
SYN-6b7c25ab8e89ccc0,111593001,4,12,48,2023-10-07
SYN-6b7c25ab8e89ccc0,228257001,2,7,14,2023-10-07
SYN-6b831a8a49baa2b1,534164001,2,31,62,2023-09-27
SYN-6b831a8a49baa2b1,534164002,3,31,93,2023-09-27
SYN-6b831a8a49baa2b1,534164013,6,31,186,2023-09-27
SYN-6b831a8a49baa2b1,649428001,2,38,76,2023-09-27
SYN-6b8823a04c98fef9,673638002,3,17,51,2023-05-01
SYN-6b8e3e918efae629,560270007,5,43,215,2023-07-28
SYN-6b8ecb5007ac37a4,573716040,4,25,100,2023-10-28
SYN-6b8ecb5007ac37a4,650696002,4,41,164,2023-10-28
SYN-6b8f8246747726de,294008005,5,10,50,2023-11-02
SYN-6ba71f6315b51ba4,357751001,4,10,40,2023-10-10
SYN-6ba71f6315b51ba4,685683001,2,25,50,2023-10-10
SYN-6bdb18d4fa765900,683662005,5,13,65,2023-08-29
SYN-6bf026df4f0bf02f,568597016,4,40,160,2023-03-26
SYN-6c1064169cfb4a84,228257001,4,10,40,2023-03-19
SYN-6c1064169cfb4a84,228257004,3,10,30,2023-03-19
SYN-6c1064169cfb4a84,634761003,5,41,205,2023-03-19
SYN-6c1cb7be4a0b45c2,591334003,3,17,51,2023-04-21
SYN-6c1cb7be4a0b45c2,591334016,3,17,51,2023-04-21
SYN-6c1cb7be4a0b45c2,591334017,4,17,68,2023-04-21
SYN-6c1cb7be4a0b45c2,591334019,4,17,68,2023-04-21
SYN-6c1cbd265b2be567,666354004,4,34,136,2023-04-26
SYN-6c220d68eed50f52,495685001,4,41,164,2023-06-30
SYN-6c220d68eed50f52,545264005,5,32,160,2023-06-30
SYN-6c220d68eed50f52,619148003,6,20,120,2023-06-30
SYN-6c2bf1409752c36f,568065004,2,34,68,2023-06-02
SYN-6c2bf1409752c36f,685972001,3,122,366,2023-06-02
SYN-6c31980ee2f0aacb,451290008,3,92,276,2023-11-05
SYN-6c31980ee2f0aacb,656749007,5,46,230,2023-11-05
SYN-6c403f5953d7306f,399201022,3,47,141,2023-03-16
SYN-6c403f5953d7306f,637549005,4,34,136,2023-03-16
SYN-6c403f5953d7306f,660599001,3,34,102,2023-03-16
SYN-6c59b4400148be90,564309014,4,15,60,2023-10-06
SYN-6c610337812852a9,671852003,4,23,92,2023-10-04
SYN-6c9aff1730a78577,355569001,2,9,18,2023-07-27
SYN-6c9aff1730a78577,446224014,2,12,24,2023-07-27
SYN-6c9aff1730a78577,476583021,3,9,27,2023-07-27
SYN-6c9aff1730a78577,615141002,5,25,125,2023-07-27
SYN-6c9aff1730a78577,635957003,5,40,200,2023-07-27
SYN-6c9aff1730a78577,643213002,5,22,110,2023-07-27
SYN-6c9aff1730a78577,675378002,6,25,150,2023-07-27
SYN-6c9aff1730a78577,681748003,6,17,102,2023-07-27
SYN-6c9aff1730a78577,712838007,3,9,27,2023-07-27
SYN-6c9aff1730a78577,712838008,6,9,54,2023-07-27
SYN-6c9aff1730a78577,714413001,2,25,50,2023-07-27
SYN-6ca368098f04921b,438702001,3,20,60,2023-12-17
SYN-6ca368098f04921b,517462001,3,19,57,2023-12-17
SYN-6ca368098f04921b,562245018,4,20,80,2023-12-17
SYN-6ca368098f04921b,619234005,3,51,153,2023-12-17
SYN-6ca368098f04921b,622962001,6,51,306,2023-12-17
SYN-6ca368098f04921b,636455004,5,31,155,2023-12-17
SYN-6cbb1f50e1dd6a56,407653002,6,9,54,2023-05-17
SYN-6cbb1f50e1dd6a56,662888001,3,31,93,2023-05-17
SYN-6cbbd831bdf2499c,522183001,4,40,160,2023-04-10
SYN-6cbbd831bdf2499c,572942002,4,34,136,2023-04-10
SYN-6cbbd831bdf2499c,636455012,2,48,96,2023-04-10
SYN-6cbbd831bdf2499c,678153002,6,48,288,2023-04-10
SYN-6cc240968b77c46b,516859002,5,12,60,2023-05-25
SYN-6cc240968b77c46b,667499006,5,23,115,2023-05-25
SYN-6cc240968b77c46b,675203002,2,31,62,2023-05-25
SYN-6cc3cdabf2785f1a,562245039,5,31,155,2023-11-08
SYN-6cc3cdabf2785f1a,621989001,3,31,93,2023-11-08
SYN-6cc3cdabf2785f1a,634332001,2,39,78,2023-11-08
SYN-6cc3cdabf2785f1a,637673005,5,34,170,2023-11-08
SYN-6ccc5cc410e04096,312543001,3,25,75,2023-10-03
SYN-6ccc5cc410e04096,503010003,5,32,160,2023-10-03
SYN-6ce47c135af0b1c9,399136023,6,42,252,2023-03-25
SYN-6d045c2ef38e5f8b,625939004,6,9,54,2023-01-24
SYN-6d045c2ef38e5f8b,674492001,2,20,40,2023-01-24
SYN-6d045c2ef38e5f8b,683662005,3,14,42,2023-01-24
SYN-6d0c2d2e063bda3d,554450001,3,27,81,2023-12-29
SYN-6d0c2d2e063bda3d,562245042,4,27,108,2023-12-29
SYN-6d0c2d2e063bda3d,588689001,3,27,81,2023-12-29
SYN-6d0c2d2e063bda3d,656719005,4,41,164,2023-12-29
SYN-6d18012688f31463,516859002,3,14,42,2023-05-15
SYN-6d18012688f31463,574109015,2,25,50,2023-05-15
SYN-6d18012688f31463,635957001,5,42,210,2023-05-15
SYN-6d18012688f31463,654100005,5,17,85,2023-05-15
SYN-6d18012688f31463,657497007,2,25,50,2023-05-15
SYN-6d18012688f31463,671505001,2,34,68,2023-05-15
SYN-6d18012688f31463,683662006,2,14,28,2023-05-15
SYN-6d24a68ac5f589e4,631470003,2,42,84,2023-06-26
SYN-6d3af48c97ee20f6,573085014,3,21,63,2023-05-12
SYN-6d3af48c97ee20f6,672598002,2,20,40,2023-05-12
SYN-6d3af48c97ee20f6,685687001,4,15,60,2023-05-12
SYN-6d3af48c97ee20f6,714367001,6,23,138,2023-05-12
SYN-6d4e4f6441150013,413707001,2,34,68,2023-01-26
SYN-6d4e4f6441150013,540701004,2,15,30,2023-01-26
SYN-6d570e0e8996ebf6,542730007,4,85,340,2023-11-01
SYN-6d6d044dce9b6c68,300024013,3,36,108,2023-02-22
SYN-6d6d044dce9b6c68,341129001,6,22,132,2023-02-22
SYN-6d6d044dce9b6c68,469562036,2,44,88,2023-02-22
SYN-6d6d5d140a88a6e2,636323001,5,17,85,2023-02-11
SYN-6d6d5d140a88a6e2,636323003,6,17,102,2023-02-11
SYN-6d6d5d140a88a6e2,662888003,6,34,204,2023-02-11
SYN-6d74f5e14be16e68,626816001,2,25,50,2023-01-28
SYN-6d7f062ee3adbe3e,179123001,5,15,75,2023-06-25
SYN-6d7f062ee3adbe3e,189634001,3,9,27,2023-06-25
SYN-6d7f062ee3adbe3e,579541001,5,15,75,2023-06-25
SYN-6d7f062ee3adbe3e,612075002,6,11,66,2023-06-25
SYN-6d7f062ee3adbe3e,684080003,4,92,368,2023-06-25
SYN-6d89a7cab8eda69f,502224001,4,68,272,2023-06-14
SYN-6d89a7cab8eda69f,650193001,5,51,255,2023-06-14
SYN-6d8b48bb1833f37f,539723001,5,34,170,2023-09-24
SYN-6d8b48bb1833f37f,539723005,3,34,102,2023-09-24
SYN-6daa065474697ea5,399201020,2,68,136,2023-11-28
SYN-6daeab50cbaaadea,596715001,5,29,145,2023-01-17
SYN-6db91298ca960151,678086001,6,25,150,2023-04-10
SYN-6db91298ca960151,678086002,5,25,125,2023-04-10
SYN-6dc057c4c0782fd5,662728004,6,25,150,2023-02-01
SYN-6dc579afa4f39bc8,416511016,6,17,102,2023-01-08
SYN-6dc579afa4f39bc8,532578001,4,19,76,2023-01-08
SYN-6dc579afa4f39bc8,553875011,5,7,35,2023-01-08
SYN-6dc579afa4f39bc8,563874001,6,17,102,2023-01-08
SYN-6dc579afa4f39bc8,608338002,3,24,72,2023-01-08
SYN-6dc625de93d27fe1,656686002,4,159,636,2023-06-09
SYN-6dc625de93d27fe1,661095001,6,68,408,2023-06-09
SYN-6dc625de93d27fe1,693951004,3,25,75,2023-06-09
SYN-6dcd5d11379a3ba4,678931001,4,57,228,2023-01-23
SYN-6ddff7ea1480fc0d,711694001,6,59,354,2023-05-05
SYN-6de66ddf238f1366,369796007,6,14,84,2023-10-02
SYN-6e03e13f2a937a08,628930008,6,10,60,2023-09-21
SYN-6e03e13f2a937a08,677930005,3,17,51,2023-09-21
SYN-6e0528924e7b9ca1,640807002,2,68,136,2023-05-27
SYN-6e1474073ae5ae78,413707022,2,34,68,2023-02-03
SYN-6e1474073ae5ae78,652196002,4,51,204,2023-02-03
SYN-6e15df79422f0df9,669056002,4,11,44,2023-03-07
SYN-6e1ede3e014b9f60,160442007,5,14,70,2023-07-01
SYN-6e1ede3e014b9f60,485678034,5,22,110,2023-07-01
SYN-6e1ede3e014b9f60,485678039,3,22,66,2023-07-01
SYN-6e1ede3e014b9f60,499368004,2,14,28,2023-07-01
SYN-6e1ede3e014b9f60,506412005,4,10,40,2023-07-01
SYN-6e2fc0a0d3071f57,633130015,5,17,85,2023-10-08
SYN-6e3458de4f36e132,189616006,6,17,102,2023-02-08
SYN-6e3458de4f36e132,595779002,6,25,150,2023-02-08
SYN-6e3458de4f36e132,612075008,5,25,125,2023-02-08
SYN-6e3458de4f36e132,657395007,2,34,68,2023-02-08
SYN-6e3458de4f36e132,670707001,4,42,168,2023-02-08
SYN-6e3458de4f36e132,672625003,4,34,136,2023-02-08
SYN-6e3458de4f36e132,676352002,2,25,50,2023-02-08
SYN-6e3458de4f36e132,714417001,5,25,125,2023-02-08
SYN-6e4ca3be9c281744,617835006,4,15,60,2023-11-27
SYN-6e4d2596a4b37315,574112001,5,25,125,2023-01-26
SYN-6e56c0d66486753b,517585004,6,29,174,2023-01-16
SYN-6e56c0d66486753b,532974005,3,17,51,2023-01-16
SYN-6e56c0d66486753b,559069003,4,9,36,2023-01-16
SYN-6e56c0d66486753b,567608004,6,9,54,2023-01-16
SYN-6e56c0d66486753b,568047002,5,15,75,2023-01-16
SYN-6e56c0d66486753b,611338001,6,22,132,2023-01-16
SYN-6e56c0d66486753b,616329001,2,19,38,2023-01-16
SYN-6e58128a3861f99a,543062004,4,9,36,2023-03-21
SYN-6e58128a3861f99a,563161008,4,9,36,2023-03-21
SYN-6e58128a3861f99a,572254001,4,5,20,2023-03-21
SYN-6e58128a3861f99a,581086001,6,10,60,2023-03-21
SYN-6e584dac427c03e5,559645001,4,14,56,2023-12-29
SYN-6e59a3cc55e9f19c,395127001,3,38,114,2023-02-22
SYN-6e5d5e808ed6e4a7,562252031,6,25,150,2023-03-06
SYN-6e818e492258cc39,573716039,4,20,80,2023-05-05
SYN-6e884324d9a764d7,622238007,4,15,60,2023-01-12
SYN-6e884324d9a764d7,622238009,3,15,45,2023-01-12
SYN-6e884324d9a764d7,622238018,4,25,100,2023-01-12
SYN-6e96ee77feabc189,516741002,5,51,255,2023-10-20
SYN-6e96ee77feabc189,640807003,5,68,340,2023-10-20
SYN-6ea0eb9d1139b368,569973018,5,24,120,2023-10-16
SYN-6ea0eb9d1139b368,634716003,6,17,102,2023-10-16
SYN-6ea0eb9d1139b368,634775001,4,22,88,2023-10-16
SYN-6eaa5611dc40f75b,399136023,3,42,126,2023-06-02
SYN-6eaa5611dc40f75b,400285006,4,44,176,2023-06-02
SYN-6eaa5611dc40f75b,631590002,3,51,153,2023-06-02
SYN-6eadacd17f5ac284,508184020,6,25,150,2023-08-10
SYN-6eadacd17f5ac284,639670002,6,34,204,2023-08-10
SYN-6eadacd17f5ac284,657415005,4,25,100,2023-08-10
SYN-6eadacd17f5ac284,665329002,6,34,204,2023-08-10
SYN-6eadacd17f5ac284,711547001,2,42,84,2023-08-10
SYN-6eaf5e5813a340bf,512251003,4,25,100,2023-10-02
SYN-6eaf5e5813a340bf,512251004,3,25,75,2023-10-02
SYN-6eaf5e5813a340bf,524825010,2,34,68,2023-10-02
SYN-6eaf5e5813a340bf,537346022,2,42,84,2023-10-02
SYN-6eaf5e5813a340bf,568597009,6,22,132,2023-10-02
SYN-6eaf5e5813a340bf,573716039,2,20,40,2023-10-02
SYN-6eaf5e5813a340bf,612182001,3,27,81,2023-10-02
SYN-6eaf5e5813a340bf,655287002,5,42,210,2023-10-02
SYN-6eaf5e5813a340bf,662857001,5,42,210,2023-10-02
SYN-6eaf5e5813a340bf,662857004,3,42,126,2023-10-02
SYN-6eaf5e5813a340bf,670655001,6,68,408,2023-10-02
SYN-6eb18887a07601d6,555102005,2,25,50,2023-01-18
SYN-6eb18887a07601d6,623278001,5,14,70,2023-01-18
SYN-6eb18887a07601d6,634009002,3,25,75,2023-01-18
SYN-6eb18887a07601d6,647758001,5,48,240,2023-01-18
SYN-6eb7ead2cf9b43b2,399087001,6,34,204,2023-01-13
SYN-6eb7ead2cf9b43b2,416511001,6,34,204,2023-01-13
SYN-6eb7ead2cf9b43b2,554450001,4,34,136,2023-01-13
SYN-6eb7ead2cf9b43b2,573716012,6,25,150,2023-01-13
SYN-6eb7ead2cf9b43b2,606022001,6,12,72,2023-01-13
SYN-6eb7ead2cf9b43b2,655784001,2,34,68,2023-01-13
SYN-6eb7ead2cf9b43b2,658030001,3,51,153,2023-01-13
SYN-6eb7ead2cf9b43b2,673900001,2,34,68,2023-01-13
SYN-6ebc5d715d6607f7,608458001,5,17,85,2023-03-07
SYN-6ebc5d715d6607f7,633861001,3,36,108,2023-03-07
SYN-6ebffb43fe37998b,613463003,6,15,90,2023-12-03
SYN-6ebffb43fe37998b,651348001,5,17,85,2023-12-03
SYN-6ec5271f3bc610fe,651793002,3,17,51,2023-02-27
SYN-6eee2133dca33a17,399201005,4,59,236,2023-04-22
SYN-6eee2133dca33a17,399201022,6,59,354,2023-04-22
SYN-6ef1544566653dcc,651517001,5,240,1200,2023-03-24
SYN-6f199181dd37b399,634332005,5,42,210,2023-07-09
SYN-6f2f856826d3124d,592975013,6,51,306,2023-09-29
SYN-6f45d2cb13e59164,535783001,4,51,204,2023-07-02
SYN-6f45d2cb13e59164,567993015,6,13,78,2023-07-02
SYN-6f45d2cb13e59164,605777010,2,20,40,2023-07-02
SYN-6f45d2cb13e59164,624311004,3,25,75,2023-07-02
SYN-6f45d2cb13e59164,647462001,5,66,330,2023-07-02
SYN-6f45d2cb13e59164,647465001,2,66,132,2023-07-02
SYN-6f45d2cb13e59164,660308003,5,25,125,2023-07-02
SYN-6f54719fb550db66,633130002,5,17,85,2023-12-29
SYN-6f54719fb550db66,635789005,6,17,102,2023-12-29
SYN-6f54719fb550db66,637549005,3,34,102,2023-12-29
SYN-6f54719fb550db66,651456001,5,17,85,2023-12-29
SYN-6f54719fb550db66,654772001,3,34,102,2023-12-29
SYN-6f54719fb550db66,661147004,3,51,153,2023-12-29
SYN-6f54719fb550db66,666617002,6,14,84,2023-12-29
SYN-6f54719fb550db66,688463001,4,14,56,2023-12-29
SYN-6f54719fb550db66,690066001,3,42,126,2023-12-29
SYN-6f6cee6a000fd47f,573085001,3,23,69,2023-09-02
SYN-6f6cee6a000fd47f,685687002,3,17,51,2023-09-02
SYN-6f7261b8f5b1e59c,595779002,3,24,72,2023-05-01
SYN-6f7261b8f5b1e59c,615021018,3,7,21,2023-05-01
SYN-6f7a5ca8eec68bca,399087015,5,31,155,2023-05-27
SYN-6f7a5ca8eec68bca,556255003,6,18,108,2023-05-27
SYN-6f7c39f12e3c803e,573716012,5,25,125,2023-11-19
SYN-6f7c39f12e3c803e,576773008,3,24,72,2023-11-19
SYN-6f7c39f12e3c803e,576773017,2,34,68,2023-11-19
SYN-6f7c39f12e3c803e,686631001,4,42,168,2023-11-19
SYN-6f92c4ef0c4fafcc,522398028,5,9,45,2023-06-01
SYN-6fab3bdc85433987,587782001,3,27,81,2023-10-23
SYN-6fab3bdc85433987,610776001,5,9,45,2023-10-23
SYN-6fab3bdc85433987,610776002,4,9,36,2023-10-23
SYN-6fab3bdc85433987,646536001,4,17,68,2023-10-23
SYN-6fab3bdc85433987,646536002,4,17,68,2023-10-23
SYN-6fab3bdc85433987,646536003,6,17,102,2023-10-23
SYN-6fab3bdc85433987,656017001,6,15,90,2023-10-23
SYN-6fab3bdc85433987,685683001,4,25,100,2023-10-23
SYN-6fb12c840d1cfea9,661810001,5,59,295,2023-08-16
SYN-6fb25eb51d8094d8,637515010,5,34,170,2023-02-25
SYN-6fb5792a71d7d958,487827007,6,44,264,2023-09-12
SYN-6fb5792a71d7d958,539723004,3,27,81,2023-09-12
SYN-6fb5792a71d7d958,539723005,5,34,170,2023-09-12
SYN-6fc352ef8eccb3ea,399201005,6,59,354,2023-05-10
SYN-6fc352ef8eccb3ea,487827007,5,44,220,2023-05-10
SYN-6fc352ef8eccb3ea,589222001,4,24,96,2023-05-10
SYN-6fc352ef8eccb3ea,599502001,6,36,216,2023-05-10
SYN-6fc352ef8eccb3ea,599502009,3,32,96,2023-05-10
SYN-6fcf0a1e47fb1e26,364409038,3,10,30,2023-10-20
SYN-6fcf0a1e47fb1e26,399201020,5,85,425,2023-10-20
SYN-6fcf0a1e47fb1e26,551515002,4,17,68,2023-10-20
SYN-6fcf0a1e47fb1e26,619502001,5,14,70,2023-10-20
SYN-6fcf0a1e47fb1e26,619502002,4,14,56,2023-10-20
SYN-6fcf0a1e47fb1e26,631649001,5,17,85,2023-10-20
SYN-6ff0cb5d311cc6ef,516859001,5,14,70,2023-04-12
SYN-6ff0cb5d311cc6ef,625321003,2,25,50,2023-04-12
SYN-6ff0cb5d311cc6ef,651456001,2,17,34,2023-04-12
SYN-6ff0cb5d311cc6ef,662888001,3,34,102,2023-04-12
SYN-6ffb4e0ebe897ced,674844001,3,59,177,2023-03-17
SYN-7000304a6eb3d692,658514003,3,42,126,2023-02-26
SYN-70039458e26958bf,436083001,4,22,88,2023-09-22
SYN-70039458e26958bf,436083002,6,22,132,2023-09-22
SYN-70039458e26958bf,456163018,5,17,85,2023-09-22
SYN-70039458e26958bf,523490004,2,4,8,2023-09-22
SYN-70039458e26958bf,610776017,3,9,27,2023-09-22
SYN-70039458e26958bf,610776018,6,9,54,2023-09-22
SYN-70039458e26958bf,610776022,6,9,54,2023-09-22
SYN-70039458e26958bf,611732002,2,17,34,2023-09-22
SYN-70039458e26958bf,636389002,4,10,40,2023-09-22
SYN-70039458e26958bf,655917002,6,7,42,2023-09-22
SYN-70039458e26958bf,679263001,5,9,45,2023-09-22
SYN-70039458e26958bf,679655001,6,24,144,2023-09-22
SYN-70049a466743ae14,576773008,2,21,42,2023-11-24
SYN-70049a466743ae14,617919021,6,15,90,2023-11-24
SYN-70049a466743ae14,685687001,5,15,75,2023-11-24
SYN-70049a466743ae14,685687002,6,15,90,2023-11-24
SYN-70050495f524b92f,548388012,4,20,80,2023-12-16
SYN-70050495f524b92f,625316004,4,17,68,2023-12-16
SYN-70050495f524b92f,625316006,5,17,85,2023-12-16
SYN-70050495f524b92f,655434003,3,102,306,2023-12-16
SYN-70050495f524b92f,669713004,2,34,68,2023-12-16
SYN-700bad2c18bf7842,637661003,2,51,102,2023-05-09
SYN-70248ebfd4ca30c4,522918026,2,15,30,2023-03-20
SYN-70248ebfd4ca30c4,546128001,6,10,60,2023-03-20
SYN-70248ebfd4ca30c4,556545004,3,31,93,2023-03-20
SYN-70248ebfd4ca30c4,581275002,2,7,14,2023-03-20
SYN-70248ebfd4ca30c4,617919017,6,24,144,2023-03-20
SYN-70248ebfd4ca30c4,626000002,5,7,35,2023-03-20
SYN-702a096520a96557,678789001,5,34,170,2023-03-08
SYN-702b108f662239c6,653188001,3,7,21,2023-01-12
SYN-702b108f662239c6,653188006,4,12,48,2023-01-12
SYN-703190c01facf1a4,357751002,5,10,50,2023-06-03
SYN-7044ce966c57f0e7,664075001,4,14,56,2023-05-13
SYN-7044ce966c57f0e7,664075004,6,14,84,2023-05-13
SYN-7044ce966c57f0e7,664075005,6,14,84,2023-05-13
SYN-705eab8e871c141f,665477002,6,34,204,2023-03-23
SYN-7060e2879f7e5fc7,591702001,4,31,124,2023-11-21
SYN-7060e2879f7e5fc7,591702003,2,31,62,2023-11-21
SYN-7060e2879f7e5fc7,591702004,6,31,186,2023-11-21
SYN-7060e2879f7e5fc7,664776003,5,17,85,2023-11-21
SYN-70615808c49d7733,429313006,4,31,124,2023-03-11
SYN-70615808c49d7733,640129001,6,34,204,2023-03-11
SYN-70615808c49d7733,662948003,6,40,240,2023-03-11
SYN-70615808c49d7733,700840001,3,64,192,2023-03-11
SYN-7062693bfd0a1aae,372860001,3,12,36,2023-11-30
SYN-7062693bfd0a1aae,541270001,5,38,190,2023-11-30
SYN-7062693bfd0a1aae,570474003,6,15,90,2023-11-30
SYN-7062693bfd0a1aae,574112007,3,23,69,2023-11-30
SYN-7062693bfd0a1aae,618899007,2,23,46,2023-11-30
SYN-7062693bfd0a1aae,633136009,3,31,93,2023-11-30
SYN-7062693bfd0a1aae,674492004,4,23,92,2023-11-30
SYN-7062693bfd0a1aae,688558007,5,15,75,2023-11-30
SYN-7062693bfd0a1aae,694589004,3,23,69,2023-11-30
SYN-706373c7f551dfcb,189616007,4,17,68,2023-09-07
SYN-706373c7f551dfcb,501820004,5,17,85,2023-09-07
SYN-7066d2ca662af817,563519006,5,25,125,2023-12-16
SYN-7066d2ca662af817,624486010,5,14,70,2023-12-16
SYN-7066d2ca662af817,637661004,6,51,306,2023-12-16
SYN-7066d2ca662af817,651893001,4,17,68,2023-12-16
SYN-7066d2ca662af817,657283001,5,17,85,2023-12-16
SYN-7066d2ca662af817,657291001,3,10,30,2023-12-16
SYN-7066d2ca662af817,671515001,5,25,125,2023-12-16
SYN-7066d2ca662af817,697349008,6,34,204,2023-12-16
SYN-7068d9f8b470e50d,508184020,2,25,50,2023-01-14
SYN-7068d9f8b470e50d,670752001,4,153,612,2023-01-14
SYN-706dc133c9e6547e,464297022,5,17,85,2023-07-14
SYN-706dc133c9e6547e,669786001,4,14,56,2023-07-14
SYN-706dc133c9e6547e,669786002,6,14,84,2023-07-14
SYN-7070855696ad086c,108775015,5,9,45,2023-02-04
SYN-7070855696ad086c,514134001,6,68,408,2023-02-04
SYN-7070855696ad086c,523490005,2,5,10,2023-02-04
SYN-7070855696ad086c,529008038,2,25,50,2023-02-04
SYN-7070855696ad086c,559715009,6,22,132,2023-02-04
SYN-7070855696ad086c,622962001,2,51,102,2023-02-04
SYN-7070855696ad086c,639685006,3,42,126,2023-02-04
SYN-7070855696ad086c,652731008,5,59,295,2023-02-04
SYN-7070855696ad086c,662888002,2,34,68,2023-02-04
SYN-7070855696ad086c,678260005,4,10,40,2023-02-04
SYN-708558a2ea1cf8bc,662630002,4,25,100,2023-09-23
SYN-7086bbfb1227b2a4,635037003,2,25,50,2023-11-03
SYN-7086bbfb1227b2a4,644645002,6,31,186,2023-11-03
SYN-7099dd5c7b8931b7,675139006,2,17,34,2023-08-08
SYN-70ab10e7840c4420,399136061,2,49,98,2023-02-25
SYN-70ab10e7840c4420,504154001,5,20,100,2023-02-25
SYN-70ab10e7840c4420,634009004,3,25,75,2023-02-25
SYN-70ab10e7840c4420,642739003,3,33,99,2023-02-25
SYN-70ab10e7840c4420,685687004,4,16,64,2023-02-25
SYN-70accd2c81a6d7af,573937001,2,32,64,2023-05-19
SYN-70accd2c81a6d7af,653733001,2,17,34,2023-05-19
SYN-70af3529962b5c0f,179950001,2,25,50,2023-01-14
SYN-70b07a60d016480e,636351002,5,9,45,2023-03-17
SYN-70b4dc8be6e5d80c,551300001,2,51,102,2023-10-21
SYN-70bc902dc141c924,567636001,4,15,60,2023-02-13
SYN-70bc902dc141c924,674492004,2,25,50,2023-02-13
SYN-70d7b9ec2b63b5b2,111586001,3,13,39,2023-03-17
SYN-70d7b9ec2b63b5b2,179208001,6,13,78,2023-03-17
SYN-70d7b9ec2b63b5b2,179393001,6,14,84,2023-03-17
SYN-70d7b9ec2b63b5b2,228257001,5,8,40,2023-03-17
SYN-70d7b9ec2b63b5b2,316657008,4,53,212,2023-03-17
SYN-70d7b9ec2b63b5b2,537738001,5,15,75,2023-03-17
SYN-70d7b9ec2b63b5b2,626588005,4,68,272,2023-03-17
SYN-70d7b9ec2b63b5b2,671011001,6,24,144,2023-03-17
SYN-70d98e3fcd634eeb,575495003,5,24,120,2023-11-13
SYN-70d98e3fcd634eeb,589924009,2,25,50,2023-11-13
SYN-70d98e3fcd634eeb,601622001,4,25,100,2023-11-13
SYN-70d98e3fcd634eeb,640252004,3,25,75,2023-11-13
SYN-70d98e3fcd634eeb,660712003,4,42,168,2023-11-13
SYN-70d98e3fcd634eeb,685687001,3,17,51,2023-11-13
SYN-70d98e3fcd634eeb,685687004,3,17,51,2023-11-13
SYN-70ddc98305883e8c,510018004,4,33,132,2023-06-01
SYN-70ddc98305883e8c,554772003,4,8,32,2023-06-01
SYN-70ddc98305883e8c,562245018,3,20,60,2023-06-01
SYN-70ddc98305883e8c,573856023,3,25,75,2023-06-01
SYN-70ddc98305883e8c,598806011,2,17,34,2023-06-01
SYN-70ddc98305883e8c,611815001,4,66,264,2023-06-01
SYN-70ddc98305883e8c,613060002,6,25,150,2023-06-01
SYN-70ddc98305883e8c,637255009,4,25,100,2023-06-01
SYN-70ddc98305883e8c,664074007,4,17,68,2023-06-01
SYN-70ddc98305883e8c,665477002,2,33,66,2023-06-01
SYN-70ddc98305883e8c,690478001,2,33,66,2023-06-01
SYN-70def9a9412fba7b,613246002,3,25,75,2023-01-08
SYN-70def9a9412fba7b,621381011,5,34,170,2023-01-08
SYN-70def9a9412fba7b,657285001,3,25,75,2023-01-08
SYN-70def9a9412fba7b,683662008,4,14,56,2023-01-08
SYN-70def9a9412fba7b,684021005,6,12,72,2023-01-08
SYN-710aceb159647919,629420002,6,9,54,2023-10-25
SYN-7118b3e32a15de20,648616001,2,102,204,2023-07-26
SYN-711b4193e3f3b35f,673677003,5,17,85,2023-08-20
SYN-712336d8c144d665,524825019,6,42,252,2023-07-29
SYN-712336d8c144d665,626587003,2,68,136,2023-07-29
SYN-712336d8c144d665,666638003,3,25,75,2023-07-29
SYN-712336d8c144d665,675319001,4,51,204,2023-07-29
SYN-7126721ef4ddb767,677967008,4,25,100,2023-05-31
SYN-713d2bbb9ce04f81,704036002,5,34,170,2023-11-25
SYN-7151f79de52998b5,552370004,3,17,51,2023-09-19
SYN-7151f79de52998b5,554546015,2,34,68,2023-09-19
SYN-7151f79de52998b5,556560001,6,17,102,2023-09-19
SYN-7151f79de52998b5,626415002,2,22,44,2023-09-19
SYN-7151f79de52998b5,626446001,2,25,50,2023-09-19
SYN-7151f79de52998b5,687411004,2,22,44,2023-09-19
SYN-71521c746a788651,537612022,6,17,102,2023-12-27
SYN-71521c746a788651,559129003,3,42,126,2023-12-27
SYN-71521c746a788651,569526002,2,25,50,2023-12-27
SYN-71521c746a788651,636238001,4,42,168,2023-12-27
SYN-71521c746a788651,640733001,4,68,272,2023-12-27
SYN-71521c746a788651,651793004,2,17,34,2023-12-27
SYN-71521c746a788651,680119002,5,25,125,2023-12-27
SYN-71521c746a788651,701985001,6,22,132,2023-12-27
SYN-715293c48eb63952,554772003,5,9,45,2023-02-10
SYN-715293c48eb63952,610776001,2,9,18,2023-02-10
SYN-715293c48eb63952,671022001,2,25,50,2023-02-10
SYN-715293c48eb63952,671505002,5,34,170,2023-02-10
SYN-715293c48eb63952,671505004,5,34,170,2023-02-10
SYN-715293c48eb63952,685687002,4,17,68,2023-02-10
SYN-715293c48eb63952,685687004,6,17,102,2023-02-10
SYN-717c80d28deb72b6,557246005,5,30,150,2023-10-28
SYN-717c80d28deb72b6,694966002,6,30,180,2023-10-28
SYN-717dca5aa4853b0e,399136011,2,59,118,2023-09-30
SYN-717dca5aa4853b0e,534181007,2,168,336,2023-09-30
SYN-717dca5aa4853b0e,613497008,4,34,136,2023-09-30
SYN-717dca5aa4853b0e,648630004,3,14,42,2023-09-30
SYN-717dca5aa4853b0e,660712001,2,42,84,2023-09-30
SYN-717dca5aa4853b0e,661435002,5,85,425,2023-09-30
SYN-717dca5aa4853b0e,681196001,4,17,68,2023-09-30
SYN-717dca5aa4853b0e,681196002,4,17,68,2023-09-30
SYN-717dca5aa4853b0e,683987001,2,34,68,2023-09-30
SYN-717dca5aa4853b0e,690992001,2,17,34,2023-09-30
SYN-717dca5aa4853b0e,690992002,4,17,68,2023-09-30
SYN-71841ec1b71bf809,591334020,5,17,85,2023-04-01
SYN-71876655877371a4,557247018,3,17,51,2023-07-18
SYN-71943ef2f511a229,685683001,4,25,100,2023-12-31
SYN-71b50a7c9bda63f5,612170001,2,22,44,2023-09-18
SYN-71b50a7c9bda63f5,633148001,6,25,150,2023-09-18
SYN-71b7c1fdbba5e4d2,662857005,3,42,126,2023-03-23
SYN-71bd990d8405bd6b,599742006,6,42,252,2023-10-21
SYN-71d9df2dccae7645,671852003,2,27,54,2023-09-14
SYN-71e5d590c3acf5d5,501323011,2,53,106,2023-01-30
SYN-71e5d590c3acf5d5,598859003,4,46,184,2023-01-30
SYN-71e5d590c3acf5d5,688873011,3,31,93,2023-01-30
SYN-71e5d590c3acf5d5,688873012,2,31,62,2023-01-30
SYN-71e5d590c3acf5d5,688873020,4,31,124,2023-01-30
SYN-71e61d0b5f437413,543141002,4,17,68,2023-11-27
SYN-71e61d0b5f437413,666223001,5,17,85,2023-11-27
SYN-71e83b6776371357,609837004,3,25,75,2023-09-14
SYN-71e83b6776371357,671505002,4,25,100,2023-09-14
SYN-72067f0a9fd30bab,660712001,3,38,114,2023-08-27
SYN-72067f0a9fd30bab,671505001,3,31,93,2023-08-27
SYN-720683a27a22133c,659832006,6,17,102,2023-05-22
SYN-720683a27a22133c,674681008,3,9,27,2023-05-22
SYN-720683a27a22133c,683662005,5,14,70,2023-05-22
SYN-72096ea3af1b545a,659567001,4,31,124,2023-03-29
SYN-72096ea3af1b545a,671502001,4,46,184,2023-03-29
SYN-7221967952559eb3,364409038,5,10,50,2023-04-15
SYN-7221967952559eb3,553139001,5,34,170,2023-04-15
SYN-7221967952559eb3,662230001,6,51,306,2023-04-15
SYN-7221967952559eb3,671421002,3,51,153,2023-04-15
SYN-7221967952559eb3,674521002,6,7,42,2023-04-15
SYN-7221967952559eb3,697927001,5,59,295,2023-04-15
SYN-72284b62ca1d22a0,182909001,3,11,33,2023-09-14
SYN-72284b62ca1d22a0,194037001,6,11,66,2023-09-14
SYN-72284b62ca1d22a0,511783003,2,10,20,2023-09-14
SYN-72284b62ca1d22a0,594987005,3,10,30,2023-09-14
SYN-72284b62ca1d22a0,596122002,6,12,72,2023-09-14
SYN-72284b62ca1d22a0,617348002,5,42,210,2023-09-14
SYN-72284b62ca1d22a0,617620001,3,29,87,2023-09-14
SYN-72284b62ca1d22a0,639478002,2,14,28,2023-09-14
SYN-72284b62ca1d22a0,673911002,3,64,192,2023-09-14
SYN-72284b62ca1d22a0,676954001,6,51,306,2023-09-14
SYN-7236dd38333b0556,651273001,6,22,132,2023-07-23
SYN-723756b06eb724c0,696628002,5,102,510,2023-03-02
SYN-7239ceb57c93f3c2,626816003,5,25,125,2023-02-20
SYN-7240f52c99d072f4,680186002,3,34,102,2023-08-27
SYN-7243c6b768d0df77,641427002,5,13,65,2023-01-06
SYN-724416726b70bf79,660369005,6,31,186,2023-10-30
SYN-724416726b70bf79,690478001,4,31,124,2023-10-30
SYN-7252190fe37667fd,659562001,2,59,118,2023-05-20
SYN-7252190fe37667fd,673349002,4,59,236,2023-05-20
SYN-725477d3536f95e0,685379001,6,253,1518,2023-04-28
SYN-725477d3536f95e0,685381001,6,219,1314,2023-04-28
SYN-725477d3536f95e0,685383001,6,136,816,2023-04-28
SYN-725e75b3a360753f,501820004,3,17,51,2023-01-06
SYN-726053d069785e41,511121006,3,42,126,2023-12-07
SYN-726053d069785e41,639104001,3,42,126,2023-12-07
SYN-726299e7d2702f58,646490007,5,59,295,2023-11-18
SYN-726299e7d2702f58,649397002,3,42,126,2023-11-18
SYN-7265a78c2fa350bc,524825010,4,42,168,2023-09-22
SYN-726a3fa2bd1d715f,355569001,5,8,40,2023-02-08
SYN-726a3fa2bd1d715f,355569004,3,8,24,2023-02-08
SYN-726a3fa2bd1d715f,579302001,2,32,64,2023-02-08
SYN-726a3fa2bd1d715f,605092009,4,16,64,2023-02-08
SYN-726a3fa2bd1d715f,612358004,2,32,64,2023-02-08
SYN-726a3fa2bd1d715f,649437002,3,32,96,2023-02-08
SYN-726dc8fca63d72b4,635789001,2,17,34,2023-03-17
SYN-7270c60ea9fe7ade,579541001,2,17,34,2023-05-01
SYN-7270c60ea9fe7ade,579541026,4,17,68,2023-05-01
SYN-7270c60ea9fe7ade,579541041,2,17,34,2023-05-01
SYN-7270c60ea9fe7ade,673638003,2,17,34,2023-05-01
SYN-7274cc9cc9a4aa1d,645980001,4,34,136,2023-08-22
SYN-7279d30d52f5dd03,456163002,5,20,100,2023-09-21
SYN-7279d30d52f5dd03,501820042,6,17,102,2023-09-21
SYN-7279d30d52f5dd03,521269001,4,34,136,2023-09-21
SYN-728e1df2e1c6fbb1,521302006,3,25,75,2023-01-11
SYN-7299b4270536b151,361531003,6,1,6,2023-07-10
SYN-729e0f22fef8af95,650696002,4,42,168,2023-03-07
SYN-72a400f9fb30bf6a,655248001,2,22,44,2023-07-23
SYN-72ac40909b20f26f,243613004,3,22,66,2023-10-27
SYN-72ac40909b20f26f,381038003,4,12,48,2023-10-27
SYN-72ac40909b20f26f,592172007,5,7,35,2023-10-27
SYN-72ac40909b20f26f,631837003,2,14,28,2023-10-27
SYN-72ac40909b20f26f,638136001,4,12,48,2023-10-27
SYN-72c7260cbcc2a8bd,542677002,3,51,153,2023-11-01
SYN-72cfabe581a34acd,532578017,6,10,60,2023-05-29
SYN-72cfabe581a34acd,583976003,6,25,150,2023-05-29
SYN-72cfabe581a34acd,637141001,2,20,40,2023-05-29
SYN-72cfabe581a34acd,637141005,2,20,40,2023-05-29
SYN-72cfabe581a34acd,667832001,4,17,68,2023-05-29
SYN-72cfabe581a34acd,685687004,4,17,68,2023-05-29
SYN-72e27c8d3764cb9f,316553025,2,9,18,2023-03-12
SYN-72e27c8d3764cb9f,455832001,4,39,156,2023-03-12
SYN-72e27c8d3764cb9f,529012025,6,9,54,2023-03-12
SYN-72e27c8d3764cb9f,656071001,2,13,26,2023-03-12
SYN-72e8bcf53a50356a,249136020,6,29,174,2023-03-12
SYN-72e8bcf53a50356a,249136022,4,35,140,2023-03-12
SYN-72e8bcf53a50356a,300024013,4,29,116,2023-03-12
SYN-72e8bcf53a50356a,300024017,2,20,40,2023-03-12
SYN-72e8bcf53a50356a,301213007,5,9,45,2023-03-12
SYN-72e8bcf53a50356a,301213013,5,25,125,2023-03-12
SYN-72e8bcf53a50356a,301213014,3,25,75,2023-03-12
SYN-72e8bcf53a50356a,433444001,5,25,125,2023-03-12
SYN-72e8bcf53a50356a,433444013,3,25,75,2023-03-12
SYN-72e8bcf53a50356a,469562036,6,35,210,2023-03-12
SYN-72e8bcf53a50356a,510465001,6,25,150,2023-03-12
SYN-72e8bcf53a50356a,510465002,5,25,125,2023-03-12
SYN-72e8bcf53a50356a,567535005,6,22,132,2023-03-12
SYN-72e8bcf53a50356a,605571010,5,27,135,2023-03-12
SYN-72e8bcf53a50356a,682267002,4,51,204,2023-03-12
SYN-72e8bcf53a50356a,682267003,3,51,153,2023-03-12
SYN-72f92b8b10bd924b,660369004,5,34,170,2023-03-15
SYN-7314c0d05c7294d5,579541035,6,17,102,2023-07-25
SYN-7314c0d05c7294d5,677506001,2,14,28,2023-07-25
SYN-732036a090f1a5fd,628930004,5,17,85,2023-06-14
SYN-732e0c16df1c050c,607310002,4,68,272,2023-09-18
SYN-7333bc75dc072b14,355072001,6,9,54,2023-08-10
SYN-7333bc75dc072b14,355072002,2,9,18,2023-08-10
SYN-7333bc75dc072b14,398089002,3,17,51,2023-08-10
SYN-7333bc75dc072b14,517729037,6,12,72,2023-08-10
SYN-7333bc75dc072b14,599742003,3,29,87,2023-08-10
SYN-7333bc75dc072b14,599742004,2,42,84,2023-08-10
SYN-7333bc75dc072b14,603582007,4,17,68,2023-08-10
SYN-7333bc75dc072b14,606714001,2,51,102,2023-08-10
SYN-7333bc75dc072b14,659550001,2,47,94,2023-08-10
SYN-733ae25b9ddb528a,572797001,4,10,40,2023-05-04
SYN-733ae25b9ddb528a,653210010,5,17,85,2023-05-04
SYN-734d1d09ac84123b,564786001,2,22,44,2023-07-03
SYN-734d1d09ac84123b,564786020,5,22,110,2023-07-03
SYN-734d1d09ac84123b,630116008,4,34,136,2023-07-03
SYN-734d1d09ac84123b,633136004,2,34,68,2023-07-03
SYN-734d1d09ac84123b,633136005,2,34,68,2023-07-03
SYN-734d1d09ac84123b,634009004,5,25,125,2023-07-03
SYN-734d1d09ac84123b,678983004,4,17,68,2023-07-03
SYN-734d1d09ac84123b,680912006,4,17,68,2023-07-03
SYN-734d1d09ac84123b,683662005,5,14,70,2023-07-03
SYN-734d1d09ac84123b,683662008,2,14,28,2023-07-03
SYN-734d1d09ac84123b,698272001,2,51,102,2023-07-03
SYN-736f4c8650e3af91,504154027,6,32,192,2023-02-15
SYN-737088b6fdaa9c6b,648562002,3,25,75,2023-07-04
SYN-73723cb1d25acda7,504152001,2,25,50,2023-06-29
SYN-73723cb1d25acda7,636455009,3,38,114,2023-06-29
SYN-737a2a01097af26f,471074002,4,16,64,2023-03-05
SYN-737a2a01097af26f,541518023,6,28,168,2023-03-05
SYN-737a2a01097af26f,661493002,5,9,45,2023-03-05
SYN-737a2a01097af26f,672320001,5,20,100,2023-03-05
SYN-737dfb9b4f671d7a,649437001,4,34,136,2023-03-26
SYN-737dfb9b4f671d7a,649437002,4,34,136,2023-03-26
SYN-737dfb9b4f671d7a,662868003,3,34,102,2023-03-26
SYN-7397a8e8302e0985,568597009,4,27,108,2023-04-24
SYN-73a517898571bd56,639192006,2,68,136,2023-08-19
SYN-73a517898571bd56,690478001,2,34,68,2023-08-19
SYN-73aac6a9bfac61dd,568601006,3,51,153,2023-01-28
SYN-73b4a4f92b53e91e,653277002,2,51,102,2023-05-17
SYN-73b4a4f92b53e91e,674014002,3,31,93,2023-05-17
SYN-73b4a4f92b53e91e,684588001,4,25,100,2023-05-17
SYN-73b4a4f92b53e91e,684588007,2,25,50,2023-05-17
SYN-73bb2788c19ab4e6,524825010,3,42,126,2023-12-24
SYN-73bb2788c19ab4e6,554704006,3,51,153,2023-12-24
SYN-73bb2788c19ab4e6,636455012,5,51,255,2023-12-24
SYN-73bb2788c19ab4e6,639192009,6,68,408,2023-12-24
SYN-73bb2788c19ab4e6,639976002,4,85,340,2023-12-24
SYN-73bb2788c19ab4e6,662868002,3,34,102,2023-12-24
SYN-73bebf998c601e03,448509017,6,42,252,2023-11-03
SYN-73c7157b1a93c386,542402001,6,11,66,2023-06-17
SYN-73d19003e820d758,399223029,5,32,160,2023-09-29
SYN-73e15f370c45b4c0,583534002,4,17,68,2023-06-06
SYN-73e15f370c45b4c0,597253001,5,22,110,2023-06-06
SYN-73e15f370c45b4c0,625939014,6,9,54,2023-06-06
SYN-73e15f370c45b4c0,679986005,5,22,110,2023-06-06
SYN-73e55ee20d9d0f9b,464927013,6,17,102,2023-01-23
SYN-73eb1b5a85034891,562761001,5,14,70,2023-11-03
SYN-73eb1b5a85034891,688873002,6,34,204,2023-11-03
SYN-73eb1b5a85034891,688873007,2,34,68,2023-11-03
SYN-73f1b719fba389ec,463970023,6,22,132,2023-07-24
SYN-73fdd8b5ee764a0f,549265001,4,27,108,2023-11-18
SYN-73fdd8b5ee764a0f,575542002,4,17,68,2023-11-18
SYN-73fdd8b5ee764a0f,618899006,6,14,84,2023-11-18
SYN-740d0ebee78be0b4,398074065,2,9,18,2023-03-21
SYN-740d0ebee78be0b4,442915008,2,17,34,2023-03-21
SYN-740d0ebee78be0b4,510074005,3,20,60,2023-03-21
SYN-740d0ebee78be0b4,590083004,6,10,60,2023-03-21
SYN-740d0ebee78be0b4,590083014,4,9,36,2023-03-21
SYN-7419b15815c49123,574109012,3,25,75,2023-11-16
SYN-7419b15815c49123,580469005,5,85,425,2023-11-16
SYN-7419b15815c49123,599729001,6,85,510,2023-11-16
SYN-7419b15815c49123,637268006,2,51,102,2023-11-16
SYN-7419b15815c49123,649397003,5,42,210,2023-11-16
SYN-7419b15815c49123,657395002,3,34,102,2023-11-16
SYN-7419b15815c49123,661162002,5,34,170,2023-11-16
SYN-7419b15815c49123,675281002,2,25,50,2023-11-16
SYN-742fe14589432f6d,652361002,6,23,138,2023-12-23
SYN-74398d71c9cccc94,501820008,3,17,51,2023-10-18
SYN-74398d71c9cccc94,606022001,5,12,60,2023-10-18
SYN-74398d71c9cccc94,633130015,6,17,102,2023-10-18
SYN-7444f96ca6bf0ee5,458032003,3,51,153,2023-02-16
SYN-7444f96ca6bf0ee5,622962001,6,51,306,2023-02-16
SYN-7446c3eb737bbc8f,552473030,6,25,150,2023-12-11
SYN-7446c3eb737bbc8f,688873020,2,34,68,2023-12-11
SYN-744718353c34e1d9,386678001,3,25,75,2023-07-19
SYN-744718353c34e1d9,386678003,6,25,150,2023-07-19
SYN-744718353c34e1d9,567594001,4,12,48,2023-07-19
SYN-744718353c34e1d9,567594007,3,20,60,2023-07-19
SYN-744718353c34e1d9,567837001,4,29,116,2023-07-19
SYN-744718353c34e1d9,605970004,4,34,136,2023-07-19
SYN-744718353c34e1d9,637255010,5,25,125,2023-07-19
SYN-744718353c34e1d9,640863003,4,51,204,2023-07-19
SYN-744718353c34e1d9,649437002,4,34,136,2023-07-19
SYN-745694250b0d9942,657476008,2,17,34,2023-06-10
SYN-745694250b0d9942,668767004,3,17,51,2023-06-10
SYN-74606cec91f51eb9,628924001,4,9,36,2023-11-14
SYN-74606cec91f51eb9,657497001,6,23,138,2023-11-14
SYN-747143b06b539229,682068001,4,34,136,2023-10-28
SYN-7478c3f13212d827,189654001,6,9,54,2023-06-23
SYN-7478c3f13212d827,384851013,5,5,25,2023-06-23
SYN-7478c3f13212d827,510075010,4,12,48,2023-06-23
SYN-7478c3f13212d827,581086001,3,10,30,2023-06-23
SYN-7487bb6465156a89,705094001,4,32,128,2023-01-22
SYN-74a062f9c49848f7,575141002,4,12,48,2023-09-18
SYN-74a062f9c49848f7,599502001,2,36,72,2023-09-18
SYN-74a062f9c49848f7,599502009,6,32,192,2023-09-18
SYN-74a062f9c49848f7,607732001,3,32,96,2023-09-18
SYN-74c344eb383cda16,532578017,4,10,40,2023-04-15
SYN-74c344eb383cda16,673638002,6,17,102,2023-04-15
SYN-74d19f52436e6fa6,625311008,5,31,155,2023-06-12
SYN-74d1a6557c8b09c2,652696001,6,17,102,2023-11-08
SYN-74d79121bff4d706,610776001,5,9,45,2023-05-31
SYN-74d79121bff4d706,624120004,5,14,70,2023-05-31
SYN-74d79121bff4d706,624121005,5,14,70,2023-05-31
SYN-74d79121bff4d706,624632003,3,17,51,2023-05-31
SYN-74d79121bff4d706,625939003,2,9,18,2023-05-31
SYN-74da1781107d44ce,522561002,5,85,425,2023-12-15
SYN-74da1781107d44ce,608939002,2,41,82,2023-12-15
SYN-74dff2ca476eb0d5,630116011,3,29,87,2023-06-12
SYN-74dff2ca476eb0d5,684080003,6,76,456,2023-06-12
SYN-74e4331e34c87f72,573626001,6,20,120,2023-03-31
SYN-74e4331e34c87f72,578478001,5,40,200,2023-03-31
SYN-74e4331e34c87f72,703795001,5,34,170,2023-03-31
SYN-74ea94ac9b35456d,537116001,2,15,30,2023-03-05
SYN-74eb40d4330dd3b1,611415001,2,17,34,2023-11-02
SYN-74eb40d4330dd3b1,611415005,2,17,34,2023-11-02
SYN-74eb40d4330dd3b1,628785001,2,31,62,2023-11-02
SYN-74eb40d4330dd3b1,637549001,3,34,102,2023-11-02
SYN-74eb40d4330dd3b1,637549005,2,34,68,2023-11-02
SYN-74eb40d4330dd3b1,654423001,2,25,50,2023-11-02
SYN-74eb40d4330dd3b1,677967009,3,25,75,2023-11-02
SYN-74eb40d4330dd3b1,678079002,4,10,40,2023-11-02
SYN-74f1830715f2c14b,495030010,3,12,36,2023-07-06
SYN-74f42d7a2abb6714,577314002,3,12,36,2023-02-02
SYN-74fb3adf462ee2eb,660712012,4,42,168,2023-11-25
SYN-7514d7ca4062e1f4,615325001,6,10,60,2023-03-08
SYN-7514d7ca4062e1f4,651456005,4,17,68,2023-03-08
SYN-751c51fee255045d,576773017,5,34,170,2023-05-04
SYN-751cefe4d71886e0,608769005,3,68,204,2023-12-11
SYN-7520bc0565fce03a,372576011,3,50,150,2023-09-03
SYN-7520bc0565fce03a,393447015,2,67,134,2023-09-03
SYN-7520bc0565fce03a,552471001,5,17,85,2023-09-03
SYN-7520bc0565fce03a,564358010,5,33,165,2023-09-03
SYN-7520bc0565fce03a,575141001,5,22,110,2023-09-03
SYN-7520bc0565fce03a,575347003,4,13,52,2023-09-03
SYN-7520bc0565fce03a,602409006,3,33,99,2023-09-03
SYN-7520bc0565fce03a,633130007,6,17,102,2023-09-03
SYN-7520bc0565fce03a,633130013,5,17,85,2023-09-03
SYN-7520bc0565fce03a,633130015,2,17,34,2023-09-03
SYN-7520bc0565fce03a,634037002,3,42,126,2023-09-03
SYN-7524920a399a4f34,288859004,2,25,50,2023-10-02
SYN-7524920a399a4f34,288859009,5,25,125,2023-10-02
SYN-7525415c72496012,633130002,3,17,51,2023-12-24
SYN-7525415c72496012,633135001,3,34,102,2023-12-24
SYN-7525415c72496012,633136003,5,34,170,2023-12-24
SYN-7525415c72496012,657497007,3,25,75,2023-12-24
SYN-753490b1801b91e0,244267032,2,31,62,2023-09-20
SYN-753490b1801b91e0,501820007,6,16,96,2023-09-20
SYN-753490b1801b91e0,523490001,3,5,15,2023-09-20
SYN-753490b1801b91e0,567993027,6,24,144,2023-09-20
SYN-753490b1801b91e0,634411001,4,24,96,2023-09-20
SYN-7541f932e2b19694,637661001,3,51,153,2023-03-06
SYN-7541f932e2b19694,673677002,3,17,51,2023-03-06
SYN-75490912341155df,179208001,3,17,51,2023-09-10
SYN-75490912341155df,512251004,3,25,75,2023-09-10
SYN-75490912341155df,564358021,2,34,68,2023-09-10
SYN-75490912341155df,564358023,4,34,136,2023-09-10
SYN-75490912341155df,581086004,5,17,85,2023-09-10
SYN-75490912341155df,673677003,3,17,51,2023-09-10
SYN-7549db3c0a822509,507910004,3,25,75,2023-04-29
SYN-7549db3c0a822509,522918034,6,15,90,2023-04-29
SYN-7549db3c0a822509,637255010,2,25,50,2023-04-29
SYN-754ad828587c449a,538142004,4,23,92,2023-07-14
SYN-754ad828587c449a,539723005,3,31,93,2023-07-14
SYN-754ad828587c449a,554450001,5,31,155,2023-07-14
SYN-754e9a565ee94d71,638981001,3,34,102,2023-07-14
SYN-754e9a565ee94d71,658850002,2,25,50,2023-07-14
SYN-755831055e15aabe,617728002,6,22,132,2023-05-04
SYN-755831055e15aabe,620405001,6,34,204,2023-05-04
SYN-755831055e15aabe,653590001,6,102,612,2023-05-04
SYN-7563b321f112863d,504155015,6,34,204,2023-04-30
SYN-7563b321f112863d,573716033,6,25,150,2023-04-30
SYN-7563b321f112863d,636455009,4,51,204,2023-04-30
SYN-7563b321f112863d,639192009,4,68,272,2023-04-30
SYN-7563b321f112863d,647355003,4,51,204,2023-04-30
SYN-756b05689645f3c7,625939035,4,7,28,2023-04-29
SYN-756b05689645f3c7,633130007,6,14,84,2023-04-29
SYN-756b05689645f3c7,633130019,4,14,56,2023-04-29
SYN-756b05689645f3c7,683662008,4,12,48,2023-04-29
SYN-7578e60c994b13b9,685687001,5,17,85,2023-08-26
SYN-7578e60c994b13b9,685687002,3,17,51,2023-08-26
SYN-7578e60c994b13b9,685687004,4,17,68,2023-08-26
SYN-7589877c75a32be9,399061012,2,59,118,2023-07-26
SYN-7589877c75a32be9,650696002,3,42,126,2023-07-26
SYN-7589877c75a32be9,671505001,3,34,102,2023-07-26
SYN-7589877c75a32be9,671505002,3,34,102,2023-07-26
SYN-758bc81fba0f765e,542464001,3,25,75,2023-02-17
SYN-758bc81fba0f765e,571706001,5,22,110,2023-02-17
SYN-758bc81fba0f765e,578487002,5,68,340,2023-02-17
SYN-758bc81fba0f765e,600886001,6,25,150,2023-02-17
SYN-758bc81fba0f765e,600886002,2,15,30,2023-02-17
SYN-758bc81fba0f765e,654700001,5,25,125,2023-02-17
SYN-758f6617d4386fe1,665329003,5,34,170,2023-04-24
SYN-758f6617d4386fe1,712425003,5,34,170,2023-04-24
SYN-7595e363c5457d09,524825013,6,42,252,2023-05-20
SYN-7595e363c5457d09,636455009,4,51,204,2023-05-20
SYN-7595e363c5457d09,660519001,4,31,124,2023-05-20
SYN-7595e363c5457d09,667491011,2,25,50,2023-05-20
SYN-7595e363c5457d09,669893001,5,34,170,2023-05-20
SYN-7595e363c5457d09,685687002,5,17,85,2023-05-20
SYN-75a0a18f62d2a482,351484002,6,12,72,2023-02-03
SYN-75a0a18f62d2a482,642862001,4,31,124,2023-02-03
SYN-75b06323de601b6c,671641001,6,85,510,2023-09-19
SYN-75c6a08088a23fb3,430596001,6,22,132,2023-07-25
SYN-75c6a08088a23fb3,452818001,5,14,70,2023-07-25
SYN-75c6a08088a23fb3,672090001,4,34,136,2023-07-25
SYN-75c78c86d1b5c966,399256001,6,17,102,2023-08-20
SYN-75c78c86d1b5c966,506321009,3,20,60,2023-08-20
SYN-75c78c86d1b5c966,569447001,3,22,66,2023-08-20
SYN-75c78c86d1b5c966,622240002,3,7,21,2023-08-20
SYN-75c78c86d1b5c966,630450002,5,31,155,2023-08-20
SYN-75c78c86d1b5c966,636926001,5,10,50,2023-08-20
SYN-75c78c86d1b5c966,651905007,4,9,36,2023-08-20
SYN-75c78c86d1b5c966,671057006,3,9,27,2023-08-20
SYN-75cd53254b272ee2,542695005,5,17,85,2023-09-27
SYN-75cd53254b272ee2,622678005,2,12,24,2023-09-27
SYN-75cd53254b272ee2,679655001,4,20,80,2023-09-27
SYN-75e334671c23d169,544052001,6,11,66,2023-07-23
SYN-75e334671c23d169,590582001,6,16,96,2023-07-23
SYN-75e334671c23d169,642796001,3,19,57,2023-07-23
SYN-75f3ae516c85fa89,585682002,6,10,60,2023-06-11
SYN-75f3ae516c85fa89,651490002,2,25,50,2023-06-11
SYN-75f3ae516c85fa89,667999003,6,17,102,2023-06-11
SYN-75f3ae516c85fa89,675875004,2,14,28,2023-06-11
SYN-75fb65740186569c,486462007,5,8,40,2023-03-08
SYN-75fb65740186569c,493995001,5,57,285,2023-03-08
SYN-75fb65740186569c,660712011,3,41,123,2023-03-08
SYN-75fb65740186569c,662866001,6,41,246,2023-03-08
SYN-75fb65740186569c,702885001,3,41,123,2023-03-08
SYN-7623a45be40ee2b2,657287001,3,17,51,2023-09-12
SYN-7623a45be40ee2b2,678079002,5,10,50,2023-09-12
SYN-76425549c565b982,428291001,6,10,60,2023-01-21
SYN-76425549c565b982,673677002,6,17,102,2023-01-21
SYN-76425549c565b982,679059001,3,14,42,2023-01-21
SYN-76425549c565b982,685683001,4,24,96,2023-01-21
SYN-76536e415062145f,562245018,3,34,102,2023-07-21
SYN-76536e415062145f,562245042,2,34,68,2023-07-21
SYN-76677cca38b27aae,680186001,4,42,168,2023-10-15
SYN-766b46689fd0121e,518526001,2,17,34,2023-03-01
SYN-766b46689fd0121e,558771001,3,10,30,2023-03-01
SYN-766b46689fd0121e,564934012,5,5,25,2023-03-01
SYN-766b46689fd0121e,564934013,4,7,28,2023-03-01
SYN-766b46689fd0121e,565017006,6,7,42,2023-03-01
SYN-766b46689fd0121e,597035001,6,12,72,2023-03-01
SYN-766b46689fd0121e,622231011,5,3,15,2023-03-01
SYN-766b46689fd0121e,632455001,5,3,15,2023-03-01
SYN-766b46689fd0121e,667999004,2,17,34,2023-03-01
SYN-76729d24f34f1b7b,228257001,5,10,50,2023-01-02
SYN-76729d24f34f1b7b,463970044,2,22,44,2023-01-02
SYN-76729d24f34f1b7b,683001003,5,17,85,2023-01-02
SYN-767c917cd197c312,573716039,6,25,150,2023-02-25
SYN-768acc13a8d807a9,639338001,6,422,2532,2023-01-06
SYN-768e8c85722760de,176550020,6,17,102,2023-07-28
SYN-768e8c85722760de,487050001,3,10,30,2023-07-28
SYN-768e8c85722760de,487052007,2,7,14,2023-07-28
SYN-768e8c85722760de,487053021,6,9,54,2023-07-28
SYN-768e8c85722760de,554546003,4,17,68,2023-07-28
SYN-768e8c85722760de,558513001,5,17,85,2023-07-28
SYN-768e8c85722760de,567745004,5,14,70,2023-07-28
SYN-768e8c85722760de,578589001,5,7,35,2023-07-28
SYN-7695a24f053b2244,655855001,2,34,68,2023-01-29
SYN-76c032de21134165,541518023,3,31,93,2023-11-28
SYN-76c032de21134165,663713001,5,51,255,2023-11-28
SYN-76c04915e3ddd717,650193001,2,51,102,2023-04-29
SYN-76c04915e3ddd717,685687002,4,17,68,2023-04-29
SYN-76cafccb27e1f62a,562245050,2,22,44,2023-04-06
SYN-76d4cf8d41a941c8,554450001,5,34,170,2023-01-11
SYN-76d4cf8d41a941c8,554450004,2,34,68,2023-01-11
SYN-76d4cf8d41a941c8,589924010,6,25,150,2023-01-11
SYN-76d4cf8d41a941c8,610776018,6,9,54,2023-01-11
SYN-76d4cf8d41a941c8,615021015,5,17,85,2023-01-11
SYN-76d4cf8d41a941c8,625939025,4,9,36,2023-01-11
SYN-76d4cf8d41a941c8,651273001,6,22,132,2023-01-11
SYN-76d4cf8d41a941c8,683662002,6,14,84,2023-01-11
SYN-76d4cf8d41a941c8,683662005,5,14,70,2023-01-11
SYN-76d806584f11220d,578478001,5,42,210,2023-02-09
SYN-76e8209d7e3101c6,253448003,2,25,50,2023-01-25
SYN-76e8209d7e3101c6,399201005,2,58,116,2023-01-25
SYN-76e8209d7e3101c6,571177005,3,30,90,2023-01-25
SYN-76e8209d7e3101c6,573085005,4,22,88,2023-01-25
SYN-76e8209d7e3101c6,573085010,5,33,165,2023-01-25
SYN-76e8209d7e3101c6,628816002,4,25,100,2023-01-25
SYN-76e8209d7e3101c6,640476002,5,30,150,2023-01-25
SYN-76e8209d7e3101c6,650279001,2,30,60,2023-01-25
SYN-76e8209d7e3101c6,650279002,6,30,180,2023-01-25
SYN-76e8209d7e3101c6,658841002,3,13,39,2023-01-25
SYN-76e8209d7e3101c6,677967009,5,25,125,2023-01-25
SYN-76e8209d7e3101c6,678079002,4,10,40,2023-01-25
SYN-76eb86efe5054782,507910020,5,25,125,2023-05-20
SYN-76eca31163e9f40e,573716002,2,25,50,2023-02-28
SYN-76eca31163e9f40e,573716012,3,25,75,2023-02-28
SYN-76efa5faa0797c5e,660712003,6,42,252,2023-07-31
SYN-76f901b9382a9dce,534357005,4,17,68,2023-07-22
SYN-76f901b9382a9dce,573716040,6,25,150,2023-07-22
SYN-77000aa1919cedc3,619234004,2,51,102,2023-06-19
SYN-77000aa1919cedc3,664190002,4,85,340,2023-06-19
SYN-77000aa1919cedc3,667491011,4,25,100,2023-06-19
SYN-77142abcde55b5c1,573085020,6,34,204,2023-10-22
SYN-7734caec08301459,399087015,3,34,102,2023-08-09
SYN-7734caec08301459,556255003,6,20,120,2023-08-09
SYN-7734caec08301459,712838007,4,9,36,2023-08-09
SYN-77368737f6185139,507909001,4,25,100,2023-05-10
SYN-77368737f6185139,671505002,6,34,204,2023-05-10
SYN-77446a91a2846238,648964001,6,59,354,2023-05-08
SYN-774bbaa68dcfae81,256151014,2,50,100,2023-08-09
SYN-774bbaa68dcfae81,591345005,5,51,255,2023-08-09
SYN-774bbaa68dcfae81,606712001,3,42,126,2023-08-09
SYN-774bbaa68dcfae81,635238001,5,34,170,2023-08-09
SYN-774bbaa68dcfae81,667491011,3,25,75,2023-08-09
SYN-774c13b4be6e4502,163734002,6,11,66,2023-09-19
SYN-774c13b4be6e4502,545396009,4,11,44,2023-09-19
SYN-774c13b4be6e4502,611522006,6,14,84,2023-09-19
SYN-77611fb2ddd2e52b,562245034,5,20,100,2023-06-16
SYN-77611fb2ddd2e52b,595779010,6,25,150,2023-06-16
SYN-77611fb2ddd2e52b,621381011,2,34,68,2023-06-16
SYN-77896ceac7904a8c,660519003,6,29,174,2023-11-11
SYN-77896ceac7904a8c,664075005,5,14,70,2023-11-11
SYN-7791e5e1184e8e8a,685681001,2,51,102,2023-01-22
SYN-779b49ef4b0dca55,400246011,4,68,272,2023-07-09
SYN-779b49ef4b0dca55,506110001,3,25,75,2023-07-09
SYN-779b49ef4b0dca55,561445005,6,9,54,2023-07-09
SYN-779b49ef4b0dca55,562245004,5,24,120,2023-07-09
SYN-779b49ef4b0dca55,562245005,4,34,136,2023-07-09
SYN-779b49ef4b0dca55,562245006,4,34,136,2023-07-09
SYN-779b49ef4b0dca55,562245042,6,34,204,2023-07-09
SYN-779b49ef4b0dca55,562245057,2,34,68,2023-07-09
SYN-779b49ef4b0dca55,610776002,5,9,45,2023-07-09
SYN-779b49ef4b0dca55,625939002,3,9,27,2023-07-09
SYN-779b49ef4b0dca55,685687001,6,17,102,2023-07-09
SYN-77a2b731fba5246f,487722007,3,42,126,2023-10-12
SYN-77a2b731fba5246f,547747001,3,14,42,2023-10-12
SYN-77a2b731fba5246f,561817005,6,20,120,2023-10-12
SYN-77a2b731fba5246f,626393002,3,49,147,2023-10-12
SYN-77a2b731fba5246f,662868003,6,34,204,2023-10-12
SYN-77ca57a0eb2802d6,677930003,5,17,85,2023-03-28
SYN-77ca57a0eb2802d6,680499003,6,51,306,2023-03-28
SYN-77ca57a0eb2802d6,694589003,6,25,150,2023-03-28
SYN-77cf72b70deeb46a,399136009,5,85,425,2023-04-14
SYN-77cf72b70deeb46a,399201020,4,85,340,2023-04-14
SYN-77cf72b70deeb46a,399201023,2,85,170,2023-04-14
SYN-77de088add9f6a5a,293244002,6,9,54,2023-09-15
SYN-77df76c223927459,349301001,2,8,16,2023-10-30
SYN-77df76c223927459,555364003,6,19,114,2023-10-30
SYN-77df76c223927459,559212001,3,29,87,2023-10-30
SYN-77df76c223927459,562245004,5,19,95,2023-10-30
SYN-77df76c223927459,568808003,5,23,115,2023-10-30
SYN-77df76c223927459,599502009,6,26,156,2023-10-30
SYN-77df76c223927459,620861002,6,20,120,2023-10-30
SYN-77df76c223927459,622964001,4,8,32,2023-10-30
SYN-77df76c223927459,635677001,5,23,115,2023-10-30
SYN-77f8f25141112cb2,635957001,4,42,168,2023-06-01
SYN-77f8f25141112cb2,672890003,4,25,100,2023-06-01
SYN-77fe3431d49dcb05,225784001,3,15,45,2023-06-17
SYN-77fe3431d49dcb05,616708003,6,31,186,2023-06-17
SYN-77fe3431d49dcb05,625316006,5,17,85,2023-06-17
SYN-77fe3431d49dcb05,627563006,5,22,110,2023-06-17
SYN-77fe3431d49dcb05,627563007,6,22,132,2023-06-17
SYN-77ff0ba0190d56eb,516903005,4,34,136,2023-12-10
SYN-77ff0ba0190d56eb,640134004,5,25,125,2023-12-10
SYN-7808cca283af9842,501616088,6,25,150,2023-04-30
SYN-7808cca283af9842,570004045,3,17,51,2023-04-30
SYN-781aeba3c028ea2c,637561002,3,19,57,2023-08-04
SYN-781aeba3c028ea2c,666354002,6,14,84,2023-08-04
SYN-7824294fd5d25aa6,189616008,6,17,102,2023-10-06
SYN-7824294fd5d25aa6,516000002,6,9,54,2023-10-06
SYN-7824294fd5d25aa6,581086001,3,10,30,2023-10-06
SYN-7824294fd5d25aa6,610744009,4,15,60,2023-10-06
SYN-7824294fd5d25aa6,622955001,3,59,177,2023-10-06
SYN-782a2568df156765,683662002,6,14,84,2023-12-09
SYN-782a2568df156765,683662006,3,14,42,2023-12-09
SYN-7865f2494aebb72c,399256001,6,17,102,2023-06-19
SYN-7865f2494aebb72c,399256023,3,17,51,2023-06-19
SYN-7865f2494aebb72c,522398021,4,17,68,2023-06-19
SYN-7865f2494aebb72c,552473037,3,22,66,2023-06-19
SYN-786b255060a152ff,654783005,2,85,170,2023-02-17
SYN-786b255060a152ff,695972003,4,59,236,2023-02-17
SYN-786d6b144abebcf0,399136004,3,53,159,2023-10-19
SYN-786d6b144abebcf0,399136060,6,53,318,2023-10-19
SYN-786dee2ebf9a68dc,218354001,3,9,27,2023-04-05
SYN-786dee2ebf9a68dc,617534007,3,12,36,2023-04-05
SYN-786dee2ebf9a68dc,639344003,2,12,24,2023-04-05
SYN-786dee2ebf9a68dc,656728001,6,17,102,2023-04-05
SYN-786dee2ebf9a68dc,680374003,5,32,160,2023-04-05
SYN-786dee2ebf9a68dc,684588006,6,25,150,2023-04-05
SYN-786dee2ebf9a68dc,685687003,3,17,51,2023-04-05
SYN-786dee2ebf9a68dc,685687004,4,17,68,2023-04-05
SYN-7874257366f93c7d,673638005,4,17,68,2023-10-19
SYN-788b4713daf50b6b,635276001,6,31,186,2023-05-20
SYN-788b4713daf50b6b,654772003,4,34,136,2023-05-20
SYN-7895384bffb96a90,539878006,3,42,126,2023-10-06
SYN-7895384bffb96a90,657395001,3,34,102,2023-10-06
SYN-7895384bffb96a90,676352002,3,25,75,2023-10-06
SYN-789996ecf45dc0d3,639192002,4,68,272,2023-02-07
SYN-78aa211737392afc,626442010,5,34,170,2023-06-06
SYN-78b54e3c869e815a,562245057,6,34,204,2023-03-26
SYN-78b54e3c869e815a,636938001,5,34,170,2023-03-26
SYN-78bb4755a4db7713,651899003,6,34,204,2023-02-11
SYN-78ddad4ef222aa80,316085002,5,9,45,2023-02-05
SYN-78ddad4ef222aa80,538142004,4,23,92,2023-02-05
SYN-78ddad4ef222aa80,552473021,4,23,92,2023-02-05
SYN-78ddad4ef222aa80,552473029,6,15,90,2023-02-05
SYN-78ddad4ef222aa80,615217003,4,37,148,2023-02-05
SYN-78ddad4ef222aa80,618778001,6,23,138,2023-02-05
SYN-78ddad4ef222aa80,651244001,5,6,30,2023-02-05
SYN-78fe326ffd5b3666,674047001,2,113,226,2023-04-14
SYN-78ff0d16e98e1251,577259003,4,15,60,2023-06-12
SYN-78ff0d16e98e1251,627389006,3,15,45,2023-06-12
SYN-79030543705691ca,683493005,5,23,115,2023-10-08
SYN-7916e7f6afa25745,619236001,2,53,106,2023-12-15
SYN-79263e6f3a02290b,507910001,6,25,150,2023-02-11
SYN-79263e6f3a02290b,524825013,4,42,168,2023-02-11
SYN-79263e6f3a02290b,574109012,4,25,100,2023-02-11
SYN-79263e6f3a02290b,636455009,2,48,96,2023-02-11
SYN-79364b08e830bdd5,636935002,6,51,306,2023-10-08
SYN-795eb0e758bd0092,476315038,3,10,30,2023-09-24
SYN-795eb0e758bd0092,476315040,5,10,50,2023-09-24
SYN-795eb0e758bd0092,476315042,5,10,50,2023-09-24
SYN-796ae544f861ea38,658030001,2,38,76,2023-10-07
SYN-79a27aab1a193609,607310005,3,58,174,2023-08-28
SYN-79a27aab1a193609,642437005,5,34,170,2023-08-28
SYN-79a9f68e4434fb7d,156231001,6,6,36,2023-07-26
SYN-79a9f68e4434fb7d,372860002,3,14,42,2023-07-26
SYN-79a9f68e4434fb7d,565379002,6,9,54,2023-07-26
SYN-79a9f68e4434fb7d,580000001,4,14,56,2023-07-26
SYN-79a9f68e4434fb7d,619285002,3,14,42,2023-07-26
SYN-79a9f68e4434fb7d,628326002,3,14,42,2023-07-26
SYN-79a9f68e4434fb7d,628326004,2,14,28,2023-07-26
SYN-79a9f68e4434fb7d,628457003,3,24,72,2023-07-26
SYN-79a9f68e4434fb7d,628788004,3,25,75,2023-07-26
SYN-79a9f68e4434fb7d,632534005,2,17,34,2023-07-26
SYN-79a9f68e4434fb7d,643701002,5,14,70,2023-07-26
SYN-79a9f68e4434fb7d,652696001,3,17,51,2023-07-26
SYN-79c3dc014e3bc79c,608952004,5,20,100,2023-06-05
SYN-79c3dc014e3bc79c,685687002,4,17,68,2023-06-05
SYN-79c3dc014e3bc79c,685687003,3,17,51,2023-06-05
SYN-79c3dc014e3bc79c,685687004,5,17,85,2023-06-05
SYN-79c6f60e1f761e83,639677002,3,25,75,2023-07-04
SYN-79d2e99633c6429f,504154016,2,20,40,2023-01-19
SYN-79d2e99633c6429f,515991007,4,15,60,2023-01-19
SYN-79d2e99633c6429f,522398011,5,10,50,2023-01-19
SYN-79d2e99633c6429f,535035001,3,53,159,2023-01-19
SYN-79d2e99633c6429f,573284054,4,9,36,2023-01-19
SYN-79d2e99633c6429f,578476001,2,36,72,2023-01-19
SYN-79d2e99633c6429f,589924004,5,14,70,2023-01-19
SYN-79d2e99633c6429f,598806002,5,10,50,2023-01-19
SYN-79d2e99633c6429f,605053002,3,17,51,2023-01-19
SYN-79d2e99633c6429f,639833002,6,17,102,2023-01-19
SYN-79d2e99633c6429f,642699001,2,5,10,2023-01-19
SYN-79d2e99633c6429f,678342001,6,5,30,2023-01-19
SYN-79d680a62468c8d4,581213003,3,17,51,2023-10-19
SYN-79e8a2807b7349bf,571436002,4,12,48,2023-09-30
SYN-79e8a2807b7349bf,610216001,2,27,54,2023-09-30
SYN-79e8a2807b7349bf,611020005,3,68,204,2023-09-30
SYN-79e8a2807b7349bf,614878001,2,24,48,2023-09-30
SYN-79e8a2807b7349bf,630319003,2,10,20,2023-09-30
SYN-79e8a2807b7349bf,630319004,4,14,56,2023-09-30
SYN-79e8a2807b7349bf,633450004,2,51,102,2023-09-30
SYN-79e8a2807b7349bf,636926001,3,10,30,2023-09-30
SYN-79e8a2807b7349bf,662553001,4,51,204,2023-09-30
SYN-79e93cc5cbbdacd6,651584001,2,59,118,2023-11-04
SYN-79e93cc5cbbdacd6,662868003,4,34,136,2023-11-04
SYN-79e93cc5cbbdacd6,663942008,4,34,136,2023-11-04
SYN-79e93cc5cbbdacd6,667491011,6,25,150,2023-11-04
SYN-79ebb7b67b4e9962,501820042,2,17,34,2023-03-25
SYN-79ebb7b67b4e9962,633136003,6,34,204,2023-03-25
SYN-79ebb7b67b4e9962,633136010,6,34,204,2023-03-25
SYN-79ebb7b67b4e9962,657497006,3,25,75,2023-03-25
SYN-79ebb7b67b4e9962,682550001,3,34,102,2023-03-25
SYN-79ec2c1a8f919c4c,648738021,5,40,200,2023-06-28
SYN-79ec2c1a8f919c4c,673637001,2,17,34,2023-06-28
SYN-79ef99e5c5c87351,606022001,4,12,48,2023-07-25
SYN-79fc27c21a989f2e,557246001,2,34,68,2023-10-22
SYN-79fc27c21a989f2e,569516007,6,34,204,2023-10-22
SYN-79fc27c21a989f2e,690115001,4,34,136,2023-10-22
SYN-7a17b05234734f4e,485678019,6,14,84,2023-12-06
SYN-7a17b05234734f4e,488012002,3,10,30,2023-12-06
SYN-7a17b05234734f4e,488012012,4,12,48,2023-12-06
SYN-7a17b05234734f4e,488012029,2,17,34,2023-12-06
SYN-7a17b05234734f4e,516900002,6,22,132,2023-12-06
SYN-7a17b05234734f4e,554552003,2,7,14,2023-12-06
SYN-7a17b05234734f4e,554552019,5,7,35,2023-12-06
SYN-7a17b05234734f4e,554555004,3,10,30,2023-12-06
SYN-7a21e20d8853749a,639738002,2,25,50,2023-07-14
SYN-7a21e20d8853749a,653428002,3,131,393,2023-07-14
SYN-7a21e20d8853749a,654434002,4,10,40,2023-07-14
SYN-7a21e20d8853749a,671513003,5,21,105,2023-07-14
SYN-7a21e20d8853749a,679121002,5,16,80,2023-07-14
SYN-7a21e20d8853749a,680374002,6,33,198,2023-07-14
SYN-7a22bff85d3db0dd,615021023,5,17,85,2023-10-28
SYN-7a22bff85d3db0dd,661166005,5,51,255,2023-10-28
SYN-7a22bff85d3db0dd,697489002,3,14,42,2023-10-28
SYN-7a3bb1e904aea5a2,505221004,5,15,75,2023-11-05
SYN-7a3bb1e904aea5a2,592773001,2,17,34,2023-11-05
SYN-7a597c7b20429b09,623632001,3,29,87,2023-12-28
SYN-7a60bc62558939a1,692586001,2,59,118,2023-05-11
SYN-7a67a5ba62640de5,342034014,5,14,70,2023-07-28
SYN-7a67a5ba62640de5,663942001,2,34,68,2023-07-28
SYN-7a6910a2d5c1c71d,341452001,3,30,90,2023-03-23
SYN-7a6910a2d5c1c71d,399201005,2,58,116,2023-03-23
SYN-7a6910a2d5c1c71d,607310005,5,66,330,2023-03-23
SYN-7a6910a2d5c1c71d,620081008,3,25,75,2023-03-23
SYN-7a6910a2d5c1c71d,677172003,3,33,99,2023-03-23
SYN-7a6910a2d5c1c71d,692454002,6,25,150,2023-03-23
SYN-7a6dddbc6304a8d9,586955022,6,17,102,2023-12-14
SYN-7a6dddbc6304a8d9,685687001,3,17,51,2023-12-14
SYN-7a6dddbc6304a8d9,685687004,4,17,68,2023-12-14
SYN-7a722d15898c1423,495573006,6,25,150,2023-10-26
SYN-7a722d15898c1423,642960001,4,27,108,2023-10-26
SYN-7a722d15898c1423,665477001,4,27,108,2023-10-26
SYN-7a722d15898c1423,687427001,3,34,102,2023-10-26
SYN-7a76343ed3d0e0a8,564934008,2,9,18,2023-05-19
SYN-7a8084a8c5acfe3f,627815002,4,31,124,2023-05-20
SYN-7a8084a8c5acfe3f,676705003,6,36,216,2023-05-20
SYN-7a976a28df0741d9,610117002,5,10,50,2023-08-01
SYN-7a976a28df0741d9,610117003,6,17,102,2023-08-01
SYN-7a976a28df0741d9,610117004,2,17,34,2023-08-01
SYN-7aa22332c7db3eff,585482001,2,10,20,2023-09-06
SYN-7aa22332c7db3eff,605020001,3,14,42,2023-09-06
SYN-7aab688360ca1ee6,577529001,3,15,45,2023-03-16
SYN-7aab688360ca1ee6,589514001,5,27,135,2023-03-16
SYN-7aab688360ca1ee6,652002001,4,20,80,2023-03-16
SYN-7aab688360ca1ee6,660712003,3,41,123,2023-03-16
SYN-7aab688360ca1ee6,665110001,5,25,125,2023-03-16
SYN-7aabd11f221a68db,640539001,6,42,252,2023-09-07
SYN-7aabd11f221a68db,661162003,3,34,102,2023-09-07
SYN-7aabd11f221a68db,714421001,3,34,102,2023-09-07
SYN-7aae16d137bb7d57,399201005,5,53,265,2023-03-13
SYN-7aae16d137bb7d57,574109012,6,25,150,2023-03-13
SYN-7aae16d137bb7d57,574109013,3,25,75,2023-03-13
SYN-7aae16d137bb7d57,634775001,3,22,66,2023-03-13
SYN-7aae16d137bb7d57,662728004,5,25,125,2023-03-13
SYN-7aae16d137bb7d57,683662005,5,14,70,2023-03-13
SYN-7aae16d137bb7d57,683662006,2,14,28,2023-03-13
SYN-7aae16d137bb7d57,705973003,3,51,153,2023-03-13
SYN-7aae16d137bb7d57,714421001,3,34,102,2023-03-13
SYN-7abf995b4d9bb220,662857003,6,42,252,2023-12-25
SYN-7abf995b4d9bb220,673677002,5,17,85,2023-12-25
SYN-7af3f07e9f8584d3,649671004,6,40,240,2023-12-22
SYN-7afafefc3298c45e,662888002,2,34,68,2023-10-04
SYN-7affdd308b2d9c05,605939003,3,36,108,2023-08-01
SYN-7affdd308b2d9c05,650682001,5,44,220,2023-08-01
SYN-7affdd308b2d9c05,674509001,2,37,74,2023-08-01
SYN-7b01d1648660b153,572797001,2,10,20,2023-06-27
SYN-7b01d1648660b153,588689013,5,34,170,2023-06-27
SYN-7b07a3e937d11ca8,507909022,2,25,50,2023-09-24
SYN-7b07a3e937d11ca8,615021021,6,17,102,2023-09-24
SYN-7b07a3e937d11ca8,630116008,2,34,68,2023-09-24
SYN-7b07a3e937d11ca8,630672002,5,34,170,2023-09-24
SYN-7b07a3e937d11ca8,639685006,2,42,84,2023-09-24
SYN-7b07a3e937d11ca8,684890001,3,25,75,2023-09-24
SYN-7b31afcdf98f4dca,554704006,6,51,306,2023-03-15
SYN-7b31afcdf98f4dca,573085020,2,34,68,2023-03-15
SYN-7b31afcdf98f4dca,573716033,4,25,100,2023-03-15
SYN-7b31afcdf98f4dca,667491005,6,25,150,2023-03-15
SYN-7b31afcdf98f4dca,673677002,3,17,51,2023-03-15
SYN-7b40c82a905a6b06,399201005,6,59,354,2023-12-29
SYN-7b67a7fe5535e346,664949002,3,17,51,2023-06-17
SYN-7b67a7fe5535e346,667499006,2,25,50,2023-06-17
SYN-7b70d9c1ca2642ea,501820006,6,15,90,2023-08-31
SYN-7b70d9c1ca2642ea,501820044,4,15,60,2023-08-31
SYN-7b70d9c1ca2642ea,555364002,2,23,46,2023-08-31
SYN-7b70d9c1ca2642ea,625939004,5,8,40,2023-08-31
SYN-7b70d9c1ca2642ea,640134004,5,23,115,2023-08-31
SYN-7b70d9c1ca2642ea,678342002,5,8,40,2023-08-31
SYN-7b87859db18920e2,632143001,6,34,204,2023-01-02
SYN-7b9b004d8b734e95,684080003,3,102,306,2023-02-12
SYN-7ba3c8dd59f5a06e,622958003,3,42,126,2023-02-02
SYN-7baa19910b3e9d42,399201020,5,68,340,2023-04-14
SYN-7baa19910b3e9d42,562252033,6,25,150,2023-04-14
SYN-7baeb2cdb5640536,613060002,3,25,75,2023-04-16
SYN-7baeb2cdb5640536,624042004,2,17,34,2023-04-16
SYN-7baeb2cdb5640536,634323001,6,34,204,2023-04-16
SYN-7baeb2cdb5640536,637515011,5,34,170,2023-04-16
SYN-7baeb2cdb5640536,664074003,6,17,102,2023-04-16
SYN-7baeb2cdb5640536,664074005,4,17,68,2023-04-16
SYN-7baeb2cdb5640536,666382006,4,25,100,2023-04-16
SYN-7baeb2cdb5640536,675281001,5,25,125,2023-04-16
SYN-7baeb2cdb5640536,697329006,5,59,295,2023-04-16
SYN-7bbcdc2f6b56d268,625316004,2,15,30,2023-07-08
SYN-7bbcdc2f6b56d268,625316006,4,15,60,2023-07-08
SYN-7bbcdc2f6b56d268,646429001,3,46,138,2023-07-08
SYN-7bc7bec9f8e62400,678079005,4,10,40,2023-01-14
SYN-7bcf43eb536fd5f8,680810001,5,34,170,2023-03-06
SYN-7bd1a284a9e14042,568174014,3,17,51,2023-06-14
SYN-7bd1a284a9e14042,623370003,6,17,102,2023-06-14
SYN-7bd92719ab959a6b,597043002,2,34,68,2023-08-30
SYN-7bda19844a52cd1f,568601006,3,49,147,2023-08-01
SYN-7bda19844a52cd1f,632523001,5,57,285,2023-08-01
SYN-7bda19844a52cd1f,651276001,6,41,246,2023-08-01
SYN-7bda19844a52cd1f,661152001,2,65,130,2023-08-01
SYN-7bebf57b6f50b2e4,625939005,2,3,6,2023-10-01
SYN-7bebf57b6f50b2e4,673677002,6,17,102,2023-10-01
SYN-7bebf57b6f50b2e4,683662005,2,14,28,2023-10-01
SYN-7bf1d2acf2648847,669358001,6,48,288,2023-01-22
SYN-7bf27ba5d1b24a9b,671505001,4,34,136,2023-12-22
SYN-7bf27ba5d1b24a9b,671505002,3,34,102,2023-12-22
SYN-7bf27ba5d1b24a9b,692454002,4,25,100,2023-12-22
SYN-7bf27ba5d1b24a9b,694986001,4,168,672,2023-12-22
SYN-7c123c8eadd1e0d5,558981005,5,25,125,2023-06-13
SYN-7c123c8eadd1e0d5,626263002,6,25,150,2023-06-13
SYN-7c123c8eadd1e0d5,626444001,4,17,68,2023-06-13
SYN-7c123c8eadd1e0d5,719610002,5,25,125,2023-06-13
SYN-7c1c4448fccacc81,651912002,3,10,30,2023-06-23
SYN-7c27a90547c7aa6f,429313002,5,31,155,2023-04-06
SYN-7c27a90547c7aa6f,481110008,4,31,124,2023-04-06
SYN-7c27a90547c7aa6f,481110019,5,31,155,2023-04-06
SYN-7c2cf9bd677f78ce,612891003,4,29,116,2023-02-28
SYN-7c3fd010f4e3c804,297078002,2,22,44,2023-01-05
SYN-7c3fd010f4e3c804,399087014,3,34,102,2023-01-05
SYN-7c3fd010f4e3c804,615192004,6,42,252,2023-01-05
SYN-7c3fd010f4e3c804,624120004,2,14,28,2023-01-05
SYN-7c3fd010f4e3c804,624121005,5,14,70,2023-01-05
SYN-7c3fd010f4e3c804,658030001,2,51,102,2023-01-05
SYN-7c3fd010f4e3c804,658030006,3,51,153,2023-01-05
SYN-7c3fd010f4e3c804,682996001,3,10,30,2023-01-05
SYN-7c61358efb5f9355,607541003,2,29,58,2023-12-06
SYN-7c67b20c513debf9,573716037,6,25,150,2023-11-06
SYN-7c6de7b5d8db0ced,680810001,4,34,136,2023-07-19
SYN-7c81b22b10df14c6,539723001,5,34,170,2023-10-03
SYN-7c81b22b10df14c6,557599001,6,17,102,2023-10-03
SYN-7c81b22b10df14c6,682996001,3,10,30,2023-10-03
SYN-7c8ede923deff2b2,547349002,2,31,62,2023-01-05
SYN-7c8ede923deff2b2,572797001,6,10,60,2023-01-05
SYN-7c8ede923deff2b2,572797010,5,10,50,2023-01-05
SYN-7c8ede923deff2b2,627408003,4,34,136,2023-01-05
SYN-7c8ede923deff2b2,660599001,2,34,68,2023-01-05
SYN-7c987eb36f5fcad8,633870001,2,42,84,2023-04-24
SYN-7c987eb36f5fcad8,675319001,2,51,102,2023-04-24
SYN-7c998c87126c1ec3,237222012,3,17,51,2023-06-14
SYN-7c998c87126c1ec3,487722007,5,40,200,2023-06-14
SYN-7c998c87126c1ec3,516903005,5,32,160,2023-06-14
SYN-7c998c87126c1ec3,544627005,6,42,252,2023-06-14
SYN-7c998c87126c1ec3,577513002,4,51,204,2023-06-14
SYN-7c998c87126c1ec3,607154001,6,37,222,2023-06-14
SYN-7c998c87126c1ec3,615141003,6,24,144,2023-06-14
SYN-7c998c87126c1ec3,637268002,5,51,255,2023-06-14
SYN-7c998c87126c1ec3,660519003,5,29,145,2023-06-14
SYN-7c998c87126c1ec3,662728004,4,25,100,2023-06-14
SYN-7c998c87126c1ec3,664075005,4,13,52,2023-06-14
SYN-7c998c87126c1ec3,677930002,3,17,51,2023-06-14
SYN-7c998c87126c1ec3,678073002,6,25,150,2023-06-14
SYN-7c998c87126c1ec3,681815001,2,17,34,2023-06-14
SYN-7c998c87126c1ec3,686265001,6,17,102,2023-06-14
SYN-7ca02c6956b112c4,637255001,2,25,50,2023-11-13
SYN-7ca49aca0ddd2a65,663942002,4,34,136,2023-06-03
SYN-7ca49aca0ddd2a65,687364001,4,51,204,2023-06-03
SYN-7cb3ef1743902079,469562006,4,68,272,2023-06-16
SYN-7cb3ef1743902079,555353008,5,25,125,2023-06-16
SYN-7cb3ef1743902079,653929002,4,34,136,2023-06-16
SYN-7cb3ef1743902079,676540001,4,51,204,2023-06-16
SYN-7cb478e67fc7c753,676954001,4,51,204,2023-01-09
SYN-7cb971e3019e4f03,225784001,3,17,51,2023-11-04
SYN-7cc9c62c2e75c9fe,547747001,5,12,60,2023-05-28
SYN-7cc9c62c2e75c9fe,560213002,6,10,60,2023-05-28
SYN-7cc9c62c2e75c9fe,627197002,2,15,30,2023-05-28
SYN-7cc9c62c2e75c9fe,639896001,4,15,60,2023-05-28
SYN-7cd7bfd32e8983e1,446224002,2,14,28,2023-04-27
SYN-7cdba17f5ac6d390,624659003,4,29,116,2023-09-18
SYN-7ce2fbfbfecc4294,626816001,6,25,150,2023-01-31
SYN-7ce2fbfbfecc4294,666448001,4,25,100,2023-01-31
SYN-7ce3ad9bc7c71844,537612023,6,13,78,2023-07-26
SYN-7ce3ad9bc7c71844,616225010,3,13,39,2023-07-26
SYN-7ce3ad9bc7c71844,626443002,6,17,102,2023-07-26
SYN-7ce3ad9bc7c71844,668466001,6,8,48,2023-07-26
SYN-7ce974962d09838a,453745016,5,6,30,2023-05-21
SYN-7ce974962d09838a,504154003,2,18,36,2023-05-21
SYN-7ce974962d09838a,513257009,2,12,24,2023-05-21
SYN-7ce974962d09838a,565187001,4,18,72,2023-05-21
SYN-7ce974962d09838a,583800016,5,11,55,2023-05-21
SYN-7ce974962d09838a,651724002,3,31,93,2023-05-21
SYN-7ce974962d09838a,662075004,4,61,244,2023-05-21
SYN-7d1e5411ba6aa578,685683001,6,25,150,2023-08-02
SYN-7d2de68be3053c40,525500001,5,42,210,2023-07-09
SYN-7d36a17b564f06a0,502186015,5,34,170,2023-01-01
SYN-7d436c698ef35d4e,667491006,3,25,75,2023-06-15
SYN-7d436c698ef35d4e,685687004,6,17,102,2023-06-15
SYN-7d597d2e3c3047e1,692070001,6,51,306,2023-09-03
SYN-7d656f7ecf6256be,351933001,6,17,102,2023-09-25
SYN-7d656f7ecf6256be,351933038,2,19,38,2023-09-25
SYN-7d656f7ecf6256be,372860041,4,7,28,2023-09-25
SYN-7d656f7ecf6256be,506993012,6,15,90,2023-09-25
SYN-7d656f7ecf6256be,519929007,3,15,45,2023-09-25
SYN-7d656f7ecf6256be,529008008,3,14,42,2023-09-25
SYN-7d656f7ecf6256be,563479001,6,12,72,2023-09-25
SYN-7d656f7ecf6256be,595435002,3,15,45,2023-09-25
SYN-7d656f7ecf6256be,639845009,2,25,50,2023-09-25
SYN-7d656f7ecf6256be,643833004,6,7,42,2023-09-25
SYN-7d656f7ecf6256be,651558003,5,7,35,2023-09-25
SYN-7d656f7ecf6256be,653188001,6,7,42,2023-09-25
SYN-7d656f7ecf6256be,661118002,2,3,6,2023-09-25
SYN-7d656f7ecf6256be,671057002,2,3,6,2023-09-25
SYN-7d656f7ecf6256be,681748003,6,17,102,2023-09-25
SYN-7d7458c79a5e4c9d,552471003,6,15,90,2023-12-13
SYN-7d7458c79a5e4c9d,562245001,6,19,114,2023-12-13
SYN-7d7458c79a5e4c9d,606022003,3,21,63,2023-12-13
SYN-7d7458c79a5e4c9d,660186001,3,22,66,2023-12-13
SYN-7d799527aa15015e,575343001,2,21,42,2023-07-13
SYN-7d799527aa15015e,644769001,3,23,69,2023-07-13
SYN-7d7f01d78f4c3c93,516712001,3,22,66,2023-03-04
SYN-7d7f01d78f4c3c93,597082001,2,15,30,2023-03-04
SYN-7d7f01d78f4c3c93,685687004,6,17,102,2023-03-04
SYN-7d80243780f62120,651793001,2,17,34,2023-05-02
SYN-7d80243780f62120,651793004,4,17,68,2023-05-02
SYN-7d87e836d4b43cc9,648173005,3,10,30,2023-10-14
SYN-7d8b263ebb139310,610776002,2,9,18,2023-01-05
SYN-7d98a8c09e9acefe,305931001,3,32,96,2023-02-27
SYN-7d98a8c09e9acefe,671613001,5,22,110,2023-02-27
SYN-7dade151f4956b63,518529004,2,14,28,2023-01-21
SYN-7daec5d1a2d2e814,462086004,5,17,85,2023-09-10
SYN-7daec5d1a2d2e814,508184016,4,15,60,2023-09-10
SYN-7daec5d1a2d2e814,508184022,3,12,36,2023-09-10
SYN-7daec5d1a2d2e814,536139013,2,15,30,2023-09-10
SYN-7daec5d1a2d2e814,617646001,5,12,60,2023-09-10
SYN-7daec5d1a2d2e814,617646002,2,22,44,2023-09-10
SYN-7db4a82a4477f0b3,448515027,6,42,252,2023-01-17
SYN-7db4a82a4477f0b3,554450004,5,34,170,2023-01-17
SYN-7db4a82a4477f0b3,622956001,3,51,153,2023-01-17
SYN-7db4a82a4477f0b3,624486001,5,14,70,2023-01-17
SYN-7db4a82a4477f0b3,624486002,4,14,56,2023-01-17
SYN-7db4a82a4477f0b3,644762001,2,34,68,2023-01-17
SYN-7db5d1b3fd55ef59,633130001,3,16,48,2023-02-28
SYN-7db5d1b3fd55ef59,633130007,4,17,68,2023-02-28
SYN-7db5d1b3fd55ef59,685399001,5,17,85,2023-02-28
SYN-7db5d1b3fd55ef59,691184001,2,17,34,2023-02-28
SYN-7db902042c91be0a,674079001,2,24,48,2023-02-23
SYN-7dbdde20454a2417,652847002,2,26,52,2023-04-08
SYN-7dbdde20454a2417,657759002,6,14,84,2023-04-08
SYN-7dde1d2e214271c1,651692001,5,56,280,2023-07-03
SYN-7e013e9eef50cda4,186264014,3,3,9,2023-09-17
SYN-7e013e9eef50cda4,379780024,6,14,84,2023-09-17
SYN-7e013e9eef50cda4,379780039,2,14,28,2023-09-17
SYN-7e028cdca39c417d,637549005,5,34,170,2023-11-28
SYN-7e028cdca39c417d,685687003,6,17,102,2023-11-28
SYN-7e032c4b37d5226a,653188006,3,12,36,2023-05-28
SYN-7e0bbdef622bf181,671852003,3,31,93,2023-03-28
SYN-7e1b3fd4975f5666,615566002,6,51,306,2023-09-02
SYN-7e1b3fd4975f5666,637255001,4,25,100,2023-09-02
SYN-7e29fd0cff946537,554598028,5,17,85,2023-06-24
SYN-7e29fd0cff946537,562245057,5,34,170,2023-06-24
SYN-7e29fd0cff946537,567993015,2,25,50,2023-06-24
SYN-7e29fd0cff946537,657415002,3,25,75,2023-06-24
SYN-7e29fd0cff946537,667491006,2,25,50,2023-06-24
SYN-7e29fd0cff946537,688873008,3,34,102,2023-06-24
SYN-7e29fd0cff946537,689165001,4,51,204,2023-06-24
SYN-7e29fd0cff946537,699566001,4,68,272,2023-06-24
SYN-7e29fd0cff946537,711521001,3,25,75,2023-06-24
SYN-7e2f9cf97f222a8a,667491006,6,25,150,2023-12-17
SYN-7e2f9cf97f222a8a,685687004,4,17,68,2023-12-17
SYN-7e2f9cf97f222a8a,687535001,2,68,136,2023-12-17
SYN-7e2f9cf97f222a8a,697489002,3,14,42,2023-12-17
SYN-7e370b3e775bd9c4,589222001,3,21,63,2023-03-22
SYN-7e370b3e775bd9c4,589222002,5,15,75,2023-03-22
SYN-7e4296902924b1b1,659920003,2,127,254,2023-01-13
SYN-7e466e8a47799d01,624311004,2,25,50,2023-11-10
SYN-7e4b34961b38e9b7,544116002,2,7,14,2023-12-31
SYN-7e5aa2da7bf64ec6,189654001,3,9,27,2023-09-13
SYN-7e5aa2da7bf64ec6,536139009,5,17,85,2023-09-13
SYN-7e5aa2da7bf64ec6,541518004,6,31,186,2023-09-13
SYN-7e5aa2da7bf64ec6,542695004,5,20,100,2023-09-13
SYN-7e5aa2da7bf64ec6,650193001,6,48,288,2023-09-13
SYN-7e704a914368b0a7,695457001,4,22,88,2023-06-07
SYN-7e738c133254a171,399201005,6,59,354,2023-04-21
SYN-7e738c133254a171,583533002,3,68,204,2023-04-21
SYN-7e738c133254a171,646429003,6,51,306,2023-04-21
SYN-7e783e7d84bd20b2,474088001,4,31,124,2023-09-01
SYN-7e783e7d84bd20b2,562245001,5,22,110,2023-09-01
SYN-7e783e7d84bd20b2,573937001,3,32,96,2023-09-01
SYN-7e783e7d84bd20b2,630450001,5,25,125,2023-09-01
SYN-7e783e7d84bd20b2,686265002,2,17,34,2023-09-01
SYN-7e9f9e90517b3535,663016003,4,61,244,2023-04-21
SYN-7eaa306dde013155,622140005,2,14,28,2023-04-28
SYN-7eaa306dde013155,703207001,3,17,51,2023-04-28
SYN-7ead5b2ee4b96b78,624723001,2,14,28,2023-07-17
SYN-7ead5b2ee4b96b78,659832004,4,17,68,2023-07-17
SYN-7ead5b2ee4b96b78,671852003,3,31,93,2023-07-17
SYN-7eb16e06234a5298,612170001,5,22,110,2023-05-03
SYN-7eb16e06234a5298,635957003,4,42,168,2023-05-03
SYN-7eb16e06234a5298,639192009,3,68,204,2023-05-03
SYN-7eb16e06234a5298,655855001,4,34,136,2023-05-03
SYN-7eb16e06234a5298,671852003,2,31,62,2023-05-03
SYN-7ecba734cc2bd043,637820001,4,42,168,2023-10-11
SYN-7ed6864253688fa5,623284002,6,15,90,2023-10-23
SYN-7ed6864253688fa5,623980004,5,15,75,2023-10-23
SYN-7ed6864253688fa5,666327008,2,15,30,2023-10-23
SYN-7ed6864253688fa5,677182001,3,8,24,2023-10-23
SYN-7eda3232c2a3163f,667499003,5,25,125,2023-01-18
SYN-7eda3232c2a3163f,686631001,6,42,252,2023-01-18
SYN-7edfafdbe065e4d6,624486003,3,14,42,2023-07-03
SYN-7ee5a7a8ae66a55e,687427001,2,34,68,2023-06-21
SYN-7ee70e5d1f660f3a,189616008,5,17,85,2023-12-08
SYN-7ee70e5d1f660f3a,621381008,6,19,114,2023-12-08
SYN-7ee814ef04e6bbf3,351484002,2,11,22,2023-12-19
SYN-7ee814ef04e6bbf3,513373004,3,14,42,2023-12-19
SYN-7ee814ef04e6bbf3,609719001,5,8,40,2023-12-19
SYN-7ee814ef04e6bbf3,616088002,4,5,20,2023-12-19
SYN-7ee8760a7f6e29fa,575542005,2,24,48,2023-09-09
SYN-7ee8760a7f6e29fa,577249005,4,20,80,2023-09-09
SYN-7ee8760a7f6e29fa,608939002,4,41,164,2023-09-09
SYN-7ee8760a7f6e29fa,624512001,3,24,72,2023-09-09
SYN-7ee8760a7f6e29fa,637449001,5,32,160,2023-09-09
SYN-7ee8760a7f6e29fa,640020003,2,51,102,2023-09-09
SYN-7ee8760a7f6e29fa,651584005,2,59,118,2023-09-09
SYN-7ee8760a7f6e29fa,670698001,3,42,126,2023-09-09
SYN-7ee8760a7f6e29fa,671776001,6,41,246,2023-09-09
SYN-7ee8760a7f6e29fa,685687001,2,17,34,2023-09-09
SYN-7ee8760a7f6e29fa,685687002,4,17,68,2023-09-09
SYN-7ee8760a7f6e29fa,705094003,2,42,84,2023-09-09
SYN-7ee8760a7f6e29fa,719017002,2,17,34,2023-09-09
SYN-7eea2b2cc4a1c201,573937001,5,32,160,2023-03-07
SYN-7eea2b2cc4a1c201,617736001,3,39,117,2023-03-07
SYN-7eee6c37d33ed166,684033003,6,31,186,2023-06-28
SYN-7eee6c37d33ed166,685687004,5,17,85,2023-06-28
SYN-7eee6c37d33ed166,686631001,5,42,210,2023-06-28
SYN-7eee6c37d33ed166,687424002,3,51,153,2023-06-28
SYN-7eefe90182ca6fce,552473021,5,25,125,2023-10-31
SYN-7eefe90182ca6fce,564790008,3,25,75,2023-10-31
SYN-7eefe90182ca6fce,598806012,3,17,51,2023-10-31
SYN-7ef7713c96ced295,521302004,6,25,150,2023-07-18
SYN-7ef7713c96ced295,579751005,3,15,45,2023-07-18
SYN-7ef7713c96ced295,599580012,3,7,21,2023-07-18
SYN-7ef7713c96ced295,640124003,2,25,50,2023-07-18
SYN-7ef7713c96ced295,651893003,3,10,30,2023-07-18
SYN-7ef7713c96ced295,657285002,4,24,96,2023-07-18
SYN-7f00b87a292b508e,611144006,6,25,150,2023-07-09
SYN-7f00cd82cd9b5bde,126589006,6,5,30,2023-09-18
SYN-7f00cd82cd9b5bde,502224001,4,68,272,2023-09-18
SYN-7f00cd82cd9b5bde,556539010,2,7,14,2023-09-18
SYN-7f00cd82cd9b5bde,592743038,2,17,34,2023-09-18
SYN-7f00cd82cd9b5bde,592743041,3,17,51,2023-09-18
SYN-7f00cd82cd9b5bde,630323016,4,17,68,2023-09-18
SYN-7f00cd82cd9b5bde,638628002,2,59,118,2023-09-18
SYN-7f00cd82cd9b5bde,639677007,2,25,50,2023-09-18
SYN-7f00cd82cd9b5bde,680186002,2,42,84,2023-09-18
SYN-7f13ee4d1117278d,156231001,3,9,27,2023-08-03
SYN-7f13ee4d1117278d,640021005,6,47,282,2023-08-03
SYN-7f13ee4d1117278d,654521001,5,55,275,2023-08-03
SYN-7f3181b23b1c7a41,574109012,4,25,100,2023-06-05
SYN-7f3181b23b1c7a41,622958003,5,42,210,2023-06-05
SYN-7f3181b23b1c7a41,632143001,5,34,170,2023-06-05
SYN-7f329238e1d4eb75,690926001,5,34,170,2023-11-16
SYN-7f32a8bbf76d7ff4,524825010,4,32,128,2023-08-08
SYN-7f32a8bbf76d7ff4,560270014,6,20,120,2023-08-08
SYN-7f32a8bbf76d7ff4,562245018,6,20,120,2023-08-08
SYN-7f32a8bbf76d7ff4,562245059,4,20,80,2023-08-08
SYN-7f32a8bbf76d7ff4,695318002,5,42,210,2023-08-08
SYN-7f3667abd152fd04,633148004,5,25,125,2023-08-08
SYN-7f48dead9c4e7c11,620006008,4,10,40,2023-10-27
SYN-7f64cef769b77f45,610776002,3,9,27,2023-12-11
SYN-7f68bb40f80765b0,606983001,6,12,72,2023-08-31
SYN-7f68bb40f80765b0,620855001,2,15,30,2023-08-31
SYN-7f68bb40f80765b0,641666001,6,12,72,2023-08-31
SYN-7f738df7e62831a6,552473037,5,25,125,2023-07-08
SYN-7f738df7e62831a6,571436009,2,14,28,2023-07-08
SYN-7f738df7e62831a6,622238018,3,25,75,2023-07-08
SYN-7f738df7e62831a6,665725002,5,34,170,2023-07-08
SYN-7fa7ce746642c1ca,399223001,6,27,162,2023-03-06
SYN-7fb8a4761b04553d,218354047,2,7,14,2023-06-27
SYN-7fb8a4761b04553d,448515018,4,42,168,2023-06-27
SYN-7fb8a4761b04553d,510075007,4,17,68,2023-06-27
SYN-7fb8a4761b04553d,619258001,2,9,18,2023-06-27
SYN-7fb8a4761b04553d,619258002,6,9,54,2023-06-27
SYN-7fb8a4761b04553d,628921002,3,14,42,2023-06-27
SYN-7fb8a4761b04553d,631409003,3,17,51,2023-06-27
SYN-7fb8a4761b04553d,650677004,5,34,170,2023-06-27
SYN-7fb8c814089f6ae5,505573005,6,9,54,2023-02-26
SYN-7fbcfcb3b0d11951,695151001,6,59,354,2023-06-17
SYN-7fd3e7017aae72e7,586011008,2,7,14,2023-12-04
SYN-7fd3e7017aae72e7,628930008,5,10,50,2023-12-04
SYN-7fd58dc41daf8fa6,673677002,5,14,70,2023-09-12
SYN-7fd58dc41daf8fa6,673677003,2,17,34,2023-09-12
SYN-7fdec18bb5932aa1,662888004,6,34,204,2023-09-02
SYN-801111fad50c56ed,624151006,3,14,42,2023-09-12
SYN-801111fad50c56ed,624688001,4,14,56,2023-09-12
SYN-801111fad50c56ed,625702001,6,12,72,2023-09-12
SYN-801111fad50c56ed,629786001,2,14,28,2023-09-12
SYN-801111fad50c56ed,644035001,2,26,52,2023-09-12
SYN-801111fad50c56ed,646225001,4,7,28,2023-09-12
SYN-8029fda655ca2632,108775015,3,9,27,2023-10-06
SYN-8029fda655ca2632,459428011,4,34,136,2023-10-06
SYN-8029fda655ca2632,554598028,6,17,102,2023-10-06
SYN-8029fda655ca2632,565379001,2,9,18,2023-10-06
SYN-8029fda655ca2632,569986004,5,22,110,2023-10-06
SYN-8029fda655ca2632,641611002,4,51,204,2023-10-06
SYN-8038bb83434e5747,562245039,4,34,136,2023-04-29
SYN-8038bb83434e5747,702885001,2,42,84,2023-04-29
SYN-8039cea74f1da032,673771003,2,25,50,2023-02-14
SYN-8040480ac08a6be8,506452003,4,24,96,2023-12-07
SYN-8040480ac08a6be8,507883008,6,14,84,2023-12-07
SYN-8040480ac08a6be8,529008010,6,25,150,2023-12-07
SYN-8040480ac08a6be8,529008026,3,25,75,2023-12-07
SYN-8040480ac08a6be8,549607002,5,168,840,2023-12-07
SYN-8040480ac08a6be8,562820006,2,9,18,2023-12-07
SYN-8040480ac08a6be8,573626001,4,20,80,2023-12-07
SYN-8040480ac08a6be8,580000001,2,14,28,2023-12-07
SYN-8040480ac08a6be8,580000003,5,14,70,2023-12-07
SYN-8040480ac08a6be8,611415005,2,17,34,2023-12-07
SYN-8040480ac08a6be8,628788001,3,25,75,2023-12-07
SYN-8040480ac08a6be8,637515008,2,34,68,2023-12-07
SYN-8040480ac08a6be8,637911005,2,42,84,2023-12-07
SYN-8040480ac08a6be8,638416003,2,17,34,2023-12-07
SYN-8040480ac08a6be8,648995004,2,34,68,2023-12-07
SYN-8040480ac08a6be8,656032006,2,14,28,2023-12-07
SYN-8040480ac08a6be8,662868001,3,34,102,2023-12-07
SYN-8040480ac08a6be8,673643001,4,31,124,2023-12-07
SYN-8040480ac08a6be8,673677003,5,17,85,2023-12-07
SYN-8040480ac08a6be8,676286001,2,51,102,2023-12-07
SYN-8040480ac08a6be8,677967009,2,25,50,2023-12-07
SYN-8040480ac08a6be8,678079002,2,10,20,2023-12-07
SYN-8040480ac08a6be8,701129002,6,25,150,2023-12-07
SYN-8040480ac08a6be8,720384002,4,68,272,2023-12-07
SYN-80421ea0fd3456b1,583533002,5,68,340,2023-03-11
SYN-80421ea0fd3456b1,666331001,3,56,168,2023-03-11
SYN-80504e49f9512d41,562820006,2,9,18,2023-07-26
SYN-80504e49f9512d41,572990001,2,23,46,2023-07-26
SYN-80504e49f9512d41,620951002,4,31,124,2023-07-26
SYN-80504e49f9512d41,671057002,6,3,18,2023-07-26
SYN-80504e49f9512d41,683662005,2,14,28,2023-07-26
SYN-806d728141c5b006,613666002,2,29,58,2023-01-16
SYN-80775ff0bcc173f6,618784002,2,31,62,2023-04-25
SYN-80775ff0bcc173f6,661162001,3,34,102,2023-04-25
SYN-807a428574833cfe,639192002,6,64,384,2023-02-18
SYN-808d40a3211ba6fe,578476001,6,43,258,2023-12-24
SYN-808f998865a3715a,593196001,5,153,765,2023-02-18
SYN-80933f9b13ef4c51,667985003,5,34,170,2023-08-05
SYN-8094e3afa0147970,179123001,5,17,85,2023-08-13
SYN-8094e3afa0147970,693951005,5,25,125,2023-08-13
SYN-80b3d2e24469311e,522561002,4,85,340,2023-03-21
SYN-80f3659b6aad7309,539723006,4,34,136,2023-05-24
SYN-80f3659b6aad7309,625939025,2,9,18,2023-05-24
SYN-80f3659b6aad7309,637549001,6,34,204,2023-05-24
SYN-80f3659b6aad7309,645065015,2,34,68,2023-05-24
SYN-80f3659b6aad7309,645065016,5,34,170,2023-05-24
SYN-80f3659b6aad7309,657497001,6,25,150,2023-05-24
SYN-80f57837ed22ccdf,583351005,5,17,85,2023-05-07
SYN-80f57837ed22ccdf,624632002,4,17,68,2023-05-07
SYN-80f57837ed22ccdf,659460001,5,68,340,2023-05-07
SYN-810544628ad915c6,591334003,6,17,102,2023-10-02
SYN-81065f15b82f626b,622958003,5,42,210,2023-05-23
SYN-81065f15b82f626b,636093001,3,51,153,2023-05-23
SYN-81065f15b82f626b,651072001,5,34,170,2023-05-23
SYN-81065f15b82f626b,673677002,6,17,102,2023-05-23
SYN-81065f15b82f626b,678073001,4,25,100,2023-05-23
SYN-81065f15b82f626b,680846004,3,34,102,2023-05-23
SYN-81065f15b82f626b,688223001,6,81,486,2023-05-23
SYN-810b3398087742b4,624632006,4,17,68,2023-05-31
SYN-8112a7131e575863,673776004,6,51,306,2023-03-07
SYN-812a2a0bc10bf73b,714367002,2,25,50,2023-02-16
SYN-813bb0b13277a4df,484398071,5,20,100,2023-07-01
SYN-813bb0b13277a4df,572127015,3,19,57,2023-07-01
SYN-813bb0b13277a4df,598782004,4,17,68,2023-07-01
SYN-813bb0b13277a4df,609032001,2,26,52,2023-07-01
SYN-813bb0b13277a4df,631837003,3,14,42,2023-07-01
SYN-813bb0b13277a4df,671011001,4,24,96,2023-07-01
SYN-814a9c8c844e8703,633781016,2,15,30,2023-01-28
SYN-814a9c8c844e8703,634015003,3,12,36,2023-01-28
SYN-814a9c8c844e8703,636351002,4,8,32,2023-01-28
SYN-815072519ff2e6bc,507909001,5,25,125,2023-10-25
SYN-815072519ff2e6bc,507909015,5,25,125,2023-10-25
SYN-815072519ff2e6bc,507909023,4,25,100,2023-10-25
SYN-815072519ff2e6bc,507910001,3,25,75,2023-10-25
SYN-815072519ff2e6bc,507910002,2,25,50,2023-10-25
SYN-815072519ff2e6bc,573716002,2,25,50,2023-10-25
SYN-815072519ff2e6bc,671553003,3,17,51,2023-10-25
SYN-81539275e990fa14,581777008,5,51,255,2023-10-22
SYN-81539275e990fa14,619580001,3,17,51,2023-10-22
SYN-81539275e990fa14,642739001,6,34,204,2023-10-22
SYN-81539275e990fa14,656763001,6,34,204,2023-10-22
SYN-81539275e990fa14,659379001,5,42,210,2023-10-22
SYN-81539275e990fa14,659381001,6,20,120,2023-10-22
SYN-817663d6db42e924,449263005,5,17,85,2023-07-13
SYN-817663d6db42e924,449263024,6,17,102,2023-07-13
SYN-817663d6db42e924,613942009,6,22,132,2023-07-13
SYN-817663d6db42e924,640176001,2,34,68,2023-07-13
SYN-817663d6db42e924,640541001,3,25,75,2023-07-13
SYN-817663d6db42e924,640542001,3,34,102,2023-07-13
SYN-817663d6db42e924,640554001,5,42,210,2023-07-13
SYN-817663d6db42e924,640555001,4,25,100,2023-07-13
SYN-817663d6db42e924,640597001,6,25,150,2023-07-13
SYN-817663d6db42e924,646429001,5,51,255,2023-07-13
SYN-817663d6db42e924,651242001,6,17,102,2023-07-13
SYN-817663d6db42e924,654700001,6,25,150,2023-07-13
SYN-817663d6db42e924,654701001,5,22,110,2023-07-13
SYN-817663d6db42e924,662369005,3,34,102,2023-07-13
SYN-817663d6db42e924,663282001,5,42,210,2023-07-13
SYN-817663d6db42e924,664319008,5,25,125,2023-07-13
SYN-817663d6db42e924,674014003,3,31,93,2023-07-13
SYN-817f64d6d5be6bea,561445006,5,9,45,2023-01-27
SYN-817f64d6d5be6bea,675319007,3,48,144,2023-01-27
SYN-817f64d6d5be6bea,687350002,4,12,48,2023-01-27
SYN-81923283b605e652,505221001,2,20,40,2023-07-01
SYN-81923283b605e652,555364003,4,24,96,2023-07-01
SYN-81923283b605e652,578739002,3,17,51,2023-07-01
SYN-81923283b605e652,597082001,3,15,45,2023-07-01
SYN-8197ce8e9903adbf,568601018,6,48,288,2023-08-23
SYN-8199bf3f37f948e4,456163015,5,19,95,2023-07-16
SYN-81a0bbd2189f7420,567993016,4,25,100,2023-03-30
SYN-81a0bbd2189f7420,663007003,3,42,126,2023-03-30
SYN-81afaa90aafcb6ff,568601018,3,51,153,2023-12-02
SYN-81b61277518c097f,656213003,6,32,192,2023-09-27
SYN-81c05e27a74a646f,550309004,4,25,100,2023-09-12
SYN-81c05e27a74a646f,594345001,4,29,116,2023-09-12
SYN-81c97852d68dc1e6,520508001,4,12,48,2023-04-03
SYN-81c97852d68dc1e6,607833001,4,48,192,2023-04-03
SYN-81c97852d68dc1e6,607834007,4,25,100,2023-04-03
SYN-81c97852d68dc1e6,698943004,3,17,51,2023-04-03
SYN-81ccbeaee78f9dce,451380001,5,46,230,2023-12-17
SYN-81ccbeaee78f9dce,451380008,3,35,105,2023-12-17
SYN-81ccbeaee78f9dce,451380032,6,27,162,2023-12-17
SYN-81ccbeaee78f9dce,540395010,5,40,200,2023-12-17
SYN-81ccbeaee78f9dce,608007006,5,36,180,2023-12-17
SYN-81ccbeaee78f9dce,611929005,3,15,45,2023-12-17
SYN-81ccbeaee78f9dce,618950004,3,24,72,2023-12-17
SYN-81ccbeaee78f9dce,690276001,6,25,150,2023-12-17
SYN-81d3ac69b5800444,568597009,6,27,162,2023-04-11
SYN-81d3ac69b5800444,663396001,6,51,306,2023-04-11
SYN-8212104c3a7fc522,464297007,2,17,34,2023-03-04
SYN-8212104c3a7fc522,540277007,4,25,100,2023-03-04
SYN-8212104c3a7fc522,610776001,2,9,18,2023-03-04
SYN-821e2f9472f7ed1c,524825013,6,42,252,2023-08-04
SYN-822d4c1d8a0146aa,538271001,4,31,124,2023-05-29
SYN-822d4c1d8a0146aa,594834010,3,42,126,2023-05-29
SYN-82424d2c77ca7b7d,612935007,6,34,204,2023-10-27
SYN-8247432b9ad0e03b,613060002,6,25,150,2023-02-05
SYN-8247432b9ad0e03b,688873001,5,34,170,2023-02-05
SYN-8247432b9ad0e03b,694689002,4,51,204,2023-02-05
SYN-8249bbda843ee54a,552826001,5,9,45,2023-08-17
SYN-8249bbda843ee54a,562245001,2,22,44,2023-08-17
SYN-8249bbda843ee54a,562245018,4,20,80,2023-08-17
SYN-8249bbda843ee54a,562245050,4,22,88,2023-08-17
SYN-824bff8f06285e9b,612636001,4,20,80,2023-02-26
SYN-8269b5ac454cc80f,399087001,4,34,136,2023-07-06
SYN-8269b5ac454cc80f,399087017,6,24,144,2023-07-06
SYN-827f3aaf5a5c9980,516000056,4,17,68,2023-06-08
SYN-827f3aaf5a5c9980,579541001,5,17,85,2023-06-08
SYN-8281f16c6cd683a1,673638005,4,17,68,2023-07-14
SYN-828dfe71af96a8b8,647423001,2,42,84,2023-03-17
SYN-828dfe71af96a8b8,705754001,5,31,155,2023-03-17
SYN-8291e44951712890,639836004,6,102,612,2023-06-01
SYN-8295b9ded45c03a5,631470003,3,42,126,2023-01-26
SYN-8295b9ded45c03a5,661809001,6,59,354,2023-01-26
SYN-8295b9ded45c03a5,667491005,3,25,75,2023-01-26
SYN-8295b9ded45c03a5,667491011,5,25,125,2023-01-26
SYN-8295b9ded45c03a5,680846001,3,34,102,2023-01-26
SYN-82972a1ed03a6d0c,589222001,5,24,120,2023-02-12
SYN-82972a1ed03a6d0c,589222005,5,24,120,2023-02-12
SYN-8299e976909f34fd,219075023,3,51,153,2023-04-24
SYN-8299e976909f34fd,219075028,5,51,255,2023-04-24
SYN-829eb2382d5d97a1,666585003,2,34,68,2023-04-05
SYN-82af525d8c4eb3df,516903008,6,34,204,2023-07-05
SYN-82af525d8c4eb3df,701580001,6,51,306,2023-07-05
SYN-82cf2b1664cacfb4,617919017,4,24,96,2023-07-06
SYN-82cfd977d38a73ed,554141004,4,14,56,2023-10-02
SYN-82cfd977d38a73ed,554541015,4,36,144,2023-10-02
SYN-82cfd977d38a73ed,554541016,6,36,216,2023-10-02
SYN-82cfd977d38a73ed,625518004,3,58,174,2023-10-02
SYN-82cfd977d38a73ed,632803004,5,34,170,2023-10-02
SYN-82cfd977d38a73ed,687338001,4,25,100,2023-10-02
SYN-82fedfa508019b83,399256023,3,17,51,2023-09-10
SYN-82fedfa508019b83,463970040,3,22,66,2023-09-10
SYN-82fedfa508019b83,541512005,3,22,66,2023-09-10
SYN-82fedfa508019b83,556429004,4,14,56,2023-09-10
SYN-82fedfa508019b83,573085001,6,24,144,2023-09-10
SYN-82fedfa508019b83,588689005,2,20,40,2023-09-10
SYN-82fedfa508019b83,589222001,2,24,48,2023-09-10
SYN-82fedfa508019b83,589222005,3,24,72,2023-09-10
SYN-82fedfa508019b83,612075001,2,15,30,2023-09-10
SYN-82fedfa508019b83,613246004,6,25,150,2023-09-10
SYN-82fedfa508019b83,636392002,6,12,72,2023-09-10
SYN-82fedfa508019b83,639656001,3,22,66,2023-09-10
SYN-83066bc010d961f3,505071001,2,24,48,2023-06-27
SYN-83066bc010d961f3,635049004,6,14,84,2023-06-27
SYN-83088602715ce43b,633925003,6,20,120,2023-12-13
SYN-83088602715ce43b,646676002,6,51,306,2023-12-13
SYN-830c525832741a61,560047002,4,14,56,2023-02-27
SYN-831192940db2d717,541097001,6,24,144,2023-10-30
SYN-831192940db2d717,585682001,6,12,72,2023-10-30
SYN-831192940db2d717,588659001,5,10,50,2023-10-30
SYN-831192940db2d717,597035001,4,12,48,2023-10-30
SYN-831192940db2d717,597572003,4,12,48,2023-10-30
SYN-831192940db2d717,610822017,6,5,30,2023-10-30
SYN-831192940db2d717,610822019,6,3,18,2023-10-30
SYN-831192940db2d717,618917009,4,3,12,2023-10-30
SYN-831192940db2d717,630037002,4,3,12,2023-10-30
SYN-8324e7e62d324083,212629040,5,12,60,2023-04-27
SYN-8324e7e62d324083,351484014,3,14,42,2023-04-27
SYN-8324e7e62d324083,608007006,6,36,216,2023-04-27
SYN-8324e7e62d324083,621759002,3,12,36,2023-04-27
SYN-8324e7e62d324083,639578004,3,17,51,2023-04-27
SYN-8324e7e62d324083,639598004,3,15,45,2023-04-27
SYN-8324e7e62d324083,640157001,5,20,100,2023-04-27
SYN-833a343306a2db60,630141001,3,42,126,2023-11-18
SYN-833a343306a2db60,650279001,2,31,62,2023-11-18
SYN-8345e65524e67a15,200182001,6,14,84,2023-09-27
SYN-8357fbdac2b489c9,456163024,2,34,68,2023-12-28
SYN-8357fbdac2b489c9,613497006,5,34,170,2023-12-28
SYN-8357fbdac2b489c9,649328001,6,17,102,2023-12-28
SYN-8357fbdac2b489c9,656015001,3,12,36,2023-12-28
SYN-8357fbdac2b489c9,656015002,4,17,68,2023-12-28
SYN-8357fbdac2b489c9,669363001,2,59,118,2023-12-28
SYN-8357fbdac2b489c9,674890001,2,51,102,2023-12-28
SYN-8357fbdac2b489c9,677930006,5,17,85,2023-12-28
SYN-8357fbdac2b489c9,683662006,2,14,28,2023-12-28
SYN-8357fbdac2b489c9,699566001,6,68,408,2023-12-28
SYN-835ca908eeb10995,614496003,5,17,85,2023-08-18
SYN-835ca908eeb10995,622140003,4,14,56,2023-08-18
SYN-835ca908eeb10995,625316004,5,17,85,2023-08-18
SYN-835ca908eeb10995,639578004,4,10,40,2023-08-18
SYN-835ca908eeb10995,639598004,4,9,36,2023-08-18
SYN-835ca908eeb10995,661414002,6,25,150,2023-08-18
SYN-83614d5ec47bea37,586257002,6,9,54,2023-11-21
SYN-83614d5ec47bea37,586273002,6,19,114,2023-11-21
SYN-83614d5ec47bea37,635112003,3,17,51,2023-11-21
SYN-83702127f1ce5a34,665228001,2,68,136,2023-06-07
SYN-837f6ce59089a34e,610182007,5,19,95,2023-07-24
SYN-839619e015386c93,458924011,6,9,54,2023-01-15
SYN-839619e015386c93,562820006,3,9,27,2023-01-15
SYN-839619e015386c93,567626001,6,34,204,2023-01-15
SYN-839619e015386c93,573716002,3,25,75,2023-01-15
SYN-839619e015386c93,573716012,5,25,125,2023-01-15
SYN-839619e015386c93,622240002,6,7,42,2023-01-15
SYN-83b55398809b2375,583554002,3,24,72,2023-07-15
SYN-83b55398809b2375,589641001,6,25,150,2023-07-15
SYN-83bedb7f506e2d58,432566001,6,17,102,2023-12-23
SYN-83bedb7f506e2d58,652730003,2,51,102,2023-12-23
SYN-83bedb7f506e2d58,652747001,5,51,255,2023-12-23
SYN-83bedb7f506e2d58,665481004,3,51,153,2023-12-23
SYN-83befb08b4369b02,662728004,3,25,75,2023-07-18
SYN-83befb08b4369b02,668767004,6,17,102,2023-07-18
SYN-83befb08b4369b02,673677002,4,17,68,2023-07-18
SYN-83c5ba5241c30e05,541518023,3,31,93,2023-10-04
SYN-83c5ba5241c30e05,685687001,3,17,51,2023-10-04
SYN-83c5ba5241c30e05,685687002,5,17,85,2023-10-04
SYN-83c5ba5241c30e05,685687003,2,17,34,2023-10-04
SYN-83cadf5de7e7b2ef,501820003,2,17,34,2023-04-30
SYN-83cadf5de7e7b2ef,562245001,3,22,66,2023-04-30
SYN-83dbdf64238001ec,417427035,6,29,174,2023-09-23
SYN-83dd02525d7289ad,568597016,3,42,126,2023-08-18
SYN-83dd02525d7289ad,568601016,4,51,204,2023-08-18
SYN-83df8d514215726b,431034005,2,14,28,2023-01-28
SYN-83df8d514215726b,482638017,5,9,45,2023-01-28
SYN-83df8d514215726b,482638018,3,9,27,2023-01-28
SYN-83df8d514215726b,488311001,6,22,132,2023-01-28
SYN-83df8d514215726b,493766003,4,22,88,2023-01-28
SYN-83df8d514215726b,495393002,2,15,30,2023-01-28
SYN-83df8d514215726b,554450015,5,14,70,2023-01-28
SYN-83df8d514215726b,563479002,6,14,84,2023-01-28
SYN-83df8d514215726b,608007007,5,36,180,2023-01-28
SYN-83ed7dac2bb9d538,640124001,2,25,50,2023-01-18
SYN-83ef780def314bb9,552473021,3,25,75,2023-04-03
SYN-83ef780def314bb9,677711003,2,22,44,2023-04-03
SYN-83feba3a6fe77635,399201005,5,59,295,2023-09-30
SYN-83feba3a6fe77635,534181005,4,168,672,2023-09-30
SYN-83feba3a6fe77635,534181007,5,168,840,2023-09-30
SYN-83feba3a6fe77635,646429003,3,51,153,2023-09-30
SYN-83feba3a6fe77635,648998001,3,42,126,2023-09-30
SYN-83feba3a6fe77635,661811001,5,102,510,2023-09-30
SYN-83feba3a6fe77635,685687001,6,17,102,2023-09-30
SYN-8419e70ef1c1c86f,610776001,4,9,36,2023-03-20
SYN-8419e70ef1c1c86f,636455012,4,51,204,2023-03-20
SYN-841d98f42d5ccb4a,527687006,5,102,510,2023-06-11
SYN-841d98f42d5ccb4a,650193004,2,51,102,2023-06-11
SYN-8420b1ea1abb14ac,307239001,6,25,150,2023-07-25
SYN-8420b1ea1abb14ac,453358001,6,10,60,2023-07-25
SYN-8420b1ea1abb14ac,486639003,5,31,155,2023-07-25
SYN-8420b1ea1abb14ac,539723005,4,34,136,2023-07-25
SYN-8420b1ea1abb14ac,604655006,4,34,136,2023-07-25
SYN-8420b1ea1abb14ac,610776002,3,9,27,2023-07-25
SYN-8420b1ea1abb14ac,612935007,2,34,68,2023-07-25
SYN-8420b1ea1abb14ac,621381011,5,34,170,2023-07-25
SYN-8420b1ea1abb14ac,633135001,4,34,136,2023-07-25
SYN-8420b1ea1abb14ac,640807003,5,68,340,2023-07-25
SYN-8420b1ea1abb14ac,647334001,5,59,295,2023-07-25
SYN-8420b1ea1abb14ac,671783004,5,25,125,2023-07-25
SYN-8420b1ea1abb14ac,682604001,4,34,136,2023-07-25
SYN-8430ecef10a44d44,665477001,4,31,124,2023-01-01
SYN-8430ecef10a44d44,685687003,6,17,102,2023-01-01
SYN-84334e21f2670ef7,396135007,2,14,28,2023-11-19
SYN-84334e21f2670ef7,396135048,4,14,56,2023-11-19
SYN-843a126cbf29612f,622825008,6,15,90,2023-03-18
SYN-843a126cbf29612f,674536001,6,46,276,2023-03-18
SYN-84442a73aa50b9e4,669882001,5,24,120,2023-05-19
SYN-8456bf6043bb7ce4,393447015,5,68,340,2023-10-15
SYN-8456bf6043bb7ce4,549253001,2,32,64,2023-10-15
SYN-8456bf6043bb7ce4,608210001,5,17,85,2023-10-15
SYN-8456bf6043bb7ce4,637820001,4,42,168,2023-10-15
SYN-8456bf6043bb7ce4,664122003,6,85,510,2023-10-15
SYN-84570d7892f65978,607834001,5,25,125,2023-09-19
SYN-84570d7892f65978,607834002,6,25,150,2023-09-19
SYN-84570d7892f65978,665477001,5,34,170,2023-09-19
SYN-845a2bfb81a18274,617857002,2,14,28,2023-03-23
SYN-845a2bfb81a18274,639525002,2,25,50,2023-03-23
SYN-845b962a6450fd20,457292020,3,10,30,2023-05-23
SYN-845b962a6450fd20,547747001,6,14,84,2023-05-23
SYN-845b962a6450fd20,551504001,4,71,284,2023-05-23
SYN-845b962a6450fd20,560030016,5,17,85,2023-05-23
SYN-845b962a6450fd20,568597012,6,24,144,2023-05-23
SYN-845b962a6450fd20,585000002,5,39,195,2023-05-23
SYN-845b962a6450fd20,611364001,5,24,120,2023-05-23
SYN-845b962a6450fd20,619566001,5,29,145,2023-05-23
SYN-845b962a6450fd20,622162001,4,9,36,2023-05-23
SYN-845b962a6450fd20,627197002,2,17,34,2023-05-23
SYN-845b962a6450fd20,627197003,5,14,70,2023-05-23
SYN-845b962a6450fd20,635050002,5,20,100,2023-05-23
SYN-845b962a6450fd20,635418002,6,12,72,2023-05-23
SYN-845b962a6450fd20,637131001,2,22,44,2023-05-23
SYN-845b962a6450fd20,638553001,2,41,82,2023-05-23
SYN-845b962a6450fd20,642105001,2,17,34,2023-05-23
SYN-845b962a6450fd20,642960002,3,20,60,2023-05-23
SYN-845b962a6450fd20,647190003,6,17,102,2023-05-23
SYN-845b962a6450fd20,647373002,2,42,84,2023-05-23
SYN-846190de0fa96c63,688873020,6,34,204,2023-03-26
SYN-847969a5e82cd121,564787011,6,42,252,2023-06-10
SYN-847969a5e82cd121,564787014,6,42,252,2023-06-10
SYN-847969a5e82cd121,655347002,2,17,34,2023-06-10
SYN-847a569b286f7b01,547780001,4,25,100,2023-02-12
SYN-847a569b286f7b01,557248001,5,34,170,2023-02-12
SYN-848cab1d41abf789,686269001,5,17,85,2023-03-03
SYN-848dd9abb367b1bb,549262001,4,64,256,2023-09-26
SYN-848dd9abb367b1bb,680492001,4,51,204,2023-09-26
SYN-8491c36a7c0b6420,464454004,2,7,14,2023-12-24
SYN-8491c36a7c0b6420,637124003,2,9,18,2023-12-24
SYN-8491c36a7c0b6420,644800004,6,31,186,2023-12-24
SYN-84a4ab14a6c9eaa9,591088001,3,34,102,2023-09-16
SYN-84a4ab14a6c9eaa9,692454002,5,25,125,2023-09-16
SYN-84af9e1f33c94c7a,653032007,3,17,51,2023-03-25
SYN-84b04f498518a0a5,649397003,6,37,222,2023-08-01
SYN-84b04f498518a0a5,656734005,3,44,132,2023-08-01
SYN-84b04f498518a0a5,660712007,6,42,252,2023-08-01
SYN-84b04f498518a0a5,688873011,4,32,128,2023-08-01
SYN-84b5922de67b86f9,593986001,5,49,245,2023-08-05
SYN-84bf0b30220bff04,662369014,3,34,102,2023-02-03
SYN-84c3bdcc401f36bd,325087018,4,25,100,2023-06-14
SYN-84c3bdcc401f36bd,520508001,3,20,60,2023-06-14
SYN-84c3bdcc401f36bd,520509001,5,20,100,2023-06-14
SYN-84c3bdcc401f36bd,529008011,6,20,120,2023-06-14
SYN-84c3bdcc401f36bd,560270001,5,31,155,2023-06-14
SYN-84c3bdcc401f36bd,628788001,5,25,125,2023-06-14
SYN-84c5aedc4e38795c,501616008,4,25,100,2023-03-12
SYN-84c5aedc4e38795c,501616012,2,25,50,2023-03-12
SYN-84c5aedc4e38795c,501616074,3,25,75,2023-03-12
SYN-84c81f6b0603fcec,399136004,2,59,118,2023-07-03
SYN-84c81f6b0603fcec,399136033,3,85,255,2023-07-03
SYN-84c81f6b0603fcec,537346026,4,42,168,2023-07-03
SYN-84c81f6b0603fcec,573284064,6,10,60,2023-07-03
SYN-84c81f6b0603fcec,615018001,2,25,50,2023-07-03
SYN-84c81f6b0603fcec,665325001,3,22,66,2023-07-03
SYN-84c81f6b0603fcec,680912005,3,17,51,2023-07-03
SYN-84c81f6b0603fcec,684588006,4,25,100,2023-07-03
SYN-84ce2ccf1714837c,589924009,2,25,50,2023-10-21
SYN-84ce2ccf1714837c,610776002,3,9,27,2023-10-21
SYN-84ce2ccf1714837c,683662005,3,14,42,2023-10-21
SYN-84d076ccbda8b8da,568597009,6,27,162,2023-09-30
SYN-84d076ccbda8b8da,568601008,4,51,204,2023-09-30
SYN-84d4a13d205de910,575488001,2,7,14,2023-08-17
SYN-84d4a13d205de910,623842003,2,3,6,2023-08-17
SYN-84d4c4ac91014297,633130002,4,17,68,2023-08-23
SYN-84d4c4ac91014297,667499006,2,25,50,2023-08-23
SYN-84d6af5e77c4d53f,675359001,4,40,160,2023-08-14
SYN-84e22d57f56a2150,619229008,6,14,84,2023-10-28
SYN-84e22d57f56a2150,627579003,6,22,132,2023-10-28
SYN-84e22d57f56a2150,644628001,3,29,87,2023-10-28
SYN-84e22d57f56a2150,645424001,5,51,255,2023-10-28
SYN-84e22d57f56a2150,687421001,2,19,38,2023-10-28
SYN-84e5eed97102b980,596472001,6,25,150,2023-07-06
SYN-84e5eed97102b980,653409003,5,219,1095,2023-07-06
SYN-84e704b184b457a5,561548002,4,5,20,2023-10-15
SYN-84e704b184b457a5,631458001,4,7,28,2023-10-15
SYN-84f3f2763434ca5b,554450004,4,34,136,2023-07-12
SYN-84f3f2763434ca5b,645980001,3,34,102,2023-07-12
SYN-851b5d64a41d795d,189616006,6,17,102,2023-12-19
SYN-851b5d64a41d795d,189616007,4,17,68,2023-12-19
SYN-851b5d64a41d795d,189616008,4,17,68,2023-12-19
SYN-851b5d64a41d795d,466891001,4,24,96,2023-12-19
SYN-851b5d64a41d795d,684889001,4,51,204,2023-12-19
SYN-851bdc75f0de15ee,592975013,5,51,255,2023-03-02
SYN-851e555df2b9f839,608483002,2,11,22,2023-01-28
SYN-852968a58b9897ad,637230001,3,51,153,2023-02-23
SYN-852968a58b9897ad,663327002,6,42,252,2023-02-23
SYN-852968a58b9897ad,686972001,3,219,657,2023-02-23
SYN-852968a58b9897ad,700822003,4,68,272,2023-02-23
SYN-85417d16a66230bc,400285006,4,44,176,2023-11-15
SYN-85417d16a66230bc,479227020,2,5,10,2023-11-15
SYN-85417d16a66230bc,579541011,5,17,85,2023-11-15
SYN-85417d16a66230bc,615566001,6,51,306,2023-11-15
SYN-85417d16a66230bc,619451003,5,14,70,2023-11-15
SYN-8541d71270e52d25,399201005,5,59,295,2023-12-22
SYN-8541d71270e52d25,589222001,6,24,144,2023-12-22
SYN-8541d71270e52d25,589222005,3,24,72,2023-12-22
SYN-8541d71270e52d25,662888003,5,34,170,2023-12-22
SYN-8541d71270e52d25,663368001,3,51,153,2023-12-22
SYN-8545b5a123f4d1d6,504154027,4,42,168,2023-04-14
SYN-8545b5a123f4d1d6,537346004,2,42,84,2023-04-14
SYN-8545b5a123f4d1d6,629379002,3,68,204,2023-04-14
SYN-8545b5a123f4d1d6,637549011,3,34,102,2023-04-14
SYN-8545b5a123f4d1d6,638568001,3,97,291,2023-04-14
SYN-8545b5a123f4d1d6,643552001,4,42,168,2023-04-14
SYN-8554cc80bdb5cc36,700774001,5,59,295,2023-03-11
SYN-856763ee2df433b7,678073001,3,25,75,2023-06-02
SYN-856a1bfedf59e2f1,550309001,5,42,210,2023-03-28
SYN-856a1bfedf59e2f1,550309006,5,42,210,2023-03-28
SYN-856a1bfedf59e2f1,669713007,2,34,68,2023-03-28
SYN-85708aa349155735,685687004,3,17,51,2023-03-31
SYN-858b931d0c0bdfdf,636455008,4,51,204,2023-04-30
SYN-858b931d0c0bdfdf,673677002,5,17,85,2023-04-30
SYN-85aec38c1094de6f,583060001,3,17,51,2023-02-26
SYN-85aec38c1094de6f,583388001,2,17,34,2023-02-26
SYN-85aec38c1094de6f,608596002,2,36,72,2023-02-26
SYN-85aec38c1094de6f,610314002,3,12,36,2023-02-26
SYN-85aec38c1094de6f,610726001,4,14,56,2023-02-26
SYN-85aec38c1094de6f,616763001,5,9,45,2023-02-26
SYN-85aec38c1094de6f,655969001,6,10,60,2023-02-26
SYN-85aec38c1094de6f,656367001,2,36,72,2023-02-26
SYN-85aec38c1094de6f,656377002,4,25,100,2023-02-26
SYN-85b314102cc9c50a,549607002,6,168,1008,2023-09-05
SYN-85b314102cc9c50a,575004005,3,17,51,2023-09-05
SYN-85b314102cc9c50a,583351005,5,17,85,2023-09-05
SYN-85b314102cc9c50a,661645002,6,10,60,2023-09-05
SYN-85b314102cc9c50a,663732001,4,17,68,2023-09-05
SYN-85b314102cc9c50a,677664001,3,102,306,2023-09-05
SYN-85b76ef983903360,656037001,2,136,272,2023-07-22
SYN-85b76ef983903360,671622001,4,22,88,2023-07-22
SYN-85b76ef983903360,689980002,2,92,184,2023-07-22
SYN-85b76ef983903360,690912001,4,85,340,2023-07-22
SYN-85e633d1f4ce1054,522398049,6,17,102,2023-07-22
SYN-85e633d1f4ce1054,522398050,6,17,102,2023-07-22
SYN-85e633d1f4ce1054,522398051,4,17,68,2023-07-22
SYN-85e633d1f4ce1054,522398053,3,17,51,2023-07-22
SYN-85e633d1f4ce1054,608016002,6,68,408,2023-07-22
SYN-85e633d1f4ce1054,615021010,4,9,36,2023-07-22
SYN-85e633d1f4ce1054,680188003,3,22,66,2023-07-22
SYN-85ed850d8ec5c438,610776023,4,9,36,2023-02-27
SYN-85ed850d8ec5c438,658030001,4,51,204,2023-02-27
SYN-85ed850d8ec5c438,658030002,6,46,276,2023-02-27
SYN-85fd5c8364b972dd,539723001,5,34,170,2023-04-02
SYN-85fd5c8364b972dd,539723007,6,34,204,2023-04-02
SYN-8602c770e70c0e87,228257001,5,10,50,2023-11-09
SYN-8616a22ff708e724,507910020,4,25,100,2023-08-01
SYN-8616a22ff708e724,534210006,2,17,34,2023-08-01
SYN-8616a22ff708e724,564417001,2,14,28,2023-08-01
SYN-8616a22ff708e724,573888001,5,31,155,2023-08-01
SYN-8616a22ff708e724,588104002,4,25,100,2023-08-01
SYN-8616a22ff708e724,616905002,6,27,162,2023-08-01
SYN-8616a22ff708e724,617534004,2,25,50,2023-08-01
SYN-8616a22ff708e724,622041001,2,29,58,2023-08-01
SYN-8616a22ff708e724,631492002,6,17,102,2023-08-01
SYN-8616a22ff708e724,631492007,3,17,51,2023-08-01
SYN-8616a22ff708e724,672554001,2,34,68,2023-08-01
SYN-8616a22ff708e724,693474001,2,34,68,2023-08-01
SYN-861970a1fa9723ef,593990001,6,35,210,2023-03-15
SYN-861970a1fa9723ef,647334001,6,58,348,2023-03-15
SYN-861970a1fa9723ef,661705001,3,58,174,2023-03-15
SYN-861970a1fa9723ef,687169001,3,115,345,2023-03-15
SYN-8645c8888098cfda,677095001,5,34,170,2023-01-08
SYN-8645c8888098cfda,677809001,5,34,170,2023-01-08
SYN-865df66f088f8725,662076003,3,59,177,2023-05-29
SYN-8662b7e2991e214b,685687001,4,17,68,2023-08-14
SYN-8662b7e2991e214b,685687004,3,17,51,2023-08-14
SYN-8662b7e2991e214b,691764006,2,34,68,2023-08-14
SYN-867ce0986e7a1afe,555347001,5,47,235,2023-09-14
SYN-867ce0986e7a1afe,626441007,3,34,102,2023-09-14
SYN-867ce0986e7a1afe,651793002,3,17,51,2023-09-14
SYN-867ce0986e7a1afe,651793004,5,17,85,2023-09-14
SYN-8686e4daf0c7486b,610744007,3,15,45,2023-02-19
SYN-8686e4daf0c7486b,685687004,6,17,102,2023-02-19
SYN-868be64a5e97f723,656345001,6,32,192,2023-04-14
SYN-868c6118c548f2af,501820045,6,15,90,2023-01-25
SYN-868c6118c548f2af,591334014,5,15,75,2023-01-25
SYN-868c6118c548f2af,673630001,5,31,155,2023-01-25
SYN-868c6118c548f2af,685687004,6,15,90,2023-01-25
SYN-8692fdfcc5852d20,608952004,2,20,40,2023-04-12
SYN-86aa68e84c06c4b4,618784002,6,31,186,2023-06-29
SYN-86aa68e84c06c4b4,634383001,2,42,84,2023-06-29
SYN-86aa68e84c06c4b4,649437001,3,34,102,2023-06-29
SYN-86aa68e84c06c4b4,650138001,5,25,125,2023-06-29
SYN-86bb686290fb2992,316657010,2,66,132,2023-04-13
SYN-86bb686290fb2992,610776001,2,8,16,2023-04-13
SYN-86bb686290fb2992,620951002,2,33,66,2023-04-13
SYN-86bb686290fb2992,676198001,4,49,196,2023-04-13
SYN-86bb686290fb2992,685687002,6,16,96,2023-04-13
SYN-86bb686290fb2992,685687003,4,16,64,2023-04-13
SYN-86bb686290fb2992,692002005,2,49,98,2023-04-13
SYN-86c55dff0d3d9ed8,577992001,6,11,66,2023-11-23
SYN-86c798464c43887b,469562036,5,40,200,2023-05-02
SYN-86cda255a257a33a,628930004,3,17,51,2023-05-09
SYN-86cda255a257a33a,633148004,3,25,75,2023-05-09
SYN-86cda255a257a33a,652355001,6,17,102,2023-05-09
SYN-86cdbf31a6d165c2,652657001,4,14,56,2023-12-28
SYN-86cdbf31a6d165c2,655855001,6,34,204,2023-12-28
SYN-86cdbf31a6d165c2,677930004,6,17,102,2023-12-28
SYN-86cdbf31a6d165c2,678086001,3,25,75,2023-12-28
SYN-86cdbf31a6d165c2,678086002,3,25,75,2023-12-28
SYN-86cdbf31a6d165c2,680810001,6,34,204,2023-12-28
SYN-86cdbf31a6d165c2,683662002,4,14,56,2023-12-28
SYN-86cdbf31a6d165c2,689123001,5,25,125,2023-12-28
SYN-86d0f2077cfcc120,681686002,6,72,432,2023-09-27
SYN-86d92a19f12ea672,456163015,3,20,60,2023-06-26
SYN-86d92a19f12ea672,504155001,4,34,136,2023-06-26
SYN-86d92a19f12ea672,633781014,6,17,102,2023-06-26
SYN-86d92a19f12ea672,648630001,4,14,56,2023-06-26
SYN-86d92a19f12ea672,661162002,4,34,136,2023-06-26
SYN-86d92a19f12ea672,678153001,5,51,255,2023-06-26
SYN-86d92a19f12ea672,684210002,5,59,295,2023-06-26
SYN-86ed189c0dd26a23,536139011,4,10,40,2023-02-11
SYN-86ed189c0dd26a23,667985003,4,34,136,2023-02-11
SYN-86fd86f92ee66ed4,611821006,4,32,128,2023-10-05
SYN-870d9981ccd58a12,573716039,4,20,80,2023-10-04
SYN-871fd07248683428,562245001,2,22,44,2023-03-18
SYN-871fd07248683428,562245034,4,20,80,2023-03-18
SYN-872d70f78ec683ec,520508001,5,12,60,2023-10-18
SYN-87454bb434d6b314,653428002,3,136,408,2023-10-28
SYN-876d721040cf0724,554598009,2,16,32,2023-03-26
SYN-876d721040cf0724,554598026,4,17,68,2023-03-26
SYN-876d721040cf0724,554598028,3,17,51,2023-03-26
SYN-8775fd13ee434d81,521302008,3,15,45,2023-01-02
SYN-8775fd13ee434d81,572124006,4,41,164,2023-01-02
SYN-8775fd13ee434d81,686265001,3,17,51,2023-01-02
SYN-877f9925d642f6cc,663568001,6,42,252,2023-04-26
SYN-877fd3e78d0657c8,595779002,5,25,125,2023-09-07
SYN-877fd3e78d0657c8,662888003,5,34,170,2023-09-07
SYN-87835d25a3acc3dd,619148005,2,24,48,2023-01-29
SYN-87835d25a3acc3dd,684083003,2,34,68,2023-01-29
SYN-878ab34de9acb724,663942005,6,31,186,2023-12-06
SYN-878c7d60993343ae,578626008,6,51,306,2023-08-09
SYN-878c7d60993343ae,618480001,5,34,170,2023-08-09
SYN-87a36c1ed8129027,572399005,6,17,102,2023-11-03
SYN-87a36c1ed8129027,584483001,5,17,85,2023-11-03
SYN-87a36c1ed8129027,597918001,4,17,68,2023-11-03
SYN-87a36c1ed8129027,611364001,5,24,120,2023-11-03
SYN-87a36c1ed8129027,619727003,3,12,36,2023-11-03
SYN-87c361d3569f3115,399201023,4,76,304,2023-04-12
SYN-87c361d3569f3115,399256005,5,12,60,2023-04-12
SYN-87c361d3569f3115,626816004,6,23,138,2023-04-12
SYN-87c3cc2e3f2ff7ab,607247002,2,51,102,2023-05-24
SYN-87c3cc2e3f2ff7ab,640807003,3,68,204,2023-05-24
SYN-87c3cc2e3f2ff7ab,683662005,6,14,84,2023-05-24
SYN-87c3cc2e3f2ff7ab,687524001,6,25,150,2023-05-24
SYN-87c9c6265b6b58ea,688632001,5,34,170,2023-11-04
SYN-87cfe6fccfd6b6a7,637549001,2,34,68,2023-06-04
SYN-87cfe6fccfd6b6a7,637661001,5,51,255,2023-06-04
SYN-87cfe6fccfd6b6a7,705148001,4,22,88,2023-06-04
SYN-87d125aee39f87d5,580746002,5,12,60,2023-03-30
SYN-87d18956a8b228b7,386681012,5,17,85,2023-10-17
SYN-87d18956a8b228b7,568808002,2,42,84,2023-10-17
SYN-87d18956a8b228b7,652730003,2,48,96,2023-10-17
SYN-87d20ceade078a9a,583533002,5,64,320,2023-10-15
SYN-87dce5e6c0307d0f,524825011,2,42,84,2023-01-25
SYN-87e11c78e0ee340e,355072003,2,9,18,2023-09-14
SYN-87e11c78e0ee340e,626813010,2,25,50,2023-09-14
SYN-87e11c78e0ee340e,664190001,2,85,170,2023-09-14
SYN-87fc69f497391ab2,399223028,5,34,170,2023-07-12
SYN-87fc69f497391ab2,534357002,6,68,408,2023-07-12
SYN-8810df69542c51f0,484398056,6,17,102,2023-06-10
SYN-8810df69542c51f0,558246003,5,15,75,2023-06-10
SYN-8810df69542c51f0,611378001,2,20,40,2023-06-10
SYN-88124d9d39e6dfa5,640677002,5,25,125,2023-04-24
SYN-8820537d6947f85f,507909001,3,25,75,2023-05-29
SYN-8820537d6947f85f,652657001,4,14,56,2023-05-29
SYN-882ee904acc03d91,524825012,5,42,210,2023-10-21
SYN-882ee904acc03d91,615141003,5,25,125,2023-10-21
SYN-882ee904acc03d91,687921002,5,34,170,2023-10-21
SYN-882ee904acc03d91,691579001,6,68,408,2023-10-21
SYN-882ee904acc03d91,691989003,4,68,272,2023-10-21
SYN-8838dbeb084052d6,506110001,4,24,96,2023-02-07
SYN-88579221a21b375a,671553002,3,17,51,2023-07-04
SYN-88579221a21b375a,673638001,5,17,85,2023-07-04
SYN-8857d1979101b62d,505221001,2,20,40,2023-03-10
SYN-8857d1979101b62d,505221004,2,15,30,2023-03-10
SYN-8857d1979101b62d,532578009,2,7,14,2023-03-10
SYN-8857d1979101b62d,570574001,3,17,51,2023-03-10
SYN-8857d1979101b62d,619727003,4,12,48,2023-03-10
SYN-8857d1979101b62d,627389006,6,15,90,2023-03-10
SYN-8886f8171fd9f698,541519024,6,17,102,2023-10-13
SYN-8886f8171fd9f698,560389011,3,31,93,2023-10-13
SYN-8886f8171fd9f698,619506002,2,14,28,2023-10-13
SYN-8886f8171fd9f698,625321010,6,25,150,2023-10-13
SYN-8886f8171fd9f698,630116001,6,34,204,2023-10-13
SYN-88969a9eeee08da4,462435012,5,32,160,2023-11-21
SYN-88969a9eeee08da4,516712001,2,21,42,2023-11-21
SYN-88969a9eeee08da4,566799007,2,8,16,2023-11-21
SYN-88969a9eeee08da4,591334014,5,16,80,2023-11-21
SYN-88969a9eeee08da4,649492005,5,16,80,2023-11-21
SYN-88969a9eeee08da4,683662005,2,13,26,2023-11-21
SYN-88af9222cb7a4bb3,578478001,3,34,102,2023-03-03
SYN-88af9222cb7a4bb3,615092001,6,17,102,2023-03-03
SYN-88af9222cb7a4bb3,652731008,3,59,177,2023-03-03
SYN-88af9222cb7a4bb3,663396002,3,51,153,2023-03-03
SYN-88af9222cb7a4bb3,663942002,2,34,68,2023-03-03
SYN-88af9222cb7a4bb3,691291001,5,34,170,2023-03-03
SYN-88b121ddfdc37f61,637673005,6,34,204,2023-01-23
SYN-88b121ddfdc37f61,664133001,4,42,168,2023-01-23
SYN-88b121ddfdc37f61,685687001,2,17,34,2023-01-23
SYN-88b9ab4f62eb7b7f,516903005,5,34,170,2023-08-23
SYN-88b9ab4f62eb7b7f,524825013,6,42,252,2023-08-23
SYN-88b9ab4f62eb7b7f,570781008,5,17,85,2023-08-23
SYN-88c3cdbad0c08b8b,433414028,4,42,168,2023-04-22
SYN-88c3cdbad0c08b8b,534164013,3,34,102,2023-04-22
SYN-88c3cdbad0c08b8b,546617004,5,17,85,2023-04-22
SYN-88c3cdbad0c08b8b,546617005,2,17,34,2023-04-22
SYN-88c3cdbad0c08b8b,571052001,2,15,30,2023-04-22
SYN-88c3cdbad0c08b8b,571052008,2,42,84,2023-04-22
SYN-88c3cdbad0c08b8b,695255001,5,34,170,2023-04-22
SYN-88c828507869aae1,562761004,2,14,28,2023-09-17
SYN-88c828507869aae1,677930002,2,17,34,2023-09-17
SYN-88c828507869aae1,678553003,6,34,204,2023-09-17
SYN-88dcb96533446bf2,693951004,6,25,150,2023-04-06
SYN-88ee658c5f0386ea,703795001,4,34,136,2023-11-04
SYN-88f58fc5c156bb8a,241412038,3,25,75,2023-01-06
SYN-88f58fc5c156bb8a,633808001,3,14,42,2023-01-06
SYN-88f58fc5c156bb8a,671217002,4,25,100,2023-01-06
SYN-88fa93774cc70535,501820043,3,17,51,2023-08-28
SYN-8935594dbffd7bd3,622159002,6,24,144,2023-11-17
SYN-8935594dbffd7bd3,633130002,6,17,102,2023-11-17
SYN-8935594dbffd7bd3,640462002,4,34,136,2023-11-17
SYN-8935594dbffd7bd3,672890003,5,25,125,2023-11-17
SYN-8935594dbffd7bd3,678974002,4,14,56,2023-11-17
SYN-8935594dbffd7bd3,685687003,5,17,85,2023-11-17
SYN-8935594dbffd7bd3,685687004,3,17,51,2023-11-17
SYN-8935594dbffd7bd3,691184001,2,17,34,2023-11-17
SYN-8938ad651f6c7afc,467302099,5,17,85,2023-08-01
SYN-8938ad651f6c7afc,645980001,2,34,68,2023-08-01
SYN-8939c38cdf75bbfc,700861001,2,43,86,2023-07-18
SYN-893a574d0f003c38,666354002,2,34,68,2023-03-15
SYN-893a574d0f003c38,690276002,6,25,150,2023-03-15
SYN-894f6809665da7c6,695890001,2,136,272,2023-09-25
SYN-894fb03f52710f0c,630116002,4,31,124,2023-12-09
SYN-8970a09ed194e05c,576775001,6,31,186,2023-06-27
SYN-8970a09ed194e05c,625939002,4,9,36,2023-06-27
SYN-8970a09ed194e05c,625939025,4,9,36,2023-06-27
SYN-8970a09ed194e05c,678065001,5,42,210,2023-06-27
SYN-89791cead4048935,605094008,2,7,14,2023-10-22
SYN-897b385bb5ef2da8,569933006,2,42,84,2023-04-17
SYN-897b385bb5ef2da8,581275002,2,7,14,2023-04-17
SYN-897b385bb5ef2da8,605939001,6,39,234,2023-04-17
SYN-897b385bb5ef2da8,613551002,3,41,123,2023-04-17
SYN-897e7ad4b49b97b8,620945002,6,5,30,2023-01-30
SYN-897e7ad4b49b97b8,620963002,4,3,12,2023-01-30
SYN-89909e4a8dad5ff6,521302006,3,25,75,2023-07-26
SYN-899381fc83cc0904,605094018,5,12,60,2023-07-03
SYN-899381fc83cc0904,649046004,3,44,132,2023-07-03
SYN-89a09c4d5e4233ac,680912009,3,12,36,2023-07-15
SYN-89a09c4d5e4233ac,685687001,6,17,102,2023-07-15
SYN-89a09c4d5e4233ac,685687004,5,17,85,2023-07-15
SYN-89b181667153d89b,556527010,3,43,129,2023-04-28
SYN-89b181667153d89b,585006004,4,22,88,2023-04-28
SYN-89b181667153d89b,591702003,6,26,156,2023-04-28
SYN-89b181667153d89b,607691001,2,26,52,2023-04-28
SYN-89b181667153d89b,693951004,6,25,150,2023-04-28
SYN-89bf2f501b420e3e,399136060,3,76,228,2023-06-19
SYN-89bf2f501b420e3e,399201022,2,76,152,2023-06-19
SYN-89bf2f501b420e3e,553881015,3,15,45,2023-06-19
SYN-89bf2f501b420e3e,632220001,5,24,120,2023-06-19
SYN-89d0637b2b03f6a8,243937001,3,17,51,2023-03-10
SYN-89d0637b2b03f6a8,617279003,4,68,272,2023-03-10
SYN-89d0637b2b03f6a8,630141003,3,42,126,2023-03-10
SYN-89db32e3fc946462,574109014,3,25,75,2023-02-28
SYN-89db32e3fc946462,633130001,4,17,68,2023-02-28
SYN-89e222f802391843,272591001,3,17,51,2023-08-09
SYN-89e222f802391843,543061005,6,20,120,2023-08-09
SYN-89e222f802391843,653702001,4,17,68,2023-08-09
SYN-89e222f802391843,667378001,6,34,204,2023-08-09
SYN-89e222f802391843,667378002,6,34,204,2023-08-09
SYN-89e222f802391843,667379002,2,42,84,2023-08-09
SYN-89e222f802391843,667379003,2,42,84,2023-08-09
SYN-89e639ae51523251,578487012,6,68,408,2023-06-14
SYN-89e639ae51523251,592975012,3,51,153,2023-06-14
SYN-89e639ae51523251,636586002,2,34,68,2023-06-14
SYN-89e639ae51523251,648414005,4,42,168,2023-06-14
SYN-89e639ae51523251,679494001,6,42,252,2023-06-14
SYN-8a011ee6c8902110,685687004,5,17,85,2023-10-31
SYN-8a011ee6c8902110,700828001,6,51,306,2023-10-31
SYN-8a0a2aff2e39556b,636455008,3,42,126,2023-11-29
SYN-8a19a82351e96085,391772001,4,42,168,2023-02-19
SYN-8a3b67454c107e66,675139006,5,17,85,2023-05-16
SYN-8a410bfb0a6de9e9,654423002,4,22,88,2023-02-06
SYN-8a410bfb0a6de9e9,654434002,2,9,18,2023-02-06
SYN-8a410bfb0a6de9e9,660519003,2,26,52,2023-02-06
SYN-8a410bfb0a6de9e9,664075005,6,12,72,2023-02-06
SYN-8a4f9d4d45ca8129,620585013,6,17,102,2023-12-01
SYN-8a4f9d4d45ca8129,639151001,6,76,456,2023-12-01
SYN-8a4f9d4d45ca8129,639151002,3,97,291,2023-12-01
SYN-8a5255137a64a089,492899005,2,2,4,2023-02-22
SYN-8a5255137a64a089,508691004,4,12,48,2023-02-22
SYN-8a5255137a64a089,568863005,3,20,60,2023-02-22
SYN-8a5255137a64a089,581086002,2,14,28,2023-02-22
SYN-8a5255137a64a089,588526002,5,68,340,2023-02-22
SYN-8a5255137a64a089,603367001,6,32,192,2023-02-22
SYN-8a5255137a64a089,620945003,5,3,15,2023-02-22
SYN-8a5255137a64a089,620945004,6,3,18,2023-02-22
SYN-8a5255137a64a089,620963003,6,3,18,2023-02-22
SYN-8a5255137a64a089,620963004,4,3,12,2023-02-22
SYN-8a5b577286f1255b,516903005,3,34,102,2023-07-08
SYN-8a62d9c372820381,634153001,5,31,155,2023-04-11
SYN-8a62d9c372820381,643271002,3,42,126,2023-04-11
SYN-8a71bf80c2e9e2ad,484108006,5,20,100,2023-07-07
SYN-8a71bf80c2e9e2ad,484108008,4,20,80,2023-07-07
SYN-8a71bf80c2e9e2ad,656897001,5,51,255,2023-07-07
SYN-8a71bf80c2e9e2ad,690478001,4,34,136,2023-07-07
SYN-8a71bf80c2e9e2ad,714424001,4,42,168,2023-07-07
SYN-8a76daef241fa844,648968003,2,34,68,2023-03-02
SYN-8a76daef241fa844,720384002,6,68,408,2023-03-02
SYN-8a7c4d1e62d84673,593184007,3,119,357,2023-10-17
SYN-8a7c4d1e62d84673,653621003,5,102,510,2023-10-17
SYN-8a872946bb52d230,469137001,2,31,62,2023-09-25
SYN-8a872946bb52d230,539878006,6,42,252,2023-09-25
SYN-8a872946bb52d230,594264001,4,25,100,2023-09-25
SYN-8a872946bb52d230,633781012,4,17,68,2023-09-25
SYN-8a872946bb52d230,651913003,2,25,50,2023-09-25
SYN-8a872946bb52d230,652269004,6,49,294,2023-09-25
SYN-8a872946bb52d230,661610001,2,36,72,2023-09-25
SYN-8a872946bb52d230,665089001,3,34,102,2023-09-25
SYN-8a8c16a33ea782fe,189616006,2,17,34,2023-04-08
SYN-8a8c16a33ea782fe,621381008,3,34,102,2023-04-08
SYN-8a8c16a33ea782fe,633131002,6,42,252,2023-04-08
SYN-8a8c16a33ea782fe,674492004,4,25,100,2023-04-08
SYN-8a8e68809deef206,560221011,2,25,50,2023-06-27
SYN-8a8e68809deef206,560221025,5,25,125,2023-06-27
SYN-8a8e68809deef206,560222011,4,10,40,2023-06-27
SYN-8a8e68809deef206,560222016,6,10,60,2023-06-27
SYN-8a8e68809deef206,589599002,2,10,20,2023-06-27
SYN-8a8e68809deef206,589599021,4,17,68,2023-06-27
SYN-8a8e68809deef206,599580004,5,9,45,2023-06-27
SYN-8a8e68809deef206,599580012,6,9,54,2023-06-27
SYN-8a916d385ff03ddd,545258008,3,51,153,2023-07-11
SYN-8a916d385ff03ddd,632523001,5,59,295,2023-07-11
SYN-8a92dfa872d8cd56,581154003,5,29,145,2023-03-24
SYN-8a92dfa872d8cd56,605230010,3,29,87,2023-03-24
SYN-8a92dfa872d8cd56,607703001,2,14,28,2023-03-24
SYN-8a92dfa872d8cd56,639672001,4,20,80,2023-03-24
SYN-8a92dfa872d8cd56,650103003,5,24,120,2023-03-24
SYN-8a96ed9a39a0290e,507909001,2,25,50,2023-01-05
SYN-8a96ed9a39a0290e,524825013,5,42,210,2023-01-05
SYN-8a96ed9a39a0290e,590920002,4,31,124,2023-01-05
SYN-8a96ed9a39a0290e,609727002,5,31,155,2023-01-05
SYN-8a96ed9a39a0290e,636455009,3,51,153,2023-01-05
SYN-8a96ed9a39a0290e,649662002,5,68,340,2023-01-05
SYN-8a96ed9a39a0290e,671852003,4,31,124,2023-01-05
SYN-8a96ed9a39a0290e,678942003,6,17,102,2023-01-05
SYN-8a96ed9a39a0290e,685687004,4,17,68,2023-01-05
SYN-8a96ed9a39a0290e,688341001,3,14,42,2023-01-05
SYN-8a96ed9a39a0290e,691149002,6,68,408,2023-01-05
SYN-8a96ed9a39a0290e,692216003,2,42,84,2023-01-05
SYN-8a96ed9a39a0290e,700828001,3,51,153,2023-01-05
SYN-8a96ed9a39a0290e,705094001,4,42,168,2023-01-05
SYN-8ace403f7c8b2fe9,529008038,6,25,150,2023-06-15
SYN-8ace403f7c8b2fe9,622961002,6,50,300,2023-06-15
SYN-8ace403f7c8b2fe9,633148004,3,25,75,2023-06-15
SYN-8ace403f7c8b2fe9,633148011,5,25,125,2023-06-15
SYN-8ace403f7c8b2fe9,671491001,2,51,102,2023-06-15
SYN-8ad82c92edf31b52,562245001,4,22,88,2023-09-04
SYN-8ad82c92edf31b52,573085001,3,24,72,2023-09-04
SYN-8ad82c92edf31b52,573085004,2,34,68,2023-09-04
SYN-8ad82c92edf31b52,677172003,3,34,102,2023-09-04
SYN-8ad9ac0e613dbca2,399061008,3,59,177,2023-09-30
SYN-8ae3aa6aa4d5376f,507910001,6,25,150,2023-09-02
SYN-8ae3aa6aa4d5376f,563519003,6,25,150,2023-09-02
SYN-8af8410cbef80aac,537346024,5,42,210,2023-06-16
SYN-8af8410cbef80aac,688873007,4,34,136,2023-06-16
SYN-8b017be2787c728b,156231001,2,9,18,2023-05-25
SYN-8b017be2787c728b,301656017,5,48,240,2023-05-25
SYN-8b135c0b1f8ebc55,648968001,4,34,136,2023-01-09
SYN-8b135c0b1f8ebc55,648968003,6,32,192,2023-01-09
SYN-8b1f82330b53fba9,655287002,5,42,210,2023-06-29
SYN-8b2e476743877b89,610776017,3,9,27,2023-05-14
SYN-8b2e476743877b89,610776023,3,9,27,2023-05-14
SYN-8b2e476743877b89,639573001,5,14,70,2023-05-14
SYN-8b3e288267c56e95,564358003,4,34,136,2023-11-09
SYN-8b3e288267c56e95,609146009,4,17,68,2023-11-09
SYN-8b3e288267c56e95,657852007,6,34,204,2023-11-09
SYN-8b40504de5671f70,559616006,6,10,60,2023-09-18
SYN-8b40504de5671f70,594997002,2,10,20,2023-09-18
SYN-8b4c23d8ad8d3fc5,605053003,4,14,56,2023-03-24
SYN-8b4c33d582b92164,608007007,2,36,72,2023-09-18
SYN-8b4c33d582b92164,635673001,2,14,28,2023-09-18
SYN-8b4c33d582b92164,651619001,2,31,62,2023-09-18
SYN-8b50e96906b94109,502186011,2,34,68,2023-06-27
SYN-8b50e96906b94109,562245018,5,20,100,2023-06-27
SYN-8b50e96906b94109,573085005,3,22,66,2023-06-27
SYN-8b50e96906b94109,573085010,3,34,102,2023-06-27
SYN-8b50e96906b94109,637492001,5,42,210,2023-06-27
SYN-8b50e96906b94109,667491011,5,25,125,2023-06-27
SYN-8b50e96906b94109,671505002,3,34,102,2023-06-27
SYN-8b50e96906b94109,677711001,3,22,66,2023-06-27
SYN-8b50e96906b94109,680220001,2,25,50,2023-06-27
SYN-8b50e96906b94109,685687001,2,17,34,2023-06-27
SYN-8b50e96906b94109,685687004,6,17,102,2023-06-27
SYN-8b50e96906b94109,692454002,5,25,125,2023-06-27
SYN-8b50e96906b94109,700833004,6,68,408,2023-06-27
SYN-8b5298df4b2b4298,524825013,5,42,210,2023-01-06
SYN-8b5298df4b2b4298,543310001,6,50,300,2023-01-06
SYN-8b5298df4b2b4298,612170001,4,22,88,2023-01-06
SYN-8b5298df4b2b4298,641741002,6,83,498,2023-01-06
SYN-8b5298df4b2b4298,650682001,6,50,300,2023-01-06
SYN-8b5298df4b2b4298,658298001,5,42,210,2023-01-06
SYN-8b5298df4b2b4298,667491011,6,25,150,2023-01-06
SYN-8b5298df4b2b4298,671022001,2,25,50,2023-01-06
SYN-8b5298df4b2b4298,673396002,5,13,65,2023-01-06
SYN-8b5298df4b2b4298,685687003,2,17,34,2023-01-06
SYN-8b5298df4b2b4298,687427001,4,33,132,2023-01-06
SYN-8b5298df4b2b4298,714421001,2,33,66,2023-01-06
SYN-8b5e27adc163e7ff,584925001,4,36,144,2023-04-06
SYN-8b66f79019c6037c,456163009,4,34,136,2023-07-13
SYN-8b777c774a978a8a,631590005,6,46,276,2023-10-28
SYN-8b777c774a978a8a,660599002,5,25,125,2023-10-28
SYN-8b797d98342d0a47,495573002,6,25,150,2023-04-24
SYN-8b797d98342d0a47,652671004,2,31,62,2023-04-24
SYN-8b797d98342d0a47,680810002,2,34,68,2023-04-24
SYN-8b92c902deef20b3,469137010,5,22,110,2023-07-31
SYN-8b92c902deef20b3,513373002,5,42,210,2023-07-31
SYN-8b92c902deef20b3,574057002,2,34,68,2023-07-31
SYN-8b92c902deef20b3,615141001,3,25,75,2023-07-31
SYN-8b92c902deef20b3,615141003,3,25,75,2023-07-31
SYN-8b92c902deef20b3,618800006,3,34,102,2023-07-31
SYN-8b92c902deef20b3,638953002,5,17,85,2023-07-31
SYN-8b92c902deef20b3,691555001,5,22,110,2023-07-31
SYN-8ba861d55527fc70,657476007,3,17,51,2023-07-27
SYN-8bb2c299203831af,579541004,3,17,51,2023-05-28
SYN-8bb4ff21dc42e3da,399201020,4,81,324,2023-11-02
SYN-8bb4ff21dc42e3da,399201023,3,85,255,2023-11-02
SYN-8bb4ff21dc42e3da,399223004,2,34,68,2023-11-02
SYN-8bba9e5e0f843ea7,442915001,6,31,186,2023-12-21
SYN-8bc233c62d352229,251510001,2,17,34,2023-07-27
SYN-8bd34018a4be3de6,370868012,4,10,40,2023-12-18
SYN-8bd34018a4be3de6,592291002,4,9,36,2023-12-18
SYN-8bd34018a4be3de6,611216001,6,9,54,2023-12-18
SYN-8bd34018a4be3de6,625927004,4,9,36,2023-12-18
SYN-8bd62e7966768286,669105001,4,119,476,2023-04-06
SYN-8bd823453663038b,520508001,5,12,60,2023-06-09
SYN-8bd823453663038b,633377008,2,34,68,2023-06-09
SYN-8bd823453663038b,663355003,5,34,170,2023-06-09
SYN-8be0dc5e215eca6b,510126010,4,51,204,2023-11-06
SYN-8be0dc5e215eca6b,510126016,6,51,306,2023-11-06
SYN-8be0dc5e215eca6b,628920001,3,17,51,2023-11-06
SYN-8be59740007237ff,524825013,5,42,210,2023-12-16
SYN-8be59740007237ff,666448004,3,25,75,2023-12-16
SYN-8bed2b16c2f7e4fc,562245034,6,20,120,2023-07-18
SYN-8bed2b16c2f7e4fc,613246002,6,25,150,2023-07-18
SYN-8bed2b16c2f7e4fc,671057003,3,5,15,2023-07-18
SYN-8befe33f949e479d,397068012,6,34,204,2023-03-16
SYN-8befe33f949e479d,397068015,3,34,102,2023-03-16
SYN-8befe33f949e479d,569984001,6,17,102,2023-03-16
SYN-8befe33f949e479d,637255010,3,25,75,2023-03-16
SYN-8befe33f949e479d,663664002,3,34,102,2023-03-16
SYN-8befe33f949e479d,678073002,5,25,125,2023-03-16
SYN-8bf7d565379d7b9c,660712012,4,42,168,2023-10-06
SYN-8bf7d565379d7b9c,673677002,3,17,51,2023-10-06
SYN-8bfb6bcf54fbf9b2,538142004,3,25,75,2023-01-14
SYN-8bfb6bcf54fbf9b2,558246003,2,15,30,2023-01-14
SYN-8bfb6bcf54fbf9b2,569929001,2,68,136,2023-01-14
SYN-8bfb6bcf54fbf9b2,617900007,4,14,56,2023-01-14
SYN-8bfb6bcf54fbf9b2,644783001,3,31,93,2023-01-14
SYN-8bfe5479c33122db,452511001,2,12,24,2023-04-29
SYN-8bfe5479c33122db,534181005,2,168,336,2023-04-29
SYN-8bfe5479c33122db,591702004,5,31,155,2023-04-29
SYN-8bfe5479c33122db,625773003,3,59,177,2023-04-29
SYN-8bfe5479c33122db,658298001,3,42,126,2023-04-29
SYN-8bfe5479c33122db,662935002,3,51,153,2023-04-29
SYN-8bfef23959df1ec7,501820042,4,17,68,2023-08-22
SYN-8bfef23959df1ec7,685687003,3,17,51,2023-08-22
SYN-8c124c03b940f5d2,519583015,2,21,42,2023-08-23
SYN-8c124c03b940f5d2,561445026,3,9,27,2023-08-23
SYN-8c124c03b940f5d2,615042004,6,17,102,2023-08-23
SYN-8c124c03b940f5d2,622961001,5,59,295,2023-08-23
SYN-8c146c778a1d41ce,451243012,2,17,34,2023-11-10
SYN-8c146c778a1d41ce,484398056,5,17,85,2023-11-10
SYN-8c146c778a1d41ce,552471003,2,17,34,2023-11-10
SYN-8c146c778a1d41ce,562820006,3,9,27,2023-11-10
SYN-8c146c778a1d41ce,564419002,3,9,27,2023-11-10
SYN-8c146c778a1d41ce,685687002,4,17,68,2023-11-10
SYN-8c15c0b7b69cca64,558986001,3,22,66,2023-10-02
SYN-8c1e40e839db780b,592975020,5,41,205,2023-11-14
SYN-8c1e40e839db780b,625819001,3,25,75,2023-11-14
SYN-8c1e40e839db780b,625819003,5,25,125,2023-11-14
SYN-8c1e40e839db780b,688873007,5,34,170,2023-11-14
SYN-8c21318ff626ea40,639576002,2,51,102,2023-11-24
SYN-8c21318ff626ea40,656975002,6,68,408,2023-11-24
SYN-8c2bdef4e02e5e1d,567728006,6,19,114,2023-08-13
SYN-8c2bdef4e02e5e1d,600044002,2,15,30,2023-08-13
SYN-8c2f3bc3e18d9ac8,493438012,3,25,75,2023-12-17
SYN-8c2f3bc3e18d9ac8,630141002,4,42,168,2023-12-17
SYN-8c83976e1f6bd56a,685276005,3,51,153,2023-10-01
SYN-8c83976e1f6bd56a,685276006,3,51,153,2023-10-01
SYN-8c8869af2bac6da7,501820004,3,17,51,2023-06-05
SYN-8c8869af2bac6da7,572400001,2,34,68,2023-06-05
SYN-8c93db3be85af8e4,625528001,6,50,300,2023-09-10
SYN-8c93db3be85af8e4,667999003,6,14,84,2023-09-10
SYN-8c9c2e42f94fdb4d,156231002,4,5,20,2023-01-22
SYN-8c9c2e42f94fdb4d,569929001,5,68,340,2023-01-22
SYN-8cbc738b5c9d75b3,608776009,2,14,28,2023-01-24
SYN-8cbc738b5c9d75b3,692454002,3,25,75,2023-01-24
SYN-8cc19530ae4f138f,479227001,6,10,60,2023-03-30
SYN-8cc19530ae4f138f,479227018,4,9,36,2023-03-30
SYN-8cc19530ae4f138f,479227020,4,5,20,2023-03-30
SYN-8cc19530ae4f138f,522398023,6,7,42,2023-03-30
SYN-8cc19530ae4f138f,604640001,3,51,153,2023-03-30
SYN-8cc6a52c103e1124,653114001,4,85,340,2023-08-02
SYN-8cd6c30e2cd749a5,478549001,4,51,204,2023-12-14
SYN-8cd6c30e2cd749a5,547780001,2,25,50,2023-12-14
SYN-8cd6c30e2cd749a5,570900001,5,51,255,2023-12-14
SYN-8cd6c30e2cd749a5,572400001,5,34,170,2023-12-14
SYN-8cd6c30e2cd749a5,586503001,4,51,204,2023-12-14
SYN-8cd6c30e2cd749a5,680912011,5,17,85,2023-12-14
SYN-8ce0b5fcc41cfabd,648627002,4,17,68,2023-05-03
SYN-8ce578ba92982090,559634003,4,24,96,2023-04-20
SYN-8ce578ba92982090,562245046,5,34,170,2023-04-20
SYN-8ce578ba92982090,573085001,4,24,96,2023-04-20
SYN-8ce578ba92982090,573085005,4,22,88,2023-04-20
SYN-8ce578ba92982090,574212001,6,20,120,2023-04-20
SYN-8ce578ba92982090,586265001,5,31,155,2023-04-20
SYN-8ce578ba92982090,586265002,6,31,186,2023-04-20
SYN-8ce578ba92982090,643739002,6,47,282,2023-04-20
SYN-8cecef758572c3f6,524825013,3,34,102,2023-04-12
SYN-8cecef758572c3f6,657287004,6,17,102,2023-04-12
SYN-8cf485858d365af9,615141003,4,25,100,2023-09-11
SYN-8cf485858d365af9,618800006,3,34,102,2023-09-11
SYN-8cf485858d365af9,665477002,6,34,204,2023-09-11
SYN-8d064046added438,623115001,4,51,204,2023-12-26
SYN-8d0bede5ec4ee583,487827009,5,34,170,2023-05-16
SYN-8d0bede5ec4ee583,487827014,2,36,72,2023-05-16
SYN-8d0bede5ec4ee583,487827023,6,37,222,2023-05-16
SYN-8d0bede5ec4ee583,620951002,6,34,204,2023-05-16
SYN-8d11535946bc6011,691102001,2,168,336,2023-12-15
SYN-8d31f8862c994bf1,607534006,3,24,72,2023-08-27
SYN-8d31f8862c994bf1,607534010,5,17,85,2023-08-27
SYN-8d4182687b75bb4b,607427002,3,20,60,2023-01-21
SYN-8d46afe979bea23f,657203001,5,68,340,2023-12-17
SYN-8d5000f32dd489fc,562245059,3,20,60,2023-11-27
SYN-8d5000f32dd489fc,582258001,2,25,50,2023-11-27
SYN-8d5000f32dd489fc,613147003,5,12,60,2023-11-27
SYN-8d5000f32dd489fc,633109002,2,17,34,2023-11-27
SYN-8d5000f32dd489fc,635741001,4,5,20,2023-11-27
SYN-8d5527920c0c60fe,642739002,5,34,170,2023-06-23
SYN-8d5527920c0c60fe,681121001,2,17,34,2023-06-23
SYN-8d5f9e822672042e,626813010,5,25,125,2023-12-07
SYN-8d720e72840e4d8e,700833004,3,64,192,2023-01-15
SYN-8d7aca13a92616e1,633135005,4,34,136,2023-01-12
SYN-8d815af4f0178fdf,399256018,3,15,45,2023-07-26
SYN-8d815af4f0178fdf,479604005,3,46,138,2023-07-26
SYN-8d815af4f0178fdf,615959002,3,31,93,2023-07-26
SYN-8d815af4f0178fdf,634320006,4,27,108,2023-07-26
SYN-8d9390aafc44c1fa,727754001,6,20,120,2023-05-28
SYN-8d9629a74446e356,448515018,3,42,126,2023-11-16
SYN-8d9629a74446e356,633808003,3,5,15,2023-11-16
SYN-8d9629a74446e356,640677003,4,25,100,2023-11-16
SYN-8d9629a74446e356,659832007,6,17,102,2023-11-16
SYN-8d98b2a1e6ed2c48,567993015,3,25,75,2023-03-15
SYN-8d98b2a1e6ed2c48,630145001,4,51,204,2023-03-15
SYN-8d9dce9168ab1be9,637515002,6,34,204,2023-05-27
SYN-8d9dce9168ab1be9,655265002,2,25,50,2023-05-27
SYN-8d9dce9168ab1be9,662935001,3,51,153,2023-05-27
SYN-8da01732f02ee5fb,356289005,6,25,150,2023-10-01
SYN-8da01732f02ee5fb,649551010,2,25,50,2023-10-01
SYN-8da01732f02ee5fb,672890001,5,25,125,2023-10-01
SYN-8da53e4f16f6fea0,572399005,6,17,102,2023-02-08
SYN-8da53e4f16f6fea0,622955001,2,59,118,2023-02-08
SYN-8da8908710540158,639192006,2,51,102,2023-07-22
SYN-8da8908710540158,674601001,4,51,204,2023-07-22
SYN-8dab2f5980f93d39,560325002,2,17,34,2023-11-28
SYN-8dab2f5980f93d39,573085027,3,34,102,2023-11-28
SYN-8dab2f5980f93d39,581543002,2,27,54,2023-11-28
SYN-8dab2f5980f93d39,585985003,3,20,60,2023-11-28
SYN-8dab2f5980f93d39,611050001,3,20,60,2023-11-28
SYN-8dab2f5980f93d39,611062001,6,25,150,2023-11-28
SYN-8dab2f5980f93d39,611929005,6,15,90,2023-11-28
SYN-8dab2f5980f93d39,616337002,3,17,51,2023-11-28
SYN-8dab2f5980f93d39,621780001,6,24,144,2023-11-28
SYN-8dab2f5980f93d39,640129003,6,24,144,2023-11-28
SYN-8db625c875009d16,400285006,4,44,176,2023-12-03
SYN-8db625c875009d16,532612003,4,46,184,2023-12-03
SYN-8db625c875009d16,607421002,4,17,68,2023-12-03
SYN-8db625c875009d16,619176001,3,53,159,2023-12-03
SYN-8db625c875009d16,639769001,2,20,40,2023-12-03
SYN-8db806af9f0fb351,399223028,3,34,102,2023-07-22
SYN-8db806af9f0fb351,666382001,6,25,150,2023-07-22
SYN-8db806af9f0fb351,711521001,2,25,50,2023-07-22
SYN-8dbd65da8df3a984,619506004,4,12,48,2023-07-23
SYN-8dbd65da8df3a984,629483002,4,22,88,2023-07-23
SYN-8dbd65da8df3a984,674651002,4,19,76,2023-07-23
SYN-8dbd65da8df3a984,683001001,6,14,84,2023-07-23
SYN-8dbd65da8df3a984,683001002,4,14,56,2023-07-23
SYN-8dc432236cd10efa,529008038,6,22,132,2023-05-26
SYN-8dc432236cd10efa,624048003,4,22,88,2023-05-26
SYN-8dc432236cd10efa,636455008,4,43,172,2023-05-26
SYN-8dc432236cd10efa,636938003,6,29,174,2023-05-26
SYN-8dc45a6362a0f578,659983001,6,42,252,2023-09-04
SYN-8dc45a6362a0f578,659983002,4,42,168,2023-09-04
SYN-8dc45a6362a0f578,664074003,3,17,51,2023-09-04
SYN-8dc45a6362a0f578,673771002,2,25,50,2023-09-04
SYN-8dd8a711bf789631,520829001,5,9,45,2023-03-15
SYN-8dd8a711bf789631,566745007,3,15,45,2023-03-15
SYN-8dd8a711bf789631,632362004,4,10,40,2023-03-15
SYN-8dd8a711bf789631,651902002,5,10,50,2023-03-15
SYN-8dd8a711bf789631,651902003,2,10,20,2023-03-15
SYN-8dd8a711bf789631,655843001,4,25,100,2023-03-15
SYN-8dd8a711bf789631,655843002,4,25,100,2023-03-15
SYN-8dd8a711bf789631,656728002,4,15,60,2023-03-15
SYN-8de716e575cfcb88,501820042,6,17,102,2023-02-21
SYN-8de716e575cfcb88,673677002,5,17,85,2023-02-21
SYN-8e0dee1c2f43aee0,539723007,4,31,124,2023-12-14
SYN-8e0dee1c2f43aee0,633136007,5,31,155,2023-12-14
SYN-8e0dee1c2f43aee0,657497001,5,23,115,2023-12-14
SYN-8e263f4cf1a10c78,649238001,6,27,162,2023-02-22
SYN-8e3705ce1c5754b4,301656017,3,43,129,2023-12-17
SYN-8e3705ce1c5754b4,568597018,2,36,72,2023-12-17
SYN-8e3705ce1c5754b4,568601018,4,43,172,2023-12-17
SYN-8e3705ce1c5754b4,578478003,4,36,144,2023-12-17
SYN-8e3705ce1c5754b4,595779002,2,22,44,2023-12-17
SYN-8e3705ce1c5754b4,595779011,4,22,88,2023-12-17
SYN-8e3705ce1c5754b4,651348005,5,14,70,2023-12-17
SYN-8e3705ce1c5754b4,680220001,4,22,88,2023-12-17
SYN-8e433f2aa5395435,214844002,4,3,12,2023-05-25
SYN-8e433f2aa5395435,495573004,4,25,100,2023-05-25
SYN-8e48c01908f485f1,598795018,5,9,45,2023-04-21
SYN-8e48c01908f485f1,635473001,3,10,30,2023-04-21
SYN-8e849ae88a062a87,669896002,3,34,102,2023-03-03
SYN-8e87786692850d44,675952009,3,34,102,2023-10-22
SYN-8e8dbab1e0c841b7,554598008,3,17,51,2023-12-12
SYN-8e92e8553313752c,526708021,6,9,54,2023-11-20
SYN-8e92e8553313752c,586265001,2,31,62,2023-11-20
SYN-8e92e8553313752c,598795017,2,17,34,2023-11-20
SYN-8e92e8553313752c,612075002,3,12,36,2023-11-20
SYN-8e92e8553313752c,633808005,4,9,36,2023-11-20
SYN-8e92e8553313752c,637223004,3,10,30,2023-11-20
SYN-8e92e8553313752c,637499003,6,12,72,2023-11-20
SYN-8e92e8553313752c,661435002,2,76,152,2023-11-20
SYN-8e92e8553313752c,671057003,2,5,10,2023-11-20
SYN-8e93c0cf9e308ccb,671515001,3,25,75,2023-07-14
SYN-8e93c0cf9e308ccb,671515003,4,25,100,2023-07-14
SYN-8e93c0cf9e308ccb,680186001,2,40,80,2023-07-14
SYN-8e94c50c320d7f0c,612420001,5,8,40,2023-08-24
SYN-8e94c50c320d7f0c,626813010,4,23,92,2023-08-24
SYN-8e94c50c320d7f0c,658030001,3,46,138,2023-08-24
SYN-8e96ddc78f4d46db,591334003,2,14,28,2023-01-24
SYN-8e9ad7084aee6fdc,497640008,4,61,244,2023-01-06
SYN-8e9ad7084aee6fdc,556958001,6,44,264,2023-01-06
SYN-8e9ad7084aee6fdc,607350001,6,49,294,2023-01-06
SYN-8e9ad7084aee6fdc,643540001,3,68,204,2023-01-06
SYN-8e9ad7084aee6fdc,690904001,3,34,102,2023-01-06
SYN-8eaee1f402a2f914,637661004,5,51,255,2023-10-31
SYN-8ecd846e011b4df9,539723005,4,34,136,2023-07-01
SYN-8ecd846e011b4df9,659832006,3,17,51,2023-07-01
SYN-8ecd846e011b4df9,671027001,5,34,170,2023-07-01
SYN-8ecd846e011b4df9,677930004,6,17,102,2023-07-01
SYN-8edadbfe79dee7b3,626054001,4,59,236,2023-12-05
SYN-8ee4372df96e62fd,400296012,2,51,102,2023-12-12
SYN-8ee4372df96e62fd,649551015,2,25,50,2023-12-12
SYN-8efd91b375d35382,679494001,5,14,70,2023-11-06
SYN-8f04c594879b5d2f,622962001,6,51,306,2023-10-03
SYN-8f0b82b5915eec4a,624383004,2,25,50,2023-02-28
SYN-8f0b82b5915eec4a,645485002,6,12,72,2023-02-28
SYN-8f0e67dd15df3197,671022001,3,25,75,2023-05-09
SYN-8f4bfa5c8d193808,559645001,2,14,28,2023-03-21
SYN-8f4bfa5c8d193808,562914001,5,9,45,2023-03-21
SYN-8f5ce2cbaa015c92,549914002,3,12,36,2023-10-22
SYN-8f5ce2cbaa015c92,575464004,3,20,60,2023-10-22
SYN-8f5d2206795d818e,634013012,2,34,68,2023-02-15
SYN-8f5d2206795d818e,637820001,3,42,126,2023-02-15
SYN-8f6777eb2ba202ab,482207009,5,36,180,2023-04-22
SYN-8f6777eb2ba202ab,516741004,6,54,324,2023-04-22
SYN-8f6777eb2ba202ab,516741007,3,56,168,2023-04-22
SYN-8f6777eb2ba202ab,634411001,6,25,150,2023-04-22
SYN-8f6777eb2ba202ab,638039001,5,34,170,2023-04-22
SYN-8f6777eb2ba202ab,652924005,3,42,126,2023-04-22
SYN-8f6777eb2ba202ab,678086001,3,25,75,2023-04-22
SYN-8f6777eb2ba202ab,679881005,6,34,204,2023-04-22
SYN-8f6777eb2ba202ab,679881007,4,34,136,2023-04-22
SYN-8f6777eb2ba202ab,680220001,2,25,50,2023-04-22
SYN-8f6777eb2ba202ab,681891001,6,34,204,2023-04-22
SYN-8f6777eb2ba202ab,684889001,6,51,306,2023-04-22
SYN-8f6777eb2ba202ab,708806001,6,25,150,2023-04-22
SYN-8f79bb03e4d6621d,566941003,3,22,66,2023-04-23
SYN-8f7a8872e777732e,554598003,3,9,27,2023-06-23
SYN-8f7a8872e777732e,655969001,2,10,20,2023-06-23
SYN-8f8c0cb5aa519690,665477002,4,27,108,2023-12-19
SYN-8f8c0cb5aa519690,665477003,2,31,62,2023-12-19
SYN-8f8ed33f287e90a9,653431003,3,168,504,2023-02-08
SYN-8f95ed9d9eb12903,490794012,4,9,36,2023-02-16
SYN-8f95ed9d9eb12903,496923008,5,24,120,2023-02-16
SYN-8f95ed9d9eb12903,505230006,5,25,125,2023-02-16
SYN-8f95ed9d9eb12903,552473008,5,15,75,2023-02-16
SYN-8f95ed9d9eb12903,552473023,3,12,36,2023-02-16
SYN-8f95ed9d9eb12903,552475006,4,10,40,2023-02-16
SYN-8f95ed9d9eb12903,554757003,6,14,84,2023-02-16
SYN-8f95ed9d9eb12903,563027004,5,29,145,2023-02-16
SYN-8f95ed9d9eb12903,607390002,2,10,20,2023-02-16
SYN-8f95ed9d9eb12903,627139001,3,17,51,2023-02-16
SYN-8f95ed9d9eb12903,639667005,3,36,108,2023-02-16
SYN-8f95ed9d9eb12903,651285001,4,24,96,2023-02-16
SYN-8facfb5bb0b42617,586361001,4,17,68,2023-02-09
SYN-8fbebd134b131b2e,539723005,4,31,124,2023-03-10
SYN-8fbebd134b131b2e,573085027,5,31,155,2023-03-10
SYN-8fc9a125959c754f,564792012,3,14,42,2023-03-01
SYN-8fc9a125959c754f,568065003,6,9,54,2023-03-01
SYN-8fcea8acbd0387a3,469039019,3,22,66,2023-08-14
SYN-8fcea8acbd0387a3,534181005,2,168,336,2023-08-14
SYN-8fcea8acbd0387a3,618784002,6,31,186,2023-08-14
SYN-8fcea8acbd0387a3,623115001,3,51,153,2023-08-14
SYN-8fcea8acbd0387a3,661796002,4,219,876,2023-08-14
SYN-8fcea8acbd0387a3,685631001,6,168,1008,2023-08-14
SYN-8fd9dee2a4caaa46,599502001,5,36,180,2023-11-22
SYN-8fd9dee2a4caaa46,599502005,2,51,102,2023-11-22
SYN-8fd9dee2a4caaa46,637268006,6,48,288,2023-11-22
SYN-8fe0ffcecd052bc8,400296003,2,31,62,2023-02-01
SYN-8fe0ffcecd052bc8,679725001,3,51,153,2023-02-01
SYN-8fed00a518d14077,306307076,3,9,27,2023-05-27
SYN-8fed00a518d14077,316441001,6,17,102,2023-05-27
SYN-8fed00a518d14077,548613005,3,17,51,2023-05-27
SYN-8fed00a518d14077,554598001,5,17,85,2023-05-27
SYN-8fed00a518d14077,554598003,6,17,102,2023-05-27
SYN-8fed00a518d14077,610776002,2,9,18,2023-05-27
SYN-8fed00a518d14077,611024001,6,17,102,2023-05-27
SYN-8fed00a518d14077,630696001,2,25,50,2023-05-27
SYN-8fed00a518d14077,633781002,2,17,34,2023-05-27
SYN-8fed00a518d14077,678342001,6,9,54,2023-05-27
SYN-8fed00a518d14077,678342002,3,9,27,2023-05-27
SYN-8fed00a518d14077,678342003,3,9,27,2023-05-27
SYN-8fed00a518d14077,705032002,6,31,186,2023-05-27
SYN-8fed66e0c9820722,494030020,6,5,30,2023-05-24
SYN-90009c7878c8092d,671505002,5,29,145,2023-06-04
SYN-9005af0cd667e11c,680499003,6,51,306,2023-10-11
SYN-9006dc329f3cc78c,572127020,2,15,30,2023-07-12
SYN-9006dc329f3cc78c,628979006,3,137,411,2023-07-12
SYN-9006dc329f3cc78c,670645001,2,137,274,2023-07-12
SYN-9006dc329f3cc78c,670752001,5,137,685,2023-07-12
SYN-9006dc329f3cc78c,682285001,5,151,755,2023-07-12
SYN-9006dc329f3cc78c,694860002,4,304,1216,2023-07-12
SYN-901eef9c6b3c855d,386681018,5,17,85,2023-06-29
SYN-9029f4fdc1a8c598,665311001,2,46,92,2023-05-03
SYN-9029f4fdc1a8c598,691579001,3,61,183,2023-05-03
SYN-902e7788c9ce0138,626588003,4,68,272,2023-09-25
SYN-903ac1224b9ba1c9,189616006,3,17,51,2023-05-11
SYN-903ac1224b9ba1c9,448509014,3,34,102,2023-05-11
SYN-903ac1224b9ba1c9,448509015,5,34,170,2023-05-11
SYN-903ac1224b9ba1c9,539723007,5,27,135,2023-05-11
SYN-903ac1224b9ba1c9,552471023,3,7,21,2023-05-11
SYN-903ac1224b9ba1c9,573085027,4,27,108,2023-05-11
SYN-903ac1224b9ba1c9,615566001,5,41,205,2023-05-11
SYN-903ac1224b9ba1c9,615566002,3,41,123,2023-05-11
SYN-903ac1224b9ba1c9,631590002,5,41,205,2023-05-11
SYN-903ac1224b9ba1c9,634775001,5,22,110,2023-05-11
SYN-903ac1224b9ba1c9,640462002,5,34,170,2023-05-11
SYN-903ac1224b9ba1c9,646536003,4,17,68,2023-05-11
SYN-903ac1224b9ba1c9,665477001,4,27,108,2023-05-11
SYN-903ac1224b9ba1c9,665477002,3,27,81,2023-05-11
SYN-903ac1224b9ba1c9,665477003,3,27,81,2023-05-11
SYN-903ac1224b9ba1c9,685687004,4,17,68,2023-05-11
SYN-90432ed2da57a624,399136023,5,34,170,2023-05-18
SYN-90432ed2da57a624,399136033,3,68,204,2023-05-18
SYN-90432ed2da57a624,601284002,3,16,48,2023-05-18
SYN-90432ed2da57a624,612537001,3,25,75,2023-05-18
SYN-90441593c4ec18d1,658487003,4,25,100,2023-12-16
SYN-904ed145250999e9,575839002,5,20,100,2023-11-20
SYN-904ed145250999e9,621525002,5,10,50,2023-11-20
SYN-904ed145250999e9,621525003,5,12,60,2023-11-20
SYN-90569d32669a21d3,504154022,2,42,84,2023-09-21
SYN-90569d32669a21d3,608776003,4,14,56,2023-09-21
SYN-90569d32669a21d3,685347001,3,17,51,2023-09-21
SYN-905a009417c06c15,664936004,4,72,288,2023-11-07
SYN-9061593cf7d861a2,451243013,4,14,56,2023-12-07
SYN-9061593cf7d861a2,526562001,2,32,64,2023-12-07
SYN-9061593cf7d861a2,526562004,5,32,160,2023-12-07
SYN-9061593cf7d861a2,581127010,6,20,120,2023-12-07
SYN-9061593cf7d861a2,667999001,5,16,80,2023-12-07
SYN-9061593cf7d861a2,667999003,4,16,64,2023-12-07
SYN-9061593cf7d861a2,667999004,2,16,32,2023-12-07
SYN-9061593cf7d861a2,682971001,2,34,68,2023-12-07
SYN-906f2d06568bfe88,613456007,5,17,85,2023-01-06
SYN-906f2d06568bfe88,622140003,5,14,70,2023-01-06
SYN-906f2d06568bfe88,625316007,6,17,102,2023-01-06
SYN-906f2d06568bfe88,688873012,2,24,48,2023-01-06
SYN-908469276ee5cd31,378135031,4,68,272,2023-10-25
SYN-908469276ee5cd31,584298009,6,34,204,2023-10-25
SYN-9094f4d3e3528d88,524825010,3,42,126,2023-02-11
SYN-9094f4d3e3528d88,568808001,2,42,84,2023-02-11
SYN-9094f4d3e3528d88,573716040,4,25,100,2023-02-11
SYN-9094f4d3e3528d88,615092002,3,17,51,2023-02-11
SYN-9094f4d3e3528d88,616030001,3,10,30,2023-02-11
SYN-9094f4d3e3528d88,686631001,5,42,210,2023-02-11
SYN-9096137ddd08695e,711521001,3,25,75,2023-10-16
SYN-90a616f4b14c4b06,619881009,5,51,255,2023-04-18
SYN-90a65d67a1a42f1a,685284003,5,42,210,2023-04-23
SYN-90a70b41c187c7ee,190021001,5,14,70,2023-01-25
SYN-90a70b41c187c7ee,581971001,4,59,236,2023-01-25
SYN-90a70b41c187c7ee,620081001,4,25,100,2023-01-25
SYN-90a70b41c187c7ee,626346001,6,17,102,2023-01-25
SYN-90a70b41c187c7ee,636455009,3,51,153,2023-01-25
SYN-90a70b41c187c7ee,649397003,6,42,252,2023-01-25
SYN-90a70b41c187c7ee,691543001,5,51,255,2023-01-25
SYN-90be61bf8b27d92c,636938001,5,34,170,2023-04-03
SYN-90f4005ae145f44e,662328001,2,40,80,2023-12-19
SYN-911c1ccce38f70d8,552473037,6,25,150,2023-10-19
SYN-913223aa73a0bf1e,644873001,3,17,51,2023-05-27
SYN-913259ae32eadffc,685687004,5,17,85,2023-08-07
SYN-91475211598ceba2,567993016,6,25,150,2023-12-07
SYN-91475211598ceba2,568594001,6,14,84,2023-12-07
SYN-91475211598ceba2,630116001,6,34,204,2023-12-07
SYN-91475211598ceba2,630116008,6,34,204,2023-12-07
SYN-914cccd3be4ff3d9,305931001,6,32,192,2023-04-25
SYN-91507091151d5477,373506001,6,14,84,2023-04-09
SYN-91507091151d5477,373506008,3,14,42,2023-04-09
SYN-91507091151d5477,557247013,2,17,34,2023-04-09
SYN-915881515a83dcbe,671502001,2,49,98,2023-08-09
SYN-915881515a83dcbe,685791002,4,161,644,2023-08-09
SYN-917d9d4f434bb992,642482001,4,41,164,2023-05-25
SYN-9191059c69449209,243937023,5,16,80,2023-06-18
SYN-9191059c69449209,579541001,3,16,48,2023-06-18
SYN-9191059c69449209,608776009,4,12,48,2023-06-18
SYN-9191059c69449209,663942005,2,31,62,2023-06-18
SYN-9191059c69449209,671553002,5,16,80,2023-06-18
SYN-919243bb62fe3fe6,639976002,6,85,510,2023-02-02
SYN-91943907a79a160d,612182001,2,34,68,2023-02-06
SYN-91943907a79a160d,660712003,5,42,210,2023-02-06
SYN-9197438c81391256,662868004,4,34,136,2023-02-15
SYN-9197438c81391256,675319001,2,51,102,2023-02-15
SYN-9197438c81391256,675952009,5,34,170,2023-02-15
SYN-9198aa789143f648,610097001,5,29,145,2023-06-25
SYN-91b70e884ceca536,625939003,4,9,36,2023-08-19
SYN-91bf93c333bc9953,516903011,3,31,93,2023-10-11
SYN-91bf93c333bc9953,560047002,3,12,36,2023-10-11
SYN-91bf93c333bc9953,710390001,4,23,92,2023-10-11
SYN-91bf970044ce02d7,597043002,3,34,102,2023-05-02
SYN-91bf970044ce02d7,719031001,6,34,204,2023-05-02
SYN-91c5bb2babe3164f,640669001,5,10,50,2023-10-23
SYN-91c5bb2babe3164f,719031001,6,34,204,2023-10-23
SYN-91d2ca063b506278,487827007,3,40,120,2023-01-22
SYN-91d2ca063b506278,562245034,3,20,60,2023-01-22
SYN-91d2ca063b506278,593829004,4,3,12,2023-01-22
SYN-91d2ca063b506278,613246004,4,23,92,2023-01-22
SYN-91d2ca063b506278,646272001,5,34,170,2023-01-22
SYN-91d2ca063b506278,647804001,6,18,108,2023-01-22
SYN-91db66ce1cc5efd4,664074001,3,17,51,2023-01-23
SYN-91db66ce1cc5efd4,664074004,3,17,51,2023-01-23
SYN-91db66ce1cc5efd4,691543001,5,51,255,2023-01-23
SYN-91df0e7d0718ee1c,651692001,2,51,102,2023-01-10
SYN-91e5e99e1b9bdb59,674336007,5,34,170,2023-08-04
SYN-91e5e99e1b9bdb59,674492002,4,25,100,2023-08-04
SYN-91e6c053b69c0c00,530176002,5,25,125,2023-12-01
SYN-91e6c053b69c0c00,562245034,5,20,100,2023-12-01
SYN-91e6c053b69c0c00,686265001,4,17,68,2023-12-01
SYN-91e99f613756b6b5,485973011,3,17,51,2023-09-10
SYN-91e99f613756b6b5,588299001,4,34,136,2023-09-10
SYN-91ea8e1b3876a023,562252031,5,25,125,2023-07-29
SYN-91ea8e1b3876a023,562252032,6,25,150,2023-07-29
SYN-91ea8e1b3876a023,664319001,3,25,75,2023-07-29
SYN-91ec54c4b6eaa1b7,685687004,5,17,85,2023-09-18
SYN-91ec54c4b6eaa1b7,688873020,3,34,102,2023-09-18
SYN-9207711d42141dae,309864002,3,17,51,2023-01-19
SYN-9207711d42141dae,338016001,4,25,100,2023-01-19
SYN-9207711d42141dae,378135036,6,68,408,2023-01-19
SYN-9207711d42141dae,416157003,6,34,204,2023-01-19
SYN-9207711d42141dae,633214001,2,10,20,2023-01-19
SYN-9213749a77209bac,567820005,2,15,30,2023-12-01
SYN-9213749a77209bac,576719002,4,10,40,2023-12-01
SYN-9213749a77209bac,596395001,5,22,110,2023-12-01
SYN-921b6d83beac5941,399136023,3,34,102,2023-07-16
SYN-921b6d83beac5941,400246014,5,33,165,2023-07-16
SYN-921b6d83beac5941,550309001,5,42,210,2023-07-16
SYN-921b6d83beac5941,595779002,5,25,125,2023-07-16
SYN-921b6d83beac5941,595779010,3,25,75,2023-07-16
SYN-921b6d83beac5941,653633002,4,51,204,2023-07-16
SYN-921b6d83beac5941,656719005,5,41,205,2023-07-16
SYN-921b6d83beac5941,658030005,3,41,123,2023-07-16
SYN-921b6d83beac5941,662085001,6,68,408,2023-07-16
SYN-921b6d83beac5941,680912011,3,17,51,2023-07-16
SYN-921b6d83beac5941,692002004,4,51,204,2023-07-16
SYN-921b6d83beac5941,700819006,2,42,84,2023-07-16
SYN-921b9d51ed16820e,619148005,2,24,48,2023-08-09
SYN-921b9d51ed16820e,621340001,4,34,136,2023-08-09
SYN-9227557fc7ad015c,559212002,4,27,108,2023-12-08
SYN-9227557fc7ad015c,572990001,4,25,100,2023-12-08
SYN-9227557fc7ad015c,615959001,2,17,34,2023-12-08
SYN-92308f1db62f64fa,568597007,3,20,60,2023-09-23
SYN-92308f1db62f64fa,568597009,2,27,54,2023-09-23
SYN-923e599daf5808c2,599781001,3,20,60,2023-11-17
SYN-9248c146a1fe6fdf,442915001,6,34,204,2023-08-03
SYN-9248c146a1fe6fdf,463970010,2,22,44,2023-08-03
SYN-9248c146a1fe6fdf,510465001,4,25,100,2023-08-03
SYN-9248c146a1fe6fdf,534164001,2,34,68,2023-08-03
SYN-9248c146a1fe6fdf,547429001,5,68,340,2023-08-03
SYN-92682bd3686d501d,621019001,4,23,92,2023-09-14
SYN-92682bd3686d501d,624274006,5,15,75,2023-09-14
SYN-92682bd3686d501d,665972001,3,31,93,2023-09-14
SYN-92682bd3686d501d,710390001,6,23,138,2023-09-14
SYN-926952b807f66e92,484398077,5,17,85,2023-01-04
SYN-926952b807f66e92,529008008,3,14,42,2023-01-04
SYN-926952b807f66e92,573452001,5,14,70,2023-01-04
SYN-926952b807f66e92,615514001,3,15,45,2023-01-04
SYN-926f45da39493ce2,691556005,5,102,510,2023-10-05
SYN-927905d2251f8beb,631848002,2,34,68,2023-06-18
SYN-927905d2251f8beb,661147004,5,51,255,2023-06-18
SYN-92843dfaba7459a9,660308001,3,25,75,2023-03-17
SYN-928d9ea557bc74fa,642437005,3,34,102,2023-08-21
SYN-929e62456c48d0b8,588565001,2,29,58,2023-05-30
SYN-92b16ea90ad3fb49,325087018,3,25,75,2023-10-31
SYN-92b16ea90ad3fb49,541518023,5,31,155,2023-10-31
SYN-92b16ea90ad3fb49,546661001,4,20,80,2023-10-31
SYN-92b16ea90ad3fb49,579541001,6,17,102,2023-10-31
SYN-92b16ea90ad3fb49,579541009,6,17,102,2023-10-31
SYN-92b16ea90ad3fb49,579541011,5,17,85,2023-10-31
SYN-92b16ea90ad3fb49,579541041,5,17,85,2023-10-31
SYN-92b16ea90ad3fb49,581971001,6,59,354,2023-10-31
SYN-92b16ea90ad3fb49,583534002,3,17,51,2023-10-31
SYN-92b16ea90ad3fb49,585480002,4,31,124,2023-10-31
SYN-92b16ea90ad3fb49,682456001,5,42,210,2023-10-31
SYN-92b16ea90ad3fb49,684210001,5,56,280,2023-10-31
SYN-92b16ea90ad3fb49,684210002,4,59,236,2023-10-31
SYN-92c9f4b9515dbe86,525932002,2,14,28,2023-03-27
SYN-92c9f4b9515dbe86,525932007,2,15,30,2023-03-27
SYN-92c9f4b9515dbe86,525932008,5,16,80,2023-03-27
SYN-92d60395580a22bb,562245001,2,22,44,2023-05-14
SYN-92d60395580a22bb,562245004,3,24,72,2023-05-14
SYN-92d60395580a22bb,663327002,4,42,168,2023-05-14
SYN-92d60395580a22bb,685635001,6,74,444,2023-05-14
SYN-92db06cb8fe19d7f,635276002,2,31,62,2023-01-17
SYN-92eba5d767e85a79,399087001,2,34,68,2023-05-30
SYN-92eba5d767e85a79,670634001,2,42,84,2023-05-30
SYN-92ffc0c29e907c78,664340001,3,76,228,2023-02-26
SYN-9309db0a0019808d,179950001,3,13,39,2023-07-31
SYN-9309db0a0019808d,562820006,4,9,36,2023-07-31
SYN-9309db0a0019808d,673677002,6,17,102,2023-07-31
SYN-9309db0a0019808d,697489001,2,14,28,2023-07-31
SYN-93180d923f8d168e,562245001,3,22,66,2023-05-19
SYN-93180d923f8d168e,562245018,6,20,120,2023-05-19
SYN-93180d923f8d168e,598460001,6,14,84,2023-05-19
SYN-93180d923f8d168e,645895001,3,19,57,2023-05-19
SYN-93180d923f8d168e,689866001,3,9,27,2023-05-19
SYN-93180d923f8d168e,715240001,3,14,42,2023-05-19
SYN-9319303c6b5d07bc,355569001,4,9,36,2023-03-25
SYN-9319303c6b5d07bc,463970010,3,22,66,2023-03-25
SYN-9319303c6b5d07bc,605092009,2,17,34,2023-03-25
SYN-9319303c6b5d07bc,605094001,4,14,56,2023-03-25
SYN-9319303c6b5d07bc,660519001,2,31,62,2023-03-25
SYN-9320798855b0c76f,552473021,6,25,150,2023-07-03
SYN-9320798855b0c76f,595779011,5,25,125,2023-07-03
SYN-9320798855b0c76f,607374001,2,22,44,2023-07-03
SYN-93275d7a81b8c736,562245042,6,34,204,2023-10-02
SYN-93275d7a81b8c736,562245059,3,20,60,2023-10-02
SYN-93275d7a81b8c736,618784002,2,31,62,2023-10-02
SYN-93283039ac6c08cb,495864003,2,15,30,2023-01-07
SYN-93283039ac6c08cb,703193001,2,25,50,2023-01-07
SYN-932b3b615c1e2c6f,644073001,2,20,40,2023-10-08
SYN-932b3b615c1e2c6f,682550001,3,34,102,2023-10-08
SYN-932b3b615c1e2c6f,685687001,6,17,102,2023-10-08
SYN-932b3b615c1e2c6f,691208001,3,42,126,2023-10-08
SYN-932b3b615c1e2c6f,701129002,3,25,75,2023-10-08
SYN-9339baae3784f4d7,662888004,4,34,136,2023-01-26
SYN-9348081fed808791,560270010,6,51,306,2023-08-28
SYN-9348081fed808791,564786020,2,22,44,2023-08-28
SYN-9348081fed808791,567993015,5,25,125,2023-08-28
SYN-9348081fed808791,622618004,3,42,126,2023-08-28
SYN-9348081fed808791,634015009,2,17,34,2023-08-28
SYN-9348081fed808791,640021005,5,51,255,2023-08-28
SYN-9357b3d22611386c,701580001,2,51,102,2023-08-26
SYN-93706fee05e0ddea,599713001,3,31,93,2023-08-15
SYN-93715f78a3836e47,657933001,3,20,60,2023-06-25
SYN-93720cd249f62022,651082010,5,17,85,2023-03-22
SYN-93720cd249f62022,665477001,6,34,204,2023-03-22
SYN-9372cb067dc75f6c,624632002,2,17,34,2023-12-17
SYN-9372cb067dc75f6c,624632007,5,17,85,2023-12-17
SYN-93892aba480cdce3,481245003,4,31,124,2023-04-07
SYN-93892aba480cdce3,654564005,3,17,51,2023-04-07
SYN-938f78b147ce8ce9,661806003,6,48,288,2023-06-01
SYN-938f78b147ce8ce9,661810001,2,64,128,2023-06-01
SYN-939278af998d2dae,674014003,5,30,150,2023-01-21
SYN-9399ad18a5c1940e,244267029,5,12,60,2023-06-29
SYN-9399ad18a5c1940e,532578010,4,19,76,2023-06-29
SYN-9399ad18a5c1940e,568065001,5,14,70,2023-06-29
SYN-9399ad18a5c1940e,573085010,2,34,68,2023-06-29
SYN-9399ad18a5c1940e,573085020,4,34,136,2023-06-29
SYN-9399ad18a5c1940e,635421002,4,25,100,2023-06-29
SYN-93a5e7da18ffc027,526708021,2,9,18,2023-05-17
SYN-93a5e7da18ffc027,562820006,3,9,27,2023-05-17
SYN-93a5e7da18ffc027,589924004,3,14,42,2023-05-17
SYN-93a5e7da18ffc027,597082001,4,15,60,2023-05-17
SYN-93a5e7da18ffc027,598712001,2,14,28,2023-05-17
SYN-93a5e7da18ffc027,627389006,6,15,90,2023-05-17
SYN-93a5e7da18ffc027,633808001,6,9,54,2023-05-17
SYN-93a5e7da18ffc027,637131001,2,22,44,2023-05-17
SYN-93a5e7da18ffc027,651863002,3,5,15,2023-05-17
SYN-93b17843521c8624,630326004,3,17,51,2023-07-16
SYN-93b7c22fa476d863,200182001,5,14,70,2023-02-14
SYN-93b7c22fa476d863,243937001,6,17,102,2023-02-14
SYN-93b7c22fa476d863,658183001,3,5,15,2023-02-14
SYN-93db56a403b595a5,640536001,3,23,69,2023-04-21
SYN-93deeed8fa5fbfca,614496002,5,17,85,2023-10-04
SYN-93deeed8fa5fbfca,671553002,6,17,102,2023-10-04
SYN-93eca3ceb2915019,189616006,2,17,34,2023-10-01
SYN-93eca3ceb2915019,189616007,6,17,102,2023-10-01
SYN-93eca3ceb2915019,541512001,4,31,124,2023-10-01
SYN-93eca3ceb2915019,657497006,5,25,125,2023-10-01
SYN-93fd6feac2e76913,626588003,4,59,236,2023-08-27
SYN-940d4fe31796efc2,505071001,3,24,72,2023-01-27
SYN-940d4fe31796efc2,635425004,5,17,85,2023-01-27
SYN-940f1257aef1d76a,654423001,6,22,132,2023-05-22
SYN-940f1257aef1d76a,677967003,6,25,150,2023-05-22
SYN-941f490809674c8c,640244003,5,34,170,2023-12-23
SYN-9422ac4f5b4e4dff,494691001,3,8,24,2023-12-02
SYN-9422ac4f5b4e4dff,539723005,2,31,62,2023-12-02
SYN-9422ac4f5b4e4dff,667985001,2,34,68,2023-12-02
SYN-942b2ed3cc9a2358,635474002,5,17,85,2023-03-14
SYN-9434a5da4640d225,562245050,5,22,110,2023-12-11
SYN-9434a5da4640d225,676512002,6,42,252,2023-12-11
SYN-94369fec93dc6f99,399136009,6,85,510,2023-01-03
SYN-94369fec93dc6f99,671505002,2,34,68,2023-01-03
SYN-94369fec93dc6f99,674509001,3,42,126,2023-01-03
SYN-94369fec93dc6f99,680782001,5,136,680,2023-01-03
SYN-943bbdb63ec64762,576775012,3,32,96,2023-12-03
SYN-9455bc16d5ff429b,661435002,3,85,255,2023-01-21
SYN-9455bc16d5ff429b,685687003,6,17,102,2023-01-21
SYN-94640b554398c74a,660599003,3,34,102,2023-12-14
SYN-946bcc16dc3ceb15,552473037,2,25,50,2023-06-29
SYN-9471888bae377465,501820004,6,17,102,2023-09-29
SYN-9471888bae377465,613666003,5,50,250,2023-09-29
SYN-9471888bae377465,640124003,6,25,150,2023-09-29
SYN-9471888bae377465,677991002,6,29,174,2023-09-29
SYN-94731453789efd38,568597016,2,38,76,2023-09-19
SYN-94731453789efd38,676283001,6,43,258,2023-09-19
SYN-9475ef5bce3f0494,485537021,4,14,56,2023-03-26
SYN-9475ef5bce3f0494,485542005,2,9,18,2023-03-26
SYN-9475ef5bce3f0494,503569006,5,14,70,2023-03-26
SYN-9475ef5bce3f0494,565321005,3,10,30,2023-03-26
SYN-9475ef5bce3f0494,575529005,6,10,60,2023-03-26
SYN-9475ef5bce3f0494,579119002,3,20,60,2023-03-26
SYN-9475ef5bce3f0494,623397001,4,17,68,2023-03-26
SYN-9475ef5bce3f0494,626380002,4,7,28,2023-03-26
SYN-9478cf032bbbffbc,625316004,6,17,102,2023-11-13
SYN-9478cf032bbbffbc,671453002,3,32,96,2023-11-13
SYN-9478cf032bbbffbc,676979002,4,17,68,2023-11-13
SYN-947dfdcc86d30014,351484002,5,12,60,2023-03-17
SYN-947dfdcc86d30014,458543001,6,14,84,2023-03-17
SYN-947dfdcc86d30014,559642001,6,19,114,2023-03-17
SYN-947dfdcc86d30014,559642003,2,15,30,2023-03-17
SYN-947dfdcc86d30014,580054005,6,10,60,2023-03-17
SYN-947dfdcc86d30014,610841001,4,10,40,2023-03-17
SYN-947dfdcc86d30014,611628002,2,10,20,2023-03-17
SYN-947dfdcc86d30014,615939001,2,25,50,2023-03-17
SYN-947dfdcc86d30014,629605005,6,31,186,2023-03-17
SYN-947dfdcc86d30014,629607006,3,17,51,2023-03-17
SYN-947dfdcc86d30014,643833006,6,7,42,2023-03-17
SYN-947dfdcc86d30014,649690004,3,22,66,2023-03-17
SYN-948102d63017f765,560621004,4,102,408,2023-10-19
SYN-948102d63017f765,562252038,6,25,150,2023-10-19
SYN-948102d63017f765,648868001,6,42,252,2023-10-19
SYN-948102d63017f765,662888003,4,34,136,2023-10-19
SYN-948102d63017f765,662888004,2,34,68,2023-10-19
SYN-948102d63017f765,679494004,3,17,51,2023-10-19
SYN-948102d63017f765,685687004,6,17,102,2023-10-19
SYN-94858a1d59b15d63,685687001,6,17,102,2023-11-08
SYN-94897307bfd35c15,690992001,3,16,48,2023-06-28
SYN-94986d02f5a61acd,550021002,5,9,45,2023-12-18
SYN-94986d02f5a61acd,552716001,4,34,136,2023-12-18
SYN-9499921004565e04,484104006,2,25,50,2023-08-03
SYN-9499921004565e04,524825019,6,42,252,2023-08-03
SYN-9499921004565e04,573716023,4,25,100,2023-08-03
SYN-9499921004565e04,651273001,6,22,132,2023-08-03
SYN-9499921004565e04,685347001,5,17,85,2023-08-03
SYN-9499921004565e04,691291001,4,34,136,2023-08-03
SYN-9499921004565e04,711405002,2,59,118,2023-08-03
SYN-949b25db489e9463,587677001,2,22,44,2023-04-17
SYN-949b25db489e9463,660726001,2,17,34,2023-04-17
SYN-94a55f73d6dcf53c,616715002,5,25,125,2023-04-16
SYN-94a55f73d6dcf53c,637255010,6,25,150,2023-04-16
SYN-94a55f73d6dcf53c,658240001,5,25,125,2023-04-16
SYN-94a55f73d6dcf53c,658907007,4,17,68,2023-04-16
SYN-94a55f73d6dcf53c,659459003,3,85,255,2023-04-16
SYN-94a55f73d6dcf53c,667096001,5,25,125,2023-04-16
SYN-94a55f73d6dcf53c,678073002,4,25,100,2023-04-16
SYN-94a55f73d6dcf53c,729931001,2,25,50,2023-04-16
SYN-94a93ea5573b37b3,499368006,6,14,84,2023-03-29
SYN-94a93ea5573b37b3,524486002,4,10,40,2023-03-29
SYN-94a93ea5573b37b3,554541005,5,42,210,2023-03-29
SYN-94a93ea5573b37b3,559129002,6,42,252,2023-03-29
SYN-94a93ea5573b37b3,670286001,4,51,204,2023-03-29
SYN-94a93ea5573b37b3,674482003,5,17,85,2023-03-29
SYN-94a93ea5573b37b3,674482004,6,17,102,2023-03-29
SYN-94ad9bf3765aa430,189616007,3,17,51,2023-02-26
SYN-94ad9bf3765aa430,400285006,6,40,240,2023-02-26
SYN-94ad9bf3765aa430,446224043,4,14,56,2023-02-26
SYN-94ad9bf3765aa430,501820045,2,17,34,2023-02-26
SYN-94ad9bf3765aa430,538813002,2,61,122,2023-02-26
SYN-94ad9bf3765aa430,565379002,5,9,45,2023-02-26
SYN-94ad9bf3765aa430,573085004,2,31,62,2023-02-26
SYN-94ad9bf3765aa430,663699003,4,31,124,2023-02-26
SYN-94ad9bf3765aa430,683493005,4,25,100,2023-02-26
SYN-94b1b87ec361d86e,351933029,2,25,50,2023-06-22
SYN-94b222e7e4b03d3f,559649001,6,10,60,2023-06-18
SYN-94b222e7e4b03d3f,568574001,6,15,90,2023-06-18
SYN-94b222e7e4b03d3f,575172001,6,25,150,2023-06-18
SYN-94b222e7e4b03d3f,612182001,6,34,204,2023-06-18
SYN-94c28ab068035254,571436009,6,14,84,2023-10-11
SYN-94c5c9b2ee716e71,189634001,2,10,20,2023-12-03
SYN-94ce8914c0b1bfff,621381010,2,34,68,2023-06-20
SYN-94d524163aa0d84b,552346012,3,34,102,2023-06-21
SYN-94ef37293c6cd2a9,576775001,6,28,168,2023-03-09
SYN-94ef37293c6cd2a9,576775006,6,28,168,2023-03-09
SYN-94f8505d47ba1b09,636385004,2,31,62,2023-05-20
SYN-94fd723f1c1d947d,671505001,4,34,136,2023-04-20
SYN-94fd723f1c1d947d,671505002,3,34,102,2023-04-20
SYN-94fd723f1c1d947d,671505004,6,34,204,2023-04-20
SYN-94fd723f1c1d947d,677737001,3,42,126,2023-04-20
SYN-9504a3a69140cd0f,636938001,6,34,204,2023-01-26
SYN-9504a3a69140cd0f,636938005,2,29,58,2023-01-26
SYN-9517e10828f5d62d,639677001,3,25,75,2023-12-14
SYN-9517e10828f5d62d,640244003,5,34,170,2023-12-14
SYN-9517e10828f5d62d,662857005,5,32,160,2023-12-14
SYN-951f46a84a58d7bb,599502001,6,29,174,2023-03-17
SYN-951f46a84a58d7bb,599502009,2,26,52,2023-03-17
SYN-952452c632205d1d,443262015,4,9,36,2023-09-09
SYN-9533c82a22df25df,110065002,5,21,105,2023-01-02
SYN-9533c82a22df25df,654423002,2,21,42,2023-01-02
SYN-953bb50eab2c4b91,489607004,2,34,68,2023-05-25
SYN-953bb50eab2c4b91,564787003,5,20,100,2023-05-25
SYN-953bb50eab2c4b91,588592001,4,8,32,2023-05-25
SYN-953bb50eab2c4b91,644362005,5,14,70,2023-05-25
SYN-954041e075a49463,603013001,6,7,42,2023-09-30
SYN-954041e075a49463,607596001,6,41,246,2023-09-30
SYN-954041e075a49463,617620001,2,29,58,2023-09-30
SYN-954041e075a49463,662592003,3,17,51,2023-09-30
SYN-954041e075a49463,673677002,3,17,51,2023-09-30
SYN-95419d41f353c517,685276005,5,51,255,2023-04-07
SYN-9553ca35b92db5f8,543738015,5,25,125,2023-10-18
SYN-9553ca35b92db5f8,615491002,4,20,80,2023-10-18
SYN-9554d39e54944671,607834008,3,25,75,2023-03-13
SYN-9554d39e54944671,625818004,4,25,100,2023-03-13
SYN-95590bbd36c6af78,685687001,4,17,68,2023-01-30
SYN-95590bbd36c6af78,685687004,4,17,68,2023-01-30
SYN-9559a0ff2ceb3b9d,626713001,2,25,50,2023-10-16
SYN-9559a0ff2ceb3b9d,672054001,6,17,102,2023-10-16
SYN-955fcb6ec9dc8a94,658183001,2,5,10,2023-07-09
SYN-9563fde3bb96f8a9,351933001,4,15,60,2023-05-24
SYN-9563fde3bb96f8a9,603401003,2,9,18,2023-05-24
SYN-9563fde3bb96f8a9,615367008,4,23,92,2023-05-24
SYN-9563fde3bb96f8a9,644783001,6,27,162,2023-05-24
SYN-9583e83227d09956,637255009,5,25,125,2023-12-29
SYN-9585dce4112de48d,637268002,5,48,240,2023-11-10
SYN-958c39d1911b0672,656661001,5,51,255,2023-08-11
SYN-95a46bffe764f82e,567818001,3,27,81,2023-09-07
SYN-95a46bffe764f82e,580529001,3,24,72,2023-09-07
SYN-95a72e7607431d87,520508001,3,12,36,2023-09-30
SYN-95a72e7607431d87,548388012,3,20,60,2023-09-30
SYN-95b93c686bdb68b9,399223029,4,34,136,2023-07-24
SYN-95c03f06f57440e5,615021021,2,17,34,2023-10-07
SYN-95c03f06f57440e5,680912005,3,17,51,2023-10-07
SYN-95c0aa1b1442fea7,637549003,4,34,136,2023-12-04
SYN-95e3b47ec68827ac,685687001,6,17,102,2023-12-19
SYN-95e3b47ec68827ac,685687002,3,17,51,2023-12-19
SYN-95e3b47ec68827ac,685687003,4,17,68,2023-12-19
SYN-95ff12edc4382b48,511121006,5,36,180,2023-04-24
SYN-95ff12edc4382b48,556527010,4,43,172,2023-04-24
SYN-95ff12edc4382b48,581315002,5,29,145,2023-04-24
SYN-95ff12edc4382b48,664384001,4,36,144,2023-04-24
SYN-96014b1e87de8b78,399136004,4,59,236,2023-10-13
SYN-96014b1e87de8b78,504155011,3,34,102,2023-10-13
SYN-96014b1e87de8b78,573716033,6,25,150,2023-10-13
SYN-96014b1e87de8b78,573716039,3,25,75,2023-10-13
SYN-96014b1e87de8b78,637661004,5,51,255,2023-10-13
SYN-96014b1e87de8b78,665477003,4,34,136,2023-10-13
SYN-96014b1e87de8b78,685687003,4,17,68,2023-10-13
SYN-960206e87ca9b34c,559139007,5,42,210,2023-12-05
SYN-960206e87ca9b34c,668466002,3,10,30,2023-12-05
SYN-962042ad2bce7824,508182003,3,20,60,2023-08-24
SYN-962042ad2bce7824,562252010,5,17,85,2023-08-24
SYN-962042ad2bce7824,562252014,3,17,51,2023-08-24
SYN-962042ad2bce7824,571052001,2,15,30,2023-08-24
SYN-963951134a980a89,573085004,2,27,54,2023-08-25
SYN-963951134a980a89,685687003,3,17,51,2023-08-25
SYN-963951134a980a89,685687004,4,17,68,2023-08-25
SYN-964e8ddcfb5aceb4,309434010,6,29,174,2023-05-05
SYN-964e8ddcfb5aceb4,453358002,5,10,50,2023-05-05
SYN-964e8ddcfb5aceb4,458393001,4,12,48,2023-05-05
SYN-964e8ddcfb5aceb4,683001002,2,17,34,2023-05-05
SYN-964e8ddcfb5aceb4,695584001,6,14,84,2023-05-05
SYN-964fec45c99b9357,617322004,2,34,68,2023-12-20
SYN-964fec45c99b9357,682604001,3,34,102,2023-12-20
SYN-9650f63d81a397f3,584940004,5,22,110,2023-09-25
SYN-9650f63d81a397f3,584940008,3,17,51,2023-09-25
SYN-9654ed1e8fc0a5a5,399136033,2,85,170,2023-10-04
SYN-965b2f74f90ee314,640020001,5,51,255,2023-11-20
SYN-965b2f74f90ee314,656015001,2,12,24,2023-11-20
SYN-9665d0f183057c33,355569043,3,3,9,2023-05-02
SYN-9665d0f183057c33,637255009,6,23,138,2023-05-02
SYN-9665d0f183057c33,660497003,3,9,27,2023-05-02
SYN-9669b6d29c95ea92,509210006,6,34,204,2023-09-15
SYN-9669b6d29c95ea92,620187001,2,10,20,2023-09-15
SYN-9669b6d29c95ea92,702237001,3,17,51,2023-09-15
SYN-966a99871632cb20,604655006,6,34,204,2023-06-05
SYN-966a99871632cb20,613497006,2,34,68,2023-06-05
SYN-966a99871632cb20,689123001,2,25,50,2023-06-05
SYN-9671b7402fa13063,601465006,5,17,85,2023-09-25
SYN-9671b7402fa13063,675281002,3,25,75,2023-09-25
SYN-9688f4ccddb072bf,652361002,5,25,125,2023-11-01
SYN-968a8f2e3e365779,522398023,3,7,21,2023-04-06
SYN-968a8f2e3e365779,537350008,2,25,50,2023-04-06
SYN-968a8f2e3e365779,538142004,5,25,125,2023-04-06
SYN-968a8f2e3e365779,547747001,5,14,70,2023-04-06
SYN-968a8f2e3e365779,573085014,5,24,120,2023-04-06
SYN-968a8f2e3e365779,579751002,5,20,100,2023-04-06
SYN-968a8f2e3e365779,591333005,4,10,40,2023-04-06
SYN-968a8f2e3e365779,624514001,2,17,34,2023-04-06
SYN-968a8f2e3e365779,630299001,5,36,180,2023-04-06
SYN-968a8f2e3e365779,635837001,5,17,85,2023-04-06
SYN-968a8f2e3e365779,639410001,4,12,48,2023-04-06
SYN-968a8f2e3e365779,685687002,5,17,85,2023-04-06
SYN-968a8f2e3e365779,685687003,4,17,68,2023-04-06
SYN-96904c63754f6f67,661794001,6,153,918,2023-07-16
SYN-9690fdc7f6675b97,634765002,6,25,150,2023-02-07
SYN-969bd2c91e893e6d,272591016,4,16,64,2023-12-01
SYN-969bd2c91e893e6d,522398023,5,6,30,2023-12-01
SYN-969bd2c91e893e6d,578846001,6,16,96,2023-12-01
SYN-969bd2c91e893e6d,578846003,2,32,64,2023-12-01
SYN-969bd2c91e893e6d,625939005,6,3,18,2023-12-01
SYN-969bd2c91e893e6d,626410001,4,5,20,2023-12-01
SYN-969bd2c91e893e6d,628930004,5,16,80,2023-12-01
SYN-969bd2c91e893e6d,630450002,2,29,58,2023-12-01
SYN-969bd2c91e893e6d,678073002,3,24,72,2023-12-01
SYN-969f92947942fcf1,615970003,3,51,153,2023-11-30
SYN-96b13af8a2c37799,621846006,3,25,75,2023-04-19
SYN-96b13af8a2c37799,623434007,5,34,170,2023-04-19
SYN-96b13af8a2c37799,623434013,3,34,102,2023-04-19
SYN-96b13af8a2c37799,636093001,4,51,204,2023-04-19
SYN-96b13af8a2c37799,648630003,4,14,56,2023-04-19
SYN-96b13af8a2c37799,651330003,2,25,50,2023-04-19
SYN-96b13af8a2c37799,655287002,3,42,126,2023-04-19
SYN-96b13af8a2c37799,685687003,4,17,68,2023-04-19
SYN-96b13af8a2c37799,688873004,3,34,102,2023-04-19
SYN-96b13af8a2c37799,691839001,5,51,255,2023-04-19
SYN-96b36826d961a593,534357002,2,68,136,2023-08-12
SYN-96b36826d961a593,635474002,4,17,68,2023-08-12
SYN-96bc4120ad879e64,630316012,3,68,204,2023-04-16
SYN-96bc4120ad879e64,633130014,3,17,51,2023-04-16
SYN-96bc4120ad879e64,646755001,3,2,6,2023-04-16
SYN-96bc4120ad879e64,665481001,6,51,306,2023-04-16
SYN-96bc4120ad879e64,700819002,4,42,168,2023-04-16
SYN-96c1df99cf57e2ec,657395002,4,34,136,2023-02-06
SYN-96c1df99cf57e2ec,714417001,4,25,100,2023-02-06
SYN-96c4e5f663f81505,478646002,2,14,28,2023-11-21
SYN-96c4e5f663f81505,697486002,4,9,36,2023-11-21
SYN-96d12f458b2929e3,539723001,2,34,68,2023-08-30
SYN-96d12f458b2929e3,560047002,4,14,56,2023-08-30
SYN-96e3ceae9c3a3cf3,569540001,3,23,69,2023-03-25
SYN-96ef13af8e157f35,639677001,6,25,150,2023-09-15
SYN-97168512f1b1e590,563519006,2,25,50,2023-04-02
SYN-97168512f1b1e590,618784002,2,31,62,2023-04-02
SYN-97168512f1b1e590,657415002,6,25,150,2023-04-02
SYN-97168512f1b1e590,662857005,2,42,84,2023-04-02
SYN-97168512f1b1e590,685687004,4,17,68,2023-04-02
SYN-97168512f1b1e590,703795001,3,34,102,2023-04-02
SYN-9723a36330b7aebd,442957006,6,17,102,2023-03-17
SYN-9723a36330b7aebd,537839003,4,20,80,2023-03-17
SYN-9723a36330b7aebd,564126002,2,31,62,2023-03-17
SYN-9723a36330b7aebd,597043002,4,34,136,2023-03-17
SYN-9723a36330b7aebd,597569001,4,20,80,2023-03-17
SYN-9723a36330b7aebd,599752001,6,25,150,2023-03-17
SYN-9723a36330b7aebd,608317001,5,19,95,2023-03-17
SYN-9723a36330b7aebd,612358001,5,34,170,2023-03-17
SYN-9730107c67d2a46a,633133008,2,17,34,2023-03-09
SYN-9730107c67d2a46a,671037001,3,25,75,2023-03-09
SYN-97353cd028640397,665303001,6,51,306,2023-07-01
SYN-97353cd028640397,665303002,4,51,204,2023-07-01
SYN-97353cd028640397,671641001,2,85,170,2023-07-01
SYN-973e7aeaaefb56d5,557247018,5,17,85,2023-11-28
SYN-973e7aeaaefb56d5,598755001,3,14,42,2023-11-28
SYN-973e7aeaaefb56d5,705324002,6,17,102,2023-11-28
SYN-974e5115446b55f6,651276001,5,42,210,2023-08-06
SYN-974e5115446b55f6,714416001,2,25,50,2023-08-06
SYN-9767e548ba14ddb8,156231001,3,9,27,2023-12-31
SYN-9775ca0a9571e4b6,549961001,5,11,55,2023-09-02
SYN-9775ca0a9571e4b6,566486003,5,10,50,2023-09-02
SYN-9775ca0a9571e4b6,605010001,3,8,24,2023-09-02
SYN-9777c502dfce8492,417951005,4,11,44,2023-12-27
SYN-978905a054ba1d8f,605230010,4,31,124,2023-03-09
SYN-978905a054ba1d8f,674844001,4,59,236,2023-03-09
SYN-978905a054ba1d8f,692454002,4,25,100,2023-03-09
SYN-978905a054ba1d8f,701129002,4,25,100,2023-03-09
SYN-97a1abc6f4f95ce8,573323002,5,42,210,2023-06-18
SYN-97a4875a52dd8b7d,357751003,5,10,50,2023-12-08
SYN-97b78b756674eebd,560047003,6,14,84,2023-10-14
SYN-97b78b756674eebd,640124001,3,25,75,2023-10-14
SYN-97b78b756674eebd,654772003,6,34,204,2023-10-14
SYN-97b78b756674eebd,710390001,5,25,125,2023-10-14
SYN-97b940456f0d2345,108775015,2,9,18,2023-03-06
SYN-97bc2ed9b93b641a,179950017,6,25,150,2023-09-13
SYN-97bc2ed9b93b641a,660308001,3,25,75,2023-09-13
SYN-97bc2ed9b93b641a,664319001,5,25,125,2023-09-13
SYN-97bc2ed9b93b641a,664319005,3,25,75,2023-09-13
SYN-97bc2ed9b93b641a,671491001,2,51,102,2023-09-13
SYN-97bc2ed9b93b641a,691579001,5,68,340,2023-09-13
SYN-97bc2ed9b93b641a,712517005,4,59,236,2023-09-13
SYN-97c216b55c4ffba3,325087018,4,25,100,2023-02-17
SYN-97c216b55c4ffba3,398089002,2,17,34,2023-02-17
SYN-97c216b55c4ffba3,463970010,4,22,88,2023-02-17
SYN-97c216b55c4ffba3,463970021,3,22,66,2023-02-17
SYN-97c216b55c4ffba3,481245003,6,31,186,2023-02-17
SYN-97c216b55c4ffba3,495418003,2,10,20,2023-02-17
SYN-97c216b55c4ffba3,532138001,3,10,30,2023-02-17
SYN-97c216b55c4ffba3,557599001,4,17,68,2023-02-17
SYN-97c216b55c4ffba3,557599010,3,17,51,2023-02-17
SYN-97c216b55c4ffba3,577992006,4,22,88,2023-02-17
SYN-97c216b55c4ffba3,603582001,3,17,51,2023-02-17
SYN-97c216b55c4ffba3,603582003,3,17,51,2023-02-17
SYN-97c216b55c4ffba3,603582004,6,17,102,2023-02-17
SYN-97c216b55c4ffba3,603582006,5,9,45,2023-02-17
SYN-97c216b55c4ffba3,603582007,2,17,34,2023-02-17
SYN-97c216b55c4ffba3,613060002,3,25,75,2023-02-17
SYN-97c216b55c4ffba3,613459005,3,9,27,2023-02-17
SYN-97c216b55c4ffba3,615042004,4,17,68,2023-02-17
SYN-97c216b55c4ffba3,615042006,6,17,102,2023-02-17
SYN-97c216b55c4ffba3,621972001,6,12,72,2023-02-17
SYN-97c216b55c4ffba3,623059001,2,34,68,2023-02-17
SYN-97c216b55c4ffba3,623059004,3,34,102,2023-02-17
SYN-97c216b55c4ffba3,628326001,2,14,28,2023-02-17
SYN-97c216b55c4ffba3,628326002,5,14,70,2023-02-17
SYN-97c216b55c4ffba3,629764003,6,14,84,2023-02-17
SYN-97c216b55c4ffba3,643702004,3,31,93,2023-02-17
SYN-97c27d30cd4dc8bf,632523002,4,59,236,2023-02-17
SYN-97c27d30cd4dc8bf,662857005,5,42,210,2023-02-17
SYN-97c27d30cd4dc8bf,679887001,2,68,136,2023-02-17
SYN-97c27d30cd4dc8bf,683662006,2,14,28,2023-02-17
SYN-97d060ab77dfd544,262277011,4,51,204,2023-03-23
SYN-97d060ab77dfd544,654266006,2,22,44,2023-03-23
SYN-97d060ab77dfd544,655331001,6,51,306,2023-03-23
SYN-97d060ab77dfd544,684028001,5,34,170,2023-03-23
SYN-97d060ab77dfd544,686397001,5,42,210,2023-03-23
SYN-97d4e0454bf01cf5,594697001,6,35,210,2023-12-17
SYN-97d4e0454bf01cf5,614496001,4,17,68,2023-12-17
SYN-97d4e0454bf01cf5,622140005,5,14,70,2023-12-17
SYN-97d5f60dbb2d54d7,650974001,3,29,87,2023-07-26
SYN-97e7041e77c78128,399201005,5,59,295,2023-09-03
SYN-97e7041e77c78128,519583008,6,34,204,2023-09-03
SYN-97e7041e77c78128,524825013,2,42,84,2023-09-03
SYN-97e7041e77c78128,642437005,6,34,204,2023-09-03
SYN-97e7041e77c78128,660186001,6,25,150,2023-09-03
SYN-97e7041e77c78128,680374001,4,34,136,2023-09-03
SYN-97eb73f085793bba,631848002,2,34,68,2023-11-04
SYN-97eb73f085793bba,639192009,5,64,320,2023-11-04
SYN-97ee9acadeda4f90,583533002,4,68,272,2023-02-06
SYN-97ee9acadeda4f90,632143001,5,34,170,2023-02-06
SYN-97ee9acadeda4f90,714424001,6,42,252,2023-02-06
SYN-97ee9acadeda4f90,717341002,3,68,204,2023-02-06
SYN-97f2ef623cbf1176,516741004,5,54,270,2023-08-29
SYN-97f2ef623cbf1176,573937001,2,32,64,2023-08-29
SYN-97f2ef623cbf1176,624257002,6,76,456,2023-08-29
SYN-97fd63766fa16b29,559129008,4,42,168,2023-08-27
SYN-97fd63766fa16b29,622877002,5,31,155,2023-08-27
SYN-97fde2cb0f35a73c,552346001,6,34,204,2023-04-17
SYN-97fde2cb0f35a73c,555351006,2,42,84,2023-04-17
SYN-98049e5dd98dc884,685687001,5,17,85,2023-09-04
SYN-98049e5dd98dc884,685687002,2,17,34,2023-09-04
SYN-98049e5dd98dc884,685687003,3,17,51,2023-09-04
SYN-98049e5dd98dc884,685687004,3,17,51,2023-09-04
SYN-980a7b1993748e5d,399136004,3,53,159,2023-05-20
SYN-980a7b1993748e5d,399136011,6,59,354,2023-05-20
SYN-980a7b1993748e5d,399136060,5,53,265,2023-05-20
SYN-980a7b1993748e5d,399201022,2,53,106,2023-05-20
SYN-980a7b1993748e5d,399201024,5,53,265,2023-05-20
SYN-980d3691f2b00629,453065002,2,14,28,2023-07-10
SYN-980d3691f2b00629,463601015,6,22,132,2023-07-10
SYN-980d3691f2b00629,561445005,6,9,54,2023-07-10
SYN-980d3691f2b00629,561445006,2,9,18,2023-07-10
SYN-980d3691f2b00629,562734011,4,14,56,2023-07-10
SYN-980d3691f2b00629,569974008,5,14,70,2023-07-10
SYN-980d3691f2b00629,608069008,2,17,34,2023-07-10
SYN-980d3691f2b00629,633870001,2,42,84,2023-07-10
SYN-980d3691f2b00629,651517001,4,253,1012,2023-07-10
SYN-980d3691f2b00629,660599002,3,34,102,2023-07-10
SYN-980e4975137327d4,464908037,5,17,85,2023-03-27
SYN-980e4975137327d4,654564003,5,17,85,2023-03-27
SYN-98177788b5e90073,624120004,2,14,28,2023-10-20
SYN-98177788b5e90073,624121005,2,14,28,2023-10-20
SYN-9835b140ca96b9f5,516903005,3,34,102,2023-11-22
SYN-983a5ad4ed595a22,156231001,2,9,18,2023-04-08
SYN-983a5ad4ed595a22,358753001,4,9,36,2023-04-08
SYN-983a5ad4ed595a22,550021002,5,9,45,2023-04-08
SYN-983a5ad4ed595a22,557248003,4,34,136,2023-04-08
SYN-983de60007cbeeb5,637515005,6,34,204,2023-08-04
SYN-984595bbb77946bb,543087002,2,19,38,2023-03-13
SYN-984595bbb77946bb,550149001,6,19,114,2023-03-13
SYN-984595bbb77946bb,592241004,2,10,20,2023-03-13
SYN-9851b3ab8ed9d035,464908039,3,17,51,2023-02-25
SYN-98542d6fcf77fe23,608061001,4,14,56,2023-07-21
SYN-98542d6fcf77fe23,609277001,2,9,18,2023-07-21
SYN-98542d6fcf77fe23,672016003,3,25,75,2023-07-21
SYN-98542d6fcf77fe23,687369002,4,25,100,2023-07-21
SYN-98573f840b62bf54,635561004,6,17,102,2023-07-17
SYN-98573f840b62bf54,657135001,6,53,318,2023-07-17
SYN-9858a51a1c431087,598806012,3,14,42,2023-12-23
SYN-9858a51a1c431087,633781009,6,14,84,2023-12-23
SYN-9858a51a1c431087,671057002,6,9,54,2023-12-23
SYN-986184e632e93db3,387843036,4,14,56,2023-03-31
SYN-986184e632e93db3,452898027,2,10,20,2023-03-31
SYN-986184e632e93db3,569984001,4,17,68,2023-03-31
SYN-986184e632e93db3,598755012,3,14,42,2023-03-31
SYN-986184e632e93db3,636587016,6,9,54,2023-03-31
SYN-986464baa3f7e948,607645003,3,36,108,2023-06-30
SYN-986464baa3f7e948,657476008,3,17,51,2023-06-30
SYN-9870fa13244139cd,647841001,6,68,408,2023-09-07
SYN-9870fa13244139cd,647843001,3,59,177,2023-09-07
SYN-9870fa13244139cd,652708001,2,17,34,2023-09-07
SYN-9870fa13244139cd,652708002,2,17,34,2023-09-07
SYN-9870fa13244139cd,653358001,2,51,102,2023-09-07
SYN-988e93dd49d071cb,307239001,6,25,150,2023-01-19
SYN-988e93dd49d071cb,573085005,6,22,132,2023-01-19
SYN-988e93dd49d071cb,573085010,3,34,102,2023-01-19
SYN-98984a5ab720be43,399136004,3,59,177,2023-11-25
SYN-98984a5ab720be43,399136027,5,68,340,2023-11-25
SYN-98984a5ab720be43,399136060,5,59,295,2023-11-25
SYN-98984a5ab720be43,610730002,5,10,50,2023-11-25
SYN-98984a5ab720be43,610730017,2,10,20,2023-11-25
SYN-98984a5ab720be43,610730027,3,20,60,2023-11-25
SYN-989efe934ef202a3,646551001,2,15,30,2023-04-21
SYN-98d8cbd47ff0928f,573716037,2,25,50,2023-03-30
SYN-98dc5028b45f9d05,671505001,2,32,64,2023-08-29
SYN-98f4290b80910e62,608819001,4,42,168,2023-01-31
SYN-98f4290b80910e62,660599001,3,34,102,2023-01-31
SYN-9913a60f818467fb,537346026,2,42,84,2023-02-19
SYN-9913a60f818467fb,549403005,2,14,28,2023-02-19
SYN-992364fec4cc7d5d,464927013,6,17,102,2023-10-08
SYN-992364fec4cc7d5d,611415003,5,17,85,2023-10-08
SYN-992364fec4cc7d5d,662257001,4,24,96,2023-10-08
SYN-9936a25a9a9c6d2e,598806011,3,17,51,2023-11-29
SYN-9936a25a9a9c6d2e,598806012,2,17,34,2023-11-29
SYN-9945342702b59855,636482001,2,42,84,2023-07-21
SYN-9945a1e86ec2bb3d,539723001,2,34,68,2023-02-15
SYN-9945a1e86ec2bb3d,539723007,4,34,136,2023-02-15
SYN-9945a1e86ec2bb3d,662888001,3,34,102,2023-02-15
SYN-9945aba4ef0c9603,621381010,6,34,204,2023-10-30
SYN-9945aba4ef0c9603,625321010,5,25,125,2023-10-30
SYN-9945aba4ef0c9603,652067001,3,25,75,2023-10-30
SYN-9945aba4ef0c9603,677930005,2,17,34,2023-10-30
SYN-99502eabaf6ea6df,519749006,4,34,136,2023-05-29
SYN-99502eabaf6ea6df,536139003,3,15,45,2023-05-29
SYN-99502eabaf6ea6df,551336003,2,34,68,2023-05-29
SYN-99502eabaf6ea6df,585877014,5,42,210,2023-05-29
SYN-99502eabaf6ea6df,657395007,2,34,68,2023-05-29
SYN-99502eabaf6ea6df,660712003,4,42,168,2023-05-29
SYN-99502eabaf6ea6df,688632001,2,34,68,2023-05-29
SYN-99502eabaf6ea6df,694153002,6,34,204,2023-05-29
SYN-99502eabaf6ea6df,695151001,6,53,318,2023-05-29
SYN-99502eabaf6ea6df,695449001,6,25,150,2023-05-29
SYN-99502eabaf6ea6df,698943004,3,17,51,2023-05-29
SYN-996dabbb36e3ea76,660119001,2,31,62,2023-11-10
SYN-997aefee66f63995,635150001,2,31,62,2023-03-02
SYN-997aefee66f63995,643739002,4,47,188,2023-03-02
SYN-997d41cad2d49c19,539723005,3,34,102,2023-11-18
SYN-997d41cad2d49c19,539723006,4,34,136,2023-11-18
SYN-997d5d072a2036fc,514182002,3,7,21,2023-06-26
SYN-998898757a9acd09,637820001,4,38,152,2023-10-06
SYN-998898757a9acd09,637820002,6,38,228,2023-10-06
SYN-99a0d656d9c7e721,560270010,5,51,255,2023-11-05
SYN-99a0d656d9c7e721,633377001,6,34,204,2023-11-05
SYN-99a0d656d9c7e721,633377002,2,34,68,2023-11-05
SYN-99a3e208aaaf67cd,592172007,4,7,28,2023-01-23
SYN-99a3e208aaaf67cd,592291004,2,9,18,2023-01-23
SYN-99a49bcfdcaad47a,492171004,2,51,102,2023-08-27
SYN-99a49bcfdcaad47a,588041012,4,10,40,2023-08-27
SYN-99a49bcfdcaad47a,618017001,2,19,38,2023-08-27
SYN-99abe6a368e60c70,628930008,2,10,20,2023-08-23
SYN-99c365812a64850f,684210001,2,59,118,2023-10-08
SYN-99d3fc0de1d05fff,573626001,4,20,80,2023-11-11
SYN-99d3fc0de1d05fff,648385001,2,20,40,2023-11-11
SYN-99e05098df114477,450056007,5,17,85,2023-09-17
SYN-99e05098df114477,524825013,2,42,84,2023-09-17
SYN-99e05098df114477,552817001,6,15,90,2023-09-17
SYN-99e05098df114477,564787008,6,20,120,2023-09-17
SYN-99e05098df114477,587682002,5,25,125,2023-09-17
SYN-99e05098df114477,589924004,5,14,70,2023-09-17
SYN-99e05098df114477,611821006,6,32,192,2023-09-17
SYN-99e05098df114477,617919021,4,17,68,2023-09-17
SYN-99e05098df114477,642631003,3,15,45,2023-09-17
SYN-99e05098df114477,669268001,3,25,75,2023-09-17
SYN-9a0411a34e5af1e6,464297007,4,13,52,2023-02-23
SYN-9a073350eaaa1d1d,507910001,3,25,75,2023-11-21
SYN-9a073350eaaa1d1d,615325001,4,10,40,2023-11-21
SYN-9a087ebc73c1ac21,507910004,3,25,75,2023-08-10
SYN-9a087ebc73c1ac21,562245058,2,34,68,2023-08-10
SYN-9a087ebc73c1ac21,613456009,4,17,68,2023-08-10
SYN-9a0f8adf38e3ec28,509994014,6,34,204,2023-04-24
SYN-9a1c42effe96cd16,504155001,2,34,68,2023-01-20
SYN-9a1c6b97fe201043,705094002,4,42,168,2023-03-29
SYN-9a1cf03c87b04ea6,662980001,2,34,68,2023-09-11
SYN-9a1cf03c87b04ea6,665095002,2,25,50,2023-09-11
SYN-9a1d59d55067c8c3,557938003,6,17,102,2023-03-12
SYN-9a1d59d55067c8c3,631590005,6,17,102,2023-03-12
SYN-9a2431d5d8718227,652708002,4,17,68,2023-07-22
SYN-9a3310a2c9ef0d50,673175001,2,59,118,2023-09-19
SYN-9a431a71812ab7f3,560221012,3,11,33,2023-05-14
SYN-9a431a71812ab7f3,568575001,5,6,30,2023-05-14
SYN-9a431a71812ab7f3,616088002,4,5,20,2023-05-14
SYN-9a431a71812ab7f3,616088013,5,5,25,2023-05-14
SYN-9a431a71812ab7f3,639896001,6,15,90,2023-05-14
SYN-9a431a71812ab7f3,668390001,3,23,69,2023-05-14
SYN-9a431a71812ab7f3,668396001,5,15,75,2023-05-14
SYN-9a497ab14c3ec907,635084001,5,10,50,2023-12-02
SYN-9a497ab14c3ec907,635084003,3,10,30,2023-12-02
SYN-9a497ab14c3ec907,635844002,5,9,45,2023-12-02
SYN-9a536d28a6f95ab1,714421001,3,34,102,2023-08-03
SYN-9a5862e23824a9e9,634248001,6,34,204,2023-07-15
SYN-9a5b0053314b2f14,683662005,3,14,42,2023-01-16
SYN-9a5c1082b58eb998,583554002,5,24,120,2023-01-04
SYN-9a5d656ad25ebff6,572187001,2,34,68,2023-09-02
SYN-9a5d656ad25ebff6,602293002,4,34,136,2023-09-02
SYN-9a602abb9d025c06,515158003,3,25,75,2023-03-16
SYN-9a602abb9d025c06,607372005,5,27,135,2023-03-16
SYN-9a602abb9d025c06,634249005,2,34,68,2023-03-16
SYN-9a602abb9d025c06,662344002,2,34,68,2023-03-16
SYN-9a602abb9d025c06,668273001,5,42,210,2023-03-16
SYN-9a64b7b1110ce2d4,534357015,2,34,68,2023-02-13
SYN-9a64b7b1110ce2d4,615141002,6,25,150,2023-02-13
SYN-9a661560c05ee74b,557248001,5,34,170,2023-04-27
SYN-9a661560c05ee74b,557248009,6,34,204,2023-04-27
SYN-9a8a3c7391e7a071,675319002,6,51,306,2023-07-29
SYN-9aadd36bbc29a65d,661095001,4,59,236,2023-01-23
SYN-9aadd717c909f62e,557247020,3,17,51,2023-12-14
SYN-9aadd717c909f62e,557248025,3,34,102,2023-12-14
SYN-9aaecd0de03ed49f,618800006,4,34,136,2023-02-05
SYN-9ab1976fc7faf5b9,306847009,4,25,100,2023-08-27
SYN-9ab1976fc7faf5b9,306847010,4,25,100,2023-08-27
SYN-9ab1976fc7faf5b9,626346003,5,17,85,2023-08-27
SYN-9ac6e311b21d7fc3,558246003,3,14,42,2023-11-24
SYN-9ac6e311b21d7fc3,579302001,2,30,60,2023-11-24
SYN-9ac6e311b21d7fc3,671505004,6,30,180,2023-11-24
SYN-9ac77deed55af04e,666006006,3,113,339,2023-02-10
SYN-9af0549d9ba925c6,612730003,5,17,85,2023-07-16
SYN-9af0549d9ba925c6,619499001,3,24,72,2023-07-16
SYN-9af0549d9ba925c6,641685002,2,9,18,2023-07-16
SYN-9af0549d9ba925c6,671057003,2,5,10,2023-07-16
SYN-9b0106eb86f8fba1,513257011,3,14,42,2023-02-19
SYN-9b0106eb86f8fba1,589855004,5,14,70,2023-02-19
SYN-9b0106eb86f8fba1,621295001,6,7,42,2023-02-19
SYN-9b0106eb86f8fba1,631837001,2,17,34,2023-02-19
SYN-9b0106eb86f8fba1,650678002,4,17,68,2023-02-19
SYN-9b0106eb86f8fba1,695113001,3,17,51,2023-02-19
SYN-9b0499b20cb63d55,552716009,4,30,120,2023-09-10
SYN-9b0499b20cb63d55,624632002,5,15,75,2023-09-10
SYN-9b0499b20cb63d55,629483002,6,23,138,2023-09-10
SYN-9b1bd6aae9552c22,664936004,5,72,360,2023-10-17
SYN-9b1c117b4ce369dc,634248003,2,34,68,2023-07-04
SYN-9b20e0882dade828,666382003,3,25,75,2023-06-16
SYN-9b20e0882dade828,675095002,6,59,354,2023-06-16
SYN-9b20e0882dade828,675302002,5,51,255,2023-06-16
SYN-9b20e0882dade828,685284001,3,42,126,2023-06-16
SYN-9b20e0882dade828,691267004,2,51,102,2023-06-16
SYN-9b32069672584705,523936027,4,23,92,2023-05-01
SYN-9b32069672584705,564314022,6,23,138,2023-05-01
SYN-9b5042b6fa19ab38,649052001,2,59,118,2023-12-16
SYN-9b5042b6fa19ab38,675095002,2,59,118,2023-12-16
SYN-9b6d82e3db3a842c,557247007,4,17,68,2023-03-01
SYN-9b6d82e3db3a842c,557247010,5,9,45,2023-03-01
SYN-9b6d82e3db3a842c,557247014,3,17,51,2023-03-01
SYN-9b7fbf02963fe79b,660712012,4,42,168,2023-09-09
SYN-9b852bf5a30fc49f,661797001,2,136,272,2023-09-05
SYN-9b8745201153ddf0,656032004,2,14,28,2023-05-06
SYN-9b8f9dc8162ab9dc,611815001,3,59,177,2023-02-17
SYN-9b9c7db983d4449e,504152001,3,25,75,2023-10-06
SYN-9b9c7db983d4449e,589855004,6,14,84,2023-10-06
SYN-9b9c7db983d4449e,637255001,2,25,50,2023-10-06
SYN-9b9c7db983d4449e,660599002,6,34,204,2023-10-06
SYN-9b9d30ba712b1c4a,556625001,3,10,30,2023-08-11
SYN-9b9d30ba712b1c4a,680912009,2,12,24,2023-08-11
SYN-9b9d30ba712b1c4a,685687004,2,17,34,2023-08-11
SYN-9ba7a192f4ad6060,551372001,6,24,144,2023-11-30
SYN-9ba7a192f4ad6060,551566002,2,22,44,2023-11-30
SYN-9ba7a192f4ad6060,588754002,3,24,72,2023-11-30
SYN-9ba7a192f4ad6060,589136002,2,7,14,2023-11-30
SYN-9bbcf94a7e7722a3,639976002,6,85,510,2023-09-13
SYN-9bd23577a7537fa0,471641003,3,15,45,2023-09-25
SYN-9bd23577a7537fa0,566140001,3,7,21,2023-09-25
SYN-9bd23577a7537fa0,590929001,3,10,30,2023-09-25
SYN-9bd23577a7537fa0,594997001,4,12,48,2023-09-25
SYN-9bd23577a7537fa0,637124003,3,9,27,2023-09-25
SYN-9bd23577a7537fa0,637124004,4,9,36,2023-09-25
SYN-9bd23577a7537fa0,649203001,6,12,72,2023-09-25
SYN-9beec043b3d53f17,689980002,3,102,306,2023-09-08
SYN-9beec043b3d53f17,692454002,3,25,75,2023-09-08
SYN-9beedb95d83bdd54,666080001,4,25,100,2023-04-05
SYN-9bf8a74c73c3e743,160442007,2,13,26,2023-07-21
SYN-9bf8a74c73c3e743,507910002,2,24,48,2023-07-21
SYN-9bf8a74c73c3e743,568597006,2,39,78,2023-07-21
SYN-9bf8a74c73c3e743,688873002,4,31,124,2023-07-21
SYN-9bfcab631ccddb1e,524825013,3,42,126,2023-09-01
SYN-9c19c271c0ffef21,665713002,5,25,125,2023-03-29
SYN-9c1d67007ce24960,573085004,2,31,62,2023-03-05
SYN-9c1d67007ce24960,607322003,5,31,155,2023-03-05
SYN-9c1d67007ce24960,685687003,3,15,45,2023-03-05
SYN-9c2fb203642916ff,551045006,6,31,186,2023-06-20
SYN-9c2fb203642916ff,559619002,5,11,55,2023-06-20
SYN-9c2fb203642916ff,581154001,5,31,155,2023-06-20
SYN-9c2fb203642916ff,600886002,6,14,84,2023-06-20
SYN-9c34e991b353a889,598665002,2,12,24,2023-04-14
SYN-9c34e991b353a889,598665003,6,12,72,2023-04-14
SYN-9c34e991b353a889,659832001,6,17,102,2023-04-14
SYN-9c34e991b353a889,683662006,2,14,28,2023-04-14
SYN-9c375f66029a8167,562245034,4,20,80,2023-07-10
SYN-9c375f66029a8167,563519006,3,25,75,2023-07-10
SYN-9c3aa1901b31731e,212629040,5,12,60,2023-03-13
SYN-9c3aa1901b31731e,626684001,4,39,156,2023-03-13
SYN-9c3aa1901b31731e,629679006,6,10,60,2023-03-13
SYN-9c3b9617cc017b75,589599001,5,25,125,2023-05-30
SYN-9c3ddc4673ee84bf,661152002,3,68,204,2023-07-12
SYN-9c41855136b18103,564792001,6,25,150,2023-12-24
SYN-9c41855136b18103,655869001,5,14,70,2023-12-24
SYN-9c4618f5cf846e3c,399136033,2,68,136,2023-08-10
SYN-9c4618f5cf846e3c,399136060,3,68,204,2023-08-10
SYN-9c4618f5cf846e3c,502836004,2,17,34,2023-08-10
SYN-9c4618f5cf846e3c,620081006,5,25,125,2023-08-10
SYN-9c4618f5cf846e3c,637515011,3,34,102,2023-08-10
SYN-9c4618f5cf846e3c,662888001,5,34,170,2023-08-10
SYN-9c4618f5cf846e3c,664319005,5,14,70,2023-08-10
SYN-9c4618f5cf846e3c,675139002,3,17,51,2023-08-10
SYN-9c4618f5cf846e3c,675139006,2,17,34,2023-08-10
SYN-9c47cb8d3de1825d,631452003,5,22,110,2023-10-23
SYN-9c47cb8d3de1825d,687756002,5,68,340,2023-10-23
SYN-9c50d64faf4f991b,502224001,5,68,340,2023-07-06
SYN-9c50d64faf4f991b,640552001,3,34,102,2023-07-06
SYN-9c50d64faf4f991b,651273001,5,22,110,2023-07-06
SYN-9c50d64faf4f991b,666006006,6,119,714,2023-07-06
SYN-9c6384e5ca7ec169,300908003,3,41,123,2023-07-15
SYN-9c6384e5ca7ec169,505221001,3,20,60,2023-07-15
SYN-9c702ab223de15ab,574109015,3,25,75,2023-01-08
SYN-9c702ab223de15ab,622238015,5,25,125,2023-01-08
SYN-9c7762cd36a4a79c,672890004,2,25,50,2023-04-19
SYN-9c7c68bae02b7abb,521302008,3,15,45,2023-10-21
SYN-9c7c68bae02b7abb,562245034,4,20,80,2023-10-21
SYN-9c7c68bae02b7abb,562245050,4,22,88,2023-10-21
SYN-9c7c68bae02b7abb,604349001,5,15,75,2023-10-21
SYN-9c8249d427b93b46,625311008,5,31,155,2023-01-10
SYN-9c8249d427b93b46,634332001,3,42,126,2023-01-10
SYN-9c849b54d9d95f50,538699001,6,9,54,2023-07-13
SYN-9c849b54d9d95f50,583554002,6,24,144,2023-07-13
SYN-9c849b54d9d95f50,607427003,5,34,170,2023-07-13
SYN-9c849b54d9d95f50,611469001,3,42,126,2023-07-13
SYN-9c849b54d9d95f50,652196002,2,31,62,2023-07-13
SYN-9c849b54d9d95f50,652361001,6,25,150,2023-07-13
SYN-9c849b54d9d95f50,671852003,3,31,93,2023-07-13
SYN-9c92095cf6f84790,662468001,4,59,236,2023-08-06
SYN-9c92095cf6f84790,686515003,3,34,102,2023-08-06
SYN-9c9bbf6c1fb4e8fa,539723006,2,34,68,2023-12-08
SYN-9c9bbf6c1fb4e8fa,646592004,3,17,51,2023-12-08
SYN-9c9c4967b3d2e161,675952009,6,34,204,2023-09-30
SYN-9ca5c5524beb8b76,484398001,5,31,155,2023-03-15
SYN-9ca5c5524beb8b76,625321003,3,23,69,2023-03-15
SYN-9ca5c5524beb8b76,634332001,6,42,252,2023-03-15
SYN-9cb0845ecc43d258,657476002,4,17,68,2023-10-08
SYN-9cb0845ecc43d258,671057002,6,9,54,2023-10-08
SYN-9cbfd632f1191066,312543001,5,25,125,2023-01-25
SYN-9cbfd632f1191066,539723003,2,34,68,2023-01-25
SYN-9cc4370ebb91dfa4,514134001,4,63,252,2023-05-17
SYN-9cc4370ebb91dfa4,654046001,5,29,145,2023-05-17
SYN-9cc4370ebb91dfa4,660599001,4,32,128,2023-05-17
SYN-9cd1de5948e8344a,638136001,4,12,48,2023-07-05
SYN-9cd6e6d19a4804ae,639976005,6,72,432,2023-11-15
SYN-9cd78de72bce4e59,653114001,3,85,255,2023-10-03
SYN-9cdeb32cc2361023,673677002,2,17,34,2023-04-22
SYN-9ce804d396c99878,619739004,2,22,44,2023-11-29
SYN-9ce91ab691c6c17f,662980003,4,34,136,2023-05-12
SYN-9cea15fa1ce1238f,685687004,2,17,34,2023-03-30
SYN-9ceb4d93963de6b6,573085001,6,19,114,2023-11-19
SYN-9ceb4d93963de6b6,573085020,5,27,135,2023-11-19
SYN-9ceb4d93963de6b6,573085028,2,27,54,2023-11-19
SYN-9ceb4d93963de6b6,608483007,4,25,100,2023-11-19
SYN-9ceb4d93963de6b6,626813006,5,25,125,2023-11-19
SYN-9ced53e44ff789e7,537346020,5,42,210,2023-04-18
SYN-9ced53e44ff789e7,567993017,4,25,100,2023-04-18
SYN-9ced53e44ff789e7,622743002,2,42,84,2023-04-18
SYN-9ced53e44ff789e7,625316007,6,17,102,2023-04-18
SYN-9ced53e44ff789e7,680186001,2,42,84,2023-04-18
SYN-9cf4d30a0679ad48,573716039,3,25,75,2023-09-19
SYN-9cf4d30a0679ad48,637549005,4,34,136,2023-09-19
SYN-9cf4d30a0679ad48,660599001,5,34,170,2023-09-19
SYN-9d09a0c2d60c0a6d,399087017,2,21,42,2023-03-07
SYN-9d09a0c2d60c0a6d,557247001,5,17,85,2023-03-07
SYN-9d09a0c2d60c0a6d,562245034,4,20,80,2023-03-07
SYN-9d09a0c2d60c0a6d,562245059,3,20,60,2023-03-07
SYN-9d09a0c2d60c0a6d,598755002,3,14,42,2023-03-07
SYN-9d09a0c2d60c0a6d,598755003,2,14,28,2023-03-07
SYN-9d09a0c2d60c0a6d,598755011,4,14,56,2023-03-07
SYN-9d09a0c2d60c0a6d,625939002,5,9,45,2023-03-07
SYN-9d09a0c2d60c0a6d,625939003,6,9,54,2023-03-07
SYN-9d09a0c2d60c0a6d,625939004,2,9,18,2023-03-07
SYN-9d09a0c2d60c0a6d,640882001,6,17,102,2023-03-07
SYN-9d0de23b613527c2,714421001,3,34,102,2023-08-07
SYN-9d27732649ae5a2d,464908002,3,17,51,2023-02-27
SYN-9d27732649ae5a2d,464908037,2,17,34,2023-02-27
SYN-9d27732649ae5a2d,523489001,4,5,20,2023-02-27
SYN-9d28efbe8621e55a,571436014,5,9,45,2023-10-25
SYN-9d28efbe8621e55a,592286002,3,14,42,2023-10-25
SYN-9d2b360d4bb328a7,635190002,3,18,54,2023-08-31
SYN-9d69fbf7b748dff0,478751007,3,12,36,2023-05-26
SYN-9d6e0ef647749338,293433002,2,17,34,2023-12-26
SYN-9d6e0ef647749338,546896001,2,7,14,2023-12-26
SYN-9d6e0ef647749338,558474001,5,19,95,2023-12-26
SYN-9d6e0ef647749338,558817001,5,7,35,2023-12-26
SYN-9d6e0ef647749338,564073002,4,9,36,2023-12-26
SYN-9d6e0ef647749338,611144023,2,25,50,2023-12-26
SYN-9d6e0ef647749338,650678002,5,17,85,2023-12-26
SYN-9d756b4f76f10392,625568001,4,64,256,2023-10-06
SYN-9d81c70689a95c4d,496111019,4,34,136,2023-01-17
SYN-9d81c70689a95c4d,534052001,5,7,35,2023-01-17
SYN-9d81c70689a95c4d,676990002,4,51,204,2023-01-17
SYN-9d8b79824c4139f3,188183001,2,51,102,2023-05-10
SYN-9d8b79824c4139f3,626168001,5,27,135,2023-05-10
SYN-9d8edcb205e2962e,562245034,5,20,100,2023-10-08
SYN-9d8edcb205e2962e,635084002,5,9,45,2023-10-08
SYN-9d924411ffd2d3dd,532954003,5,3,15,2023-01-10
SYN-9d924411ffd2d3dd,633257001,5,22,110,2023-01-10
SYN-9d9c85fa816d5025,539723001,3,34,102,2023-10-30
SYN-9d9c85fa816d5025,539723006,3,34,102,2023-10-30
SYN-9d9c85fa816d5025,574109012,6,25,150,2023-10-30
SYN-9d9c85fa816d5025,621381009,2,34,68,2023-10-30
SYN-9d9c85fa816d5025,636093001,6,51,306,2023-10-30
SYN-9d9c85fa816d5025,675378002,6,25,150,2023-10-30
SYN-9d9ff29e786242b3,624633001,2,17,34,2023-01-05
SYN-9da17ffcd6c0af7f,524825010,5,38,190,2023-07-13
SYN-9daca7405e955749,301656017,4,51,204,2023-10-09
SYN-9ddc1cbf4316551d,372860041,3,7,21,2023-08-30
SYN-9ddc1cbf4316551d,490793033,2,10,20,2023-08-30
SYN-9ddc1cbf4316551d,538142006,3,18,54,2023-08-30
SYN-9ddc1cbf4316551d,615959001,3,15,45,2023-08-30
SYN-9ddc1cbf4316551d,627389006,5,15,75,2023-08-30
SYN-9e03b3c9212e9766,557248005,3,34,102,2023-08-16
SYN-9e30d2fd643f5b64,399136009,6,85,510,2023-06-29
SYN-9e30d2fd643f5b64,485973039,3,17,51,2023-06-29
SYN-9e30d2fd643f5b64,663396001,6,51,306,2023-06-29
SYN-9e37ee427b1dbb17,457292019,4,25,100,2023-10-24
SYN-9e37ee427b1dbb17,552471001,5,17,85,2023-10-24
SYN-9e37ee427b1dbb17,552471023,4,14,56,2023-10-24
SYN-9e39a26e2fa6b07c,539723005,4,34,136,2023-11-23
SYN-9e39a26e2fa6b07c,610776002,5,9,45,2023-11-23
SYN-9e39a26e2fa6b07c,611929006,4,34,136,2023-11-23
SYN-9e39a26e2fa6b07c,662888002,2,34,68,2023-11-23
SYN-9e428786a3e21de1,537060003,4,61,244,2023-08-23
SYN-9e428786a3e21de1,661797001,2,136,272,2023-08-23
SYN-9e56284d035dc527,522398021,3,17,51,2023-08-05
SYN-9e58b14788c77d06,612420001,4,9,36,2023-10-10
SYN-9e6c910c710367a3,501820008,3,15,45,2023-06-01
SYN-9e6c910c710367a3,554450005,4,31,124,2023-06-01
SYN-9e8efcffe4d31b37,716519001,4,25,100,2023-01-08
SYN-9e9894d93cfd42e5,695627001,6,14,84,2023-07-01
SYN-9e9c61b3f491a769,663568001,2,42,84,2023-02-17
SYN-9ea421b59668fcc6,573716024,3,17,51,2023-09-03
SYN-9ea421b59668fcc6,578020002,6,14,84,2023-09-03
SYN-9ea421b59668fcc6,581162001,6,15,90,2023-09-03
SYN-9ea421b59668fcc6,607427002,2,18,36,2023-09-03
SYN-9ea4783cb854ecf4,519749004,6,15,90,2023-11-25
SYN-9ea4783cb854ecf4,613246004,5,25,125,2023-11-25
SYN-9ea4783cb854ecf4,635049004,4,14,56,2023-11-25
SYN-9ea4783cb854ecf4,648769003,5,15,75,2023-11-25
SYN-9ea4783cb854ecf4,652075001,4,12,48,2023-11-25
SYN-9ebcd33b44053b59,676954001,3,48,144,2023-04-07
SYN-9eca3f9fa85a1217,399136023,4,42,168,2023-02-02
SYN-9eca3f9fa85a1217,568864001,2,20,40,2023-02-02
SYN-9eca3f9fa85a1217,589924009,5,25,125,2023-02-02
SYN-9ed235cb49e40ca7,651687001,2,9,18,2023-03-17
SYN-9ed235cb49e40ca7,652075002,4,13,52,2023-03-17
SYN-9ed235cb49e40ca7,655969001,2,9,18,2023-03-17
SYN-9ed6244bf10f9ec9,556379003,4,27,108,2023-06-21
SYN-9ed6244bf10f9ec9,569933006,3,42,126,2023-06-21
SYN-9ee5abc5ae8cb97c,507883009,6,14,84,2023-11-15
SYN-9ee5abc5ae8cb97c,520370001,5,20,100,2023-11-15
SYN-9ee5abc5ae8cb97c,564031001,5,15,75,2023-11-15
SYN-9ee5abc5ae8cb97c,660519001,4,31,124,2023-11-15
SYN-9eefe49f3cb71abc,685687002,4,17,68,2023-05-18
SYN-9ef3ddce1f33699a,650274003,6,17,102,2023-09-22
SYN-9ef3ddce1f33699a,655826006,6,42,252,2023-09-22
SYN-9ef3ddce1f33699a,691012001,3,85,255,2023-09-22
SYN-9f04d35c90d6abb9,368979001,4,16,64,2023-05-08
SYN-9f04d35c90d6abb9,567594001,4,11,44,2023-05-08
SYN-9f04d35c90d6abb9,646286001,2,34,68,2023-05-08
SYN-9f04d35c90d6abb9,659877001,2,80,160,2023-05-08
SYN-9f12dab5e54736a0,572128011,2,12,24,2023-12-19
SYN-9f12dab5e54736a0,598863001,5,15,75,2023-12-19
SYN-9f12dab5e54736a0,636571001,3,20,60,2023-12-19
SYN-9f28ea39c5f14894,636455003,3,51,153,2023-09-23
SYN-9f39c577bd8afcb1,685687004,2,17,34,2023-02-13
SYN-9f3e15a0fb7b310a,188183009,3,27,81,2023-10-16
SYN-9f3e15a0fb7b310a,341782022,2,9,18,2023-10-16
SYN-9f3e15a0fb7b310a,543062004,2,8,16,2023-10-16
SYN-9f3e15a0fb7b310a,567411003,6,11,66,2023-10-16
SYN-9f3e15a0fb7b310a,570003006,4,5,20,2023-10-16
SYN-9f3e15a0fb7b310a,651954001,3,8,24,2023-10-16
SYN-9f92db24f0f4a5c8,573152009,3,25,75,2023-03-23
SYN-9f92db24f0f4a5c8,653114001,5,51,255,2023-03-23
SYN-9f92db24f0f4a5c8,663007001,3,42,126,2023-03-23
SYN-9f975982ae387e71,651724003,6,34,204,2023-03-02
SYN-9fa94abaf45919c6,536139006,3,17,51,2023-01-22
SYN-9fa94abaf45919c6,569562005,4,42,168,2023-01-22
SYN-9fa94abaf45919c6,662866002,2,42,84,2023-01-22
SYN-9fab3292a6cb1c40,507909022,6,25,150,2023-12-06
SYN-9fab3292a6cb1c40,591334019,5,17,85,2023-12-06
SYN-9fab3292a6cb1c40,660712001,2,42,84,2023-12-06
SYN-9fab3292a6cb1c40,660712002,2,42,84,2023-12-06
SYN-9fab3292a6cb1c40,660712007,4,42,168,2023-12-06
SYN-9faff484e38182e7,507909001,5,23,115,2023-02-08
SYN-9fb1c442a94d8366,478549005,3,25,75,2023-02-24
SYN-9fbb40bf825fb2e5,656686002,6,168,1008,2023-05-03
SYN-9fbb40bf825fb2e5,676326005,4,51,204,2023-05-03
SYN-9fbb40bf825fb2e5,704048006,5,59,295,2023-05-03
SYN-9fc5acb4213019a3,594630002,2,12,24,2023-03-18
SYN-9fd2a1b8ba6c023f,563204001,6,10,60,2023-05-01
SYN-9fd2a1b8ba6c023f,563205001,4,7,28,2023-05-01
SYN-9fd2a1b8ba6c023f,573452001,3,14,42,2023-05-01
SYN-9fd70e7e0bf203d7,610776006,6,9,54,2023-02-05
SYN-9ff9b35279aee2d2,714423001,5,42,210,2023-08-24
SYN-9ffcac3008106cb9,633130001,4,17,68,2023-07-14
SYN-9ffcac3008106cb9,657497006,2,24,48,2023-07-14
SYN-9ffcac3008106cb9,657497007,5,25,125,2023-07-14
SYN-a010d39ab3b02ff2,399201005,6,59,354,2023-05-04
SYN-a01863157d02f864,572128003,2,9,18,2023-09-13
SYN-a01863157d02f864,615491002,2,20,40,2023-09-13
SYN-a01863157d02f864,618899002,4,9,36,2023-09-13
SYN-a01863157d02f864,622159001,5,20,100,2023-09-13
SYN-a02bcd4247a54c43,568597009,3,42,126,2023-01-07
SYN-a03960868f68ee17,110065001,5,23,115,2023-12-13
SYN-a03960868f68ee17,531697003,2,23,46,2023-12-13
SYN-a042d3e1786fe9c2,501286001,6,54,324,2023-09-13
SYN-a042d3e1786fe9c2,667491002,3,23,69,2023-09-13
SYN-a042d3e1786fe9c2,683662005,3,12,36,2023-09-13
SYN-a04633bef5b62e0f,179950001,2,25,50,2023-09-10
SYN-a04ac67570786d14,651424001,5,68,340,2023-06-21
SYN-a04ac67570786d14,657395001,5,34,170,2023-06-21
SYN-a04ac67570786d14,669882004,4,25,100,2023-06-21
SYN-a04ac67570786d14,691839001,4,51,204,2023-06-21
SYN-a04f9a993160b105,516859002,4,14,56,2023-12-09
SYN-a06465ca1e3504b2,568597021,4,42,168,2023-12-11
SYN-a06465ca1e3504b2,568601020,3,51,153,2023-12-11
SYN-a06465ca1e3504b2,664074001,6,17,102,2023-12-11
SYN-a07a10edd38116b5,399136027,5,68,340,2023-08-19
SYN-a07a10edd38116b5,399136061,5,51,255,2023-08-19
SYN-a07a10edd38116b5,613246003,2,25,50,2023-08-19
SYN-a098e919e1f59bfa,562245001,4,22,88,2023-03-12
SYN-a098e919e1f59bfa,562245004,3,24,72,2023-03-12
SYN-a098e919e1f59bfa,562245034,3,20,60,2023-03-12
SYN-a098e919e1f59bfa,562245059,4,20,80,2023-03-12
SYN-a098e919e1f59bfa,572399004,3,15,45,2023-03-12
SYN-a098e919e1f59bfa,598665003,5,12,60,2023-03-12
SYN-a098e919e1f59bfa,598665010,6,12,72,2023-03-12
SYN-a098e919e1f59bfa,610671001,6,24,144,2023-03-12
SYN-a098e919e1f59bfa,610671003,5,20,100,2023-03-12
SYN-a0a7447c0840e398,568597018,5,42,210,2023-09-26
SYN-a0a7447c0840e398,568597021,4,42,168,2023-09-26
SYN-a0a7447c0840e398,568601018,3,51,153,2023-09-26
SYN-a0a7447c0840e398,688873004,4,34,136,2023-09-26
SYN-a0b534a06d2f6c1b,589599004,3,10,30,2023-08-21
SYN-a0b534a06d2f6c1b,620945004,5,5,25,2023-08-21
SYN-a0b534a06d2f6c1b,620963004,5,5,25,2023-08-21
SYN-a0b60d4990fcf03b,463601008,2,17,34,2023-05-20
SYN-a0b60d4990fcf03b,617835006,3,17,51,2023-05-20
SYN-a0b60d4990fcf03b,646592004,2,17,34,2023-05-20
SYN-a0b60d4990fcf03b,651793004,6,17,102,2023-05-20
SYN-a0b60d4990fcf03b,651793005,3,17,51,2023-05-20
SYN-a0dc1967c40bb061,630116017,5,34,170,2023-12-10
SYN-a0dc1967c40bb061,634320006,2,31,62,2023-12-10
SYN-a0dc1967c40bb061,636351002,6,9,54,2023-12-10
SYN-a0e3a039b6df007e,561303013,6,17,102,2023-05-06
SYN-a0e3a039b6df007e,594541002,3,17,51,2023-05-06
SYN-a0e3a039b6df007e,654772001,2,34,68,2023-05-06
SYN-a0e3a039b6df007e,686265001,4,17,68,2023-05-06
SYN-a0e3a039b6df007e,686269003,5,17,85,2023-05-06
SYN-a0e46ab2aa3d3cb7,549391002,2,31,62,2023-09-19
SYN-a0e46ab2aa3d3cb7,556350001,5,25,125,2023-09-19
SYN-a0e46ab2aa3d3cb7,585398005,6,25,150,2023-09-19
SYN-a0e46ab2aa3d3cb7,623282003,4,17,68,2023-09-19
SYN-a0e46ab2aa3d3cb7,623282005,6,17,102,2023-09-19
SYN-a0e46ab2aa3d3cb7,625653014,2,25,50,2023-09-19
SYN-a0e46ab2aa3d3cb7,629396001,6,25,150,2023-09-19
SYN-a0e46ab2aa3d3cb7,640801002,2,25,50,2023-09-19
SYN-a0e46ab2aa3d3cb7,661136002,4,31,124,2023-09-19
SYN-a0e966c0bf9d68fe,241412038,4,25,100,2023-04-05
SYN-a0e966c0bf9d68fe,573716040,3,25,75,2023-04-05
SYN-a0e966c0bf9d68fe,689980001,4,102,408,2023-04-05
SYN-a0f28147e5ea1095,679655001,6,24,144,2023-06-03
SYN-a0f39857f51d18ba,657395001,6,34,204,2023-04-04
SYN-a0f39857f51d18ba,660712012,6,42,252,2023-04-04
SYN-a0f39857f51d18ba,699566001,2,68,136,2023-04-04
SYN-a12be7b114b030c4,564786017,3,21,63,2023-02-01
SYN-a12d2b572d8d30d3,399256001,3,17,51,2023-10-12
SYN-a13aa3a7e1bacca0,179123001,6,17,102,2023-09-05
SYN-a13aa3a7e1bacca0,322017003,6,14,84,2023-09-05
SYN-a147fa9cbba2c40d,663016001,2,68,136,2023-03-23
SYN-a1485001da9f1adb,562245059,4,20,80,2023-10-22
SYN-a1485001da9f1adb,607310005,3,68,204,2023-10-22
SYN-a1485001da9f1adb,639677002,5,25,125,2023-10-22
SYN-a1485001da9f1adb,650193001,2,51,102,2023-10-22
SYN-a1485001da9f1adb,673275001,3,17,51,2023-10-22
SYN-a1485001da9f1adb,684080003,3,97,291,2023-10-22
SYN-a1485001da9f1adb,685687004,2,17,34,2023-10-22
SYN-a1485001da9f1adb,686587003,6,34,204,2023-10-22
SYN-a14e8a7238d3abdd,554598001,6,16,96,2023-11-22
SYN-a14e8a7238d3abdd,554598028,3,16,48,2023-11-22
SYN-a14e8a7238d3abdd,562245001,4,21,84,2023-11-22
SYN-a14e8a7238d3abdd,562245004,5,23,115,2023-11-22
SYN-a14e8a7238d3abdd,562245034,6,19,114,2023-11-22
SYN-a14e8a7238d3abdd,610776018,4,8,32,2023-11-22
SYN-a14e8a7238d3abdd,630116003,6,32,192,2023-11-22
SYN-a14e8a7238d3abdd,630116004,3,32,96,2023-11-22
SYN-a15ecdbf2768626f,538142004,4,25,100,2023-03-14
SYN-a15ecdbf2768626f,580770002,4,17,68,2023-03-14
SYN-a15ecdbf2768626f,651456005,5,17,85,2023-03-14
SYN-a188c655f0c609ac,316441001,6,15,90,2023-02-11
SYN-a188c655f0c609ac,548613029,4,15,60,2023-02-11
SYN-a188c655f0c609ac,561445005,6,7,42,2023-02-11
SYN-a188c655f0c609ac,573716010,4,22,88,2023-02-11
SYN-a19208f20a8f6e14,557248025,2,34,68,2023-05-21
SYN-a19208f20a8f6e14,646536003,5,17,85,2023-05-21
SYN-a19208f20a8f6e14,685687004,2,17,34,2023-05-21
SYN-a197a7aecafa9dd3,417951005,5,10,50,2023-05-22
SYN-a197a7aecafa9dd3,436261001,6,10,60,2023-05-22
SYN-a1a4c36d61037a9f,547752003,2,41,82,2023-10-08
SYN-a1a590681cb47f10,636455009,6,48,288,2023-05-28
SYN-a1bd7097f697f06c,665477001,5,34,170,2023-09-04
SYN-a1c6c47d0e7abfb2,685382001,6,66,396,2023-07-24
SYN-a1c6c47d0e7abfb2,685383003,3,133,399,2023-07-24
SYN-a1c6c47d0e7abfb2,687965001,6,66,396,2023-07-24
SYN-a1c6c47d0e7abfb2,689899001,3,50,150,2023-07-24
SYN-a1c6c47d0e7abfb2,689982001,5,100,500,2023-07-24
SYN-a1d1a6ad9c09cc46,551336003,3,34,102,2023-05-07
SYN-a1d1a6ad9c09cc46,660712007,6,42,252,2023-05-07
SYN-a1d2665d0ebbe912,529008026,2,25,50,2023-03-19
SYN-a1d2665d0ebbe912,541518018,4,31,124,2023-03-19
SYN-a1d2665d0ebbe912,569562005,4,42,168,2023-03-19
SYN-a1d2665d0ebbe912,573013002,6,42,252,2023-03-19
SYN-a1d2665d0ebbe912,613497003,5,34,170,2023-03-19
SYN-a1d2665d0ebbe912,677967009,3,25,75,2023-03-19
SYN-a1d7e49ca4bcae93,417951005,4,11,44,2023-07-02
SYN-a1d7e49ca4bcae93,649553010,2,34,68,2023-07-02
SYN-a1dbdf8db0513daa,396135040,3,12,36,2023-01-03
SYN-a1dbdf8db0513daa,564491003,4,15,60,2023-01-03
SYN-a1dbdf8db0513daa,572791007,6,12,72,2023-01-03
SYN-a1dbdf8db0513daa,610776001,4,9,36,2023-01-03
SYN-a1dbdf8db0513daa,610776002,6,9,54,2023-01-03
SYN-a1eaa6b90036d412,652355001,2,17,34,2023-04-16
SYN-a1ed94d3398b4072,537076006,3,102,306,2023-03-05
SYN-a1ed94d3398b4072,662868003,6,34,204,2023-03-05
SYN-a1ed94d3398b4072,680220001,6,25,150,2023-03-05
SYN-a1ef7d13ea07affd,572480004,2,7,14,2023-09-09
SYN-a1ef7d13ea07affd,573085020,3,34,102,2023-09-09
SYN-a1f1733c394412bc,541512005,3,22,66,2023-10-26
SYN-a1f1733c394412bc,662932002,2,25,50,2023-10-26
SYN-a1f1733c394412bc,685687003,6,17,102,2023-10-26
SYN-a21642be486a7d88,241436001,3,22,66,2023-02-04
SYN-a22c3eed176c7166,452616002,4,7,28,2023-06-27
SYN-a22c3eed176c7166,452851009,2,9,18,2023-06-27
SYN-a22c3eed176c7166,555366001,5,29,145,2023-06-27
SYN-a22c3eed176c7166,561500001,3,12,36,2023-06-27
SYN-a22c3eed176c7166,566096005,3,20,60,2023-06-27
SYN-a22c3eed176c7166,567990010,4,19,76,2023-06-27
SYN-a22c3eed176c7166,592959001,6,22,132,2023-06-27
SYN-a22c3eed176c7166,608018001,4,24,96,2023-06-27
SYN-a22c3eed176c7166,611338001,6,22,132,2023-06-27
SYN-a22c3eed176c7166,631842003,5,14,70,2023-06-27
SYN-a22c3eed176c7166,663945002,4,23,92,2023-06-27
SYN-a2388c080b75d6c2,553611006,5,34,170,2023-09-25
SYN-a2388c080b75d6c2,635276001,2,31,62,2023-09-25
SYN-a2388c080b75d6c2,649397001,2,42,84,2023-09-25
SYN-a241a26036698602,660712011,2,40,80,2023-10-13
SYN-a241a26036698602,673677002,5,17,85,2023-10-13
SYN-a241a26036698602,685687001,6,17,102,2023-10-13
SYN-a24203dbdf640193,141661022,3,9,27,2023-05-01
SYN-a24203dbdf640193,331062009,5,9,45,2023-05-01
SYN-a24203dbdf640193,624383005,4,25,100,2023-05-01
SYN-a24203dbdf640193,640668001,3,34,102,2023-05-01
SYN-a244c9754c39cfb6,450604007,4,34,136,2023-12-11
SYN-a244c9754c39cfb6,450604022,4,34,136,2023-12-11
SYN-a244c9754c39cfb6,554598026,4,17,68,2023-12-11
SYN-a24acc582bd6524c,567760004,5,9,45,2023-06-10
SYN-a24acc582bd6524c,619229009,3,17,51,2023-06-10
SYN-a24acc582bd6524c,635440001,3,22,66,2023-06-10
SYN-a24acc582bd6524c,635440002,5,22,110,2023-06-10
SYN-a24acfbe157f8459,573716015,4,13,52,2023-01-02
SYN-a24acfbe157f8459,589222003,6,20,120,2023-01-02
SYN-a24acfbe157f8459,592975003,6,25,150,2023-01-02
SYN-a24acfbe157f8459,612182005,5,20,100,2023-01-02
SYN-a24acfbe157f8459,636455003,4,49,196,2023-01-02
SYN-a24acfbe157f8459,636455007,4,49,196,2023-01-02
SYN-a24acfbe157f8459,636455012,5,49,245,2023-01-02
SYN-a24b76ec9673e1ed,630141001,2,42,84,2023-11-10
SYN-a24b76ec9673e1ed,661853001,6,42,252,2023-11-10
SYN-a2573deff18e78ca,580482001,2,51,102,2023-02-03
SYN-a2573deff18e78ca,580482004,4,51,204,2023-02-03
SYN-a2573deff18e78ca,639835002,2,85,170,2023-02-03
SYN-a257524931414849,504154027,5,42,210,2023-05-05
SYN-a25df4872f388cab,688873005,4,34,136,2023-10-29
SYN-a25e9182fb043df2,573420001,6,68,408,2023-02-02
SYN-a265916429b4ddaf,282832001,6,53,318,2023-10-07
SYN-a265916429b4ddaf,449897042,2,68,136,2023-10-07
SYN-a265916429b4ddaf,675856001,2,17,34,2023-10-07
SYN-a2836952afc4b8b4,397068001,6,31,186,2023-05-11
SYN-a2836952afc4b8b4,397068015,3,31,93,2023-05-11
SYN-a2887089c337035a,637549013,4,34,136,2023-03-20
SYN-a29d3fff3aaab7c7,597763001,2,10,20,2023-03-02
SYN-a2a937f613513c80,372860001,4,13,52,2023-08-11
SYN-a2a937f613513c80,523489001,3,5,15,2023-08-11
SYN-a2a937f613513c80,552473021,6,24,144,2023-08-11
SYN-a2a937f613513c80,558981015,2,24,48,2023-08-11
SYN-a2a937f613513c80,626263008,3,24,72,2023-08-11
SYN-a2a937f613513c80,660698002,6,32,192,2023-08-11
SYN-a2b0a77d3a848321,108775044,3,9,27,2023-06-18
SYN-a2b0a77d3a848321,548388014,5,42,210,2023-06-18
SYN-a2b0a77d3a848321,570781008,2,17,34,2023-06-18
SYN-a2b0a77d3a848321,639677001,3,25,75,2023-06-18
SYN-a2b0a77d3a848321,651072001,4,34,136,2023-06-18
SYN-a2b0a77d3a848321,676065001,4,38,152,2023-06-18
SYN-a2ba47dd0a3b0ae8,224606019,2,9,18,2023-01-09
SYN-a2c2b91ae4c057be,684848003,5,59,295,2023-06-28
SYN-a2c2b91ae4c057be,686587003,5,34,170,2023-06-28
SYN-a2cb4e5855fe0703,574112001,2,25,50,2023-06-03
SYN-a2d683b2b0ee70d4,605230009,3,19,57,2023-01-12
SYN-a2d92dcfd7338cf9,399223001,3,34,102,2023-05-07
SYN-a2d92dcfd7338cf9,399223025,4,34,136,2023-05-07
SYN-a2d92dcfd7338cf9,399223029,4,34,136,2023-05-07
SYN-a2d92dcfd7338cf9,573716023,4,25,100,2023-05-07
SYN-a2d92dcfd7338cf9,573716037,5,25,125,2023-05-07
SYN-a2d92dcfd7338cf9,639685006,4,42,168,2023-05-07
SYN-a2d92dcfd7338cf9,662888003,2,34,68,2023-05-07
SYN-a2d92dcfd7338cf9,667491006,6,25,150,2023-05-07
SYN-a2ded964e8afbee2,639976005,5,76,380,2023-11-28
SYN-a2e5708d45115460,501616020,2,24,48,2023-04-21
SYN-a2e5708d45115460,567411015,5,21,105,2023-04-21
SYN-a2e5708d45115460,632803001,5,32,160,2023-04-21
SYN-a2e5708d45115460,634013001,2,32,64,2023-04-21
SYN-a2e5708d45115460,659140001,5,32,160,2023-04-21
SYN-a2e5708d45115460,671985001,5,32,160,2023-04-21
SYN-a2f1380937ab73a9,626000002,3,7,21,2023-12-09
SYN-a2f1380937ab73a9,627139002,3,14,42,2023-12-09
SYN-a2f1380937ab73a9,635473002,3,7,21,2023-12-09
SYN-a2f1dd31e3366ae3,624050004,5,14,70,2023-10-02
SYN-a32b3eb235879861,214844001,3,3,9,2023-09-21
SYN-a32b3eb235879861,613456001,4,15,60,2023-09-21
SYN-a32bd6c55c53f918,587682002,2,25,50,2023-12-17
SYN-a346ba74837e7b77,379780045,2,14,28,2023-01-15
SYN-a346ba74837e7b77,446224001,3,17,51,2023-01-15
SYN-a346ba74837e7b77,625939014,5,9,45,2023-01-15
SYN-a346ba74837e7b77,677930002,2,17,34,2023-01-15
SYN-a35a8babd3d641bb,560213004,5,19,95,2023-11-17
SYN-a35a8babd3d641bb,643851001,4,14,56,2023-11-17
SYN-a35e641e47361814,587229001,4,15,60,2023-12-04
SYN-a35e641e47361814,599716001,4,24,96,2023-12-04
SYN-a35e641e47361814,613521002,6,34,204,2023-12-04
SYN-a35e641e47361814,627389006,2,15,30,2023-12-04
SYN-a36837033bad78c6,606322005,4,46,184,2023-08-22
SYN-a36d45b7dc242a7c,632516001,2,68,136,2023-07-06
SYN-a37b0aff123920c2,563610001,5,68,340,2023-03-14
SYN-a38950b11d455a5e,398947001,4,3,12,2023-03-17
SYN-a38950b11d455a5e,659832001,5,17,85,2023-03-17
SYN-a38950b11d455a5e,664180001,2,25,50,2023-03-17
SYN-a393e4980ea4a320,514577013,3,17,51,2023-12-14
SYN-a393e4980ea4a320,626813010,6,25,150,2023-12-14
SYN-a393e4980ea4a320,637255009,5,25,125,2023-12-14
SYN-a393e4980ea4a320,677172003,5,34,170,2023-12-14
SYN-a398edc17c1017b4,637515004,2,34,68,2023-10-17
SYN-a398edc17c1017b4,662980001,5,34,170,2023-10-17
SYN-a39f16c968894bba,399223001,4,31,124,2023-08-07
SYN-a39f16c968894bba,634775001,4,22,88,2023-08-07
SYN-a39f16c968894bba,680810002,3,34,102,2023-08-07
SYN-a3b7535967f0f21d,617903009,6,22,132,2023-04-14
SYN-a3b7535967f0f21d,617903013,5,22,110,2023-04-14
SYN-a3d4106e077fd5d3,493438019,3,23,69,2023-10-19
SYN-a3d4106e077fd5d3,507706003,2,53,106,2023-10-19
SYN-a3d4106e077fd5d3,560270007,6,46,276,2023-10-19
SYN-a3d543faa43785ec,294008002,5,14,70,2023-02-19
SYN-a3e5884297453885,647982002,5,46,230,2023-12-10
SYN-a3efb2e23b7664e7,448509017,4,42,168,2023-10-09
SYN-a3f4569b40a7155b,608458001,6,17,102,2023-06-04
SYN-a3f4569b40a7155b,637255001,5,25,125,2023-06-04
SYN-a3f4569b40a7155b,663944001,3,34,102,2023-06-04
SYN-a3fae6986eb89362,555550001,2,9,18,2023-12-20
SYN-a3fae6986eb89362,555550003,2,9,18,2023-12-20
SYN-a3fe1ae207e82148,657476005,3,17,51,2023-03-22
SYN-a400cb302e26cddc,612800008,4,13,52,2023-10-30
SYN-a400cb302e26cddc,634323005,5,25,125,2023-10-30
SYN-a400cb302e26cddc,637280002,6,25,150,2023-10-30
SYN-a400cb302e26cddc,657287003,2,16,32,2023-10-30
SYN-a400cb302e26cddc,657291003,5,9,45,2023-10-30
SYN-a400cb302e26cddc,664074002,5,16,80,2023-10-30
SYN-a4091612b926b136,658847002,2,23,46,2023-02-13
SYN-a4091612b926b136,658847003,5,23,115,2023-02-13
SYN-a4091612b926b136,670279003,2,12,24,2023-02-13
SYN-a4091612b926b136,709784001,3,23,69,2023-02-13
SYN-a40a79112ef54423,358483006,4,17,68,2023-02-27
SYN-a40a79112ef54423,532578008,5,19,95,2023-02-27
SYN-a40a79112ef54423,568863005,5,20,100,2023-02-27
SYN-a40a79112ef54423,622295001,6,36,216,2023-02-27
SYN-a40a79112ef54423,684400001,6,17,102,2023-02-27
SYN-a40dbfc1b670b3a7,490176001,3,25,75,2023-05-14
SYN-a40dbfc1b670b3a7,582258001,2,25,50,2023-05-14
SYN-a41957553691e918,309864002,6,17,102,2023-10-12
SYN-a4222277dda0f3b5,547367007,3,10,30,2023-10-22
SYN-a42da64ee5e5d510,678931001,3,76,228,2023-08-02
SYN-a453a7a92942982e,430757001,2,29,58,2023-11-07
SYN-a453a7a92942982e,596122002,4,12,48,2023-11-07
SYN-a453a7a92942982e,630116001,2,34,68,2023-11-07
SYN-a453a7a92942982e,637255001,5,25,125,2023-11-07
SYN-a453a7a92942982e,673677002,6,17,102,2023-11-07
SYN-a457ca4d0224445a,524825013,5,42,210,2023-02-26
SYN-a47429c01f841dad,683356003,5,17,85,2023-12-18
SYN-a487a4353917062d,599502001,2,36,72,2023-06-11
SYN-a487a4353917062d,639192002,6,68,408,2023-06-11
SYN-a487a4353917062d,668153001,5,68,340,2023-06-11
SYN-a48caf2caf6375d6,658847003,3,24,72,2023-09-15
SYN-a48caf2caf6375d6,664368003,4,17,68,2023-09-15
SYN-a48caf2caf6375d6,687407001,5,14,70,2023-09-15
SYN-a4aba4cc12339bd3,693682001,3,5,15,2023-12-13
SYN-a4b9b01e0f6c7327,451720010,6,14,84,2023-10-06
SYN-a4b9b01e0f6c7327,557247010,3,9,27,2023-10-06
SYN-a4b9b01e0f6c7327,581228002,6,15,90,2023-10-06
SYN-a4b9b01e0f6c7327,616619001,6,20,120,2023-10-06
SYN-a4b9b01e0f6c7327,661162001,5,34,170,2023-10-06
SYN-a4cda032051223ec,287645013,4,9,36,2023-09-25
SYN-a4cda032051223ec,665971001,5,29,145,2023-09-25
SYN-a4e07be7612f9de0,370868013,6,25,150,2023-11-24
SYN-a4e07be7612f9de0,636238001,3,41,123,2023-11-24
SYN-a4e6dcaeacef3c59,554477005,3,17,51,2023-08-15
SYN-a4e6dcaeacef3c59,628788003,6,25,150,2023-08-15
SYN-a4e6dcaeacef3c59,649494005,2,22,44,2023-08-15
SYN-a4e6dcaeacef3c59,664074002,2,17,34,2023-08-15
SYN-a4e6dcaeacef3c59,664138002,6,22,132,2023-08-15
SYN-a4e6dcaeacef3c59,677530002,5,25,125,2023-08-15
SYN-a4e6dcaeacef3c59,677967002,4,25,100,2023-08-15
SYN-a4eda1a8fe54e6b1,469137001,6,31,186,2023-06-09
SYN-a4eda1a8fe54e6b1,632143001,2,34,68,2023-06-09
SYN-a4eda1a8fe54e6b1,669893001,5,34,170,2023-06-09
SYN-a4eda1a8fe54e6b1,676352001,4,25,100,2023-06-09
SYN-a4eda1a8fe54e6b1,714424001,4,42,168,2023-06-09
SYN-a4ef8201da9de646,616086002,3,3,9,2023-02-08
SYN-a4ef8201da9de646,658036001,5,10,50,2023-02-08
SYN-a4f7ef4599541f03,588330002,2,10,20,2023-06-06
SYN-a4fc01423e0584f3,521302004,3,25,75,2023-06-28
SYN-a50aeddac9aa1eaa,638628002,6,29,174,2023-12-06
SYN-a50ddfe2de7ce6e1,639976002,5,83,415,2023-10-15
SYN-a50ddfe2de7ce6e1,639976005,5,76,380,2023-10-15
SYN-a50ddfe2de7ce6e1,662888002,5,34,170,2023-10-15
SYN-a50ddfe2de7ce6e1,685683001,4,25,100,2023-10-15
SYN-a5213949081818fe,399223024,5,34,170,2023-09-14
SYN-a53147b025f48f27,473954006,3,17,51,2023-11-11
SYN-a53147b025f48f27,555294002,3,1,3,2023-11-11
SYN-a53943b1ecb2c7ef,519583008,2,34,68,2023-04-09
SYN-a53943b1ecb2c7ef,519583028,5,34,170,2023-04-09
SYN-a53943b1ecb2c7ef,572998001,4,51,204,2023-04-09
SYN-a53943b1ecb2c7ef,678992001,4,42,168,2023-04-09
SYN-a53943b1ecb2c7ef,684686001,3,51,153,2023-04-09
SYN-a54bc5847170daeb,506110001,4,25,100,2023-06-29
SYN-a54bc5847170daeb,543729003,2,50,100,2023-06-29
SYN-a54bc5847170daeb,578311001,4,67,268,2023-06-29
SYN-a54bc5847170daeb,637255001,5,25,125,2023-06-29
SYN-a54bc5847170daeb,656719005,3,50,150,2023-06-29
SYN-a54bc5847170daeb,657128001,2,67,134,2023-06-29
SYN-a54bc5847170daeb,660618001,2,17,34,2023-06-29
SYN-a54bc5847170daeb,684588001,5,25,125,2023-06-29
SYN-a54bc5847170daeb,692454002,6,25,150,2023-06-29
SYN-a54bc5847170daeb,696447003,4,67,268,2023-06-29
SYN-a555fef5c084d58f,108775015,3,8,24,2023-11-17
SYN-a555fef5c084d58f,504154015,3,15,45,2023-11-17
SYN-a555fef5c084d58f,505230006,5,24,120,2023-11-17
SYN-a555fef5c084d58f,538142006,6,19,114,2023-11-17
SYN-a555fef5c084d58f,548237001,6,15,90,2023-11-17
SYN-a555fef5c084d58f,578113002,6,28,168,2023-11-17
SYN-a555fef5c084d58f,594427001,6,19,114,2023-11-17
SYN-a555fef5c084d58f,595435003,2,15,30,2023-11-17
SYN-a555fef5c084d58f,603145001,2,16,32,2023-11-17
SYN-a555fef5c084d58f,608776001,5,8,40,2023-11-17
SYN-a5586bbbd2f593cd,613246004,6,23,138,2023-01-10
SYN-a56c8b1a025cc3c9,562245001,6,22,132,2023-01-23
SYN-a56c8b1a025cc3c9,562245034,6,20,120,2023-01-23
SYN-a56c8b1a025cc3c9,573085001,6,24,144,2023-01-23
SYN-a56ed9cd5150396a,651276001,4,42,168,2023-05-09
SYN-a57c3aaa711c5aa1,565379002,6,9,54,2023-09-18
SYN-a57c3aaa711c5aa1,688873007,4,34,136,2023-09-18
SYN-a581c8c49ea02d47,562245001,6,22,132,2023-01-23
SYN-a581c8c49ea02d47,621846001,2,25,50,2023-01-23
SYN-a581c8c49ea02d47,705143002,5,22,110,2023-01-23
SYN-a581c8c49ea02d47,716519001,6,25,150,2023-01-23
SYN-a583c536e7b246e4,440811010,4,29,116,2023-06-23
SYN-a583c536e7b246e4,557248009,6,32,192,2023-06-23
SYN-a583c536e7b246e4,564787001,4,12,48,2023-06-23
SYN-a583c536e7b246e4,582254001,4,20,80,2023-06-23
SYN-a583c536e7b246e4,583059002,3,25,75,2023-06-23
SYN-a583c536e7b246e4,584940004,5,22,110,2023-06-23
SYN-a5a4593c107d5197,562245001,4,22,88,2023-02-23
SYN-a5a4593c107d5197,563519006,3,25,75,2023-02-23
SYN-a5a4593c107d5197,577512005,6,51,306,2023-02-23
SYN-a5a4593c107d5197,578478001,6,42,252,2023-02-23
SYN-a5a4593c107d5197,581971001,6,59,354,2023-02-23
SYN-a5a4593c107d5197,612182001,3,34,102,2023-02-23
SYN-a5a4593c107d5197,612182014,4,34,136,2023-02-23
SYN-a5a4593c107d5197,627408002,3,49,147,2023-02-23
SYN-a5a4593c107d5197,633814002,2,41,82,2023-02-23
SYN-a5a4593c107d5197,643552001,5,42,210,2023-02-23
SYN-a5a4593c107d5197,657195001,6,85,510,2023-02-23
SYN-a5a4593c107d5197,661162004,4,34,136,2023-02-23
SYN-a5a4593c107d5197,678073002,2,25,50,2023-02-23
SYN-a5a9863746e3a734,564786017,6,22,132,2023-11-05
SYN-a5a9863746e3a734,625321004,4,25,100,2023-11-05
SYN-a5b98d120fc8e65e,684848003,6,59,354,2023-04-02
SYN-a5c82acaa559249e,621476001,3,15,45,2023-09-20
SYN-a5cc9c23a1bbeffc,563821001,5,30,150,2023-07-07
SYN-a5cc9c23a1bbeffc,608016002,3,68,204,2023-07-07
SYN-a5cc9c23a1bbeffc,635918002,2,17,34,2023-07-07
SYN-a5d65b43a31e3e5f,590376001,5,19,95,2023-04-05
SYN-a5d65b43a31e3e5f,590376002,4,19,76,2023-04-05
SYN-a5e0988390e3c417,606983001,4,12,48,2023-09-20
SYN-a5e0988390e3c417,651912002,3,10,30,2023-09-20
SYN-a5e0988390e3c417,660174001,4,17,68,2023-09-20
SYN-a5e4462687f094ba,561570001,4,34,136,2023-01-20
SYN-a5e4462687f094ba,637515001,5,34,170,2023-01-20
SYN-a5e8da0bc31b61ac,593829031,5,3,15,2023-08-28
SYN-a5fa8608a50eed6e,661162002,2,34,68,2023-04-10
SYN-a5fa8608a50eed6e,673677003,2,17,34,2023-04-10
SYN-a5fa8608a50eed6e,680818001,4,31,124,2023-04-10
SYN-a618498cbf9d90b7,471077001,6,22,132,2023-01-06
SYN-a61f365edac9af8c,325087018,5,25,125,2023-12-14
SYN-a61f365edac9af8c,351933029,5,25,125,2023-12-14
SYN-a61f365edac9af8c,510684007,2,29,58,2023-12-14
SYN-a61f365edac9af8c,583534002,3,17,51,2023-12-14
SYN-a61f365edac9af8c,583534009,2,17,34,2023-12-14
SYN-a61f365edac9af8c,597253001,2,27,54,2023-12-14
SYN-a61f365edac9af8c,617348001,3,42,126,2023-12-14
SYN-a6227ce21a0e20b1,567475001,6,34,204,2023-02-01
SYN-a6227ce21a0e20b1,567475004,5,20,100,2023-02-01
SYN-a6227ce21a0e20b1,573937001,3,32,96,2023-02-01
SYN-a6227ce21a0e20b1,646592004,2,17,34,2023-02-01
SYN-a622ae79b3e395ef,189634001,4,10,40,2023-11-17
SYN-a622ae79b3e395ef,551336001,6,34,204,2023-11-17
SYN-a622ae79b3e395ef,586361001,5,34,170,2023-11-17
SYN-a6250bbcf5e8b641,457322003,2,15,30,2023-12-07
SYN-a6250bbcf5e8b641,596391001,6,17,102,2023-12-07
SYN-a62bbed9e4de398f,662888001,5,34,170,2023-12-08
SYN-a632f8995b5e717d,501820004,3,17,51,2023-01-13
SYN-a636d4c8fb9862e3,547058001,4,81,324,2023-10-08
SYN-a636d4c8fb9862e3,562245001,3,18,54,2023-10-08
SYN-a636d4c8fb9862e3,611020005,6,54,324,2023-10-08
SYN-a636d4c8fb9862e3,611815001,4,54,216,2023-10-08
SYN-a63ee58b88e68e24,399136023,5,42,210,2023-06-12
SYN-a63ee58b88e68e24,550309001,3,42,126,2023-06-12
SYN-a63ee58b88e68e24,579302001,5,34,170,2023-06-12
SYN-a63ee58b88e68e24,597043002,2,34,68,2023-06-12
SYN-a63ee58b88e68e24,613666002,4,39,156,2023-06-12
SYN-a63ee58b88e68e24,628813002,3,14,42,2023-06-12
SYN-a63ee58b88e68e24,652742003,6,59,354,2023-06-12
SYN-a63ee58b88e68e24,663942001,3,34,102,2023-06-12
SYN-a63ee58b88e68e24,684105002,5,85,425,2023-06-12
SYN-a6521490430367bd,568861004,6,25,150,2023-08-02
SYN-a65975fe5fde0c78,700833004,4,59,236,2023-04-17
SYN-a65c13dc9cf58822,660599002,6,34,204,2023-05-10
SYN-a65cf46b64a97d2e,630145001,3,51,153,2023-05-01
SYN-a65cf46b64a97d2e,634015010,4,17,68,2023-05-01
SYN-a65cf46b64a97d2e,634411001,5,25,125,2023-05-01
SYN-a65cf46b64a97d2e,646429001,3,51,153,2023-05-01
SYN-a66f12b41b63f5c5,557247007,3,17,51,2023-08-30
SYN-a66f12b41b63f5c5,557247013,3,17,51,2023-08-30
SYN-a66f12b41b63f5c5,565379002,3,9,27,2023-08-30
SYN-a66f12b41b63f5c5,569986002,4,22,88,2023-08-30
SYN-a66f12b41b63f5c5,569997012,4,14,56,2023-08-30
SYN-a66f12b41b63f5c5,570002019,4,14,56,2023-08-30
SYN-a66f12b41b63f5c5,570033002,3,10,30,2023-08-30
SYN-a66f12b41b63f5c5,573282011,6,14,84,2023-08-30
SYN-a66f12b41b63f5c5,575141005,2,22,44,2023-08-30
SYN-a66f12b41b63f5c5,610776001,6,9,54,2023-08-30
SYN-a66f12b41b63f5c5,624486002,6,14,84,2023-08-30
SYN-a66f12b41b63f5c5,633965001,3,17,51,2023-08-30
SYN-a66f12b41b63f5c5,636587005,4,9,36,2023-08-30
SYN-a66f12b41b63f5c5,636587016,3,9,27,2023-08-30
SYN-a66f12b41b63f5c5,651465002,4,10,40,2023-08-30
SYN-a6747fcbb54f9cb1,649551016,5,25,125,2023-05-25
SYN-a689b636434072df,574109012,3,25,75,2023-10-15
SYN-a689b636434072df,598806012,3,17,51,2023-10-15
SYN-a689b636434072df,631833001,2,42,84,2023-10-15
SYN-a689b636434072df,655692001,2,68,136,2023-10-15
SYN-a689b636434072df,694689002,6,51,306,2023-10-15
SYN-a689b636434072df,710390001,5,25,125,2023-10-15
SYN-a69b8013fefd431d,507910021,2,17,34,2023-02-22
SYN-a69b8013fefd431d,572124001,4,37,148,2023-02-22
SYN-a69b8013fefd431d,592172007,4,7,28,2023-02-22
SYN-a69b8013fefd431d,635084001,2,10,20,2023-02-22
SYN-a69b8013fefd431d,635084003,6,10,60,2023-02-22
SYN-a69c564cd9d50344,493438015,2,10,20,2023-03-06
SYN-a69c564cd9d50344,658183001,4,5,20,2023-03-06
SYN-a69c564cd9d50344,658183002,5,5,25,2023-03-06
SYN-a6a5a82be2939931,521302008,2,15,30,2023-11-04
SYN-a6a5a82be2939931,573716033,2,25,50,2023-11-04
SYN-a6ba75d8d88bf4d4,591334019,4,17,68,2023-01-03
SYN-a6ba75d8d88bf4d4,673638003,6,17,102,2023-01-03
SYN-a6cffa1ec1bdc07e,617322003,2,26,52,2023-12-20
SYN-a6cffa1ec1bdc07e,620405001,5,19,95,2023-12-20
SYN-a6cffa1ec1bdc07e,678239001,3,25,75,2023-12-20
SYN-a6f31ca006468ccd,288859004,4,25,100,2023-04-10
SYN-a6f31ca006468ccd,288859009,6,25,150,2023-04-10
SYN-a6f9a3625008d370,682604001,4,31,124,2023-06-24
SYN-a6fcc74db8e8e102,679986005,4,34,136,2023-09-17
SYN-a7114beaa19a4f7c,622962001,5,51,255,2023-03-05
SYN-a7242d02ddeb7a06,640662002,3,32,96,2023-03-12
SYN-a7379c1de62ed4d1,560818001,6,42,252,2023-06-15
SYN-a7379c1de62ed4d1,596208002,3,34,102,2023-06-15
SYN-a7379c1de62ed4d1,637569001,4,51,204,2023-06-15
SYN-a7379c1de62ed4d1,646067002,3,42,126,2023-06-15
SYN-a7379c1de62ed4d1,648995005,2,34,68,2023-06-15
SYN-a7379c1de62ed4d1,657200001,5,42,210,2023-06-15
SYN-a7379c1de62ed4d1,659550001,2,59,118,2023-06-15
SYN-a7379c1de62ed4d1,664123001,5,51,255,2023-06-15
SYN-a7379c1de62ed4d1,669360004,6,66,396,2023-06-15
SYN-a7379c1de62ed4d1,672077003,5,17,85,2023-06-15
SYN-a7379c1de62ed4d1,687821001,6,51,306,2023-06-15
SYN-a756c95fcaf4dce6,432984001,4,14,56,2023-09-14
SYN-a756c95fcaf4dce6,565200032,3,7,21,2023-09-14
SYN-a756c95fcaf4dce6,591702003,6,31,186,2023-09-14
SYN-a756c95fcaf4dce6,618389001,2,22,44,2023-09-14
SYN-a756c95fcaf4dce6,633755001,2,7,14,2023-09-14
SYN-a756c95fcaf4dce6,640168001,2,34,68,2023-09-14
SYN-a7624f3f56ab69de,482638018,4,9,36,2023-02-26
SYN-a7624f3f56ab69de,569355003,6,17,102,2023-02-26
SYN-a7624f3f56ab69de,576693003,5,9,45,2023-02-26
SYN-a7624f3f56ab69de,581275002,5,7,35,2023-02-26
SYN-a7624f3f56ab69de,600920002,4,15,60,2023-02-26
SYN-a7624f3f56ab69de,615941006,3,9,27,2023-02-26
SYN-a78692edd31d2ce4,529841001,6,20,120,2023-02-02
SYN-a78692edd31d2ce4,531310002,2,23,46,2023-02-02
SYN-a787923d0147d263,583558001,4,68,272,2023-01-08
SYN-a787923d0147d263,685687004,4,17,68,2023-01-08
SYN-a78ce65108867f81,108775015,3,9,27,2023-03-02
SYN-a78ce65108867f81,622240002,4,7,28,2023-03-02
SYN-a78ce65108867f81,631632001,6,22,132,2023-03-02
SYN-a790348a2475e5b5,573937001,3,31,93,2023-06-14
SYN-a790348a2475e5b5,573937003,4,31,124,2023-06-14
SYN-a79d2cb16f74a213,484398062,4,14,56,2023-08-27
SYN-a79d2cb16f74a213,484398068,5,14,70,2023-08-27
SYN-a79d2cb16f74a213,484398071,4,20,80,2023-08-27
SYN-a79d2cb16f74a213,552471008,3,5,15,2023-08-27
SYN-a79d2cb16f74a213,611378001,2,20,40,2023-08-27
SYN-a79d2cb16f74a213,638136001,3,12,36,2023-08-27
SYN-a7b1de718dee74e7,573856001,6,25,150,2023-04-13
SYN-a7b1de718dee74e7,573937001,4,31,124,2023-04-13
SYN-a7b1de718dee74e7,589222001,4,23,92,2023-04-13
SYN-a7b1de718dee74e7,589222003,5,20,100,2023-04-13
SYN-a7b1de718dee74e7,640462001,4,33,132,2023-04-13
SYN-a7b1de718dee74e7,653277001,2,49,98,2023-04-13
SYN-a7b1de718dee74e7,701600001,5,33,165,2023-04-13
SYN-a7c38edc7b891a14,634249002,5,34,170,2023-05-24
SYN-a7c38edc7b891a14,675508002,3,68,204,2023-05-24
SYN-a7c38edc7b891a14,689165001,3,51,153,2023-05-24
SYN-a7cd5396c5f61ad5,662888004,3,34,102,2023-10-19
SYN-a7da0a8659fba6e9,539723003,5,31,155,2023-02-15
SYN-a7da0a8659fba6e9,539723005,3,31,93,2023-02-15
SYN-a7da0a8659fba6e9,539723007,5,31,155,2023-02-15
SYN-a7da0a8659fba6e9,573085004,3,31,93,2023-02-15
SYN-a7da0a8659fba6e9,635276002,2,31,62,2023-02-15
SYN-a7da0a8659fba6e9,662857003,6,42,252,2023-02-15
SYN-a7deb4aea1fefa85,705115001,4,25,100,2023-01-28
SYN-a7e4a94ea8c65896,662857005,6,42,252,2023-03-24
SYN-a7e4a94ea8c65896,671505002,2,34,68,2023-03-24
SYN-a7ea4fc158e2ca95,481529006,6,34,204,2023-09-26
SYN-a7ea4fc158e2ca95,662257001,5,25,125,2023-09-26
SYN-a7ea4fc158e2ca95,680912011,2,17,34,2023-09-26
SYN-a7eb21d0646f335e,557938003,3,42,126,2023-08-08
SYN-a80ad5a0aac90a08,573716012,3,25,75,2023-12-06
SYN-a80ad5a0aac90a08,588689001,2,34,68,2023-12-06
SYN-a80df9f448cf095a,669034002,3,85,255,2023-11-23
SYN-a80df9f448cf095a,685687001,2,17,34,2023-11-23
SYN-a80df9f448cf095a,685687002,6,17,102,2023-11-23
SYN-a80df9f448cf095a,685687003,6,17,102,2023-11-23
SYN-a80df9f448cf095a,685687004,5,17,85,2023-11-23
SYN-a80df9f448cf095a,692454002,2,25,50,2023-11-23
SYN-a81376ff41fab116,563519001,2,25,50,2023-06-05
SYN-a81376ff41fab116,665095003,2,25,50,2023-06-05
SYN-a823c0654fd39e71,537346024,5,42,210,2023-03-13
SYN-a823c0654fd39e71,537688014,4,51,204,2023-03-13
SYN-a823c0654fd39e71,579541001,4,17,68,2023-03-13
SYN-a823c0654fd39e71,637515002,4,34,136,2023-03-13
SYN-a823c0654fd39e71,660599001,3,34,102,2023-03-13
SYN-a823c0654fd39e71,662868001,2,34,68,2023-03-13
SYN-a823c0654fd39e71,676990002,6,51,306,2023-03-13
SYN-a82781a80cd77b54,413707001,2,34,68,2023-02-02
SYN-a82781a80cd77b54,413707019,6,34,204,2023-02-02
SYN-a82781a80cd77b54,516000034,4,17,68,2023-02-02
SYN-a83a20cbe69b8479,671505001,5,34,170,2023-05-25
SYN-a83a20cbe69b8479,690480002,3,34,102,2023-05-25
SYN-a84b3417c2e8f12a,599074003,3,18,54,2023-11-06
SYN-a850fbe36479a134,608483002,4,14,56,2023-01-28
SYN-a851d3c70f0501e1,637549005,6,25,150,2023-12-02
SYN-a8584a9e67881172,610776022,6,9,54,2023-03-03
SYN-a8584a9e67881172,615042010,3,17,51,2023-03-03
SYN-a8584a9e67881172,692454002,4,25,100,2023-03-03
SYN-a86036232ad73ea7,399223024,6,34,204,2023-04-28
SYN-a86036232ad73ea7,495685001,3,41,123,2023-04-28
SYN-a86036232ad73ea7,539286001,4,14,56,2023-04-28
SYN-a86036232ad73ea7,570002033,3,14,42,2023-04-28
SYN-a86036232ad73ea7,573085004,5,34,170,2023-04-28
SYN-a86036232ad73ea7,581781004,4,51,204,2023-04-28
SYN-a86036232ad73ea7,585806001,6,14,84,2023-04-28
SYN-a86036232ad73ea7,618129001,3,29,87,2023-04-28
SYN-a86036232ad73ea7,637348001,4,68,272,2023-04-28
SYN-a86036232ad73ea7,664133002,6,42,252,2023-04-28
SYN-a86036232ad73ea7,673677002,5,17,85,2023-04-28
SYN-a86036232ad73ea7,678933001,3,42,126,2023-04-28
SYN-a86036232ad73ea7,685687002,5,17,85,2023-04-28
SYN-a871ad55ba75c460,654521001,2,59,118,2023-12-25
SYN-a87b237ccb9e4fd1,147339034,3,34,102,2023-01-26
SYN-a87b237ccb9e4fd1,634036005,4,34,136,2023-01-26
SYN-a87e07a5e7e5ef9a,558427001,6,20,120,2023-04-24
SYN-a87e07a5e7e5ef9a,624512003,3,17,51,2023-04-24
SYN-a8aa21c6db57c9f9,399136004,3,58,174,2023-08-14
SYN-a8aa21c6db57c9f9,399136061,2,50,100,2023-08-14
SYN-a8aa21c6db57c9f9,507910001,2,25,50,2023-08-14
SYN-a8aa21c6db57c9f9,507910004,3,25,75,2023-08-14
SYN-a8aa21c6db57c9f9,552473032,6,25,150,2023-08-14
SYN-a8aa21c6db57c9f9,599502009,6,32,192,2023-08-14
SYN-a8aa21c6db57c9f9,634332001,6,42,252,2023-08-14
SYN-a8aa21c6db57c9f9,655403004,3,83,249,2023-08-14
SYN-a8aa21c6db57c9f9,660369005,3,33,99,2023-08-14
SYN-a8aa21c6db57c9f9,691543001,5,50,250,2023-08-14
SYN-a8b0f2eb5ea326e2,592030002,6,31,186,2023-06-01
SYN-a8b0f2eb5ea326e2,642223001,4,31,124,2023-06-01
SYN-a8bfa239a82d6e56,608776010,4,14,56,2023-11-29
SYN-a8bfa239a82d6e56,665477003,6,34,204,2023-11-29
SYN-a8bfa239a82d6e56,684588002,6,24,144,2023-11-29
SYN-a8c2652e4a2a9ee4,568858001,3,119,357,2023-04-01
SYN-a8c2652e4a2a9ee4,616708004,4,31,124,2023-04-01
SYN-a8c2652e4a2a9ee4,640462002,4,34,136,2023-04-01
SYN-a8c2652e4a2a9ee4,678983004,4,17,68,2023-04-01
SYN-a8c2652e4a2a9ee4,685687004,6,17,102,2023-04-01
SYN-a8c5cc90bac9147c,399136027,2,68,136,2023-09-15
SYN-a8c5cc90bac9147c,399136060,3,59,177,2023-09-15
SYN-a8c5cc90bac9147c,537085009,2,25,50,2023-09-15
SYN-a8c5cc90bac9147c,607427005,3,34,102,2023-09-15
SYN-a8c5cc90bac9147c,652361004,5,25,125,2023-09-15
SYN-a8cf04e79c6a0df2,211143037,5,34,170,2023-05-01
SYN-a8cf04e79c6a0df2,490793035,3,10,30,2023-05-01
SYN-a8cf04e79c6a0df2,651863003,5,7,35,2023-05-01
SYN-a8cf04e79c6a0df2,663825002,3,15,45,2023-05-01
SYN-a8da8261dbc09dee,705094002,3,42,126,2023-08-27
SYN-a8e64a188cd3180d,501616009,6,22,132,2023-10-14
SYN-a8e64a188cd3180d,569974022,4,29,116,2023-10-14
SYN-a8efec8973fd8416,443696002,4,25,100,2023-12-28
SYN-a8efec8973fd8416,554141003,4,17,68,2023-12-28
SYN-a8f0351d4f918953,610776001,3,9,27,2023-12-17
SYN-a8f18853b7c54a15,565379023,5,9,45,2023-02-17
SYN-a8f7de732268b503,550309001,2,42,84,2023-10-28
SYN-a8f7de732268b503,592174001,3,34,102,2023-10-28
SYN-a8f7de732268b503,639242001,4,68,272,2023-10-28
SYN-a90f8073962d4694,624066005,2,25,50,2023-01-23
SYN-a914c9df7178f1dc,555369001,5,10,50,2023-11-14
SYN-a914c9df7178f1dc,610776002,4,9,36,2023-11-14
SYN-a914c9df7178f1dc,610776024,6,9,54,2023-11-14
SYN-a9201c9cf5bcaec6,646767001,3,14,42,2023-01-26
SYN-a92110a395de7b39,651348005,3,17,51,2023-08-10
SYN-a92704b92c82cd23,400246011,4,68,272,2023-11-13
SYN-a92704b92c82cd23,551045024,3,42,126,2023-11-13
SYN-a92704b92c82cd23,551045040,3,42,126,2023-11-13
SYN-a92704b92c82cd23,562245001,5,22,110,2023-11-13
SYN-a92704b92c82cd23,598806012,4,17,68,2023-11-13
SYN-a92704b92c82cd23,647268004,6,34,204,2023-11-13
SYN-a92704b92c82cd23,651348001,2,17,34,2023-11-13
SYN-a92704b92c82cd23,680557004,5,25,125,2023-11-13
SYN-a92704b92c82cd23,684021005,2,12,24,2023-11-13
SYN-a92704b92c82cd23,690260002,4,25,100,2023-11-13
SYN-a92704b92c82cd23,695318002,2,42,84,2023-11-13
SYN-a927bc15a325ea8f,576775006,5,28,140,2023-05-27
SYN-a927bc15a325ea8f,576775012,4,30,120,2023-05-27
SYN-a927bc15a325ea8f,685687001,6,16,96,2023-05-27
SYN-a927bc15a325ea8f,685687002,4,16,64,2023-05-27
SYN-a927bc15a325ea8f,685687004,5,16,80,2023-05-27
SYN-a92fffa6e4719d74,676387001,2,34,68,2023-10-01
SYN-a92fffa6e4719d74,683493001,4,25,100,2023-10-01
SYN-a93153ee3c787dc4,591334003,4,17,68,2023-12-20
SYN-a948c9bc42b130fb,584989003,4,36,144,2023-08-16
SYN-a950fc431566d06f,689390003,4,69,276,2023-01-03
SYN-a954be701039e4ff,186262006,3,4,12,2023-01-18
SYN-a954be701039e4ff,521302004,4,25,100,2023-01-18
SYN-a954be701039e4ff,568601019,5,51,255,2023-01-18
SYN-a954be701039e4ff,630145001,3,51,153,2023-01-18
SYN-a954be701039e4ff,638532001,6,25,150,2023-01-18
SYN-a96274333bfbc019,665477001,5,31,155,2023-08-03
SYN-a96bf58d7cf5e56d,592975013,4,51,204,2023-10-31
SYN-a96bf58d7cf5e56d,685284003,3,42,126,2023-10-31
SYN-a9742c1062076bed,690112002,4,68,272,2023-05-31
SYN-a97ad441438fe136,460302004,3,29,87,2023-12-23
SYN-a97ad441438fe136,529008011,3,20,60,2023-12-23
SYN-a97ad441438fe136,547349006,2,19,38,2023-12-23
SYN-a97ad441438fe136,579692001,4,15,60,2023-12-23
SYN-a97ad441438fe136,581086002,5,14,70,2023-12-23
SYN-a97ad441438fe136,628457003,4,20,80,2023-12-23
SYN-a97ad441438fe136,642960002,2,20,40,2023-12-23
SYN-a97ad441438fe136,658926002,5,14,70,2023-12-23
SYN-a97da471a7e9d285,649052001,5,59,295,2023-04-02
SYN-a99567d8463386d2,554792001,3,25,75,2023-12-15
SYN-a997c9f6001d74e2,559607002,2,31,62,2023-01-11
SYN-a997c9f6001d74e2,600380003,6,7,42,2023-01-11
SYN-a99b06c09a1d0105,541519001,2,17,34,2023-09-29
SYN-a99b06c09a1d0105,637255001,2,25,50,2023-09-29
SYN-a99b06c09a1d0105,649671001,6,42,252,2023-09-29
SYN-a99b06c09a1d0105,659302001,4,48,192,2023-09-29
SYN-a99b06c09a1d0105,666354001,2,14,28,2023-09-29
SYN-a99b06c09a1d0105,688873008,2,34,68,2023-09-29
SYN-a99c23261fac4534,392938002,6,51,306,2023-11-04
SYN-a99c23261fac4534,570003018,2,14,28,2023-11-04
SYN-a99c23261fac4534,679525001,4,51,204,2023-11-04
SYN-a99d40b819673cd3,564787001,5,12,60,2023-06-27
SYN-a99d40b819673cd3,586307005,5,9,45,2023-06-27
SYN-a99d40b819673cd3,604349001,6,15,90,2023-06-27
SYN-a99d40b819673cd3,620945004,5,3,15,2023-06-27
SYN-a99d40b819673cd3,620963004,5,3,15,2023-06-27
SYN-a99d40b819673cd3,644288001,6,17,102,2023-06-27
SYN-a99d40b819673cd3,685687004,3,17,51,2023-06-27
SYN-a9a5041b2c03994b,559634002,5,34,170,2023-06-03
SYN-a9a5041b2c03994b,609727002,5,31,155,2023-06-03
SYN-a9a5041b2c03994b,621757003,5,25,125,2023-06-03
SYN-a9a5041b2c03994b,622618004,3,42,126,2023-06-03
SYN-a9a5041b2c03994b,638136001,4,12,48,2023-06-03
SYN-a9a5041b2c03994b,647758001,2,51,102,2023-06-03
SYN-a9a5041b2c03994b,679237001,5,42,210,2023-06-03
SYN-a9a6fb38a6c7e091,451650001,5,22,110,2023-11-12
SYN-a9a6fb38a6c7e091,624634001,4,25,100,2023-11-12
SYN-a9a6fb38a6c7e091,624634003,5,25,125,2023-11-12
SYN-a9a8655f3ac3dc6e,662085001,5,68,340,2023-11-08
SYN-a9c534518204e307,646592004,6,17,102,2023-02-02
SYN-a9da71697ab8de9b,642651002,4,31,124,2023-03-31
SYN-a9da71697ab8de9b,645486001,5,12,60,2023-03-31
SYN-a9da71697ab8de9b,703193001,6,25,150,2023-03-31
SYN-a9dc0807f3b1aa0e,642437005,2,34,68,2023-01-05
SYN-a9dc0807f3b1aa0e,680499002,2,51,102,2023-01-05
SYN-a9df56524f548326,669896002,3,34,102,2023-11-25
SYN-a9f04a5147276ebb,605092009,5,17,85,2023-03-18
SYN-aa0d9294df28fb3b,660599001,6,34,204,2023-12-10
SYN-aa1e02e986378f18,524061003,5,51,255,2023-01-09
SYN-aa1e02e986378f18,554541020,4,42,168,2023-01-09
SYN-aa1e02e986378f18,566592007,4,22,88,2023-01-09
SYN-aa1e02e986378f18,566592010,3,22,66,2023-01-09
SYN-aa1e02e986378f18,589924004,2,14,28,2023-01-09
SYN-aa1e02e986378f18,589924010,4,25,100,2023-01-09
SYN-aa1e02e986378f18,598806001,3,10,30,2023-01-09
SYN-aa1e02e986378f18,615021015,4,17,68,2023-01-09
SYN-aa1e02e986378f18,625768001,4,36,144,2023-01-09
SYN-aa1e02e986378f18,625969001,2,85,170,2023-01-09
SYN-aa1e02e986378f18,639845003,3,25,75,2023-01-09
SYN-aa1e02e986378f18,639845009,5,25,125,2023-01-09
SYN-aa1e02e986378f18,657476002,6,17,102,2023-01-09
SYN-aa1e02e986378f18,660450001,5,102,510,2023-01-09
SYN-aa1e02e986378f18,667999002,4,17,68,2023-01-09
SYN-aa1e02e986378f18,667999004,2,17,34,2023-01-09
SYN-aa1e02e986378f18,674482003,4,17,68,2023-01-09
SYN-aa1e02e986378f18,678073001,6,25,150,2023-01-09
SYN-aa230f023123514b,612182014,2,29,58,2023-09-25
SYN-aa230f023123514b,664776007,5,14,70,2023-09-25
SYN-aa230f023123514b,672096001,5,14,70,2023-09-25
SYN-aa2677dfcffa1c43,599502009,3,32,96,2023-02-03
SYN-aa2677dfcffa1c43,638039001,6,34,204,2023-02-03
SYN-aa2677dfcffa1c43,714378001,5,34,170,2023-02-03
SYN-aa2cc225f9685f7d,616086008,3,5,15,2023-08-13
SYN-aa2cc225f9685f7d,628734008,6,17,102,2023-08-13
SYN-aa2cc225f9685f7d,658036002,5,19,95,2023-08-13
SYN-aa306b3be704d9ee,626587003,6,68,408,2023-02-12
SYN-aa37ab80a007de0e,665975001,4,25,100,2023-04-23
SYN-aa3f8cf42602ff85,564314018,6,25,150,2023-05-14
SYN-aa3f8cf42602ff85,673285001,6,25,150,2023-05-14
SYN-aa3ff07282a27c69,506452004,5,17,85,2023-05-18
SYN-aa4b18bce5b42aaf,562245059,2,34,68,2023-07-07
SYN-aa4b18bce5b42aaf,615970002,4,41,164,2023-07-07
SYN-aa4f9875c3043d30,486639003,4,31,124,2023-12-18
SYN-aa4f9875c3043d30,486639004,3,31,93,2023-12-18
SYN-aa5995008fbd6d9d,588689001,6,31,186,2023-08-29
SYN-aa5995008fbd6d9d,588689010,3,31,93,2023-08-29
SYN-aa5995008fbd6d9d,634727003,5,76,380,2023-08-29
SYN-aa74d22a635a081b,501286001,5,59,295,2023-06-28
SYN-aa74d22a635a081b,598460001,5,14,70,2023-06-28
SYN-aa74d22a635a081b,598460002,3,14,42,2023-06-28
SYN-aa74d22a635a081b,608952004,5,20,100,2023-06-28
SYN-aa74d22a635a081b,679655001,2,24,48,2023-06-28
SYN-aa74d22a635a081b,687535001,3,54,162,2023-06-28
SYN-aa74f1805faea1b1,399256001,5,17,85,2023-10-16
SYN-aa74f1805faea1b1,592959001,6,39,234,2023-10-16
SYN-aa74f1805faea1b1,641009006,6,17,102,2023-10-16
SYN-aa80367d84070563,186266004,2,3,6,2023-04-18
SYN-aa887eb9ae1d3c8b,673677002,5,17,85,2023-06-21
SYN-aa8b3342fe54c54d,559634007,5,34,170,2023-02-16
SYN-aa8b3342fe54c54d,660286001,4,12,48,2023-02-16
SYN-aa8b3342fe54c54d,663732004,3,17,51,2023-02-16
SYN-aa8d023ee2ec1dd9,516859002,4,14,56,2023-02-07
SYN-aa8d023ee2ec1dd9,713997001,5,9,45,2023-02-07
SYN-aa91ae375875266e,384263013,2,68,136,2023-10-10
SYN-aa91ae375875266e,512230004,5,42,210,2023-10-10
SYN-aa91ae375875266e,533407001,4,34,136,2023-10-10
SYN-aa91ae375875266e,550888001,2,51,102,2023-10-10
SYN-aa91ae375875266e,624110001,5,51,255,2023-10-10
SYN-aaa77fdd69adb50d,447694009,3,17,51,2023-04-15
SYN-aaa77fdd69adb50d,447694017,6,17,102,2023-04-15
SYN-aaa81495aea3695d,450604022,6,34,204,2023-07-16
SYN-aaa81495aea3695d,613497006,4,34,136,2023-07-16
SYN-aaa81495aea3695d,634383002,6,42,252,2023-07-16
SYN-aaca2e1ad4e0a997,604590001,3,27,81,2023-09-23
SYN-aacfa1dfb6fcd7c5,573937001,2,32,64,2023-08-26
SYN-aacfa1dfb6fcd7c5,573937003,4,31,124,2023-08-26
SYN-aacfa1dfb6fcd7c5,656975002,3,68,204,2023-08-26
SYN-aaed80c82a429c7b,507909001,5,25,125,2023-04-05
SYN-aaed80c82a429c7b,556655002,4,20,80,2023-04-05
SYN-aaed80c82a429c7b,568597009,4,27,108,2023-04-05
SYN-aaed80c82a429c7b,568601008,6,51,306,2023-04-05
SYN-aafd214c4325dce8,554772002,5,9,45,2023-04-03
SYN-aafd214c4325dce8,631536004,6,13,78,2023-04-03
SYN-aafd214c4325dce8,633130013,3,17,51,2023-04-03
SYN-ab05c4466303672a,469039019,3,22,66,2023-08-28
SYN-ab05c4466303672a,560268001,2,12,24,2023-08-28
SYN-ab05c4466303672a,562480004,2,51,102,2023-08-28
SYN-ab0ae799203e746f,657497006,3,25,75,2023-05-05
SYN-ab1e8bab16d22344,630141009,2,42,84,2023-04-24
SYN-ab1e8bab16d22344,676387001,6,34,204,2023-04-24
SYN-ab1e8bab16d22344,686631001,3,42,126,2023-04-24
SYN-ab21741cd1c7cdb6,650682001,5,51,255,2023-09-18
SYN-ab24a02c10a72857,564786001,3,22,66,2023-02-24
SYN-ab24a02c10a72857,564786019,5,22,110,2023-02-24
SYN-ab24a02c10a72857,634009004,3,25,75,2023-02-24
SYN-ab24a02c10a72857,708021001,4,17,68,2023-02-24
SYN-ab3545fbda778a7c,399201011,6,46,276,2023-09-13
SYN-ab3545fbda778a7c,516000035,4,7,28,2023-09-13
SYN-ab446297c2dd932c,524825010,2,25,50,2023-09-17
SYN-ab446297c2dd932c,667491011,5,25,125,2023-09-17
SYN-ab446297c2dd932c,683662008,2,14,28,2023-09-17
SYN-ab4be14ff72c54d4,349301001,3,10,30,2023-10-12
SYN-ab4be14ff72c54d4,615367010,3,22,66,2023-10-12
SYN-ab4be14ff72c54d4,624562001,4,51,204,2023-10-12
SYN-ab4be14ff72c54d4,637141005,6,20,120,2023-10-12
SYN-ab4c76c3f97b9779,661166005,5,43,215,2023-04-16
SYN-ab5f44cc1c0051c7,391750012,2,51,102,2023-02-26
SYN-ab5f44cc1c0051c7,452818001,4,14,56,2023-02-26
SYN-ab5f44cc1c0051c7,501616001,3,25,75,2023-02-26
SYN-ab5f44cc1c0051c7,501616007,5,25,125,2023-02-26
SYN-ab5f44cc1c0051c7,553092003,3,53,159,2023-02-26
SYN-ab6117faa6952962,632813005,3,51,153,2023-05-19
SYN-ab6117faa6952962,652747002,5,51,255,2023-05-19
SYN-ab6117faa6952962,655003001,5,51,255,2023-05-19
SYN-ab6117faa6952962,677991002,2,34,68,2023-05-19
SYN-ab64cfb4ea2af4b4,619506001,4,14,56,2023-09-11
SYN-ab864f380dad5047,484205010,3,42,126,2023-08-31
SYN-ab864f380dad5047,561104001,4,53,212,2023-08-31
SYN-ab864f380dad5047,573716039,4,25,100,2023-08-31
SYN-ab864f380dad5047,613569002,5,24,120,2023-08-31
SYN-ab864f380dad5047,651687001,3,10,30,2023-08-31
SYN-ab864f380dad5047,685687004,6,17,102,2023-08-31
SYN-ab864f380dad5047,690478001,5,34,170,2023-08-31
SYN-abbd34b94a44093a,501323011,4,59,236,2023-04-14
SYN-abe10fef4afb110b,639677001,3,25,75,2023-01-10
SYN-abe10fef4afb110b,678230003,5,34,170,2023-01-10
SYN-abe10fef4afb110b,685687002,6,17,102,2023-01-10
SYN-abe10fef4afb110b,685687003,4,17,68,2023-01-10
SYN-abe10fef4afb110b,711547001,4,42,168,2023-01-10
SYN-abebd4503cba5e3f,237222001,6,17,102,2023-02-20
SYN-abebd4503cba5e3f,574874003,2,25,50,2023-02-20
SYN-abebd4503cba5e3f,669034005,5,85,425,2023-02-20
SYN-abebd4503cba5e3f,673638003,2,17,34,2023-02-20
SYN-abebd4503cba5e3f,680220001,5,25,125,2023-02-20
SYN-abed3b919bf5abc4,577512007,4,51,204,2023-05-22
SYN-abf4181d35b1fc47,573716040,2,25,50,2023-05-15
SYN-abf4181d35b1fc47,618784002,2,31,62,2023-05-15
SYN-abf4181d35b1fc47,673677002,3,17,51,2023-05-15
SYN-abf4181d35b1fc47,673677003,5,17,85,2023-05-15
SYN-abfb7f8a3d3a871b,630450002,4,31,124,2023-11-16
SYN-abfb7f8a3d3a871b,697489001,6,14,84,2023-11-16
SYN-ac0a84fe4e8fd89c,500780008,2,29,58,2023-12-30
SYN-ac0a84fe4e8fd89c,539286002,4,17,68,2023-12-30
SYN-ac0a84fe4e8fd89c,656539001,5,12,60,2023-12-30
SYN-ac10cbb680084ce1,560216002,4,12,48,2023-12-19
SYN-ac217cabbf7bfe80,569244002,2,17,34,2023-04-27
SYN-ac217cabbf7bfe80,610776010,3,9,27,2023-04-27
SYN-ac47e1e4464b2e00,639552001,4,24,96,2023-04-04
SYN-ac4fccfa4d5b6261,629060003,5,136,680,2023-08-30
SYN-ac871fbe81279c52,448515019,4,24,96,2023-02-08
SYN-ac871fbe81279c52,612133001,2,17,34,2023-02-08
SYN-ac871fbe81279c52,691184001,6,17,102,2023-02-08
SYN-aca919b5bf17567f,379780045,4,14,56,2023-10-02
SYN-aca919b5bf17567f,625939002,3,9,27,2023-10-02
SYN-acbaaced3f190cce,552471023,3,6,18,2023-02-20
SYN-acbaaced3f190cce,662868001,2,31,62,2023-02-20
SYN-acbaaced3f190cce,662868003,2,31,62,2023-02-20
SYN-acbaaced3f190cce,673677003,4,15,60,2023-02-20
SYN-acbaaced3f190cce,685687001,6,15,90,2023-02-20
SYN-acbaaced3f190cce,685687003,6,15,90,2023-02-20
SYN-acbaaced3f190cce,685687004,6,15,90,2023-02-20
SYN-acc58224ca05c8c4,580857001,4,42,168,2023-12-26
SYN-accb660c6fdec01f,533518001,4,59,236,2023-06-21
SYN-accb660c6fdec01f,629023006,3,17,51,2023-06-21
SYN-acd941ea1cf6762e,683024004,2,42,84,2023-06-12
SYN-acdc93d5e172ec5d,416089002,4,12,48,2023-06-07
SYN-acdc93d5e172ec5d,441386008,6,38,228,2023-06-07
SYN-acdc93d5e172ec5d,557248005,2,31,62,2023-06-07
SYN-acdc93d5e172ec5d,584298009,3,31,93,2023-06-07
SYN-acdc93d5e172ec5d,618480006,6,31,186,2023-06-07
SYN-acfeb7394cdebaa8,399087010,6,34,204,2023-07-23
SYN-acfeb7394cdebaa8,538142004,6,25,150,2023-07-23
SYN-acfeb7394cdebaa8,538142008,6,20,120,2023-07-23
SYN-acfeb7394cdebaa8,622192001,2,25,50,2023-07-23
SYN-acfeb7394cdebaa8,622192002,5,29,145,2023-07-23
SYN-acfeb7394cdebaa8,648994001,3,14,42,2023-07-23
SYN-acfeb7394cdebaa8,658295002,6,41,246,2023-07-23
SYN-ad08e497331a21d2,662230001,3,51,153,2023-04-07
SYN-ad10e60c599accb2,671505001,6,34,204,2023-02-14
SYN-ad10e60c599accb2,676954001,4,51,204,2023-02-14
SYN-ad10e60c599accb2,680810001,2,34,68,2023-02-14
SYN-ad1ba4ef56aba75c,597082002,5,20,100,2023-05-06
SYN-ad1ff0fbaeeae67e,568767003,2,36,72,2023-08-08
SYN-ad1ff0fbaeeae67e,594194001,4,17,68,2023-08-08
SYN-ad2c382155c7d3be,610962001,5,17,85,2023-03-01
SYN-ad373ec68ae78aa4,429313002,6,31,186,2023-07-06
SYN-ad373ec68ae78aa4,469039028,5,22,110,2023-07-06
SYN-ad373ec68ae78aa4,666080001,5,25,125,2023-07-06
SYN-ad4ca6d1216ea152,566140001,4,7,28,2023-10-03
SYN-ad4ca6d1216ea152,588592001,6,10,60,2023-10-03
SYN-ad4ca6d1216ea152,607036001,5,12,60,2023-10-03
SYN-ad51c0015b95b806,633136005,4,34,136,2023-06-28
SYN-ad51c0015b95b806,695457001,6,22,132,2023-06-28
SYN-ad5636bdff83d762,605094001,3,14,42,2023-04-26
SYN-ad5636bdff83d762,611415005,2,17,34,2023-04-26
SYN-ad5636bdff83d762,642223001,5,31,155,2023-04-26
SYN-ad589ef47ca491fd,608776002,6,14,84,2023-07-22
SYN-ad589ef47ca491fd,683001001,6,17,102,2023-07-22
SYN-ad6ad01dff2c191a,253448003,6,23,138,2023-07-09
SYN-ad6ad01dff2c191a,522398050,5,15,75,2023-07-09
SYN-ad8f58ce153789f4,399136004,3,59,177,2023-01-28
SYN-ad8f58ce153789f4,399136061,5,51,255,2023-01-28
SYN-ad8f58ce153789f4,620081008,3,25,75,2023-01-28
SYN-ad925cbbf660218b,399256005,2,14,28,2023-09-23
SYN-ad925cbbf660218b,547300003,5,29,145,2023-09-23
SYN-ad925cbbf660218b,575542005,2,24,48,2023-09-23
SYN-ad925cbbf660218b,595979003,6,31,186,2023-09-23
SYN-ad9838a81762bdae,671505001,4,34,136,2023-12-14
SYN-ad9952a30fd658d9,665725003,5,34,170,2023-12-12
SYN-ad9952a30fd658d9,710390001,5,25,125,2023-12-12
SYN-ada6396dc8e76e12,477163001,6,68,408,2023-10-23
SYN-ada6396dc8e76e12,508837001,4,59,236,2023-10-23
SYN-ada6396dc8e76e12,634015009,3,17,51,2023-10-23
SYN-ada6396dc8e76e12,634789001,6,68,408,2023-10-23
SYN-ada6396dc8e76e12,664325001,2,42,84,2023-10-23
SYN-ada95bfaa623d46e,671505002,3,34,102,2023-01-07
SYN-ada95bfaa623d46e,675139006,3,17,51,2023-01-07
SYN-ada95bfaa623d46e,688826001,3,12,36,2023-01-07
SYN-adb88d46a52f1934,665725002,4,34,136,2023-12-21
SYN-adc3686d4d08d353,562245034,3,20,60,2023-07-19
SYN-adc3686d4d08d353,562245059,2,20,40,2023-07-19
SYN-adc3686d4d08d353,613246004,5,25,125,2023-07-19
SYN-adc3686d4d08d353,672224001,3,59,177,2023-07-19
SYN-add234250e99cce8,301656017,3,51,153,2023-01-10
SYN-adeddc3657090f7f,594430001,5,20,100,2023-09-12
SYN-adeddc3657090f7f,594430007,4,17,68,2023-09-12
SYN-adeddc3657090f7f,621759002,2,12,24,2023-09-12
SYN-adeddc3657090f7f,621760005,3,9,27,2023-09-12
SYN-adeddc3657090f7f,653633001,5,41,205,2023-09-12
SYN-adfef111f086be54,399136004,4,59,236,2023-03-18
SYN-adfef111f086be54,399136011,3,59,177,2023-03-18
SYN-adfef111f086be54,399201005,3,59,177,2023-03-18
SYN-adfef111f086be54,562245004,2,24,48,2023-03-18
SYN-adfef111f086be54,562245006,2,34,68,2023-03-18
SYN-ae0e76c2b29a9ab4,541519024,5,17,85,2023-02-27
SYN-ae0e76c2b29a9ab4,560389011,2,31,62,2023-02-27
SYN-ae22b92ca40a41f0,625773003,6,53,318,2023-01-04
SYN-ae22b92ca40a41f0,634249005,5,31,155,2023-01-04
SYN-ae22b92ca40a41f0,694153002,4,31,124,2023-01-04
SYN-ae2fde195569ecc4,237347004,2,34,68,2023-06-15
SYN-ae2fde195569ecc4,637549012,6,34,204,2023-06-15
SYN-ae3d0a7e6166c401,684210002,5,59,295,2023-05-24
SYN-ae3d0a7e6166c401,685347002,3,17,51,2023-05-24
SYN-ae56b1cf71ad4651,316085002,2,10,20,2023-06-05
SYN-ae56b1cf71ad4651,555946006,4,29,116,2023-06-05
SYN-ae56b1cf71ad4651,563024001,2,12,24,2023-06-05
SYN-ae56b1cf71ad4651,569525001,4,9,36,2023-06-05
SYN-ae56b1cf71ad4651,596862001,4,31,124,2023-06-05
SYN-ae56b1cf71ad4651,620229004,5,27,135,2023-06-05
SYN-ae65bedc1a197e26,543310001,6,51,306,2023-03-30
SYN-ae65bedc1a197e26,587229001,2,15,30,2023-03-30
SYN-ae65bedc1a197e26,589222001,2,24,48,2023-03-30
SYN-ae65bedc1a197e26,589222005,3,24,72,2023-03-30
SYN-ae65bedc1a197e26,597918001,3,17,51,2023-03-30
SYN-ae65bedc1a197e26,599502001,2,36,72,2023-03-30
SYN-ae65bedc1a197e26,685687002,2,17,34,2023-03-30
SYN-ae65bedc1a197e26,685687003,6,17,102,2023-03-30
SYN-ae67ffe18f8792af,711521001,3,25,75,2023-07-31
SYN-ae73ef002f418152,626263004,6,23,138,2023-11-05
SYN-ae73ef002f418152,626263006,5,23,115,2023-11-05
SYN-ae73ef002f418152,626263009,3,23,69,2023-11-05
SYN-ae7960196440aeb5,537346013,4,42,168,2023-12-26
SYN-ae7960196440aeb5,673638001,2,17,34,2023-12-26
SYN-ae7960196440aeb5,673677002,2,17,34,2023-12-26
SYN-aeabe84345093c19,559649002,5,7,35,2023-09-09
SYN-aeabe84345093c19,566140004,6,9,54,2023-09-09
SYN-aeabe84345093c19,616763004,6,9,54,2023-09-09
SYN-aeabe84345093c19,632737004,5,12,60,2023-09-09
SYN-aeafeae8f1c8748e,507909022,6,25,150,2023-01-08
SYN-aeafeae8f1c8748e,627197005,3,14,42,2023-01-08
SYN-aeafeae8f1c8748e,669807001,3,40,120,2023-01-08
SYN-aeafeae8f1c8748e,671022001,3,25,75,2023-01-08
SYN-aebafbfb2381c0d2,464454011,6,7,42,2023-07-24
SYN-aebafbfb2381c0d2,494030013,6,10,60,2023-07-24
SYN-aebafbfb2381c0d2,496762020,2,17,34,2023-07-24
SYN-aebafbfb2381c0d2,532954003,3,3,9,2023-07-24
SYN-aebafbfb2381c0d2,581162001,2,15,30,2023-07-24
SYN-aebafbfb2381c0d2,598795018,3,9,27,2023-07-24
SYN-aebafbfb2381c0d2,607427002,6,20,120,2023-07-24
SYN-aebafbfb2381c0d2,619884014,6,24,144,2023-07-24
SYN-aebafbfb2381c0d2,621018003,6,17,102,2023-07-24
SYN-aebafbfb2381c0d2,627147001,4,14,56,2023-07-24
SYN-aebafbfb2381c0d2,633109002,6,17,102,2023-07-24
SYN-aebafbfb2381c0d2,636420003,6,31,186,2023-07-24
SYN-aebafbfb2381c0d2,637194001,5,20,100,2023-07-24
SYN-aebafbfb2381c0d2,638777001,4,9,36,2023-07-24
SYN-aebafbfb2381c0d2,642189001,5,12,60,2023-07-24
SYN-aebafbfb2381c0d2,642189005,6,14,84,2023-07-24
SYN-aebafbfb2381c0d2,643305002,5,20,100,2023-07-24
SYN-aebafbfb2381c0d2,645626001,5,17,85,2023-07-24
SYN-aebafbfb2381c0d2,647190001,3,12,36,2023-07-24
SYN-aebafbfb2381c0d2,651558002,3,12,36,2023-07-24
SYN-aebafbfb2381c0d2,651558003,3,7,21,2023-07-24
SYN-aebafbfb2381c0d2,651558007,4,10,40,2023-07-24
SYN-aebcd2360dabaf45,189616008,5,14,70,2023-04-09
SYN-aebcd2360dabaf45,558986001,4,18,72,2023-04-09
SYN-aebcd2360dabaf45,662257001,4,20,80,2023-04-09
SYN-aebcd2360dabaf45,675699001,5,54,270,2023-04-09
SYN-aec0196505765df3,671505004,2,34,68,2023-02-25
SYN-aec0196505765df3,705094001,2,42,84,2023-02-25
SYN-aecc6f028fc6bfa9,607834011,3,25,75,2023-01-11
SYN-aecc6f028fc6bfa9,677347003,2,102,204,2023-01-11
SYN-aeeb52f92738a548,399136004,3,59,177,2023-11-15
SYN-aeeb52f92738a548,399136023,6,42,252,2023-11-15
SYN-aeeb52f92738a548,524458002,5,19,95,2023-11-15
SYN-aeeb52f92738a548,559630003,6,7,42,2023-11-15
SYN-aeeb52f92738a548,562245034,5,20,100,2023-11-15
SYN-aeeb52f92738a548,573085001,2,24,48,2023-11-15
SYN-aeeb52f92738a548,589924004,6,14,84,2023-11-15
SYN-aeeb52f92738a548,589924005,3,14,42,2023-11-15
SYN-aeeb52f92738a548,662857005,5,42,210,2023-11-15
SYN-aef715b48f3f11d4,603821001,3,34,102,2023-12-04
SYN-aef715b48f3f11d4,635677002,4,24,96,2023-12-04
SYN-aef715b48f3f11d4,653706011,5,7,35,2023-12-04
SYN-aef715b48f3f11d4,671217002,4,25,100,2023-12-04
SYN-af032bb245eeb1aa,632172003,2,14,28,2023-03-28
SYN-af0a021df067fd35,562245001,4,22,88,2023-06-14
SYN-af0c57a5a14f8171,156224001,5,9,45,2023-01-18
SYN-af0c57a5a14f8171,480076004,5,17,85,2023-01-18
SYN-af0c57a5a14f8171,522398050,6,17,102,2023-01-18
SYN-af0c57a5a14f8171,610776022,6,9,54,2023-01-18
SYN-af0c57a5a14f8171,671553002,4,17,68,2023-01-18
SYN-af0c57a5a14f8171,712838006,3,9,27,2023-01-18
SYN-af1e686bc84114a3,623115001,5,51,255,2023-04-20
SYN-af1e686bc84114a3,665095002,6,25,150,2023-04-20
SYN-af1ec5857097a88d,505230006,6,25,150,2023-07-15
SYN-af1ec5857097a88d,562245001,3,22,66,2023-07-15
SYN-af1ec5857097a88d,650696002,2,42,84,2023-07-15
SYN-af37fcc81eedbe60,631536004,4,15,60,2023-08-05
SYN-af37fcc81eedbe60,658304001,5,46,230,2023-08-05
SYN-af39ad1988397aaf,484398077,4,17,68,2023-03-07
SYN-af39ad1988397aaf,628930001,4,25,100,2023-03-07
SYN-af39ad1988397aaf,685687003,3,17,51,2023-03-07
SYN-af4c875ed53189b1,559649001,3,10,30,2023-07-23
SYN-af4c875ed53189b1,587229001,4,15,60,2023-07-23
SYN-af4c875ed53189b1,609332002,3,9,27,2023-07-23
SYN-af78b53fde4c3f17,655567002,2,59,118,2023-03-15
SYN-af78b53fde4c3f17,657955005,5,51,255,2023-03-15
SYN-af7ce23e4d8d568d,519773002,3,27,81,2023-08-31
SYN-af7ce23e4d8d568d,556379003,5,27,135,2023-08-31
SYN-af88d56209bb4e26,661166002,3,42,126,2023-10-24
SYN-af8b2881e75a9a56,514182003,3,7,21,2023-03-14
SYN-af8b2881e75a9a56,514577007,5,8,40,2023-03-14
SYN-af8b2881e75a9a56,561815002,2,10,20,2023-03-14
SYN-af8b2881e75a9a56,573626002,4,19,76,2023-03-14
SYN-af8b2881e75a9a56,585503003,6,7,42,2023-03-14
SYN-af8b2881e75a9a56,678086003,2,20,40,2023-03-14
SYN-af936f300819cf45,667499010,6,25,150,2023-05-16
SYN-af936f300819cf45,668290001,3,22,66,2023-05-16
SYN-af94acceb8608938,662260001,5,59,295,2023-05-15
SYN-af94acceb8608938,663488001,5,68,340,2023-05-15
SYN-af94acceb8608938,675095002,3,59,177,2023-05-15
SYN-af94acceb8608938,675095005,6,59,354,2023-05-15
SYN-af94acceb8608938,675281002,5,25,125,2023-05-15
SYN-af94acceb8608938,675359002,6,42,252,2023-05-15
SYN-af94acceb8608938,675515001,5,51,255,2023-05-15
SYN-af94acceb8608938,685383002,3,136,408,2023-05-15
SYN-af94f4fb80dfb2ef,662230001,6,48,288,2023-11-03
SYN-af97e905ecd1dbbd,457892005,3,23,69,2023-01-11
SYN-af97e905ecd1dbbd,666382006,5,23,115,2023-01-11
SYN-afa265943f736e69,666382001,2,23,46,2023-12-27
SYN-afaa6dc05090cbf2,560270010,6,46,276,2023-07-12
SYN-afaa6dc05090cbf2,564787018,4,38,152,2023-07-12
SYN-afaa6dc05090cbf2,567993015,6,23,138,2023-07-12
SYN-afaa6dc05090cbf2,591334003,5,15,75,2023-07-12
SYN-afaa6dc05090cbf2,608776003,3,12,36,2023-07-12
SYN-afaa6dc05090cbf2,622618004,5,38,190,2023-07-12
SYN-afaa6dc05090cbf2,625321005,6,23,138,2023-07-12
SYN-afaa6dc05090cbf2,660599004,2,31,62,2023-07-12
SYN-afb580e64d1340af,448509015,4,34,136,2023-05-03
SYN-afb580e64d1340af,573870005,5,33,165,2023-05-03
SYN-afb580e64d1340af,611062002,3,12,36,2023-05-03
SYN-afbcce6c4003c69e,637549005,3,34,102,2023-06-12
SYN-afbcce6c4003c69e,657415006,3,25,75,2023-06-12
SYN-afca57cdcf66a17d,469682008,6,34,204,2023-03-25
SYN-afca57cdcf66a17d,536524001,5,34,170,2023-03-25
SYN-afca57cdcf66a17d,620081008,3,25,75,2023-03-25
SYN-afca57cdcf66a17d,624251001,3,34,102,2023-03-25
SYN-afd085a967858692,562245050,2,22,44,2023-01-07
SYN-afd27667e8cd4484,507909022,6,25,150,2023-03-12
SYN-afd27667e8cd4484,688873012,3,34,102,2023-03-12
SYN-afe072fa4df4cf69,568861008,3,51,153,2023-05-21
SYN-afe6b97ad8f706be,542551002,4,22,88,2023-02-04
SYN-afe6b97ad8f706be,542551005,6,22,132,2023-02-04
SYN-afe6b97ad8f706be,545449033,5,17,85,2023-02-04
SYN-afe6b97ad8f706be,568301001,5,17,85,2023-02-04
SYN-afe6b97ad8f706be,651793004,2,17,34,2023-02-04
SYN-b013dd62af68cdda,586361002,6,34,204,2023-12-19
SYN-b013dd62af68cdda,624067001,4,17,68,2023-12-19
SYN-b013dd62af68cdda,624067004,2,17,34,2023-12-19
SYN-b013dd62af68cdda,656719003,5,51,255,2023-12-19
SYN-b02a5b738efbd19b,581153001,3,17,51,2023-06-14
SYN-b02a5b738efbd19b,666585001,4,34,136,2023-06-14
SYN-b035bde84c419f20,597043002,6,32,192,2023-12-25
SYN-b035bde84c419f20,715232002,5,9,45,2023-12-25
SYN-b03783d400f2610f,655792005,6,42,252,2023-10-27
SYN-b03783d400f2610f,671015002,4,153,612,2023-10-27
SYN-b03783d400f2610f,671515001,6,25,150,2023-10-27
SYN-b048b0286e2bc94d,655826006,5,38,190,2023-02-12
SYN-b04f91f19bb83b70,659816002,6,68,408,2023-03-01
SYN-b05ec12edd8fb492,627009003,5,25,125,2023-03-02
SYN-b05ec12edd8fb492,658183001,4,5,20,2023-03-02
SYN-b05ec12edd8fb492,673677003,3,17,51,2023-03-02
SYN-b07242f2a79111de,116379047,5,17,85,2023-01-08
SYN-b07242f2a79111de,316441011,4,17,68,2023-01-08
SYN-b07242f2a79111de,399201020,4,85,340,2023-01-08
SYN-b07242f2a79111de,399201023,5,85,425,2023-01-08
SYN-b07242f2a79111de,681657001,4,22,88,2023-01-08
SYN-b079598377cd0330,685687003,2,17,34,2023-08-18
SYN-b09034bcdb6bf70e,448509014,4,38,152,2023-03-18
SYN-b09034bcdb6bf70e,680912009,2,12,24,2023-03-18
SYN-b0af9f9e896581ae,597082002,6,20,120,2023-08-21
SYN-b0c0eeef16e45529,679494004,4,17,68,2023-05-07
SYN-b0cded2fccfb5e2a,255396006,2,68,136,2023-06-22
SYN-b0cded2fccfb5e2a,474088001,4,31,124,2023-06-22
SYN-b0cded2fccfb5e2a,510126016,2,51,102,2023-06-22
SYN-b0cded2fccfb5e2a,516712001,4,22,88,2023-06-22
SYN-b0cded2fccfb5e2a,646592004,3,17,51,2023-06-22
SYN-b0cded2fccfb5e2a,658030001,3,51,153,2023-06-22
SYN-b0cded2fccfb5e2a,702072001,2,59,118,2023-06-22
SYN-b0d2d4162bb111df,355072001,5,9,45,2023-05-05
SYN-b0d2d4162bb111df,536139010,4,17,68,2023-05-05
SYN-b0d2d4162bb111df,554598001,3,17,51,2023-05-05
SYN-b0d2d4162bb111df,554598009,6,17,102,2023-05-05
SYN-b0d2d4162bb111df,570431003,2,12,24,2023-05-05
SYN-b0d2d4162bb111df,619918001,4,14,56,2023-05-05
SYN-b0d2d4162bb111df,633781003,3,17,51,2023-05-05
SYN-b0d2d4162bb111df,640252003,6,25,150,2023-05-05
SYN-b0d700cd416808e7,552471008,3,5,15,2023-12-29
SYN-b0d700cd416808e7,562245034,2,20,40,2023-12-29
SYN-b0d700cd416808e7,564419002,3,9,27,2023-12-29
SYN-b0d700cd416808e7,616849003,4,9,36,2023-12-29
SYN-b0f1635281e9ac04,237347004,5,34,170,2023-04-18
SYN-b0f1635281e9ac04,705094002,6,42,252,2023-04-18
SYN-b0f25ad156de5952,572491002,6,41,246,2023-02-17
SYN-b0f7706a778ea859,667378001,5,34,170,2023-11-14
SYN-b0f7706a778ea859,667379003,2,42,84,2023-11-14
SYN-b0fc1b2b948a47ef,399087014,3,34,102,2023-01-27
SYN-b0fc1b2b948a47ef,556255003,6,20,120,2023-01-27
SYN-b0fc1b2b948a47ef,562245001,2,22,44,2023-01-27
SYN-b0fc1b2b948a47ef,562245018,6,20,120,2023-01-27
SYN-b0feca0a42c3162c,507909003,6,25,150,2023-03-05
SYN-b0feca0a42c3162c,507910020,5,25,125,2023-03-05
SYN-b0feca0a42c3162c,667491002,5,25,125,2023-03-05
SYN-b0feca0a42c3162c,667491010,2,25,50,2023-03-05
SYN-b0feca0a42c3162c,680374003,6,34,204,2023-03-05
SYN-b0feca0a42c3162c,684851003,4,59,236,2023-03-05
SYN-b100d8a9a1890dc5,156231002,5,5,25,2023-08-21
SYN-b100d8a9a1890dc5,596278002,6,31,186,2023-08-21
SYN-b100d8a9a1890dc5,627101006,3,10,30,2023-08-21
SYN-b100d8a9a1890dc5,641168001,2,25,50,2023-08-21
SYN-b10288713037bdc6,510126016,2,51,102,2023-08-31
SYN-b10288713037bdc6,591334003,6,17,102,2023-08-31
SYN-b10288713037bdc6,591334017,5,17,85,2023-08-31
SYN-b10288713037bdc6,661147004,5,51,255,2023-08-31
SYN-b10622cc2d6ffd6f,562252028,6,21,126,2023-12-01
SYN-b10622cc2d6ffd6f,562252033,4,21,84,2023-12-01
SYN-b109af4c19754374,564311002,6,25,150,2023-03-22
SYN-b111edfdbfadfba0,534181007,2,168,336,2023-06-19
SYN-b111edfdbfadfba0,680715001,4,136,544,2023-06-19
SYN-b1147de847c7b945,558246007,2,20,40,2023-03-14
SYN-b136e923de2c051d,573085019,5,34,170,2023-06-26
SYN-b136e923de2c051d,671491001,2,51,102,2023-06-26
SYN-b136e923de2c051d,671502001,2,51,102,2023-06-26
SYN-b13bd1e29a044f92,561222001,2,25,50,2023-07-21
SYN-b13f3f4f7aeb20b4,325542015,4,34,136,2023-03-03
SYN-b13f3f4f7aeb20b4,655265002,3,25,75,2023-03-03
SYN-b13f3f4f7aeb20b4,666115001,3,22,66,2023-03-03
SYN-b142c40ade1d0731,651329001,3,25,75,2023-11-07
SYN-b142c40ade1d0731,667499003,2,25,50,2023-11-07
SYN-b146acea0cacac59,567884001,5,10,50,2023-08-13
SYN-b146acea0cacac59,589136002,5,7,35,2023-08-13
SYN-b146acea0cacac59,617835001,6,10,60,2023-08-13
SYN-b154e4ebd493999b,665303001,6,51,306,2023-11-16
SYN-b154e4ebd493999b,671022001,3,25,75,2023-11-16
SYN-b1574c784b1679a8,516903005,4,34,136,2023-07-05
SYN-b1574c784b1679a8,678280002,2,34,68,2023-07-05
SYN-b15a2b0b99041a62,567760006,3,10,30,2023-07-06
SYN-b15d962835b8bf2a,567553001,5,7,35,2023-07-26
SYN-b167625a6a7231bb,212629040,6,12,72,2023-11-26
SYN-b167625a6a7231bb,609390001,4,5,20,2023-11-26
SYN-b167625a6a7231bb,620608004,4,17,68,2023-11-26
SYN-b16fc40d63d08ed3,642796001,6,22,132,2023-03-25
SYN-b16fc40d63d08ed3,645486002,5,12,60,2023-03-25
SYN-b177cad735228325,572187001,6,34,204,2023-06-26
SYN-b183702e888ebcb2,569847002,3,15,45,2023-11-17
SYN-b183702e888ebcb2,613459001,3,9,27,2023-11-17
SYN-b183702e888ebcb2,652221003,2,9,18,2023-11-17
SYN-b183702e888ebcb2,658036001,3,10,30,2023-11-17
SYN-b183702e888ebcb2,679121001,3,17,51,2023-11-17
SYN-b1862716812dafee,515158010,5,22,110,2023-11-28
SYN-b19fe5f2650e66fb,639192002,6,51,306,2023-09-07
SYN-b1a9c317cacc6af6,581777008,5,46,230,2023-12-05
SYN-b1a9c317cacc6af6,630450001,3,23,69,2023-12-05
SYN-b1a9c317cacc6af6,630450002,6,27,162,2023-12-05
SYN-b1b5aa60470d0d20,654772003,5,34,170,2023-02-06
SYN-b1c2e3ffd51590dd,615092002,2,17,34,2023-02-27
SYN-b1c2e3ffd51590dd,673643001,5,31,155,2023-02-27
SYN-b1c2e3ffd51590dd,691291001,5,34,170,2023-02-27
SYN-b1de7aa065e43090,625939013,3,9,27,2023-07-02
SYN-b1f3a60b6e6f3cc1,654704001,5,31,155,2023-07-30
SYN-b1f6add6a08b6964,652787001,4,34,136,2023-08-14
SYN-b1f6add6a08b6964,657476001,6,17,102,2023-08-14
SYN-b1f6add6a08b6964,668767002,4,17,68,2023-08-14
SYN-b1f6add6a08b6964,680912006,5,17,85,2023-08-14
SYN-b1f6add6a08b6964,685687003,4,17,68,2023-08-14
SYN-b2016b081cd8b78a,582165002,3,12,36,2023-12-23
SYN-b2016b081cd8b78a,607541002,5,22,110,2023-12-23
SYN-b2016b081cd8b78a,637499003,5,12,60,2023-12-23
SYN-b2016b081cd8b78a,646903001,2,15,30,2023-12-23
SYN-b2016b081cd8b78a,651464001,4,15,60,2023-12-23
SYN-b221c2005c208c4f,463970023,5,22,110,2023-07-06
SYN-b221c2005c208c4f,564786020,4,22,88,2023-07-06
SYN-b221c2005c208c4f,630116018,2,34,68,2023-07-06
SYN-b232081931378489,688873012,2,34,68,2023-03-27
SYN-b23b1826738d2bac,354246011,2,5,10,2023-10-24
SYN-b23b1826738d2bac,418545001,6,8,48,2023-10-24
SYN-b23b1826738d2bac,418545036,6,8,48,2023-10-24
SYN-b23b1826738d2bac,453239044,4,18,72,2023-10-24
SYN-b23b1826738d2bac,555470006,3,7,21,2023-10-24
SYN-b23b1826738d2bac,564929005,2,12,24,2023-10-24
SYN-b23b1826738d2bac,583448003,5,8,40,2023-10-24
SYN-b23b1826738d2bac,667697001,2,14,28,2023-10-24
SYN-b23b1826738d2bac,667697002,3,14,42,2023-10-24
SYN-b23b1826738d2bac,672054002,6,14,84,2023-10-24
SYN-b249fb68261f7d6e,693474001,4,34,136,2023-10-08
SYN-b252e7210fcdf7b0,660712003,3,42,126,2023-09-24
SYN-b252e7210fcdf7b0,673677002,2,17,34,2023-09-24
SYN-b270bbda698349fa,637515004,4,32,128,2023-12-02
SYN-b270bbda698349fa,662866002,2,40,80,2023-12-02
SYN-b2732e93c18af317,399256001,6,17,102,2023-02-06
SYN-b2732e93c18af317,541491009,6,3,18,2023-02-06
SYN-b2732e93c18af317,568862004,4,25,100,2023-02-06
SYN-b2732e93c18af317,627139002,5,14,70,2023-02-06
SYN-b2732e93c18af317,636323001,5,17,85,2023-02-06
SYN-b27de60b937c33b0,396135007,4,17,68,2023-08-20
SYN-b27de60b937c33b0,559634007,6,34,204,2023-08-20
SYN-b27de60b937c33b0,656686001,3,159,477,2023-08-20
SYN-b27de60b937c33b0,666006006,4,119,476,2023-08-20
SYN-b27de60b937c33b0,682550001,4,34,136,2023-08-20
SYN-b27de60b937c33b0,683662002,3,14,42,2023-08-20
SYN-b27de60b937c33b0,683662005,2,14,28,2023-08-20
SYN-b27de60b937c33b0,710060001,4,42,168,2023-08-20
SYN-b289f8fc374f882e,448509009,5,20,100,2023-06-29
SYN-b289f8fc374f882e,622238007,6,15,90,2023-06-29
SYN-b289f8fc374f882e,622238009,5,15,75,2023-06-29
SYN-b289f8fc374f882e,662344002,2,34,68,2023-06-29
SYN-b28f12896eec6ec7,558402003,2,5,10,2023-11-09
SYN-b28f12896eec6ec7,573410004,2,15,30,2023-11-09
SYN-b2948ad6d365f395,458428045,4,59,236,2023-06-11
SYN-b2948ad6d365f395,617311006,4,51,204,2023-06-11
SYN-b2948ad6d365f395,669614003,3,5,15,2023-06-11
SYN-b2948ad6d365f395,680557004,2,25,50,2023-06-11
SYN-b298f3bbb155f082,683662009,5,14,70,2023-08-25
SYN-b29ed83824d861f3,454544010,4,29,116,2023-04-08
SYN-b29ed83824d861f3,479227020,2,5,10,2023-04-08
SYN-b29ed83824d861f3,612122001,4,10,40,2023-04-08
SYN-b29ed83824d861f3,632982001,4,12,48,2023-04-08
SYN-b29ed83824d861f3,649440001,2,12,24,2023-04-08
SYN-b29ed83824d861f3,654414002,2,10,20,2023-04-08
SYN-b29ed83824d861f3,663016003,3,68,204,2023-04-08
SYN-b29f1a7704928fe0,615141002,5,25,125,2023-10-26
SYN-b29f1a7704928fe0,665477001,3,34,102,2023-10-26
SYN-b29f1a7704928fe0,692454002,5,25,125,2023-10-26
SYN-b29f1a7704928fe0,717341001,4,68,272,2023-10-26
SYN-b2d1ef1fb9764867,511783009,5,25,125,2023-08-29
SYN-b2d2e576d789a202,539723001,6,34,204,2023-05-05
SYN-b2d4ef1038ddfc0a,516000020,6,17,102,2023-03-15
SYN-b2d4ef1038ddfc0a,516000036,5,17,85,2023-03-15
SYN-b2d4ef1038ddfc0a,516000044,2,17,34,2023-03-15
SYN-b2d4ef1038ddfc0a,673677002,3,17,51,2023-03-15
SYN-b2d5be8eb16db9e0,697506001,2,17,34,2023-06-05
SYN-b2d7548556a21ae5,394522001,4,25,100,2023-10-02
SYN-b2d7548556a21ae5,449123026,5,15,75,2023-10-02
SYN-b2d7548556a21ae5,449123052,2,15,30,2023-10-02
SYN-b2d7548556a21ae5,484398077,4,17,68,2023-10-02
SYN-b2d7548556a21ae5,526512008,2,19,38,2023-10-02
SYN-b2d7548556a21ae5,536139011,5,10,50,2023-10-02
SYN-b2d7548556a21ae5,552817001,4,15,60,2023-10-02
SYN-b2d7548556a21ae5,559619002,6,12,72,2023-10-02
SYN-b2d7548556a21ae5,567728006,3,19,57,2023-10-02
SYN-b2d7548556a21ae5,567729004,3,14,42,2023-10-02
SYN-b2d7548556a21ae5,567993015,5,14,70,2023-10-02
SYN-b2d7548556a21ae5,568069001,6,20,120,2023-10-02
SYN-b2d7548556a21ae5,568069002,3,25,75,2023-10-02
SYN-b2d7548556a21ae5,584157001,2,20,40,2023-10-02
SYN-b2d7548556a21ae5,585355001,3,25,75,2023-10-02
SYN-b2d7548556a21ae5,585355004,3,25,75,2023-10-02
SYN-b2d7548556a21ae5,587782004,5,27,135,2023-10-02
SYN-b2d7548556a21ae5,590929001,5,10,50,2023-10-02
SYN-b2d7548556a21ae5,607541002,4,25,100,2023-10-02
SYN-b2d7548556a21ae5,608261001,5,9,45,2023-10-02
SYN-b2d7548556a21ae5,609719001,2,9,18,2023-10-02
SYN-b2d7548556a21ae5,611378001,5,20,100,2023-10-02
SYN-b2d7548556a21ae5,612778002,2,12,24,2023-10-02
SYN-b2d7548556a21ae5,622295002,2,32,64,2023-10-02
SYN-b2d7548556a21ae5,623903002,3,20,60,2023-10-02
SYN-b2d7548556a21ae5,627101006,4,10,40,2023-10-02
SYN-b2d7548556a21ae5,635054001,4,29,116,2023-10-02
SYN-b2d7548556a21ae5,644783002,6,31,186,2023-10-02
SYN-b2d7548556a21ae5,645844001,3,25,75,2023-10-02
SYN-b2d7548556a21ae5,649894001,5,31,155,2023-10-02
SYN-b2d7548556a21ae5,650578001,4,7,28,2023-10-02
SYN-b2d7548556a21ae5,651558003,6,7,42,2023-10-02
SYN-b2d7548556a21ae5,653538001,5,39,195,2023-10-02
SYN-b2d7548556a21ae5,660186001,5,25,125,2023-10-02
SYN-b2d7548556a21ae5,663825002,3,15,45,2023-10-02
SYN-b2d7548556a21ae5,669993001,2,12,24,2023-10-02
SYN-b2f10117ff520178,510018002,5,34,170,2023-01-02
SYN-b2f10117ff520178,523557001,2,31,62,2023-01-02
SYN-b2f10117ff520178,584969001,3,51,153,2023-01-02
SYN-b2f10117ff520178,602211001,6,29,174,2023-01-02
SYN-b2f10117ff520178,610216001,2,27,54,2023-01-02
SYN-b2f10117ff520178,663942005,5,34,170,2023-01-02
SYN-b306675168507f32,625321004,2,25,50,2023-03-19
SYN-b306675168507f32,625321005,6,25,150,2023-03-19
SYN-b308bb53e8968f41,650193001,4,51,204,2023-03-27
SYN-b308bb53e8968f41,685687003,3,17,51,2023-03-27
SYN-b308bb53e8968f41,685687004,3,17,51,2023-03-27
SYN-b3158c6d7694e91a,581971001,6,59,354,2023-05-01
SYN-b3158c6d7694e91a,619881001,5,51,255,2023-05-01
SYN-b3158c6d7694e91a,620625003,4,42,168,2023-05-01
SYN-b3158c6d7694e91a,621989001,6,34,204,2023-05-01
SYN-b3158c6d7694e91a,626816001,6,25,150,2023-05-01
SYN-b325af47f10d1a63,667491011,4,25,100,2023-04-17
SYN-b325af47f10d1a63,685687001,5,17,85,2023-04-17
SYN-b325af47f10d1a63,685687003,3,17,51,2023-04-17
SYN-b334b336f7f34892,372860001,6,14,84,2023-08-06
SYN-b334b336f7f34892,501820004,4,17,68,2023-08-06
SYN-b334b336f7f34892,501820044,2,17,34,2023-08-06
SYN-b33855d39f93eca7,498740017,5,19,95,2023-03-04
SYN-b33855d39f93eca7,644314001,4,29,116,2023-03-04
SYN-b33855d39f93eca7,650759011,3,26,78,2023-03-04
SYN-b33fed70f59a1ec9,615021023,4,17,68,2023-10-02
SYN-b33fed70f59a1ec9,657415006,3,25,75,2023-10-02
SYN-b33fed70f59a1ec9,662888003,4,34,136,2023-10-02
SYN-b3651b90e9432dde,675424003,2,14,28,2023-11-20
SYN-b3689b98da6ac69e,608007006,6,36,216,2023-04-08
SYN-b36d6540e3592d0b,189626001,5,17,85,2023-01-22
SYN-b36d6540e3592d0b,502186011,4,34,136,2023-01-22
SYN-b36d6540e3592d0b,611024001,4,17,68,2023-01-22
SYN-b36dbe68347e0075,574752003,2,20,40,2023-05-21
SYN-b36dcce248a1f92a,640164001,4,34,136,2023-11-13
SYN-b3867599c83f5817,589924004,4,14,56,2023-10-14
SYN-b3867599c83f5817,589924005,3,14,42,2023-10-14
SYN-b3867599c83f5817,639976005,2,76,152,2023-10-14
SYN-b3867599c83f5817,671505004,2,34,68,2023-10-14
SYN-b3867599c83f5817,671668005,4,17,68,2023-10-14
SYN-b388eef482ace063,505221001,3,20,60,2023-10-18
SYN-b388eef482ace063,505221004,4,15,60,2023-10-18
SYN-b388eef482ace063,567993015,4,14,56,2023-10-18
SYN-b388eef482ace063,626000002,4,7,28,2023-10-18
SYN-b3911e08d0db0ef4,649397002,6,42,252,2023-11-11
SYN-b39bf920006fec90,651893001,2,17,34,2023-07-05
SYN-b39bf920006fec90,659832001,3,17,51,2023-07-05
SYN-b39bf920006fec90,693466001,5,34,170,2023-07-05
SYN-b3abf82948e5d86a,399201005,6,59,354,2023-01-20
SYN-b3abf82948e5d86a,399201020,2,85,170,2023-01-20
SYN-b3b92edf492bafdd,639525001,2,25,50,2023-03-04
SYN-b3b92edf492bafdd,728162002,3,9,27,2023-03-04
SYN-b3e23a6379de5874,571436009,5,14,70,2023-01-10
SYN-b3e4515345a77f70,681657001,3,22,66,2023-05-28
SYN-b3e4515345a77f70,728162001,4,9,36,2023-05-28
SYN-b3e97369bee397f2,201219003,5,17,85,2023-07-05
SYN-b3e97369bee397f2,201219011,3,17,51,2023-07-05
SYN-b3e97369bee397f2,201219012,3,17,51,2023-07-05
SYN-b3e97369bee397f2,567535006,6,15,90,2023-07-05
SYN-b40416eac889bbea,399136009,3,85,255,2023-10-16
SYN-b40416eac889bbea,631590005,2,51,102,2023-10-16
SYN-b40416eac889bbea,661435001,4,85,340,2023-10-16
SYN-b4183806f491c890,517462001,4,19,76,2023-01-05
SYN-b4183806f491c890,532578017,4,10,40,2023-01-05
SYN-b4183806f491c890,598292001,4,12,48,2023-01-05
SYN-b4183806f491c890,607537001,5,31,155,2023-01-05
SYN-b4271e77bf3efca1,688873011,3,34,102,2023-07-22
SYN-b4276126798d1595,464454004,2,7,14,2023-12-03
SYN-b4276126798d1595,499807002,3,10,30,2023-12-03
SYN-b4276126798d1595,559619003,3,15,45,2023-12-03
SYN-b4276126798d1595,559619004,2,15,30,2023-12-03
SYN-b4276126798d1595,574212001,4,20,80,2023-12-03
SYN-b4276126798d1595,577259003,5,15,75,2023-12-03
SYN-b4276126798d1595,590922001,2,19,38,2023-12-03
SYN-b4276126798d1595,592180003,2,20,40,2023-12-03
SYN-b4276126798d1595,612481005,6,17,102,2023-12-03
SYN-b4276126798d1595,612481007,2,20,40,2023-12-03
SYN-b4276126798d1595,622964001,3,10,30,2023-12-03
SYN-b4276126798d1595,622964005,6,10,60,2023-12-03
SYN-b4276126798d1595,637158002,3,31,93,2023-12-03
SYN-b4276126798d1595,640154003,5,25,125,2023-12-03
SYN-b4276126798d1595,643739002,3,47,141,2023-12-03
SYN-b4276126798d1595,654758001,4,22,88,2023-12-03
SYN-b4276126798d1595,669679001,6,36,216,2023-12-03
SYN-b4276126798d1595,676110003,3,7,21,2023-12-03
SYN-b4276126798d1595,711582001,6,14,84,2023-12-03
SYN-b42842ba435f7c87,638628002,3,36,108,2023-03-02
SYN-b42842ba435f7c87,651517001,6,253,1518,2023-03-02
SYN-b43d00c73c680ac4,312543001,2,25,50,2023-11-23
SYN-b43d00c73c680ac4,502186012,2,34,68,2023-11-23
SYN-b43d00c73c680ac4,515042002,2,17,34,2023-11-23
SYN-b43d00c73c680ac4,516000044,2,10,20,2023-11-23
SYN-b43d00c73c680ac4,531310002,6,24,144,2023-11-23
SYN-b43d00c73c680ac4,562245001,2,22,44,2023-11-23
SYN-b43d00c73c680ac4,568864001,4,20,80,2023-11-23
SYN-b43d00c73c680ac4,572128005,4,9,36,2023-11-23
SYN-b43d00c73c680ac4,581543001,3,20,60,2023-11-23
SYN-b43d00c73c680ac4,586333001,2,17,34,2023-11-23
SYN-b43d00c73c680ac4,603013001,5,7,35,2023-11-23
SYN-b43d00c73c680ac4,608483006,2,14,28,2023-11-23
SYN-b43d00c73c680ac4,610744007,3,15,45,2023-11-23
SYN-b43d00c73c680ac4,613246004,4,25,100,2023-11-23
SYN-b43d00c73c680ac4,647804001,3,20,60,2023-11-23
SYN-b43d00c73c680ac4,685687001,5,17,85,2023-11-23
SYN-b441bdd5a0f1c1e9,562245001,6,22,132,2023-07-09
SYN-b441bdd5a0f1c1e9,562245004,6,21,126,2023-07-09
SYN-b441bdd5a0f1c1e9,562245034,6,20,120,2023-07-09
SYN-b441bdd5a0f1c1e9,628930008,2,25,50,2023-07-09
SYN-b441bdd5a0f1c1e9,685687001,2,17,34,2023-07-09
SYN-b44260e72e14a62f,579541035,2,17,34,2023-08-13
SYN-b44260e72e14a62f,666328001,2,51,102,2023-08-13
SYN-b44260e72e14a62f,677218001,3,42,126,2023-08-13
SYN-b442a68e37fb884d,552866001,6,59,354,2023-02-20
SYN-b44ca4a64ed10a21,708021001,2,17,34,2023-02-13
SYN-b45295ab4ad768e3,620907005,3,22,66,2023-07-23
SYN-b45295ab4ad768e3,620908004,5,15,75,2023-07-23
SYN-b46aeacd9110ee78,574109011,3,25,75,2023-05-18
SYN-b46aeacd9110ee78,623434008,2,34,68,2023-05-18
SYN-b46aeacd9110ee78,624636002,5,34,170,2023-05-18
SYN-b46aeacd9110ee78,645065001,3,34,102,2023-05-18
SYN-b47c87b6965df634,671553008,2,17,34,2023-12-20
SYN-b47d2f4661497e5c,611062002,2,12,24,2023-07-23
SYN-b47d78432156fb98,660308004,5,23,115,2023-08-06
SYN-b47d87942b8730ac,325087044,2,25,50,2023-01-06
SYN-b486e331c6ef0435,596589001,6,7,42,2023-03-16
SYN-b489089706333349,528272001,5,42,210,2023-12-09
SYN-b489089706333349,534181005,3,168,504,2023-12-09
SYN-b489089706333349,615795001,5,85,425,2023-12-09
SYN-b489089706333349,640331001,5,34,170,2023-12-09
SYN-b489089706333349,654920001,4,34,136,2023-12-09
SYN-b489089706333349,678206001,6,68,408,2023-12-09
SYN-b489089706333349,707020001,2,17,34,2023-12-09
SYN-b489089706333349,729931001,3,25,75,2023-12-09
SYN-b4891537b7126db0,287645003,3,9,27,2023-09-06
SYN-b495d20bed9ab6aa,156231001,5,9,45,2023-08-01
SYN-b495d20bed9ab6aa,228257001,3,10,30,2023-08-01
SYN-b4a46440123634bc,327310014,2,10,20,2023-03-27
SYN-b4a46440123634bc,552471023,4,7,28,2023-03-27
SYN-b4a46440123634bc,554477016,2,10,20,2023-03-27
SYN-b4a46440123634bc,564419002,5,9,45,2023-03-27
SYN-b4a46440123634bc,590951010,5,7,35,2023-03-27
SYN-b4a46440123634bc,612075002,5,12,60,2023-03-27
SYN-b4a46440123634bc,632982014,3,5,15,2023-03-27
SYN-b4a46440123634bc,671057002,6,3,18,2023-03-27
SYN-b4b040493f0f58c1,523936014,4,14,56,2023-02-04
SYN-b4b040493f0f58c1,583209003,6,17,102,2023-02-04
SYN-b4b040493f0f58c1,661861003,5,14,70,2023-02-04
SYN-b4b65149b34b76d0,640039001,2,72,144,2023-06-07
SYN-b4badbbcb2f3d691,578876001,4,10,40,2023-08-23
SYN-b4bf7a5b4a244546,560270007,5,46,230,2023-05-15
SYN-b4bf7a5b4a244546,625321003,4,23,92,2023-05-15
SYN-b4c11cf5f247acde,516903005,2,17,34,2023-04-03
SYN-b4d407436964707c,551300001,2,46,92,2023-11-17
SYN-b4e6c7efb1fda611,573716012,6,25,150,2023-09-18
SYN-b4fa0c00e771f23a,369796007,3,14,42,2023-09-08
SYN-b51b07bc5aaeea90,504154015,4,15,60,2023-02-28
SYN-b51be7df685b72e8,551336001,3,34,102,2023-11-13
SYN-b51be7df685b72e8,574109015,6,25,150,2023-11-13
SYN-b51be7df685b72e8,678983004,2,17,34,2023-11-13
SYN-b51be7df685b72e8,683662006,5,14,70,2023-11-13
SYN-b51be7df685b72e8,725253001,5,51,255,2023-11-13
SYN-b51be8c3729faf11,680715001,6,136,816,2023-03-14
SYN-b51be8c3729faf11,692210001,2,136,272,2023-03-14
SYN-b523451183eb64ce,625480003,2,27,54,2023-02-16
SYN-b523451183eb64ce,625480004,3,19,57,2023-02-16
SYN-b5246ef343dcb770,608458001,6,17,102,2023-01-28
SYN-b52ae14a4ed2cb7b,656031002,6,17,102,2023-06-05
SYN-b52ae14a4ed2cb7b,661414001,5,25,125,2023-06-05
SYN-b52ae14a4ed2cb7b,685687004,4,17,68,2023-06-05
SYN-b531c4a4d3a579ca,640021005,4,51,204,2023-02-19
SYN-b56564fa79d580bd,562252036,2,23,46,2023-06-19
SYN-b56564fa79d580bd,604454004,5,15,75,2023-06-19
SYN-b56564fa79d580bd,628920001,4,15,60,2023-06-19
SYN-b56564fa79d580bd,635084001,3,9,27,2023-06-19
SYN-b56564fa79d580bd,638622001,6,15,90,2023-06-19
SYN-b569c6bc8fb76a0f,562245001,3,22,66,2023-04-23
SYN-b569c6bc8fb76a0f,576775006,3,31,93,2023-04-23
SYN-b569c6bc8fb76a0f,647804001,5,20,100,2023-04-23
SYN-b569c6bc8fb76a0f,701129002,2,25,50,2023-04-23
SYN-b569f63c9a31bc80,399136004,5,59,295,2023-04-11
SYN-b569f63c9a31bc80,399136009,2,85,170,2023-04-11
SYN-b569f63c9a31bc80,485973011,2,12,24,2023-04-11
SYN-b569f63c9a31bc80,516712001,5,22,110,2023-04-11
SYN-b569f63c9a31bc80,579541001,5,17,85,2023-04-11
SYN-b569f63c9a31bc80,633051007,3,34,102,2023-04-11
SYN-b569f63c9a31bc80,658339001,2,20,40,2023-04-11
SYN-b569f63c9a31bc80,659521001,2,42,84,2023-04-11
SYN-b569f63c9a31bc80,662328001,2,42,84,2023-04-11
SYN-b569f63c9a31bc80,664836004,5,25,125,2023-04-11
SYN-b569f63c9a31bc80,678153001,6,51,306,2023-04-11
SYN-b57272af8d22c1c3,617835006,2,17,34,2023-10-21
SYN-b57d53e09f607f65,532126001,4,10,40,2023-06-17
SYN-b57d53e09f607f65,685687003,3,17,51,2023-06-17
SYN-b57d53e09f607f65,685687004,3,17,51,2023-06-17
SYN-b590c0bb3125d773,306307005,3,9,27,2023-11-30
SYN-b590c0bb3125d773,351933001,4,25,100,2023-11-30
SYN-b59543a4a53aa4c1,673677002,6,17,102,2023-12-18
SYN-b59c83935c0743a5,583558001,5,64,320,2023-02-28
SYN-b59c83935c0743a5,656734005,6,47,282,2023-02-28
SYN-b59c83935c0743a5,666382002,3,25,75,2023-02-28
SYN-b59c83935c0743a5,683662006,2,14,28,2023-02-28
SYN-b59cdefd10455508,592174001,3,15,45,2023-01-05
SYN-b5a1593fd0903a4f,661162001,4,34,136,2023-02-07
SYN-b5a213192814c376,547349002,6,31,186,2023-11-03
SYN-b5a213192814c376,579302001,3,34,102,2023-11-03
SYN-b5a213192814c376,665713001,2,25,50,2023-11-03
SYN-b5b12f0df3ab8738,552471001,2,17,34,2023-06-03
SYN-b5c277a4dd254a6d,516903005,4,34,136,2023-08-26
SYN-b5c277a4dd254a6d,580482004,4,51,204,2023-08-26
SYN-b5c277a4dd254a6d,637549005,3,34,102,2023-08-26
SYN-b5c277a4dd254a6d,678230003,2,34,68,2023-08-26
SYN-b5c3c8ccccc400eb,555102001,5,42,210,2023-10-11
SYN-b5c3c8ccccc400eb,625311006,2,31,62,2023-10-11
SYN-b5c3c8ccccc400eb,630141001,2,42,84,2023-10-11
SYN-b5c3c8ccccc400eb,634009003,4,25,100,2023-10-11
SYN-b5c3c8ccccc400eb,634320003,3,31,93,2023-10-11
SYN-b5c40e99ff53e72d,616263001,5,20,100,2023-05-10
SYN-b5c5de6329819a05,573716040,4,23,92,2023-01-09
SYN-b5d1cd9303a5d7cf,573085004,6,34,204,2023-03-11
SYN-b5d1cd9303a5d7cf,575141002,3,12,36,2023-03-11
SYN-b5d1f707a6191d8d,160442007,6,14,84,2023-07-14
SYN-b5d1f707a6191d8d,605094001,6,14,84,2023-07-14
SYN-b5da9e0419dc7f50,426199021,6,20,120,2023-11-25
SYN-b5da9e0419dc7f50,655259002,4,23,92,2023-11-25
SYN-b5da9e0419dc7f50,658850002,5,23,115,2023-11-25
SYN-b5da9e0419dc7f50,671143001,2,20,40,2023-11-25
SYN-b5da9e0419dc7f50,678518001,4,20,80,2023-11-25
SYN-b5dfb935bcefd9a5,211143037,6,34,204,2023-07-14
SYN-b5dfb935bcefd9a5,572124001,4,41,164,2023-07-14
SYN-b5dfb935bcefd9a5,573085014,4,24,96,2023-07-14
SYN-b5dfb935bcefd9a5,585785001,6,19,114,2023-07-14
SYN-b5dfb935bcefd9a5,597918001,5,17,85,2023-07-14
SYN-b5dfb935bcefd9a5,608952004,5,20,100,2023-07-14
SYN-b5dfb935bcefd9a5,617534006,5,12,60,2023-07-14
SYN-b5dfb935bcefd9a5,617534008,5,14,70,2023-07-14
SYN-b5dfb935bcefd9a5,627389005,2,17,34,2023-07-14
SYN-b5dfb935bcefd9a5,645844001,2,25,50,2023-07-14
SYN-b5dfb935bcefd9a5,661373001,3,61,183,2023-07-14
SYN-b5e4cef66c76f2ad,583554002,6,17,102,2023-08-24
SYN-b5e4cef66c76f2ad,621683001,5,14,70,2023-08-24
SYN-b5e4cef66c76f2ad,622060001,5,10,50,2023-08-24
SYN-b5e4cef66c76f2ad,628920006,3,9,27,2023-08-24
SYN-b5e4cef66c76f2ad,628924001,5,10,50,2023-08-24
SYN-b5e4cef66c76f2ad,665044002,4,14,56,2023-08-24
SYN-b5ea62b9f37b3b50,488546001,2,102,204,2023-07-23
SYN-b5ea62b9f37b3b50,569929001,6,68,408,2023-07-23
SYN-b5ea90964e9162e3,562761001,2,12,24,2023-03-10
SYN-b5ea90964e9162e3,637549003,6,31,186,2023-03-10
SYN-b5ea90964e9162e3,637661001,2,46,92,2023-03-10
SYN-b5ee06dfa18d40bb,573716002,6,25,150,2023-12-18
SYN-b5f222fabf3e67da,640244003,3,34,102,2023-11-26
SYN-b5f48f9a1b92d85a,580746002,2,12,24,2023-04-07
SYN-b61f7ab431f1ab2e,566941001,2,14,28,2023-08-04
SYN-b61f7ab431f1ab2e,586014002,3,22,66,2023-08-04
SYN-b63c41ca277ddebd,629758005,2,15,30,2023-09-17
SYN-b63c41ca277ddebd,703193001,2,25,50,2023-09-17
SYN-b64045e1bf1763dd,399136004,4,59,236,2023-12-01
SYN-b64045e1bf1763dd,399136027,6,59,354,2023-12-01
SYN-b64045e1bf1763dd,399136061,2,51,102,2023-12-01
SYN-b64045e1bf1763dd,399201005,4,59,236,2023-12-01
SYN-b64bfcb191cdc8a8,616070002,4,153,612,2023-11-22
SYN-b6581de266597e79,579010007,3,14,42,2023-03-15
SYN-b6581de266597e79,624443002,6,17,102,2023-03-15
SYN-b6581de266597e79,627653001,3,22,66,2023-03-15
SYN-b6581de266597e79,628621001,5,31,155,2023-03-15
SYN-b6581de266597e79,633918001,2,25,50,2023-03-15
SYN-b6581de266597e79,633918005,5,25,125,2023-03-15
SYN-b6581de266597e79,642651002,4,31,124,2023-03-15
SYN-b6581de266597e79,643628008,5,12,60,2023-03-15
SYN-b6581de266597e79,654482001,4,22,88,2023-03-15
SYN-b6581de266597e79,656165001,6,22,132,2023-03-15
SYN-b6581de266597e79,668958002,5,22,110,2023-03-15
SYN-b65ce0e3a88f3d5d,522018001,3,41,123,2023-02-23
SYN-b65ce0e3a88f3d5d,533844001,6,41,246,2023-02-23
SYN-b65ce0e3a88f3d5d,549263006,6,25,150,2023-02-23
SYN-b65ce0e3a88f3d5d,549333002,5,37,185,2023-02-23
SYN-b65ce0e3a88f3d5d,577948001,4,49,196,2023-02-23
SYN-b65ce0e3a88f3d5d,588754002,3,24,72,2023-02-23
SYN-b65ce0e3a88f3d5d,595208002,5,25,125,2023-02-23
SYN-b65ce0e3a88f3d5d,596278006,5,34,170,2023-02-23
SYN-b65ce0e3a88f3d5d,610072001,6,70,420,2023-02-23
SYN-b65ce0e3a88f3d5d,619468001,5,51,255,2023-02-23
SYN-b65ce0e3a88f3d5d,631744003,4,7,28,2023-02-23
SYN-b65ce0e3a88f3d5d,636148001,2,24,48,2023-02-23
SYN-b65ce0e3a88f3d5d,654615001,5,59,295,2023-02-23
SYN-b65ce0e3a88f3d5d,672491002,3,51,153,2023-02-23
SYN-b65ce0e3a88f3d5d,684080001,4,102,408,2023-02-23
SYN-b66bfa12d0f77e48,633136004,3,32,96,2023-05-18
SYN-b66bfa12d0f77e48,686269001,3,17,51,2023-05-18
SYN-b671b162716585f1,517729043,5,12,60,2023-08-17
SYN-b671b162716585f1,576775006,3,31,93,2023-08-17
SYN-b673ced8e39e3ddc,601284002,3,20,60,2023-11-09
SYN-b673ced8e39e3ddc,685687004,3,17,51,2023-11-09
SYN-b67be2174609aa63,398074001,4,22,88,2023-11-21
SYN-b67be2174609aa63,469562006,6,68,408,2023-11-21
SYN-b67be2174609aa63,555353008,5,25,125,2023-11-21
SYN-b67be2174609aa63,617903009,3,22,66,2023-11-21
SYN-b67be2174609aa63,654263004,5,42,210,2023-11-21
SYN-b689fe54831cd23a,529008011,5,20,100,2023-04-28
SYN-b689fe54831cd23a,529008026,5,25,125,2023-04-28
SYN-b689fe54831cd23a,639738005,5,25,125,2023-04-28
SYN-b689fe54831cd23a,679121002,4,17,68,2023-04-28
SYN-b689fe54831cd23a,683662005,3,14,42,2023-04-28
SYN-b689fe54831cd23a,685687003,4,17,68,2023-04-28
SYN-b69466bd95585bae,640462002,5,34,170,2023-03-20
SYN-b6a0d93c24d9de59,111586001,2,11,22,2023-11-28
SYN-b6a0d93c24d9de59,111593001,5,11,55,2023-11-28
SYN-b6a0d93c24d9de59,637005002,4,51,204,2023-11-28
SYN-b6a0d93c24d9de59,639192006,5,68,340,2023-11-28
SYN-b6a0d93c24d9de59,661162001,6,34,204,2023-11-28
SYN-b6a13d4967a251ee,126589010,4,5,20,2023-11-02
SYN-b6a13d4967a251ee,156231001,4,9,36,2023-11-02
SYN-b6a13d4967a251ee,356289005,2,25,50,2023-11-02
SYN-b6a13d4967a251ee,501820042,4,17,68,2023-11-02
SYN-b6a13d4967a251ee,501820043,3,17,51,2023-11-02
SYN-b6a13d4967a251ee,549477005,6,51,306,2023-11-02
SYN-b6a13d4967a251ee,619822003,2,25,50,2023-11-02
SYN-b6a13d4967a251ee,625939025,5,9,45,2023-11-02
SYN-b6a13d4967a251ee,626816003,4,25,100,2023-11-02
SYN-b6a13d4967a251ee,632665001,5,17,85,2023-11-02
SYN-b6a13d4967a251ee,633148001,2,25,50,2023-11-02
SYN-b6a13d4967a251ee,639833001,5,25,125,2023-11-02
SYN-b6a13d4967a251ee,663732002,4,17,68,2023-11-02
SYN-b6a13d4967a251ee,669358001,2,51,102,2023-11-02
SYN-b6a13d4967a251ee,678983004,4,17,68,2023-11-02
SYN-b6a13d4967a251ee,680336002,2,14,28,2023-11-02
SYN-b6a13d4967a251ee,686587003,5,34,170,2023-11-02
SYN-b6a13d4967a251ee,687821001,2,51,102,2023-11-02
SYN-b6a13d4967a251ee,691555001,2,22,44,2023-11-02
SYN-b6a13d4967a251ee,700819002,4,42,168,2023-11-02
SYN-b6c879a1188060db,671695001,4,68,272,2023-11-21
SYN-b6d5d452a3941c62,637911004,2,27,54,2023-04-10
SYN-b6db61494d356b17,626445002,4,25,100,2023-11-29
SYN-b6dd108dbb5a309e,624443002,4,17,68,2023-06-15
SYN-b6dd108dbb5a309e,629445002,6,25,150,2023-06-15
SYN-b6f274d06510db94,506321004,6,25,150,2023-02-27
SYN-b6f274d06510db94,542695004,4,20,80,2023-02-27
SYN-b6f274d06510db94,606022001,6,12,72,2023-02-27
SYN-b6f6e2a212df67ba,573856023,3,25,75,2023-07-30
SYN-b6f6e2a212df67ba,578474001,2,68,136,2023-07-30
SYN-b6f6e2a212df67ba,639192001,2,68,136,2023-07-30
SYN-b6fda70bbc856f67,671783004,2,25,50,2023-07-21
SYN-b700f7a9fa5019b8,399136027,5,61,305,2023-08-06
SYN-b700f7a9fa5019b8,579541004,3,17,51,2023-08-06
SYN-b700f7a9fa5019b8,579541011,3,17,51,2023-08-06
SYN-b700f7a9fa5019b8,579541030,4,17,68,2023-08-06
SYN-b700f7a9fa5019b8,584940004,5,22,110,2023-08-06
SYN-b700f7a9fa5019b8,591334019,5,17,85,2023-08-06
SYN-b700f7a9fa5019b8,615021001,6,17,102,2023-08-06
SYN-b700f7a9fa5019b8,615021003,6,17,102,2023-08-06
SYN-b700f7a9fa5019b8,638142002,4,25,100,2023-08-06
SYN-b700f7a9fa5019b8,683662005,3,14,42,2023-08-06
SYN-b70329df5e2ba072,602409007,3,34,102,2023-03-03
SYN-b70329df5e2ba072,602409009,4,34,136,2023-03-03
SYN-b70329df5e2ba072,633450004,6,51,306,2023-03-03
SYN-b70329df5e2ba072,635561009,4,17,68,2023-03-03
SYN-b704e68014c4c467,501616085,6,25,150,2023-08-31
SYN-b717f7750ae18dbc,399256001,3,17,51,2023-12-17
SYN-b717f7750ae18dbc,673677002,5,17,85,2023-12-17
SYN-b718220c160fabba,539723038,2,34,68,2023-07-04
SYN-b718220c160fabba,554450004,3,34,102,2023-07-04
SYN-b718220c160fabba,554450005,2,34,68,2023-07-04
SYN-b718220c160fabba,607834007,4,25,100,2023-07-04
SYN-b718220c160fabba,607834008,6,25,150,2023-07-04
SYN-b71f7d6d8eb273db,573716039,5,25,125,2023-05-14
SYN-b7473041cfae3f91,547058001,5,102,510,2023-10-07
SYN-b7473041cfae3f91,619234001,3,51,153,2023-10-07
SYN-b7473041cfae3f91,619234005,2,51,102,2023-10-07
SYN-b7473041cfae3f91,622962001,2,51,102,2023-10-07
SYN-b7473041cfae3f91,640244002,5,34,170,2023-10-07
SYN-b749d2aaf4d5d0be,189616006,2,17,34,2023-09-03
SYN-b749d2aaf4d5d0be,244267029,4,12,48,2023-09-03
SYN-b749d2aaf4d5d0be,309864002,6,17,102,2023-09-03
SYN-b749d2aaf4d5d0be,446224043,2,14,28,2023-09-03
SYN-b749d2aaf4d5d0be,554541003,5,42,210,2023-09-03
SYN-b749d2aaf4d5d0be,556528010,4,34,136,2023-09-03
SYN-b749d2aaf4d5d0be,674014003,6,31,186,2023-09-03
SYN-b77247a34e274bb0,634789003,5,68,340,2023-12-08
SYN-b7732cb23a07828b,372860002,6,12,72,2023-01-07
SYN-b7732cb23a07828b,663236002,6,44,264,2023-01-07
SYN-b77a395eaeb9ff6b,682604001,4,34,136,2023-09-22
SYN-b77ccbd9bdada3f5,524825013,5,36,180,2023-12-25
SYN-b77ccbd9bdada3f5,683662002,6,14,84,2023-12-25
SYN-b77d3d98cd049e52,562245015,6,20,120,2023-03-08
SYN-b77d3d98cd049e52,572128007,3,9,27,2023-03-08
SYN-b77d3d98cd049e52,680374002,2,34,68,2023-03-08
SYN-b7880d416b82528f,584483001,5,13,65,2023-04-23
SYN-b7880d416b82528f,633130015,2,17,34,2023-04-23
SYN-b795abe297e103ab,493438027,3,25,75,2023-10-17
SYN-b795abe297e103ab,646429001,6,51,306,2023-10-17
SYN-b79664f0f2702077,564787001,4,12,48,2023-05-01
SYN-b7a76028fa032db6,672448002,4,22,88,2023-01-08
SYN-b7a76028fa032db6,680912005,2,17,34,2023-01-08
SYN-b7a76028fa032db6,680912011,3,17,51,2023-01-08
SYN-b7a8b0545c79151d,579541027,4,17,68,2023-01-26
SYN-b7a8b0545c79151d,579541030,4,17,68,2023-01-26
SYN-b7a8b0545c79151d,626588005,5,68,340,2023-01-26
SYN-b7a8b0545c79151d,633456004,5,68,340,2023-01-26
SYN-b7a8b0545c79151d,637268006,5,51,255,2023-01-26
SYN-b7a8b0545c79151d,638532001,3,25,75,2023-01-26
SYN-b7a8b0545c79151d,649397003,3,42,126,2023-01-26
SYN-b7a8b0545c79151d,651724002,2,34,68,2023-01-26
SYN-b7a8b0545c79151d,653552001,5,25,125,2023-01-26
SYN-b7a8b0545c79151d,667378002,3,34,102,2023-01-26
SYN-b7a8b0545c79151d,667379002,3,42,126,2023-01-26
SYN-b7a8b0545c79151d,671011002,3,34,102,2023-01-26
SYN-b7a8b0545c79151d,680258001,6,31,186,2023-01-26
SYN-b7a8b0545c79151d,685284003,5,42,210,2023-01-26
SYN-b7af79f2ad4f8095,552370006,3,17,51,2023-12-12
SYN-b7af79f2ad4f8095,555326010,4,42,168,2023-12-12
SYN-b7af79f2ad4f8095,657497002,5,25,125,2023-12-12
SYN-b7bd0e5f6b7dd4a9,640252006,4,23,92,2023-07-05
SYN-b7c0941b15b4cf43,625343001,6,40,240,2023-04-04
SYN-b7cc340bfeb20727,529008026,2,25,50,2023-01-21
SYN-b7cc340bfeb20727,589924003,2,14,28,2023-01-21
SYN-b7cc340bfeb20727,611415005,3,17,51,2023-01-21
SYN-b7cc340bfeb20727,657497001,3,25,75,2023-01-21
SYN-b7cc340bfeb20727,671505001,5,34,170,2023-01-21
SYN-b7e02833bf21457a,671491001,5,48,240,2023-03-31
SYN-b7e17c55fe816efb,312878005,5,59,295,2023-09-07
SYN-b7f8b451b1df1061,680715001,2,136,272,2023-09-11
SYN-b7ff4cf40667d2c5,495949002,6,51,306,2023-01-31
SYN-b8092498e91a3022,587278007,4,15,60,2023-08-17
SYN-b8092498e91a3022,604199010,5,10,50,2023-08-17
SYN-b81657d744e9a5fe,612032001,2,10,20,2023-12-17
SYN-b820557db9efb971,646429001,4,51,204,2023-05-24
SYN-b8298babc4a4803c,554757003,3,14,42,2023-02-06
SYN-b8298babc4a4803c,567479001,2,15,30,2023-02-06
SYN-b8298babc4a4803c,567594001,2,12,24,2023-02-06
SYN-b83e7b5c1d287d48,547780004,2,25,50,2023-02-22
SYN-b83e7b5c1d287d48,571436009,6,14,84,2023-02-22
SYN-b83e7b5c1d287d48,682550005,4,32,128,2023-02-22
SYN-b847953a4b3841c4,118458038,4,34,136,2023-10-16
SYN-b847953a4b3841c4,685687001,3,17,51,2023-10-16
SYN-b847953a4b3841c4,685687002,2,17,34,2023-10-16
SYN-b847953a4b3841c4,685687004,2,17,34,2023-10-16
SYN-b84fa579995000c2,618682007,5,24,120,2023-08-08
SYN-b84fa579995000c2,637268002,5,47,235,2023-08-08
SYN-b84fa579995000c2,667491006,6,24,144,2023-08-08
SYN-b84fa579995000c2,671502001,4,47,188,2023-08-08
SYN-b84fa579995000c2,671505001,3,31,93,2023-08-08
SYN-b84fa579995000c2,680220001,6,24,144,2023-08-08
SYN-b8549d83c0128069,449897001,5,61,305,2023-05-25
SYN-b8549d83c0128069,593829002,2,9,18,2023-05-25
SYN-b8549d83c0128069,673677002,4,17,68,2023-05-25
SYN-b8549d83c0128069,673677003,5,17,85,2023-05-25
SYN-b860426de785db7f,537076006,2,92,184,2023-04-02
SYN-b860426de785db7f,680374003,2,31,62,2023-04-02
SYN-b860426de785db7f,691012001,5,76,380,2023-04-02
SYN-b866c2ff50bede45,651424003,4,68,272,2023-03-10
SYN-b866c2ff50bede45,659460002,5,68,340,2023-03-10
SYN-b891c85ab9edc727,446224010,6,17,102,2023-12-08
SYN-b891c85ab9edc727,446224019,6,17,102,2023-12-08
SYN-b891c85ab9edc727,501820043,4,17,68,2023-12-08
SYN-b891c85ab9edc727,654772003,6,34,204,2023-12-08
SYN-b891c85ab9edc727,666585003,2,34,68,2023-12-08
SYN-b8934f7e00ff4c25,567993015,3,14,42,2023-11-11
SYN-b8934f7e00ff4c25,636172001,2,51,102,2023-11-11
SYN-b8934f7e00ff4c25,638899002,6,46,276,2023-11-11
SYN-b8934f7e00ff4c25,640552001,5,34,170,2023-11-11
SYN-b8934f7e00ff4c25,667216002,6,25,150,2023-11-11
SYN-b8a5f93a389adecc,573716012,5,25,125,2023-06-20
SYN-b8c3d714c5c14c3b,555326010,5,42,210,2023-03-24
SYN-b8c3d714c5c14c3b,573085001,3,24,72,2023-03-24
SYN-b8c3d714c5c14c3b,598283007,5,42,210,2023-03-24
SYN-b8c3d714c5c14c3b,672126001,3,42,126,2023-03-24
SYN-b8c9a0af3d396aa5,546579001,3,12,36,2023-01-13
SYN-b8c9a0af3d396aa5,628326002,6,14,84,2023-01-13
SYN-b8c9a0af3d396aa5,658847003,4,25,100,2023-01-13
SYN-b8c9a0af3d396aa5,658852001,5,14,70,2023-01-13
SYN-b8c9a0af3d396aa5,670279003,6,14,84,2023-01-13
SYN-b8c9a0af3d396aa5,678079002,2,10,20,2023-01-13
SYN-b8d4a8485f1c003e,587278001,5,17,85,2023-10-13
SYN-b8d749ad1a7898d0,589222001,3,24,72,2023-01-13
SYN-b8d9e9895c5abe43,671553002,4,17,68,2023-04-14
SYN-b8e4224a0b6bd417,664936004,4,76,304,2023-09-20
SYN-b8e4224a0b6bd417,665481001,3,51,153,2023-09-20
SYN-b8e7c4822c49e400,673638005,3,17,51,2023-09-04
SYN-b90c785204947bf0,629042002,4,136,544,2023-02-11
SYN-b90c785204947bf0,629042005,2,136,272,2023-02-11
SYN-b90c785204947bf0,633148004,6,25,150,2023-02-11
SYN-b90c785204947bf0,635561001,6,17,102,2023-02-11
SYN-b90c785204947bf0,635561003,5,17,85,2023-02-11
SYN-b90c785204947bf0,635561004,3,17,51,2023-02-11
SYN-b90c785204947bf0,652742003,4,59,236,2023-02-11
SYN-b90c785204947bf0,666006006,3,119,357,2023-02-11
SYN-b90c785204947bf0,669896002,3,34,102,2023-02-11
SYN-b90c785204947bf0,676954001,6,51,306,2023-02-11
SYN-b92508f22b3b7fa8,489217003,6,26,156,2023-03-29
SYN-b92508f22b3b7fa8,589783002,4,17,68,2023-03-29
SYN-b92508f22b3b7fa8,589789002,6,11,66,2023-03-29
SYN-b92508f22b3b7fa8,597918001,5,15,75,2023-03-29
SYN-b93cf3f2d7fd77f0,639496004,3,34,102,2023-06-24
SYN-b93cf3f2d7fd77f0,678983008,2,17,34,2023-06-24
SYN-b93ec3a3f321e67c,582751001,5,16,80,2023-01-13
SYN-b94631256dd55f3c,661795002,5,168,840,2023-05-27
SYN-b94631256dd55f3c,684080003,5,102,510,2023-05-27
SYN-b9540f6735c0af79,649397002,2,42,84,2023-04-13
SYN-b9540f6735c0af79,649397003,4,42,168,2023-04-13
SYN-b957d108fbcb5877,218354001,5,9,45,2023-06-07
SYN-b957d108fbcb5877,218354021,2,7,14,2023-06-07
SYN-b957d108fbcb5877,594094001,6,25,150,2023-06-07
SYN-b957d108fbcb5877,630319001,5,14,70,2023-06-07
SYN-b957d108fbcb5877,671852003,2,31,62,2023-06-07
SYN-b957d108fbcb5877,675272001,5,32,160,2023-06-07
SYN-b957d108fbcb5877,680220001,6,25,150,2023-06-07
SYN-b97385ad0ee03800,562245034,3,20,60,2023-03-07
SYN-b973de5243e2e003,634320003,3,31,93,2023-09-10
SYN-b973de5243e2e003,667491002,4,25,100,2023-09-10
SYN-b975d9c2157ff0cb,622744002,5,42,210,2023-08-30
SYN-b975d9c2157ff0cb,656649003,5,42,210,2023-08-30
SYN-b975d9c2157ff0cb,661861003,6,25,150,2023-08-30
SYN-b975d9c2157ff0cb,666006006,3,119,357,2023-08-30
SYN-b9a12f11706b726f,554450001,6,30,180,2023-02-10
SYN-b9c81aebe1ff619d,585806001,5,14,70,2023-06-11
SYN-b9d8804f7a9ae6eb,639192009,2,64,128,2023-02-21
SYN-b9dddc019dab4168,624383005,3,25,75,2023-01-06
SYN-b9dddc019dab4168,625034002,6,14,84,2023-01-06
SYN-b9dddc019dab4168,628564001,5,17,85,2023-01-06
SYN-b9dddc019dab4168,639452002,5,10,50,2023-01-06
SYN-b9dddc019dab4168,657759002,6,17,102,2023-01-06
SYN-b9de7e58f1b707cd,556438001,2,25,50,2023-11-27
SYN-b9de7e58f1b707cd,688873005,3,34,102,2023-11-27
SYN-b9e0fe0c537d5a40,683379001,3,14,42,2023-08-15
SYN-b9f1e8a67b179f7e,667499006,3,25,75,2023-02-06
SYN-b9f1e8a67b179f7e,693951004,5,25,125,2023-02-06
SYN-ba02d12f58a22c7d,536375003,5,25,125,2023-06-02
SYN-ba02d12f58a22c7d,639685003,5,42,210,2023-06-02
SYN-ba02d12f58a22c7d,671505002,5,34,170,2023-06-02
SYN-ba0cbdae3f745012,559139004,6,42,252,2023-11-30
SYN-ba14524b2848bf8f,399087014,3,34,102,2023-11-11
SYN-ba14524b2848bf8f,399087015,6,34,204,2023-11-11
SYN-ba14ee65b91f3b16,567993015,6,25,150,2023-12-27
SYN-ba14ee65b91f3b16,567993017,6,25,150,2023-12-27
SYN-ba14ee65b91f3b16,625321004,6,25,150,2023-12-27
SYN-ba14ee65b91f3b16,634009002,5,25,125,2023-12-27
SYN-ba14ee65b91f3b16,634015003,3,14,42,2023-12-27
SYN-ba14ee65b91f3b16,634015009,2,17,34,2023-12-27
SYN-ba14ee65b91f3b16,655347007,4,17,68,2023-12-27
SYN-ba1f05a2925bd368,176754001,4,3,12,2023-11-21
SYN-ba1f05a2925bd368,334077001,6,22,132,2023-11-21
SYN-ba1f05a2925bd368,625316007,5,17,85,2023-11-21
SYN-ba1f05a2925bd368,625321005,6,25,150,2023-11-21
SYN-ba1f05a2925bd368,625321010,5,25,125,2023-11-21
SYN-ba346958dba276cd,448515019,6,21,126,2023-02-26
SYN-ba346958dba276cd,501820042,2,17,34,2023-02-26
SYN-ba346958dba276cd,562245059,3,20,60,2023-02-26
SYN-ba346958dba276cd,613246004,6,23,138,2023-02-26
SYN-ba346958dba276cd,615141002,3,25,75,2023-02-26
SYN-ba346958dba276cd,663003005,6,34,204,2023-02-26
SYN-ba346958dba276cd,683662006,2,14,28,2023-02-26
SYN-ba49c2c3f7495df8,645065015,3,34,102,2023-10-04
SYN-ba58cba9d88e6155,685635001,4,85,340,2023-12-07
SYN-ba59eeba5d79429d,625939021,3,9,27,2023-09-21
SYN-ba5b1cece4dbbc28,519583008,3,34,102,2023-06-23
SYN-ba5b1cece4dbbc28,519583028,3,34,102,2023-06-23
SYN-ba5b1cece4dbbc28,568601016,3,51,153,2023-06-23
SYN-ba5b1cece4dbbc28,637912001,3,31,93,2023-06-23
SYN-ba5b1cece4dbbc28,657014001,4,22,88,2023-06-23
SYN-ba6165762ad8c9ba,568597009,6,27,162,2023-08-27
SYN-ba6165762ad8c9ba,589924009,3,25,75,2023-08-27
SYN-ba6165762ad8c9ba,591334001,3,17,51,2023-08-27
SYN-ba6165762ad8c9ba,591334019,6,17,102,2023-08-27
SYN-ba6165762ad8c9ba,602985003,2,36,72,2023-08-27
SYN-ba6165762ad8c9ba,640677002,6,25,150,2023-08-27
SYN-ba6165762ad8c9ba,654772003,2,34,68,2023-08-27
SYN-ba6165762ad8c9ba,685284003,3,42,126,2023-08-27
SYN-ba6165762ad8c9ba,695584001,6,14,84,2023-08-27
SYN-ba7fa07db0ccdde2,333323015,4,6,24,2023-07-03
SYN-ba7fa07db0ccdde2,333323018,2,6,12,2023-07-03
SYN-ba7fa07db0ccdde2,333323038,4,6,24,2023-07-03
SYN-ba7fa07db0ccdde2,347975001,6,10,60,2023-07-03
SYN-ba7fa07db0ccdde2,400456001,2,14,28,2023-07-03
SYN-ba7fa07db0ccdde2,404864032,4,9,36,2023-07-03
SYN-ba7fa07db0ccdde2,522952016,3,8,24,2023-07-03
SYN-ba7fa07db0ccdde2,618839001,5,17,85,2023-07-03
SYN-ba7fa07db0ccdde2,618840001,3,17,51,2023-07-03
SYN-ba7fa07db0ccdde2,618840003,2,17,34,2023-07-03
SYN-ba7fa07db0ccdde2,618840005,4,17,68,2023-07-03
SYN-ba7fa07db0ccdde2,618841002,3,17,51,2023-07-03
SYN-ba7fa07db0ccdde2,620337033,5,12,60,2023-07-03
SYN-ba7fa07db0ccdde2,620337050,6,12,72,2023-07-03
SYN-ba7fa07db0ccdde2,633785003,6,9,54,2023-07-03
SYN-ba7fa07db0ccdde2,637526001,3,17,51,2023-07-03
SYN-ba7fa07db0ccdde2,642882004,3,17,51,2023-07-03
SYN-ba7fa07db0ccdde2,645629001,5,17,85,2023-07-03
SYN-ba7fa07db0ccdde2,649010007,3,17,51,2023-07-03
SYN-ba7fa07db0ccdde2,660994002,2,22,44,2023-07-03
SYN-ba7fbc31274a5ec5,521302008,2,15,30,2023-03-21
SYN-ba7fbc31274a5ec5,581086002,5,14,70,2023-03-21
SYN-ba7fbc31274a5ec5,589924004,3,14,42,2023-03-21
SYN-ba7fbc31274a5ec5,611364001,2,24,48,2023-03-21
SYN-ba7fbc31274a5ec5,615367008,3,25,75,2023-03-21
SYN-ba7fbc31274a5ec5,620951002,4,31,124,2023-03-21
SYN-ba7fbc31274a5ec5,642105001,5,17,85,2023-03-21
SYN-ba7fbc31274a5ec5,642960002,2,20,40,2023-03-21
SYN-ba7fbc31274a5ec5,714421001,2,34,68,2023-03-21
SYN-ba8a930faa96cdce,189634001,6,14,84,2023-05-17
SYN-ba8a930faa96cdce,541270003,3,42,126,2023-05-17
SYN-ba94c11f46d3626c,684435001,3,22,66,2023-06-07
SYN-ba9cc9098e55457c,373506001,4,14,56,2023-07-12
SYN-ba9cc9098e55457c,373506004,4,14,56,2023-07-12
SYN-ba9cc9098e55457c,635280002,5,34,170,2023-07-12
SYN-ba9cc9098e55457c,674079004,4,25,100,2023-07-12
SYN-babb8daad3d0154c,619739008,4,22,88,2023-01-27
SYN-babb8daad3d0154c,647182001,4,10,40,2023-01-27
SYN-babe324beab1ff16,645667001,2,59,118,2023-05-09
SYN-babe324beab1ff16,654284004,4,34,136,2023-05-09
SYN-bac5c88daf307626,640244003,3,34,102,2023-12-27
SYN-bac5c88daf307626,673349002,4,47,188,2023-12-27
SYN-baca2e13e3154cfa,228257001,3,9,27,2023-02-01
SYN-baca2e13e3154cfa,562245057,2,31,62,2023-02-01
SYN-baca2e13e3154cfa,619236001,5,54,270,2023-02-01
SYN-bad80a7bcf3f38e5,548603022,6,17,102,2023-03-04
SYN-bad80a7bcf3f38e5,617903003,6,22,132,2023-03-04
SYN-bad80a7bcf3f38e5,617903013,3,22,66,2023-03-04
SYN-bae2df795346cb6f,504113014,5,7,35,2023-09-28
SYN-bae2df795346cb6f,611216003,2,12,24,2023-09-28
SYN-baf743c47ca485cd,661162002,3,34,102,2023-08-15
SYN-baf743c47ca485cd,661162003,5,34,170,2023-08-15
SYN-baf743c47ca485cd,673677002,3,17,51,2023-08-15
SYN-baf743c47ca485cd,673677003,6,17,102,2023-08-15
SYN-bb0e62a2b5620bb9,243613004,4,21,84,2023-02-27
SYN-bb0e62a2b5620bb9,562252031,5,24,120,2023-02-27
SYN-bb0e62a2b5620bb9,608458001,6,16,96,2023-02-27
SYN-bb0e62a2b5620bb9,611024001,4,16,64,2023-02-27
SYN-bb0e62a2b5620bb9,651692001,3,57,171,2023-02-27
SYN-bb0e62a2b5620bb9,676166008,2,16,32,2023-02-27
SYN-bb0e62a2b5620bb9,684033003,3,29,87,2023-02-27
SYN-bb398b55244aa281,517462001,2,19,38,2023-11-07
SYN-bb5834861caaf651,544181002,2,23,46,2023-09-29
SYN-bb5834861caaf651,622981004,4,31,124,2023-09-29
SYN-bb5834861caaf651,630542001,4,46,184,2023-09-29
SYN-bb5834861caaf651,675120001,2,15,30,2023-09-29
SYN-bb6aada8229b8353,619138002,3,24,72,2023-02-17
SYN-bb6e28127c10f093,562252001,5,22,110,2023-04-08
SYN-bb771d40da0d47e8,651336002,3,31,93,2023-03-02
SYN-bb771d40da0d47e8,663942008,5,31,155,2023-03-02
SYN-bb7906bfa9418c7b,651456003,4,17,68,2023-09-19
SYN-bb7f3cae855e8c0d,211143022,3,20,60,2023-02-25
SYN-bb7f3cae855e8c0d,484398071,3,20,60,2023-02-25
SYN-bb7f3cae855e8c0d,500780008,6,29,174,2023-02-25
SYN-bb7f3cae855e8c0d,555102002,2,25,50,2023-02-25
SYN-bb7f3cae855e8c0d,555102005,2,25,50,2023-02-25
SYN-bb7f3cae855e8c0d,561500002,2,15,30,2023-02-25
SYN-bb7f3cae855e8c0d,572399007,4,22,88,2023-02-25
SYN-bb7f3cae855e8c0d,573452002,2,17,34,2023-02-25
SYN-bb7f3cae855e8c0d,597918001,2,17,34,2023-02-25
SYN-bb85fb19683f4dba,573085004,5,34,170,2023-04-28
SYN-bbb26995650e23e9,652946001,4,51,204,2023-12-11
SYN-bbb26995650e23e9,668766002,6,42,252,2023-12-11
SYN-bbb26995650e23e9,691275008,6,68,408,2023-12-11
SYN-bbbd6b47eb1b7d9d,564787001,5,12,60,2023-08-01
SYN-bbbd6b47eb1b7d9d,709688001,4,9,36,2023-08-01
SYN-bbde448fdcc1ef64,625768001,6,36,216,2023-02-23
SYN-bbe54a091bb11cf3,673638002,2,17,34,2023-05-02
SYN-bbe54a091bb11cf3,673638005,5,17,85,2023-05-02
SYN-bbf53f88ecd0af41,607367012,5,42,210,2023-01-08
SYN-bbf53f88ecd0af41,669361001,5,42,210,2023-01-08
SYN-bbf53f88ecd0af41,672899001,2,59,118,2023-01-08
SYN-bc0b876f5c1a694b,522918035,5,25,125,2023-02-05
SYN-bc0b876f5c1a694b,587096004,5,36,180,2023-02-05
SYN-bc0b876f5c1a694b,615141003,2,25,50,2023-02-05
SYN-bc0b876f5c1a694b,632143001,5,34,170,2023-02-05
SYN-bc0b876f5c1a694b,640244002,2,34,68,2023-02-05
SYN-bc0b876f5c1a694b,648719001,2,25,50,2023-02-05
SYN-bc0b876f5c1a694b,664405002,3,14,42,2023-02-05
SYN-bc0b876f5c1a694b,676352001,4,25,100,2023-02-05
SYN-bc0b876f5c1a694b,685687004,6,17,102,2023-02-05
SYN-bc0b876f5c1a694b,699569001,5,25,125,2023-02-05
SYN-bc1152111352ef5c,626328001,6,17,102,2023-02-08
SYN-bc1152111352ef5c,713993001,4,14,56,2023-02-08
SYN-bc134098f46dd7ce,471714028,3,5,15,2023-07-18
SYN-bc134098f46dd7ce,566941012,6,7,42,2023-07-18
SYN-bc134098f46dd7ce,632737001,2,7,14,2023-07-18
SYN-bc3ac5c883c3c7e9,549914003,2,12,24,2023-07-04
SYN-bc3ac5c883c3c7e9,617900007,2,14,28,2023-07-04
SYN-bc449547721ffd76,598806011,2,17,34,2023-04-29
SYN-bc449547721ffd76,610185002,2,9,18,2023-04-29
SYN-bc449547721ffd76,640174001,4,42,168,2023-04-29
SYN-bc449547721ffd76,656015001,3,12,36,2023-04-29
SYN-bc449547721ffd76,683662002,2,14,28,2023-04-29
SYN-bc4578469ac9c8ec,581777008,3,51,153,2023-10-23
SYN-bc4578469ac9c8ec,617735004,3,17,51,2023-10-23
SYN-bc4578469ac9c8ec,617835005,2,17,34,2023-10-23
SYN-bc4578469ac9c8ec,666254001,6,51,306,2023-10-23
SYN-bc4578469ac9c8ec,670316001,3,14,42,2023-10-23
SYN-bc4578469ac9c8ec,678239002,6,25,150,2023-10-23
SYN-bc57866cdcc200c1,383152003,6,20,120,2023-01-18
SYN-bc57866cdcc200c1,568597008,2,15,30,2023-01-18
SYN-bc57866cdcc200c1,594633002,5,17,85,2023-01-18
SYN-bc57866cdcc200c1,603401003,4,10,40,2023-01-18
SYN-bc665a3b3856ed98,562245039,6,25,150,2023-06-24
SYN-bc710d0ec1136e5d,591334017,5,17,85,2023-02-21
SYN-bc7cacaa9f9e303f,563519001,5,25,125,2023-03-13
SYN-bc829144fa769403,429313013,3,31,93,2023-10-02
SYN-bc829144fa769403,651206001,4,40,160,2023-10-02
SYN-bc829144fa769403,654046001,4,31,124,2023-10-02
SYN-bc835804c9dc7783,543729003,3,51,153,2023-07-23
SYN-bca2eafdc2cab778,463970040,5,22,110,2023-11-07
SYN-bca2eafdc2cab778,573716039,4,24,96,2023-11-07
SYN-bca2eafdc2cab778,595779002,5,24,120,2023-11-07
SYN-bcba12c7ecefc853,555347001,6,43,258,2023-06-23
SYN-bcbaa7f4fc61cfcb,675359002,2,42,84,2023-04-13
SYN-bcbbf7d21d8b4e77,688873014,2,34,68,2023-04-25
SYN-bcc14d33732aabe0,678933002,5,42,210,2023-11-26
SYN-bcd40d63875d9f63,399136054,6,85,510,2023-12-10
SYN-bcd40d63875d9f63,554772002,4,9,36,2023-12-10
SYN-bcd40d63875d9f63,554772003,6,9,54,2023-12-10
SYN-bcd40d63875d9f63,554772015,2,9,18,2023-12-10
SYN-bcd40d63875d9f63,554772026,2,9,18,2023-12-10
SYN-bcd6c9e322145b71,601102001,2,22,44,2023-07-14
SYN-bce9841c82972fbc,160442007,2,14,28,2023-04-16
SYN-bce9841c82972fbc,160442010,5,14,70,2023-04-16
SYN-bce9841c82972fbc,529012025,3,10,30,2023-04-16
SYN-bce9841c82972fbc,625321003,2,25,50,2023-04-16
SYN-bce9841c82972fbc,625321004,2,25,50,2023-04-16
SYN-bce9841c82972fbc,628788008,3,25,75,2023-04-16
SYN-bd237b7d47e974ed,594264003,3,14,42,2023-08-29
SYN-bd250aa7807f3fdc,591334002,3,7,21,2023-07-26
SYN-bd250aa7807f3fdc,591334003,5,17,85,2023-07-26
SYN-bd37fd9398bc250f,637515011,5,34,170,2023-11-12
SYN-bd3fffefb9bbee72,554546019,4,31,124,2023-03-27
SYN-bd3fffefb9bbee72,649356001,2,27,54,2023-03-27
SYN-bd3fffefb9bbee72,660994002,5,20,100,2023-03-27
SYN-bd3fffefb9bbee72,687534002,3,15,45,2023-03-27
SYN-bd4adbaab02208da,561570001,4,34,136,2023-04-16
SYN-bd4adbaab02208da,677172003,3,34,102,2023-04-16
SYN-bd4adbaab02208da,680374003,2,34,68,2023-04-16
SYN-bd4f9186072da7a3,615141002,6,25,150,2023-06-13
SYN-bd504ec6b2dc2aff,646429001,4,48,192,2023-02-28
SYN-bd504ec6b2dc2aff,676352001,6,25,150,2023-02-28
SYN-bd504ec6b2dc2aff,683662006,3,14,42,2023-02-28
SYN-bd546c0659146a90,552370002,4,17,68,2023-04-16
SYN-bd546c0659146a90,577006002,4,14,56,2023-04-16
SYN-bd5813decab14b40,584631020,4,15,60,2023-08-12
SYN-bd5813decab14b40,633133001,2,6,12,2023-08-12
SYN-bd684627cd8a49eb,673638002,5,17,85,2023-03-30
SYN-bd689636fcbb536e,637255010,4,25,100,2023-05-15
SYN-bd689636fcbb536e,637283001,5,59,295,2023-05-15
SYN-bd689636fcbb536e,687424003,2,51,102,2023-05-15
SYN-bd6f8b2a5f1e21b2,554704004,6,51,306,2023-01-14
SYN-bd6f8b2a5f1e21b2,574112001,6,25,150,2023-01-14
SYN-bd6f8b2a5f1e21b2,574112005,6,25,150,2023-01-14
SYN-bd7068ffa16d16d1,399201020,4,85,340,2023-02-13
SYN-bd76d22185a1727a,524825013,5,42,210,2023-08-27
SYN-bd8bcca6ca74d6e1,574681002,3,72,216,2023-02-12
SYN-bd8bcca6ca74d6e1,585929001,4,25,100,2023-02-12
SYN-bd8bcca6ca74d6e1,617660001,4,29,116,2023-02-12
SYN-bd8bcca6ca74d6e1,632982013,5,9,45,2023-02-12
SYN-bd8bcca6ca74d6e1,639985002,2,29,58,2023-02-12
SYN-bd8fc9418faf719c,564787001,5,12,60,2023-12-15
SYN-bd8fc9418faf719c,568065001,4,14,56,2023-12-15
SYN-bd8fc9418faf719c,634009004,6,25,150,2023-12-15
SYN-bd8fc9418faf719c,658183001,6,31,186,2023-12-15
SYN-bd8fc9418faf719c,675864002,5,34,170,2023-12-15
SYN-bd94ea66ea25fb33,565379001,3,9,27,2023-03-09
SYN-bda50ea2cc991ce0,189626001,2,17,34,2023-06-06
SYN-bda50ea2cc991ce0,325087002,4,25,100,2023-06-06
SYN-bda50ea2cc991ce0,543729003,5,51,255,2023-06-06
SYN-bda50ea2cc991ce0,626813009,3,25,75,2023-06-06
SYN-bda50ea2cc991ce0,649437001,4,34,136,2023-06-06
SYN-bdac3ba1308adb36,399061011,5,53,265,2023-03-30
SYN-bdac3ba1308adb36,568601012,4,46,184,2023-03-30
SYN-bdc1bcaa07d88e58,495573006,3,25,75,2023-08-09
SYN-bdc1bcaa07d88e58,580041001,4,25,100,2023-08-09
SYN-bdc1bcaa07d88e58,611415001,6,17,102,2023-08-09
SYN-bdc1bcaa07d88e58,611415005,4,17,68,2023-08-09
SYN-bdc1bcaa07d88e58,619081001,4,34,136,2023-08-09
SYN-bdc1bcaa07d88e58,661794002,6,153,918,2023-08-09
SYN-bdc1bcaa07d88e58,680782001,4,136,544,2023-08-09
SYN-bdd09b6400594752,639192006,6,68,408,2023-05-22
SYN-bdd4db9f642e45fc,636938005,6,34,204,2023-01-03
SYN-bdd8769fc497306e,405887028,2,14,28,2023-11-21
SYN-bdd8769fc497306e,513257012,6,14,84,2023-11-21
SYN-bdd8769fc497306e,526158005,2,25,50,2023-11-21
SYN-bdd8769fc497306e,618389001,2,22,44,2023-11-21
SYN-bdd97df927a95dbb,262277009,6,51,306,2023-05-31
SYN-bdd97df927a95dbb,469562006,3,68,204,2023-05-31
SYN-bdd97df927a95dbb,469562021,5,68,340,2023-05-31
SYN-bdd97df927a95dbb,679725001,2,51,102,2023-05-31
SYN-bde67bf44365ffbb,556379003,4,27,108,2023-07-06
SYN-bde67bf44365ffbb,579695005,6,22,132,2023-07-06
SYN-bde67bf44365ffbb,591333005,3,10,30,2023-07-06
SYN-bde67bf44365ffbb,611032001,5,12,60,2023-07-06
SYN-bde67bf44365ffbb,622228002,5,20,100,2023-07-06
SYN-bde67bf44365ffbb,633109002,3,17,51,2023-07-06
SYN-bdf6b223559e0a4c,189616007,5,14,70,2023-06-08
SYN-bdf6b223559e0a4c,189616008,3,14,42,2023-06-08
SYN-bdf6b223559e0a4c,568137002,5,14,70,2023-06-08
SYN-bdf6b223559e0a4c,661435002,6,68,408,2023-06-08
SYN-bdf6b223559e0a4c,669893001,5,27,135,2023-06-08
SYN-bdf6b223559e0a4c,678086001,4,20,80,2023-06-08
SYN-bdf6b223559e0a4c,696545002,3,54,162,2023-06-08
SYN-bdfdbd9b96233cc6,516951001,5,22,110,2023-11-15
SYN-bdfdbd9b96233cc6,573085005,4,22,88,2023-11-15
SYN-bdfdbd9b96233cc6,661162001,4,34,136,2023-11-15
SYN-be06ff122cc9c6ee,625818004,6,34,204,2023-04-15
SYN-be18d8177a11fb35,523642007,6,53,318,2023-05-16
SYN-be18d8177a11fb35,649397002,6,42,252,2023-05-16
SYN-be18d8177a11fb35,652322001,5,59,295,2023-05-16
SYN-be18d8177a11fb35,663942001,5,34,170,2023-05-16
SYN-be1ea9d618ea79a8,683662002,2,13,26,2023-02-08
SYN-be2801e7806e25ba,537346026,3,42,126,2023-12-26
SYN-be2801e7806e25ba,594834001,5,12,60,2023-12-26
SYN-be2801e7806e25ba,639835001,5,85,425,2023-12-26
SYN-be2801e7806e25ba,655710007,2,51,102,2023-12-26
SYN-be2801e7806e25ba,660712007,5,42,210,2023-12-26
SYN-be2801e7806e25ba,662857002,6,42,252,2023-12-26
SYN-be2801e7806e25ba,664665004,6,34,204,2023-12-26
SYN-be2801e7806e25ba,671505002,2,34,68,2023-12-26
SYN-be2801e7806e25ba,676698001,5,42,210,2023-12-26
SYN-be2801e7806e25ba,676954001,6,51,306,2023-12-26
SYN-be2801e7806e25ba,683662002,3,14,42,2023-12-26
SYN-be2801e7806e25ba,683662006,3,14,42,2023-12-26
SYN-be2801e7806e25ba,685687001,2,17,34,2023-12-26
SYN-be2801e7806e25ba,692216003,5,42,210,2023-12-26
SYN-be2801e7806e25ba,692216005,5,42,210,2023-12-26
SYN-be2801e7806e25ba,717341001,6,68,408,2023-12-26
SYN-be2a41bed39221df,673638003,2,14,28,2023-01-01
SYN-be2a41bed39221df,685687004,6,16,96,2023-01-01
SYN-be3293cd58635df0,413029008,6,16,96,2023-12-08
SYN-be3293cd58635df0,621381002,4,16,64,2023-12-08
SYN-be3293cd58635df0,621381008,6,15,90,2023-12-08
SYN-be3b71132fdc6b5a,468480031,4,10,40,2023-10-14
SYN-be3ce5f21d523554,554772015,5,9,45,2023-05-20
SYN-be3ce5f21d523554,554772031,5,9,45,2023-05-20
SYN-be3ce5f21d523554,561445005,3,9,27,2023-05-20
SYN-be3ce5f21d523554,573284061,3,10,30,2023-05-20
SYN-be4bb436709e8fff,400285006,4,44,176,2023-06-27
SYN-be4bb436709e8fff,400285009,2,42,84,2023-06-27
SYN-be4bb436709e8fff,599489003,5,29,145,2023-06-27
SYN-be4bb436709e8fff,612455006,2,51,102,2023-06-27
SYN-be4bb436709e8fff,616598005,6,51,306,2023-06-27
SYN-be4bb436709e8fff,636207001,4,34,136,2023-06-27
SYN-be4bb436709e8fff,637858001,4,68,272,2023-06-27
SYN-be4bb436709e8fff,662553003,4,51,204,2023-06-27
SYN-be4bb436709e8fff,662696003,2,68,136,2023-06-27
SYN-be4bb436709e8fff,662696005,5,68,340,2023-06-27
SYN-be4bb436709e8fff,670123002,3,68,204,2023-06-27
SYN-be530d999bb21278,237222001,5,16,80,2023-05-07
SYN-be530d999bb21278,569562005,6,39,234,2023-05-07
SYN-be530d999bb21278,595779008,2,24,48,2023-05-07
SYN-be530d999bb21278,615141002,2,23,46,2023-05-07
SYN-be59ef8bc8ee847a,351933038,3,19,57,2023-08-15
SYN-be59ef8bc8ee847a,470789003,2,17,34,2023-08-15
SYN-be6c455d89b256cc,671505001,3,29,87,2023-09-27
SYN-be6c455d89b256cc,671515003,2,25,50,2023-09-27
SYN-be6c455d89b256cc,714424001,6,36,216,2023-09-27
SYN-be6fa8d2db7ae690,538142004,5,20,100,2023-03-15
SYN-be6fa8d2db7ae690,566140001,2,5,10,2023-03-15
SYN-be6fa8d2db7ae690,572124001,4,33,132,2023-03-15
SYN-be6fa8d2db7ae690,609719001,6,7,42,2023-03-15
SYN-be6fa8d2db7ae690,612481007,2,16,32,2023-03-15
SYN-be6fa8d2db7ae690,623632001,5,23,115,2023-03-15
SYN-be6fa8d2db7ae690,644464002,3,10,30,2023-03-15
SYN-be72036c192d8c6d,573085001,6,24,144,2023-06-01
SYN-be72036c192d8c6d,573716039,3,25,75,2023-06-01
SYN-be72036c192d8c6d,680374003,5,34,170,2023-06-01
SYN-be7ad882a74eda83,569244002,4,15,60,2023-09-10
SYN-be7ad882a74eda83,622958003,4,36,144,2023-09-10
SYN-be8a100550280bc5,649437002,3,34,102,2023-09-01
SYN-be8a100550280bc5,683662005,2,14,28,2023-09-01
SYN-be8c50efc76df991,628633002,2,25,50,2023-07-15
SYN-be8c50efc76df991,634979001,3,22,66,2023-07-15
SYN-be8c50efc76df991,660519002,4,31,124,2023-07-15
SYN-be8c50efc76df991,665509002,5,42,210,2023-07-15
SYN-be8c50efc76df991,691911001,2,34,68,2023-07-15
SYN-be911a8fce8cd911,532578001,5,19,95,2023-04-23
SYN-bea33aed9a82abb4,463970040,2,22,44,2023-06-17
SYN-bea33aed9a82abb4,663695002,2,14,28,2023-06-17
SYN-bea33aed9a82abb4,684087001,4,25,100,2023-06-17
SYN-bead451f5443aeb4,544895002,4,17,68,2023-06-13
SYN-bead451f5443aeb4,639976005,2,85,170,2023-06-13
SYN-bead451f5443aeb4,654100005,5,17,85,2023-06-13
SYN-bead451f5443aeb4,666006006,3,113,339,2023-06-13
SYN-beb10d3c13bf4ef5,448515031,3,38,114,2023-11-12
SYN-beb10d3c13bf4ef5,487827007,3,40,120,2023-11-12
SYN-beb10d3c13bf4ef5,519583008,5,31,155,2023-11-12
SYN-beb10d3c13bf4ef5,572124003,2,61,122,2023-11-12
SYN-beb10d3c13bf4ef5,573085004,2,31,62,2023-11-12
SYN-beb10d3c13bf4ef5,573085005,5,20,100,2023-11-12
SYN-beb10d3c13bf4ef5,573085010,2,31,62,2023-11-12
SYN-beb10d3c13bf4ef5,573716039,6,25,150,2023-11-12
SYN-beb10d3c13bf4ef5,677999001,2,61,122,2023-11-12
SYN-beb10d3c13bf4ef5,682848002,3,46,138,2023-11-12
SYN-beb10d3c13bf4ef5,682848003,6,46,276,2023-11-12
SYN-beb10d3c13bf4ef5,693584002,3,51,153,2023-11-12
SYN-beb9318482397a4f,309864010,4,17,68,2023-07-15
SYN-beb9318482397a4f,638358002,2,7,14,2023-07-15
SYN-beba9a80d0e94f69,562820006,5,9,45,2023-09-01
SYN-beba9a80d0e94f69,568137004,3,5,15,2023-09-01
SYN-bec57de2a0224e82,255396006,6,68,408,2023-02-12
SYN-bec57de2a0224e82,516712001,6,22,132,2023-02-12
SYN-bec57de2a0224e82,594834010,3,42,126,2023-02-12
SYN-bed1adab86105f7c,573716040,2,25,50,2023-05-25
SYN-bee2257ef3741ec2,386681012,4,17,68,2023-04-24
SYN-bee2257ef3741ec2,637255001,6,25,150,2023-04-24
SYN-bee95a1ce15e48f6,621522022,2,17,34,2023-06-03
SYN-beec485903eac6ed,580768001,3,38,114,2023-07-29
SYN-bef09c7c2c6365c9,675139003,5,17,85,2023-04-29
SYN-befa1dd2d8e3f902,665532003,3,92,276,2023-05-11
SYN-befaefd8483d92c4,546406001,4,34,136,2023-10-01
SYN-befaefd8483d92c4,568597019,5,42,210,2023-10-01
SYN-befaefd8483d92c4,688873011,2,34,68,2023-10-01
SYN-bf11fdd8deb14c7e,628564001,3,17,51,2023-08-17
SYN-bf11fdd8deb14c7e,663383001,2,34,68,2023-08-17
SYN-bf1228bede77317d,665975001,4,25,100,2023-03-02
SYN-bf2078861885d6d3,640124001,4,25,100,2023-02-15
SYN-bf21dd5d0089caf5,657476005,5,17,85,2023-12-07
SYN-bf21dd5d0089caf5,657497002,3,25,75,2023-12-07
SYN-bf2fdec24af77def,181448102,2,7,14,2023-04-18
SYN-bf2fdec24af77def,504154015,5,15,75,2023-04-18
SYN-bf2fdec24af77def,517462001,3,19,57,2023-04-18
SYN-bf2fdec24af77def,538142004,5,25,125,2023-04-18
SYN-bf2fdec24af77def,538142006,2,20,40,2023-04-18
SYN-bf2fdec24af77def,538142008,6,20,120,2023-04-18
SYN-bf2fdec24af77def,573085005,5,22,110,2023-04-18
SYN-bf2fdec24af77def,632651002,2,20,40,2023-04-18
SYN-bf2fdec24af77def,660830002,2,34,68,2023-04-18
SYN-bf3a5d9dad504fb2,673900001,5,34,170,2023-06-08
SYN-bf3a5d9dad504fb2,685687002,6,17,102,2023-06-08
SYN-bf3a5d9dad504fb2,685687004,5,17,85,2023-06-08
SYN-bf410940898417c7,529008026,2,25,50,2023-11-09
SYN-bf410940898417c7,611415005,5,17,85,2023-11-09
SYN-bf79e1c2ca0a7f1a,655710006,3,51,153,2023-09-13
SYN-bf79e1c2ca0a7f1a,662075001,6,68,408,2023-09-13
SYN-bf8aab1f3155e5d3,615141002,6,25,150,2023-10-25
SYN-bf8aab1f3155e5d3,683662005,5,14,70,2023-10-25
SYN-bf8b2326d46c276d,211143037,6,34,204,2023-03-22
SYN-bf8b2326d46c276d,708021002,3,17,51,2023-03-22
SYN-bf9e54c754f29ced,644522001,5,59,295,2023-10-11
SYN-bf9e54c754f29ced,646429003,6,51,306,2023-10-11
SYN-bf9e54c754f29ced,664746001,3,5,15,2023-10-11
SYN-bf9f3f0afb99f249,677848003,2,9,18,2023-06-27
SYN-bfb08ed186e94fca,545258004,3,36,108,2023-06-05
SYN-bfb08ed186e94fca,556438001,4,34,136,2023-06-05
SYN-bfb744ee07c1cf97,561797001,2,17,34,2023-12-21
SYN-bfb744ee07c1cf97,678552001,5,40,200,2023-12-21
SYN-bfbee45f785c684f,625939013,2,9,18,2023-01-30
SYN-bfbee45f785c684f,665095003,6,25,150,2023-01-30
SYN-bfc1412cfd4e5a1d,447596001,3,7,21,2023-01-15
SYN-bfc1412cfd4e5a1d,522918006,5,17,85,2023-01-15
SYN-bfc1412cfd4e5a1d,555364003,3,24,72,2023-01-15
SYN-bfce82013a3908ff,573716010,3,25,75,2023-10-22
SYN-bfd1bfaee483fae9,635561003,6,17,102,2023-06-18
SYN-bfd1bfaee483fae9,652671001,5,31,155,2023-06-18
SYN-bfd4912923760452,555326010,5,42,210,2023-01-25
SYN-bfd4912923760452,555351005,3,24,72,2023-01-25
SYN-bfd4912923760452,555351006,5,42,210,2023-01-25
SYN-bfd4912923760452,624959009,4,25,100,2023-01-25
SYN-bfd4912923760452,667161002,4,34,136,2023-01-25
SYN-bfd4912923760452,683662008,3,14,42,2023-01-25
SYN-bfd4912923760452,686265003,6,17,102,2023-01-25
SYN-bfed8f46dde905b6,549852004,3,14,42,2023-06-29
SYN-bfed8f46dde905b6,551566002,2,22,44,2023-06-29
SYN-bfed8f46dde905b6,637515010,4,34,136,2023-06-29
SYN-bff984b604c8ff02,662553001,2,46,92,2023-05-31
SYN-bffd88921c862a95,110065002,3,25,75,2023-04-26
SYN-bffd88921c862a95,562245046,5,34,170,2023-04-26
SYN-bffd88921c862a95,625939002,5,9,45,2023-04-26
SYN-bffd88921c862a95,671057001,4,9,36,2023-04-26
SYN-c00d0ae2ffb714c5,592180001,5,24,120,2023-08-18
SYN-c00d0ae2ffb714c5,602722002,4,22,88,2023-08-18
SYN-c00d0ae2ffb714c5,631492002,2,17,34,2023-08-18
SYN-c00d0ae2ffb714c5,651273001,2,22,44,2023-08-18
SYN-c00d0ae2ffb714c5,679494004,4,17,68,2023-08-18
SYN-c00d0ae2ffb714c5,690904001,2,34,68,2023-08-18
SYN-c01ffbbf3707ebb8,522398023,6,7,42,2023-06-03
SYN-c01ffbbf3707ebb8,565379021,4,5,20,2023-06-03
SYN-c0382cc6079bb204,666006006,6,119,714,2023-11-08
SYN-c03a43487c12ea01,464297007,3,17,51,2023-01-04
SYN-c03a43487c12ea01,603145003,4,17,68,2023-01-04
SYN-c05dd03523dd6703,181448022,3,12,36,2023-09-03
SYN-c05dd03523dd6703,299768001,5,3,15,2023-09-03
SYN-c05dd03523dd6703,321591012,4,14,56,2023-09-03
SYN-c05dd03523dd6703,451720011,4,7,28,2023-09-03
SYN-c05dd03523dd6703,554450001,6,34,204,2023-09-03
SYN-c05dd03523dd6703,562245006,2,34,68,2023-09-03
SYN-c05dd03523dd6703,599773002,4,12,48,2023-09-03
SYN-c05dd03523dd6703,599773010,6,9,54,2023-09-03
SYN-c05f4a47cd24a98f,501820042,5,17,85,2023-03-22
SYN-c05f4a47cd24a98f,501820043,2,17,34,2023-03-22
SYN-c05f4a47cd24a98f,501820045,3,17,51,2023-03-22
SYN-c05f4a47cd24a98f,591334014,4,17,68,2023-03-22
SYN-c05f4a47cd24a98f,591334017,5,17,85,2023-03-22
SYN-c066b719e94f8a43,660369005,2,34,68,2023-02-18
SYN-c0707d2d809bb301,705187001,6,34,204,2023-09-05
SYN-c07df62330d6398b,515949002,3,17,51,2023-10-23
SYN-c08477cb511b653c,581162001,5,15,75,2023-07-21
SYN-c08477cb511b653c,647794001,5,12,60,2023-07-21
SYN-c085b6cfff6de655,610776001,6,9,54,2023-01-24
SYN-c08c37f06835e2f9,573716039,4,23,92,2023-03-15
SYN-c0a006b9b953a8ed,315509020,5,15,75,2023-08-23
SYN-c0a006b9b953a8ed,669034005,2,68,136,2023-08-23
SYN-c0a006b9b953a8ed,684080003,5,102,510,2023-08-23
SYN-c0a006b9b953a8ed,699810001,2,17,34,2023-08-23
SYN-c0ac5d5c0ca3f7d5,662868001,4,34,136,2023-08-19
SYN-c0aca000f74671ed,509091011,2,17,34,2023-12-18
SYN-c0b7299d4d0bb030,651334005,5,32,160,2023-02-25
SYN-c0b7299d4d0bb030,651348005,2,17,34,2023-02-25
SYN-c0b7299d4d0bb030,669882004,4,25,100,2023-02-25
SYN-c0b7299d4d0bb030,674014002,2,31,62,2023-02-25
SYN-c0b7299d4d0bb030,710390001,3,25,75,2023-02-25
SYN-c0b872214b855215,502645001,6,9,54,2023-12-25
SYN-c0b872214b855215,589222001,4,21,84,2023-12-25
SYN-c0b872214b855215,636106001,5,19,95,2023-12-25
SYN-c0b872214b855215,636323001,5,15,75,2023-12-25
SYN-c0bd7990dcc780bf,570781006,3,17,51,2023-08-10
SYN-c0bd7990dcc780bf,570781008,5,17,85,2023-08-10
SYN-c0bd7990dcc780bf,607834005,6,25,150,2023-08-10
SYN-c0bd7990dcc780bf,608483007,6,25,150,2023-08-10
SYN-c0bd7990dcc780bf,615141002,2,25,50,2023-08-10
SYN-c0bd7990dcc780bf,626346005,3,17,51,2023-08-10
SYN-c0bd7990dcc780bf,672899001,2,59,118,2023-08-10
SYN-c0bd7990dcc780bf,678342007,5,9,45,2023-08-10
SYN-c0c409c375df2140,683662009,2,14,28,2023-04-10
SYN-c0c86ff2fe3e3f84,579541001,6,17,102,2023-07-02
SYN-c0c8916393bacfaa,610321008,2,63,126,2023-01-19
SYN-c0c8916393bacfaa,632523001,2,55,110,2023-01-19
SYN-c0cc8d5f40a21936,507910004,2,25,50,2023-08-20
SYN-c0cc8d5f40a21936,673638001,3,17,51,2023-08-20
SYN-c0e8986b49fa772e,658298001,5,42,210,2023-08-20
SYN-c1109cbdfa9f4ff3,567993040,5,25,125,2023-10-05
SYN-c12a98e23c11c90d,579751005,3,14,42,2023-05-13
SYN-c12a98e23c11c90d,607670002,5,12,60,2023-05-13
SYN-c12a98e23c11c90d,637911005,4,12,48,2023-05-13
SYN-c12a98e23c11c90d,668579001,4,15,60,2023-05-13
SYN-c139cb643bf131d8,651334006,4,42,168,2023-07-22
SYN-c141b900b8abc722,662857005,4,42,168,2023-09-24
SYN-c141b900b8abc722,674047001,3,119,357,2023-09-24
SYN-c148c2b52dbc9dfb,510018004,2,31,62,2023-08-03
SYN-c157842f83d9ac55,630145002,4,51,204,2023-01-09
SYN-c157842f83d9ac55,636351001,5,17,85,2023-01-09
SYN-c15d688a8039249a,667770003,3,34,102,2023-10-08
SYN-c16413b3ecadd6f9,458882003,6,25,150,2023-01-21
SYN-c16413b3ecadd6f9,478944001,3,78,234,2023-01-21
SYN-c16413b3ecadd6f9,495949003,4,36,144,2023-01-21
SYN-c16413b3ecadd6f9,586333001,6,17,102,2023-01-21
SYN-c16413b3ecadd6f9,589764001,4,14,56,2023-01-21
SYN-c16413b3ecadd6f9,599083002,5,25,125,2023-01-21
SYN-c16413b3ecadd6f9,599083009,6,24,144,2023-01-21
SYN-c16413b3ecadd6f9,615149001,2,17,34,2023-01-21
SYN-c16413b3ecadd6f9,617919011,3,24,72,2023-01-21
SYN-c16413b3ecadd6f9,628785002,4,22,88,2023-01-21
SYN-c16413b3ecadd6f9,628813005,3,14,42,2023-01-21
SYN-c16413b3ecadd6f9,638642002,6,10,60,2023-01-21
SYN-c16413b3ecadd6f9,679121002,6,17,102,2023-01-21
SYN-c170a1a4376298d0,569929001,3,61,183,2023-07-02
SYN-c176b0d341ee2c41,662741001,3,25,75,2023-01-08
SYN-c176b0d341ee2c41,701398001,3,25,75,2023-01-08
SYN-c17c0b07fede553e,685687001,6,17,102,2023-04-19
SYN-c17c0b07fede553e,685687003,6,17,102,2023-04-19
SYN-c19a0234150bfd2f,573716039,2,25,50,2023-04-04
SYN-c19a0234150bfd2f,680374001,3,34,102,2023-04-04
SYN-c19a0234150bfd2f,690478001,4,34,136,2023-04-04
SYN-c1a3625833493819,663942001,4,34,136,2023-05-15
SYN-c1a864d3d3248df9,567993016,4,25,100,2023-10-02
SYN-c1a864d3d3248df9,568013001,6,20,120,2023-10-02
SYN-c1a864d3d3248df9,610730021,4,24,96,2023-10-02
SYN-c1a864d3d3248df9,622618004,3,42,126,2023-10-02
SYN-c1a864d3d3248df9,636407001,3,42,126,2023-10-02
SYN-c1b05641f52ad9e6,533329005,3,20,60,2023-06-08
SYN-c1b05641f52ad9e6,533329008,5,20,100,2023-06-08
SYN-c1b05641f52ad9e6,550471019,2,14,28,2023-06-08
SYN-c1b05641f52ad9e6,634971001,4,27,108,2023-06-08
SYN-c1b05641f52ad9e6,639452006,6,9,54,2023-06-08
SYN-c1b05641f52ad9e6,657434001,6,31,186,2023-06-08
SYN-c1b05641f52ad9e6,677848002,5,8,40,2023-06-08
SYN-c1b76a6d548ceb37,661794002,5,153,765,2023-01-09
SYN-c1b76a6d548ceb37,662888001,5,34,170,2023-01-09
SYN-c1b76a6d548ceb37,675359001,6,42,252,2023-01-09
SYN-c1b76a6d548ceb37,685687001,5,17,85,2023-01-09
SYN-c1b76a6d548ceb37,685687004,6,17,102,2023-01-09
SYN-c1bc17188bc8d395,372860001,3,12,36,2023-07-03
SYN-c1bc17188bc8d395,658487003,3,23,69,2023-07-03
SYN-c1bea696f104685e,618160002,2,20,40,2023-04-06
SYN-c1d4fe6ed734421a,657970001,6,68,408,2023-10-26
SYN-c1eea2c794726527,567993016,4,25,100,2023-06-23
SYN-c1eea2c794726527,630116004,3,32,96,2023-06-23
SYN-c1eea2c794726527,630116008,2,34,68,2023-06-23
SYN-c1eea2c794726527,658183001,6,31,186,2023-06-23
SYN-c1f448ba21320c98,568601006,6,50,300,2023-06-10
SYN-c1f7e58d98f165b8,501820001,5,17,85,2023-10-30
SYN-c1f7e58d98f165b8,501820008,4,17,68,2023-10-30
SYN-c1f7e58d98f165b8,585754001,4,25,100,2023-10-30
SYN-c1f7e58d98f165b8,635957001,4,42,168,2023-10-30
SYN-c20a7938d1859ef2,453065002,5,14,70,2023-02-02
SYN-c20a7938d1859ef2,539357004,6,22,132,2023-02-02
SYN-c20a7938d1859ef2,570175001,4,42,168,2023-02-02
SYN-c20a7938d1859ef2,626263001,6,25,150,2023-02-02
SYN-c20a7938d1859ef2,651344001,5,25,125,2023-02-02
SYN-c222e1b488483320,458032003,5,51,255,2023-07-15
SYN-c222e1b488483320,576775001,6,31,186,2023-07-15
SYN-c222e1b488483320,592180001,5,24,120,2023-07-15
SYN-c222e1b488483320,594264003,5,25,125,2023-07-15
SYN-c222e1b488483320,617534007,5,12,60,2023-07-15
SYN-c222e1b488483320,622159001,3,20,60,2023-07-15
SYN-c222e1b488483320,622962001,4,51,204,2023-07-15
SYN-c222e1b488483320,630450002,6,29,174,2023-07-15
SYN-c222e1b488483320,664679001,2,42,84,2023-07-15
SYN-c222e1b488483320,665089001,3,34,102,2023-07-15
SYN-c222e1b488483320,672127001,2,17,34,2023-07-15
SYN-c222e1b488483320,681594001,2,31,62,2023-07-15
SYN-c2320b36d80a41e3,657955001,6,51,306,2023-03-19
SYN-c2549efbecdcf90f,688873018,4,34,136,2023-01-21
SYN-c2557799875f9500,638494001,2,10,20,2023-09-27
SYN-c258fdfc2e7d7999,591548002,3,36,108,2023-01-04
SYN-c25afb913dc23290,577512007,5,51,255,2023-04-06
SYN-c27a994811699f10,626410001,2,5,10,2023-09-20
SYN-c27a994811699f10,647956001,5,15,75,2023-09-20
SYN-c285c3f7895ce69d,399136023,4,42,168,2023-02-03
SYN-c285c3f7895ce69d,448515023,6,20,120,2023-02-03
SYN-c285c3f7895ce69d,458924006,6,10,60,2023-02-03
SYN-c285c3f7895ce69d,568137004,5,5,25,2023-02-03
SYN-c28f4acd971b4ff4,581086001,6,10,60,2023-06-04
SYN-c29f160a7c78a30f,598712001,4,14,56,2023-09-26
SYN-c29f160a7c78a30f,598811010,2,7,14,2023-09-26
SYN-c29f160a7c78a30f,663312001,2,9,18,2023-09-26
SYN-c2a6038dbf5ac472,625321010,5,25,125,2023-10-17
SYN-c2a784550c143510,665410002,2,25,50,2023-03-31
SYN-c2b77a808003dd7b,618839003,4,17,68,2023-09-05
SYN-c2b77a808003dd7b,624120005,6,14,84,2023-09-05
SYN-c2bd6f6abfda61a6,694672001,5,14,70,2023-01-11
SYN-c2c971ea583b443d,430694019,3,25,75,2023-01-18
SYN-c2c971ea583b443d,559630002,6,15,90,2023-01-18
SYN-c2c971ea583b443d,593286001,2,10,20,2023-01-18
SYN-c2d3532c6be00a98,612170001,6,11,66,2023-03-20
SYN-c2d7c9f49ac27c84,685683001,5,25,125,2023-03-22
SYN-c2e49e822c90f4b2,315509020,6,17,102,2023-09-08
SYN-c2e49e822c90f4b2,554598001,6,17,102,2023-09-08
SYN-c2e49e822c90f4b2,576708001,2,3,6,2023-09-08
SYN-c2e49e822c90f4b2,591334003,2,17,34,2023-09-08
SYN-c2e65b79f5f395ed,372860002,4,14,56,2023-11-18
SYN-c2e67643c816c9f6,637266003,3,31,93,2023-03-29
SYN-c2eb31b71e9d940f,504154022,3,42,126,2023-02-19
SYN-c2eb31b71e9d940f,568601006,6,51,306,2023-02-19
SYN-c2eb31b71e9d940f,637515011,5,34,170,2023-02-19
SYN-c2edffc55ace07a4,557248009,2,34,68,2023-02-27
SYN-c2edffc55ace07a4,557248025,6,34,204,2023-02-27
SYN-c2edffc55ace07a4,656388001,3,68,204,2023-02-27
SYN-c2ee8fadb587e921,558986003,3,14,42,2023-04-10
SYN-c2ee8fadb587e921,614429002,3,13,39,2023-04-10
SYN-c2ee8fadb587e921,615141002,3,25,75,2023-04-10
SYN-c2ee8fadb587e921,662084001,3,63,189,2023-04-10
SYN-c2fe5f35eb48c0bd,570781006,3,17,51,2023-01-04
SYN-c2fe5f35eb48c0bd,591334020,3,17,51,2023-01-04
SYN-c2fe5f35eb48c0bd,674014003,4,31,124,2023-01-04
SYN-c2fe5f35eb48c0bd,694153001,3,34,102,2023-01-04
SYN-c2ff29b7263a5044,655784001,3,34,102,2023-12-22
SYN-c302f02bae8089d6,179950001,4,25,100,2023-03-23
SYN-c302f02bae8089d6,400285006,2,44,88,2023-03-23
SYN-c302f02bae8089d6,536385003,4,51,204,2023-03-23
SYN-c302f02bae8089d6,537346024,5,42,210,2023-03-23
SYN-c302f02bae8089d6,637515001,2,34,68,2023-03-23
SYN-c302f02bae8089d6,637661003,3,51,153,2023-03-23
SYN-c302f02bae8089d6,657476001,2,17,34,2023-03-23
SYN-c302f02bae8089d6,662866002,6,42,252,2023-03-23
SYN-c302f02bae8089d6,663003005,4,34,136,2023-03-23
SYN-c302f02bae8089d6,670698003,6,42,252,2023-03-23
SYN-c302f02bae8089d6,671505002,4,34,136,2023-03-23
SYN-c302f02bae8089d6,671505004,3,34,102,2023-03-23
SYN-c302f02bae8089d6,680912005,4,17,68,2023-03-23
SYN-c302f02bae8089d6,685687004,4,17,68,2023-03-23
SYN-c3082951ba740200,464277014,4,22,88,2023-11-02
SYN-c30d51ff862757dc,200182001,3,10,30,2023-06-08
SYN-c30d51ff862757dc,201219001,6,19,114,2023-06-08
SYN-c30d51ff862757dc,297067002,2,13,26,2023-06-08
SYN-c30d51ff862757dc,560393004,4,22,88,2023-06-08
SYN-c30d51ff862757dc,655252002,4,25,100,2023-06-08
SYN-c30d51ff862757dc,660599002,3,34,102,2023-06-08
SYN-c30d51ff862757dc,666617003,2,14,28,2023-06-08
SYN-c30d51ff862757dc,683001001,3,17,51,2023-06-08
SYN-c30d51ff862757dc,685687004,2,17,34,2023-06-08
SYN-c30d51ff862757dc,697506001,5,17,85,2023-06-08
SYN-c317413cbbef65ff,562245042,5,34,170,2023-10-30
SYN-c317413cbbef65ff,589924009,6,25,150,2023-10-30
SYN-c317413cbbef65ff,613551002,4,41,164,2023-10-30
SYN-c317413cbbef65ff,618800001,3,34,102,2023-10-30
SYN-c31bb7d352d5973d,537346022,6,38,228,2023-04-05
SYN-c31bb7d352d5973d,562211011,4,9,36,2023-04-05
SYN-c31bb7d352d5973d,571436010,2,13,26,2023-04-05
SYN-c323af67c5d43bbf,653733001,6,17,102,2023-01-21
SYN-c323af67c5d43bbf,702237001,3,17,51,2023-01-21
SYN-c328b0b26f837e6a,673900001,4,34,136,2023-12-19
SYN-c328b0b26f837e6a,673900002,3,32,96,2023-12-19
SYN-c328b0b26f837e6a,673900005,5,32,160,2023-12-19
SYN-c32addd322c26d34,560221004,5,15,75,2023-05-28
SYN-c32addd322c26d34,560222002,4,5,20,2023-05-28
SYN-c32addd322c26d34,560222004,3,5,15,2023-05-28
SYN-c32addd322c26d34,612004001,4,15,60,2023-05-28
SYN-c32addd322c26d34,620963002,5,3,15,2023-05-28
SYN-c3398a2cff563d30,639576001,3,51,153,2023-08-23
SYN-c34112034d610881,493438025,3,25,75,2023-09-02
SYN-c34112034d610881,564790013,6,25,150,2023-09-02
SYN-c34112034d610881,630116001,6,33,198,2023-09-02
SYN-c34112034d610881,634320006,6,30,180,2023-09-02
SYN-c34112034d610881,634727001,3,83,249,2023-09-02
SYN-c34112034d610881,650122005,4,83,332,2023-09-02
SYN-c34112034d610881,685683001,4,25,100,2023-09-02
SYN-c348d47ac8249eb9,569997009,3,9,27,2023-04-26
SYN-c348d47ac8249eb9,652708001,6,17,102,2023-04-26
SYN-c348d47ac8249eb9,652708002,3,16,48,2023-04-26
SYN-c348d47ac8249eb9,705143001,3,22,66,2023-04-26
SYN-c34dc3c5e1c97a54,325087002,3,25,75,2023-09-23
SYN-c36bcc8585f26bde,595779010,4,25,100,2023-08-12
SYN-c36bcc8585f26bde,660599001,4,34,136,2023-08-12
SYN-c36bcc8585f26bde,697489001,6,14,84,2023-08-12
SYN-c375ac02869060bb,632172003,6,15,90,2023-12-11
SYN-c393982e6f5c7ce9,516000070,2,17,34,2023-02-14
SYN-c393982e6f5c7ce9,661794001,6,153,918,2023-02-14
SYN-c3949e9418539a9d,407354004,4,68,272,2023-03-24
SYN-c3aa59e45608467f,351484002,2,12,24,2023-02-21
SYN-c3aa59e45608467f,489607003,2,42,84,2023-02-21
SYN-c3aa59e45608467f,559601002,2,7,14,2023-02-21
SYN-c3aa59e45608467f,562211001,2,10,20,2023-02-21
SYN-c3aa59e45608467f,569046001,4,9,36,2023-02-21
SYN-c3aa59e45608467f,580054003,2,12,24,2023-02-21
SYN-c3aa59e45608467f,582480004,3,12,36,2023-02-21
SYN-c3aa59e45608467f,616086002,5,3,15,2023-02-21
SYN-c3aa9a548fcdc89a,399136009,6,85,510,2023-08-08
SYN-c3aa9a548fcdc89a,589924004,2,14,28,2023-08-08
SYN-c3aa9a548fcdc89a,684210001,3,59,177,2023-08-08
SYN-c3aef282aaa27332,638553001,6,41,246,2023-07-16
SYN-c3b3d6d5c7ac2bfb,661435001,5,85,425,2023-09-20
SYN-c3b3d6d5c7ac2bfb,685687001,4,17,68,2023-09-20
SYN-c3bb8dee578f189a,608776002,5,14,70,2023-10-16
SYN-c3bb8dee578f189a,690498002,5,102,510,2023-10-16
SYN-c3d2d2a2c34d50d3,539723001,2,34,68,2023-01-30
SYN-c3d2d2a2c34d50d3,615021022,4,17,68,2023-01-30
SYN-c3d2d2a2c34d50d3,623434007,2,34,68,2023-01-30
SYN-c3d2d2a2c34d50d3,623434011,5,34,170,2023-01-30
SYN-c3d2d2a2c34d50d3,623434013,6,34,204,2023-01-30
SYN-c3d2d2a2c34d50d3,623434023,5,34,170,2023-01-30
SYN-c3d2d2a2c34d50d3,633781013,2,17,34,2023-01-30
SYN-c3d2d2a2c34d50d3,640677002,6,25,150,2023-01-30
SYN-c3d2d2a2c34d50d3,668213001,6,15,90,2023-01-30
SYN-c3d2d2a2c34d50d3,672598001,2,22,44,2023-01-30
SYN-c3d2d2a2c34d50d3,676124007,3,68,204,2023-01-30
SYN-c3d2d2a2c34d50d3,685687003,2,17,34,2023-01-30
SYN-c3d2d2a2c34d50d3,685687004,2,17,34,2023-01-30
SYN-c3e0e7a0ba9c9953,532578008,6,19,114,2023-03-21
SYN-c3ee5c0b072eb6c2,686353001,3,119,357,2023-11-22
SYN-c3fbd5366a3d297e,595779002,5,25,125,2023-01-12
SYN-c3fbd5366a3d297e,595779008,4,25,100,2023-01-12
SYN-c3fcee7a2cab8c56,610776002,6,9,54,2023-06-24
SYN-c3fcee7a2cab8c56,610776007,6,9,54,2023-06-24
SYN-c3fcee7a2cab8c56,690338002,2,46,92,2023-06-24
SYN-c409491360eb6728,565379001,3,9,27,2023-09-24
SYN-c409491360eb6728,565379002,3,9,27,2023-09-24
SYN-c409491360eb6728,661435002,4,76,304,2023-09-24
SYN-c409491360eb6728,663577002,6,51,306,2023-09-24
SYN-c409491360eb6728,678230003,4,34,136,2023-09-24
SYN-c4097833f5497fa2,610776020,6,9,54,2023-11-25
SYN-c4097833f5497fa2,657395002,2,34,68,2023-11-25
SYN-c4097833f5497fa2,680912007,2,17,34,2023-11-25
SYN-c4097833f5497fa2,680912009,3,12,36,2023-11-25
SYN-c4097833f5497fa2,685687001,2,17,34,2023-11-25
SYN-c4097833f5497fa2,685687003,4,17,68,2023-11-25
SYN-c43906e329f964c4,253448001,2,25,50,2023-04-30
SYN-c43906e329f964c4,569999006,5,14,70,2023-04-30
SYN-c43906e329f964c4,636585001,3,17,51,2023-04-30
SYN-c43906e329f964c4,664368003,3,17,51,2023-04-30
SYN-c43ea50a463bc07e,554598008,4,17,68,2023-07-30
SYN-c43ea50a463bc07e,637515002,2,34,68,2023-07-30
SYN-c43ea50a463bc07e,637515006,2,34,68,2023-07-30
SYN-c442173b9a1a01ad,522398050,3,17,51,2023-06-23
SYN-c442173b9a1a01ad,626816001,3,25,75,2023-06-23
SYN-c4507b87908f6038,688826001,2,12,24,2023-05-24
SYN-c4507b87908f6038,713997002,6,9,54,2023-05-24
SYN-c459672ff6c934c5,355072001,5,9,45,2023-05-16
SYN-c459672ff6c934c5,355072003,3,9,27,2023-05-16
SYN-c459672ff6c934c5,426199002,4,22,88,2023-05-16
SYN-c459672ff6c934c5,528070005,5,25,125,2023-05-16
SYN-c459672ff6c934c5,541519005,4,17,68,2023-05-16
SYN-c459672ff6c934c5,548388012,2,20,40,2023-05-16
SYN-c459672ff6c934c5,560214001,2,15,30,2023-05-16
SYN-c459672ff6c934c5,579541004,5,17,85,2023-05-16
SYN-c459672ff6c934c5,586257002,6,13,78,2023-05-16
SYN-c459672ff6c934c5,586273002,5,25,125,2023-05-16
SYN-c459672ff6c934c5,625939002,6,9,54,2023-05-16
SYN-c459672ff6c934c5,625939003,6,9,54,2023-05-16
SYN-c459672ff6c934c5,625939004,5,9,45,2023-05-16
SYN-c459672ff6c934c5,630116006,3,34,102,2023-05-16
SYN-c459672ff6c934c5,630141009,3,42,126,2023-05-16
SYN-c459672ff6c934c5,634320007,6,31,186,2023-05-16
SYN-c459672ff6c934c5,634744001,2,85,170,2023-05-16
SYN-c459672ff6c934c5,641620001,2,51,102,2023-05-16
SYN-c459672ff6c934c5,675952009,3,34,102,2023-05-16
SYN-c459672ff6c934c5,677930003,4,17,68,2023-05-16
SYN-c459672ff6c934c5,678291006,6,34,204,2023-05-16
SYN-c459672ff6c934c5,682550010,2,34,68,2023-05-16
SYN-c459672ff6c934c5,683662009,6,14,84,2023-05-16
SYN-c45a921c635d6c60,469137001,5,30,150,2023-03-22
SYN-c45a921c635d6c60,575495005,6,33,198,2023-03-22
SYN-c45a921c635d6c60,610776001,3,8,24,2023-03-22
SYN-c45a921c635d6c60,637223004,2,10,20,2023-03-22
SYN-c45a921c635d6c60,657476002,4,16,64,2023-03-22
SYN-c45a921c635d6c60,672127002,3,13,39,2023-03-22
SYN-c45a921c635d6c60,672127004,2,17,34,2023-03-22
SYN-c45d74b74d4359cd,549113001,5,59,295,2023-01-02
SYN-c45d74b74d4359cd,568767003,5,36,180,2023-01-02
SYN-c45d74b74d4359cd,640745002,3,59,177,2023-01-02
SYN-c45d74b74d4359cd,645732001,2,49,98,2023-01-02
SYN-c45d74b74d4359cd,675027001,6,34,204,2023-01-02
SYN-c45d74b74d4359cd,714379001,4,34,136,2023-01-02
SYN-c4615d33c540c399,201219003,5,17,85,2023-08-31
SYN-c4615d33c540c399,201219011,5,17,85,2023-08-31
SYN-c4615d33c540c399,201219012,2,17,34,2023-08-31
SYN-c4730014f7828e19,610776001,4,9,36,2023-08-19
SYN-c4730014f7828e19,639685006,3,42,126,2023-08-19
SYN-c4730014f7828e19,665477002,2,34,68,2023-08-19
SYN-c4730014f7828e19,667499006,2,25,50,2023-08-19
SYN-c4730014f7828e19,687260001,2,34,68,2023-08-19
SYN-c4730014f7828e19,687260002,5,34,170,2023-08-19
SYN-c47dc9c9e8333f69,453358002,2,10,20,2023-04-08
SYN-c47dc9c9e8333f69,524770004,3,19,57,2023-04-08
SYN-c47dc9c9e8333f69,561445026,3,9,27,2023-04-08
SYN-c47dc9c9e8333f69,589249001,2,10,20,2023-04-08
SYN-c47dc9c9e8333f69,589249002,4,22,88,2023-04-08
SYN-c47dc9c9e8333f69,595513001,2,32,64,2023-04-08
SYN-c47dc9c9e8333f69,646756001,4,7,28,2023-04-08
SYN-c48b92c8ddd0375d,399223001,5,34,170,2023-06-15
SYN-c48b92c8ddd0375d,399223030,5,34,170,2023-06-15
SYN-c48c9db7ad465138,639260002,2,107,214,2023-01-26
SYN-c4924b57fd75e487,663937001,3,50,150,2023-10-12
SYN-c4993dce1945c1b4,504154015,3,15,45,2023-05-04
SYN-c4993dce1945c1b4,568597009,3,26,78,2023-05-04
SYN-c4993dce1945c1b4,599502009,3,31,93,2023-05-04
SYN-c4993dce1945c1b4,662868002,2,32,64,2023-05-04
SYN-c4993dce1945c1b4,667491011,3,24,72,2023-05-04
SYN-c4993dce1945c1b4,673677002,3,16,48,2023-05-04
SYN-c49b55301e576a37,573856023,2,24,48,2023-11-28
SYN-c4ade8ae371a3391,586265001,2,31,62,2023-09-03
SYN-c4b302e7420878e1,501820004,5,17,85,2023-05-03
SYN-c4b302e7420878e1,522918034,4,15,60,2023-05-03
SYN-c4b302e7420878e1,562252010,2,17,34,2023-05-03
SYN-c4bf025f9b31ead4,611062001,5,18,90,2023-01-01
SYN-c4c1b157bfda312b,612182001,2,27,54,2023-09-10
SYN-c4f59b34aa4bed3c,625480003,3,27,81,2023-07-18
SYN-c502778f7db3f563,633781015,3,17,51,2023-02-17
SYN-c502778f7db3f563,642437005,4,34,136,2023-02-17
SYN-c5119054aaee897c,618840004,4,14,56,2023-01-14
SYN-c5119054aaee897c,629826001,6,19,114,2023-01-14
SYN-c5119054aaee897c,645599001,6,26,156,2023-01-14
SYN-c5177f064b75710a,631837001,5,13,65,2023-10-11
SYN-c51ece7c7c4d80b1,662948003,5,42,210,2023-07-12
SYN-c52d0e3b34c2d3c2,562245050,4,22,88,2023-03-23
SYN-c545b79d0abaff7d,561797001,4,17,68,2023-11-17
SYN-c545b79d0abaff7d,610776002,3,9,27,2023-11-17
SYN-c545b79d0abaff7d,625939004,6,9,54,2023-11-17
SYN-c545b79d0abaff7d,625939005,2,3,6,2023-11-17
SYN-c545b79d0abaff7d,625939025,6,9,54,2023-11-17
SYN-c545b79d0abaff7d,685687001,6,17,102,2023-11-17
SYN-c5769bbbda3a85ae,612182001,2,32,64,2023-08-08
SYN-c5769bbbda3a85ae,688873002,2,34,68,2023-08-08
SYN-c57b208015ef1dcb,211143037,3,34,102,2023-09-12
SYN-c57b208015ef1dcb,503729006,6,42,252,2023-09-12
SYN-c57f6c74e856747b,524825010,2,42,84,2023-01-07
SYN-c58e8bbaac2ac997,507909001,3,25,75,2023-10-25
SYN-c58e8bbaac2ac997,622963002,2,51,102,2023-10-25
SYN-c592fd084033e059,305304008,3,11,33,2023-03-02
SYN-c592fd084033e059,519583008,2,31,62,2023-03-02
SYN-c592fd084033e059,552570003,2,22,44,2023-03-02
SYN-c592fd084033e059,590920001,6,28,168,2023-03-02
SYN-c592fd084033e059,598795014,2,6,12,2023-03-02
SYN-c592fd084033e059,625939005,2,3,6,2023-03-02
SYN-c592fd084033e059,650578001,5,6,30,2023-03-02
SYN-c599ae3e40688532,599502009,5,32,160,2023-12-27
SYN-c599ae3e40688532,662888003,2,34,68,2023-12-27
SYN-c599ae3e40688532,671011002,6,34,204,2023-12-27
SYN-c599ae3e40688532,701129002,6,25,150,2023-12-27
SYN-c5a2cb71fe59d4af,599502001,6,36,216,2023-02-09
SYN-c5a9bcc22ec71828,270381003,2,5,10,2023-12-24
SYN-c5b0e177333bc659,632143001,5,34,170,2023-10-02
SYN-c5b0e177333bc659,667491011,6,25,150,2023-10-02
SYN-c5b869cda96db796,316085002,5,10,50,2023-06-26
SYN-c5b869cda96db796,501820045,4,17,68,2023-06-26
SYN-c5b869cda96db796,598859001,4,51,204,2023-06-26
SYN-c5b869cda96db796,598859003,4,51,204,2023-06-26
SYN-c5b869cda96db796,657395001,5,34,170,2023-06-26
SYN-c5b869cda96db796,680186001,4,42,168,2023-06-26
SYN-c5b869cda96db796,685687004,3,17,51,2023-06-26
SYN-c5bc8311f46b2f8d,645732001,4,49,196,2023-08-14
SYN-c5cc860038c1031f,504152011,6,25,150,2023-08-02
SYN-c5cc860038c1031f,504154015,5,15,75,2023-08-02
SYN-c5cc860038c1031f,525932009,3,17,51,2023-08-02
SYN-c5cc860038c1031f,581162001,4,15,60,2023-08-02
SYN-c5cc860038c1031f,639715001,3,14,42,2023-08-02
SYN-c5ed6373ed25cdfe,554450019,3,34,102,2023-12-10
SYN-c5ed6373ed25cdfe,662076003,2,68,136,2023-12-10
SYN-c5f00dd768a0ddd0,541519001,2,17,34,2023-10-03
SYN-c5f8f50c62db00bb,649046002,5,51,255,2023-08-13
SYN-c5fb5f9b131e2266,577992006,2,18,36,2023-06-24
SYN-c5fb5f9b131e2266,664405002,2,14,28,2023-06-24
SYN-c5fd0fcee6c7d448,425173001,6,17,102,2023-10-27
SYN-c5fd0fcee6c7d448,564786020,3,22,66,2023-10-27
SYN-c5fd0fcee6c7d448,667411002,5,3,15,2023-10-27
SYN-c5fd0fcee6c7d448,667412004,4,3,12,2023-10-27
SYN-c6081d522879d17f,565379023,2,9,18,2023-08-14
SYN-c6081d522879d17f,666382002,4,25,100,2023-08-14
SYN-c620612583c575f1,186262001,3,4,12,2023-01-24
SYN-c6623527924ca77b,582210001,2,2,4,2023-01-10
SYN-c6623527924ca77b,585275008,2,9,18,2023-01-10
SYN-c66282cf7e6fda00,493438021,4,10,40,2023-01-28
SYN-c66282cf7e6fda00,560270001,4,51,204,2023-01-28
SYN-c66282cf7e6fda00,625321010,2,25,50,2023-01-28
SYN-c66282cf7e6fda00,630141009,5,42,210,2023-01-28
SYN-c66282cf7e6fda00,630145001,6,51,306,2023-01-28
SYN-c66bd1dddf6b6a54,529008026,5,25,125,2023-04-06
SYN-c66bd1dddf6b6a54,659549001,5,48,240,2023-04-06
SYN-c68983792144a7b2,478818003,3,25,75,2023-05-05
SYN-c68983792144a7b2,535390001,3,22,66,2023-05-05
SYN-c68983792144a7b2,555837002,5,22,110,2023-05-05
SYN-c68983792144a7b2,558514003,4,15,60,2023-05-05
SYN-c68983792144a7b2,567535006,3,15,45,2023-05-05
SYN-c68983792144a7b2,624917001,5,17,85,2023-05-05
SYN-c68e51b2cc338949,552471003,2,14,28,2023-03-19
SYN-c68e51b2cc338949,608483007,2,22,44,2023-03-19
SYN-c69177686b816511,507909022,3,23,69,2023-09-06
SYN-c69177686b816511,568597016,5,38,190,2023-09-06
SYN-c69177686b816511,568601016,3,46,138,2023-09-06
SYN-c69177686b816511,657291003,4,9,36,2023-09-06
SYN-c6a29102a5143a45,188183012,2,27,54,2023-06-14
SYN-c6a29102a5143a45,456245002,5,26,130,2023-06-14
SYN-c6a29102a5143a45,497284003,3,9,27,2023-06-14
SYN-c6a29102a5143a45,588659001,6,9,54,2023-06-14
SYN-c6a29102a5143a45,588659002,2,15,30,2023-06-14
SYN-c6a29102a5143a45,588659003,2,12,24,2023-06-14
SYN-c6a29102a5143a45,653983001,5,9,45,2023-06-14
SYN-c6ae8bb2c54c72dd,586218001,4,31,124,2023-08-09
SYN-c6caa8fb845f05b7,671186001,6,14,84,2023-05-16
SYN-c6caa8fb845f05b7,671186002,5,14,70,2023-05-16
SYN-c6d9864447fb858a,266168003,2,15,30,2023-01-05
SYN-c6d9864447fb858a,508184008,6,10,60,2023-01-05
SYN-c6d9864447fb858a,538142006,2,20,40,2023-01-05
SYN-c6d9864447fb858a,598806002,5,10,50,2023-01-05
SYN-c6d9864447fb858a,610671001,2,31,62,2023-01-05
SYN-c6d9864447fb858a,623564001,3,14,42,2023-01-05
SYN-c6d9864447fb858a,633109002,5,17,85,2023-01-05
SYN-c6d9864447fb858a,671057002,2,3,6,2023-01-05
SYN-c6ef8d8041d93093,703193001,4,25,100,2023-09-08
SYN-c703054d4c090bb4,584200005,5,15,75,2023-01-11
SYN-c703054d4c090bb4,587296001,6,14,84,2023-01-11
SYN-c703054d4c090bb4,608945003,2,9,18,2023-01-11
SYN-c703054d4c090bb4,614460005,5,14,70,2023-01-11
SYN-c703054d4c090bb4,637223004,4,10,40,2023-01-11
SYN-c7057ade08c2b999,537085011,5,15,75,2023-08-27
SYN-c7057ade08c2b999,575836002,5,7,35,2023-08-27
SYN-c7057ade08c2b999,613942006,5,10,50,2023-08-27
SYN-c7057ade08c2b999,618180001,5,12,60,2023-08-27
SYN-c7057ade08c2b999,619580001,6,17,102,2023-08-27
SYN-c7057ade08c2b999,647190002,4,12,48,2023-08-27
SYN-c70df7c84fb8bb5c,613246002,5,25,125,2023-09-15
SYN-c70df7c84fb8bb5c,717130004,3,45,135,2023-09-15
SYN-c70f4a964934fecb,639192002,4,68,272,2023-09-29
SYN-c7135765e7ab0e90,682550001,4,34,136,2023-12-18
SYN-c7337d00f5f8cf83,633130019,5,17,85,2023-06-27
SYN-c7337d00f5f8cf83,671057002,5,9,45,2023-06-27
SYN-c7337d00f5f8cf83,710390001,2,19,38,2023-06-27
SYN-c735f3dfd5b707fc,607032001,5,20,100,2023-09-15
SYN-c7365908dd096c08,685347001,4,17,68,2023-05-08
SYN-c741f89a1ede1a96,458032003,5,51,255,2023-04-15
SYN-c747277498b43fc1,567993035,6,25,150,2023-08-11
SYN-c747277498b43fc1,607834007,3,25,75,2023-08-11
SYN-c74af823075564ab,485551003,2,25,50,2023-09-19
SYN-c74af823075564ab,548111002,4,17,68,2023-09-19
SYN-c74af823075564ab,660590006,4,22,88,2023-09-19
SYN-c74af823075564ab,660757001,2,31,62,2023-09-19
SYN-c74af823075564ab,663034002,4,85,340,2023-09-19
SYN-c74af823075564ab,668598002,5,25,125,2023-09-19
SYN-c74af823075564ab,692454002,2,25,50,2023-09-19
SYN-c76416e63383422c,399223001,2,27,54,2023-06-15
SYN-c76416e63383422c,562245004,4,19,76,2023-06-15
SYN-c76416e63383422c,640174001,6,42,252,2023-06-15
SYN-c76416e63383422c,651276001,2,42,84,2023-06-15
SYN-c76416e63383422c,661435002,4,68,272,2023-06-15
SYN-c76416e63383422c,662935002,3,51,153,2023-06-15
SYN-c76416e63383422c,667491006,5,25,125,2023-06-15
SYN-c76416e63383422c,680186001,6,42,252,2023-06-15
SYN-c76416e63383422c,685687004,3,17,51,2023-06-15
SYN-c764e132e029ac6d,619235001,6,59,354,2023-07-05
SYN-c767dca2c455f6ba,464277014,5,22,110,2023-09-26
SYN-c767dca2c455f6ba,673531001,4,9,36,2023-09-26
SYN-c7718a8e0220f2f7,545258007,5,51,255,2023-10-19
SYN-c7718a8e0220f2f7,545258008,2,48,96,2023-10-19
SYN-c7890ea6e5861d7f,671505002,3,34,102,2023-04-07
SYN-c78debcf26196fa2,669215004,3,25,75,2023-09-28
SYN-c79661090cd4e6a5,456163026,6,34,204,2023-01-22
SYN-c79661090cd4e6a5,539723005,3,34,102,2023-01-22
SYN-c79661090cd4e6a5,568861004,6,25,150,2023-01-22
SYN-c79661090cd4e6a5,636323002,4,10,40,2023-01-22
SYN-c7b2a8eb63b06757,642739002,2,34,68,2023-07-21
SYN-c7b5d0ae27209301,562252010,3,25,75,2023-11-16
SYN-c7b659df447c4e04,609598006,2,14,28,2023-07-14
SYN-c7b659df447c4e04,628930008,2,10,20,2023-07-14
SYN-c7bbd8663eac2df9,287645002,2,9,18,2023-04-05
SYN-c7bbd8663eac2df9,624633003,2,17,34,2023-04-05
SYN-c7bbd8663eac2df9,630675001,2,7,14,2023-04-05
SYN-c7c58133a0d1394d,656266003,2,34,68,2023-10-30
SYN-c7d1194cb375613a,663327002,6,42,252,2023-12-20
SYN-c7fcf871cf5c8842,554450004,2,34,68,2023-06-28
SYN-c801aa8df474366e,190021003,3,14,42,2023-09-07
SYN-c801aa8df474366e,580000001,6,14,84,2023-09-07
SYN-c801aa8df474366e,627389006,2,15,30,2023-09-07
SYN-c801aa8df474366e,636455004,5,31,155,2023-09-07
SYN-c801aa8df474366e,647166001,2,32,64,2023-09-07
SYN-c801aa8df474366e,654436003,3,9,27,2023-09-07
SYN-c803958944a9920b,622961001,2,59,118,2023-10-13
SYN-c80a531fa4180b54,636455009,4,51,204,2023-07-08
SYN-c8117d85d38ec6d2,370594018,3,10,30,2023-04-11
SYN-c8117d85d38ec6d2,447596001,5,7,35,2023-04-11
SYN-c8117d85d38ec6d2,469137010,3,22,66,2023-04-11
SYN-c8117d85d38ec6d2,507909003,3,25,75,2023-04-11
SYN-c8117d85d38ec6d2,524458002,4,19,76,2023-04-11
SYN-c8117d85d38ec6d2,562255001,3,32,96,2023-04-11
SYN-c8117d85d38ec6d2,584449002,6,20,120,2023-04-11
SYN-c8117d85d38ec6d2,629305003,4,17,68,2023-04-11
SYN-c8117d85d38ec6d2,631848002,5,34,170,2023-04-11
SYN-c8117d85d38ec6d2,644783001,2,31,62,2023-04-11
SYN-c8117d85d38ec6d2,673677002,3,17,51,2023-04-11
SYN-c8117d85d38ec6d2,685687001,2,17,34,2023-04-11
SYN-c8117d85d38ec6d2,685687004,5,17,85,2023-04-11
SYN-c8117d85d38ec6d2,687260001,5,31,155,2023-04-11
SYN-c81252a200642b76,510321001,3,34,102,2023-01-12
SYN-c81252a200642b76,558512012,2,34,68,2023-01-12
SYN-c81252a200642b76,558514004,2,34,68,2023-01-12
SYN-c81252a200642b76,611144006,5,25,125,2023-01-12
SYN-c81252a200642b76,611144020,6,25,150,2023-01-12
SYN-c81252a200642b76,611144022,3,25,75,2023-01-12
SYN-c81252a200642b76,611144023,6,25,150,2023-01-12
SYN-c81252a200642b76,617419002,6,25,150,2023-01-12
SYN-c81252a200642b76,618389001,3,22,66,2023-01-12
SYN-c81252a200642b76,618389005,3,22,66,2023-01-12
SYN-c81252a200642b76,658472001,5,34,170,2023-01-12
SYN-c82485f7c98f5aa7,665725001,6,32,192,2023-08-27
SYN-c836b821d55687ae,325087043,5,25,125,2023-08-13
SYN-c836b821d55687ae,463970044,2,22,44,2023-08-13
SYN-c836b821d55687ae,598515003,3,17,51,2023-08-13
SYN-c836b821d55687ae,637515011,2,34,68,2023-08-13
SYN-c836b821d55687ae,671553002,3,17,51,2023-08-13
SYN-c84d5173cfb43f92,552604001,6,102,612,2023-05-04
SYN-c84d5173cfb43f92,630316008,3,68,204,2023-05-04
SYN-c84d5173cfb43f92,652082001,3,136,408,2023-05-04
SYN-c84d5173cfb43f92,685274002,5,422,2110,2023-05-04
SYN-c84d5173cfb43f92,691039003,2,76,152,2023-05-04
SYN-c84d5173cfb43f92,711686001,2,59,118,2023-05-04
SYN-c86bd54b74462f9a,562820006,6,9,54,2023-11-21
SYN-c86bd54b74462f9a,583060001,3,16,48,2023-11-21
SYN-c86bd54b74462f9a,660712003,3,40,120,2023-11-21
SYN-c87c923eecf63d6c,579990002,4,9,36,2023-05-28
SYN-c87c923eecf63d6c,587813005,4,37,148,2023-05-28
SYN-c87c923eecf63d6c,601102001,6,22,132,2023-05-28
SYN-c87c923eecf63d6c,607427002,2,20,40,2023-05-28
SYN-c87c923eecf63d6c,617838005,3,64,192,2023-05-28
SYN-c87c923eecf63d6c,645732002,4,49,196,2023-05-28
SYN-c87c923eecf63d6c,647334001,4,59,236,2023-05-28
SYN-c87c923eecf63d6c,660599001,3,34,102,2023-05-28
SYN-c87c923eecf63d6c,662253002,6,85,510,2023-05-28
SYN-c87e53ac6641e74e,532578008,2,19,38,2023-06-18
SYN-c87e53ac6641e74e,532578010,4,19,76,2023-06-18
SYN-c883410f9a54d18a,325087002,5,25,125,2023-04-20
SYN-c883410f9a54d18a,674047003,2,89,178,2023-04-20
SYN-c8882bed18ec35d1,682604002,5,34,170,2023-08-08
SYN-c889f95511b94645,522398050,6,17,102,2023-03-27
SYN-c889f95511b94645,615092002,3,17,51,2023-03-27
SYN-c889f95511b94645,657287002,3,17,51,2023-03-27
SYN-c889f95511b94645,657415002,6,25,150,2023-03-27
SYN-c889f95511b94645,658030006,6,51,306,2023-03-27
SYN-c889f95511b94645,682848002,2,51,102,2023-03-27
SYN-c88ef3b165dca6cf,333323008,3,6,18,2023-07-08
SYN-c88ef3b165dca6cf,333323015,6,6,36,2023-07-08
SYN-c88ef3b165dca6cf,333323030,2,6,12,2023-07-08
SYN-c893bc56a69be28a,667411008,6,5,30,2023-11-07
SYN-c893bc56a69be28a,679494004,6,16,96,2023-11-07
SYN-c8a3b374f61b3206,372860001,3,14,42,2023-02-20
SYN-c8a3b374f61b3206,561445011,4,9,36,2023-02-20
SYN-c8a3b374f61b3206,561445020,5,9,45,2023-02-20
SYN-c8a3b374f61b3206,561445026,3,9,27,2023-02-20
SYN-c8ad6620fc9850a6,456163021,6,29,174,2023-05-27
SYN-c8d0b88f110012b9,399223001,5,31,155,2023-03-12
SYN-c8d0b88f110012b9,399223004,3,31,93,2023-03-12
SYN-c8d0b88f110012b9,399223025,5,31,155,2023-03-12
SYN-c8e0a65d0d83c2ab,562245034,3,20,60,2023-04-01
SYN-c8e0a65d0d83c2ab,625927007,6,9,54,2023-04-01
SYN-c8e0a65d0d83c2ab,673677002,2,17,34,2023-04-01
SYN-c8ece7bd0b29ee83,111586001,2,13,26,2023-06-22
SYN-c8ece7bd0b29ee83,111593001,3,13,39,2023-06-22
SYN-c8ece7bd0b29ee83,200182001,4,10,40,2023-06-22
SYN-c8ece7bd0b29ee83,234432001,6,13,78,2023-06-22
SYN-c8ece7bd0b29ee83,240561001,4,13,52,2023-06-22
SYN-c8ece7bd0b29ee83,251510001,2,13,26,2023-06-22
SYN-c8ece7bd0b29ee83,310091018,2,25,50,2023-06-22
SYN-c8ece7bd0b29ee83,436261001,6,13,78,2023-06-22
SYN-c8ece7bd0b29ee83,550471019,5,15,75,2023-06-22
SYN-c8ece7bd0b29ee83,556364001,5,14,70,2023-06-22
SYN-c8ece7bd0b29ee83,578041001,2,17,34,2023-06-22
SYN-c8ece7bd0b29ee83,579504001,3,7,21,2023-06-22
SYN-c8ece7bd0b29ee83,589221003,2,10,20,2023-06-22
SYN-c8ece7bd0b29ee83,591710002,6,17,102,2023-06-22
SYN-c8ece7bd0b29ee83,624123004,4,22,88,2023-06-22
SYN-c8ece7bd0b29ee83,632151003,4,12,48,2023-06-22
SYN-c8ece7bd0b29ee83,639469006,3,22,66,2023-06-22
SYN-c8ece7bd0b29ee83,677848002,3,9,27,2023-06-22
SYN-c8ece7bd0b29ee83,677848006,2,14,28,2023-06-22
SYN-c92b8812296761df,456163028,4,34,136,2023-08-02
SYN-c92b8812296761df,636935002,4,51,204,2023-08-02
SYN-c92b8812296761df,667173001,6,51,306,2023-08-02
SYN-c93906671e559905,456163009,5,34,170,2023-07-28
SYN-c93906671e559905,548467001,5,17,85,2023-07-28
SYN-c93906671e559905,562820006,5,9,45,2023-07-28
SYN-c93906671e559905,564754003,4,14,56,2023-07-28
SYN-c93906671e559905,610671001,6,31,186,2023-07-28
SYN-c93906671e559905,623632001,2,29,58,2023-07-28
SYN-c93906671e559905,633136007,6,34,204,2023-07-28
SYN-c93906671e559905,657476002,3,17,51,2023-07-28
SYN-c93906671e559905,680912007,3,17,51,2023-07-28
SYN-c93906671e559905,685687001,3,17,51,2023-07-28
SYN-c9392eede720a058,515991007,6,15,90,2023-03-29
SYN-c9392eede720a058,567720003,3,31,93,2023-03-29
SYN-c9392eede720a058,581275002,4,7,28,2023-03-29
SYN-c9392eede720a058,593829031,2,3,6,2023-03-29
SYN-c9392eede720a058,593968003,2,27,54,2023-03-29
SYN-c9392eede720a058,615972001,3,9,27,2023-03-29
SYN-c95d7023b807800e,553881015,5,17,85,2023-05-13
SYN-c95d7023b807800e,693177002,3,9,27,2023-05-13
SYN-c963077ed2dee6d6,552471003,2,17,34,2023-04-02
SYN-c963077ed2dee6d6,685687004,2,17,34,2023-04-02
SYN-c9663974a90837be,657891002,5,42,210,2023-01-09
SYN-c96bf0a96fd0ded6,610776022,3,9,27,2023-08-26
SYN-c96bf0a96fd0ded6,671553002,6,17,102,2023-08-26
SYN-c97b2b962d88bac8,625321003,4,25,100,2023-10-04
SYN-c9817e80afb3bf92,656661001,2,51,102,2023-03-27
SYN-c9817e80afb3bf92,661414002,2,25,50,2023-03-27
SYN-c9817e80afb3bf92,661414003,6,25,150,2023-03-27
SYN-c98b4b338703fc18,413707022,2,34,68,2023-10-23
SYN-c98b4b338703fc18,570900001,4,51,204,2023-10-23
SYN-c98b4b338703fc18,588299001,3,34,102,2023-10-23
SYN-c98c0b8abadad602,632143001,4,34,136,2023-04-03
SYN-c98c0b8abadad602,650696002,4,42,168,2023-04-03
SYN-c98e054747131fad,673677002,4,17,68,2023-03-04
SYN-c98e054747131fad,684080001,4,102,408,2023-03-04
SYN-c9b1dac3fe034671,558996001,4,17,68,2023-08-02
SYN-c9b1dac3fe034671,563276003,5,12,60,2023-08-02
SYN-c9b1dac3fe034671,567608002,4,9,36,2023-08-02
SYN-c9b1dac3fe034671,567608004,3,9,27,2023-08-02
SYN-c9b1dac3fe034671,567992026,5,5,25,2023-08-02
SYN-c9b1dac3fe034671,567992027,4,5,20,2023-08-02
SYN-c9b1dac3fe034671,597513003,4,10,40,2023-08-02
SYN-c9b1dac3fe034671,604514006,5,9,45,2023-08-02
SYN-c9b1dac3fe034671,605383002,4,7,28,2023-08-02
SYN-c9b1dac3fe034671,624594001,4,19,76,2023-08-02
SYN-c9b1dac3fe034671,626406001,4,7,28,2023-08-02
SYN-c9c4e63850496b8a,572955010,5,34,170,2023-10-10
SYN-c9c4e63850496b8a,684080001,6,102,612,2023-10-10
SYN-c9f57958ba5e7056,651336004,5,32,160,2023-02-11
SYN-c9fb3826a696969b,501616074,5,25,125,2023-05-29
SYN-c9fb3826a696969b,501616089,5,25,125,2023-05-29
SYN-c9fb3826a696969b,557908013,6,10,60,2023-05-29
SYN-ca1fbfd29950d076,487050025,6,14,84,2023-08-21
SYN-ca1fbfd29950d076,508929001,5,8,40,2023-08-21
SYN-ca1fbfd29950d076,608069005,2,14,28,2023-08-21
SYN-ca1fbfd29950d076,620208002,3,8,24,2023-08-21
SYN-ca1fbfd29950d076,620208008,6,8,48,2023-08-21
SYN-ca1fbfd29950d076,628425001,4,12,48,2023-08-21
SYN-ca1fbfd29950d076,672590002,5,102,510,2023-08-21
SYN-ca1fbfd29950d076,681187001,2,29,58,2023-08-21
SYN-ca2160b46b522d3d,337991002,6,25,150,2023-10-29
SYN-ca2160b46b522d3d,532578020,6,25,150,2023-10-29
SYN-ca2160b46b522d3d,631769003,3,168,504,2023-10-29
SYN-ca26e0dbf6bdc9dc,537085001,2,25,50,2023-07-05
SYN-ca26e0dbf6bdc9dc,559616001,3,15,45,2023-07-05
SYN-ca26e0dbf6bdc9dc,560221006,2,15,30,2023-07-05
SYN-ca26e0dbf6bdc9dc,560221011,3,25,75,2023-07-05
SYN-ca26e0dbf6bdc9dc,560222011,3,10,30,2023-07-05
SYN-ca26e0dbf6bdc9dc,566140001,4,7,28,2023-07-05
SYN-ca26e0dbf6bdc9dc,568137002,5,17,85,2023-07-05
SYN-ca26e0dbf6bdc9dc,607427002,2,20,40,2023-07-05
SYN-ca26e0dbf6bdc9dc,612481002,3,34,102,2023-07-05
SYN-ca26e0dbf6bdc9dc,652361001,5,25,125,2023-07-05
SYN-ca26e0dbf6bdc9dc,654704001,5,31,155,2023-07-05
SYN-ca26e0dbf6bdc9dc,654705001,3,22,66,2023-07-05
SYN-ca26e0dbf6bdc9dc,669360001,2,68,136,2023-07-05
SYN-ca26e0dbf6bdc9dc,676954001,2,51,102,2023-07-05
SYN-ca26e0dbf6bdc9dc,687821002,6,51,306,2023-07-05
SYN-ca3dc30776739e7f,572124003,3,68,204,2023-04-27
SYN-ca48b5566cb817c2,633498001,2,51,102,2023-02-27
SYN-ca526859a39480f8,120129001,5,17,85,2023-08-20
SYN-ca526859a39480f8,300024009,2,51,102,2023-08-20
SYN-ca526859a39480f8,442915008,6,17,102,2023-08-20
SYN-ca55392e44a3e897,399136023,6,42,252,2023-04-24
SYN-ca55392e44a3e897,399201018,2,53,106,2023-04-24
SYN-ca55392e44a3e897,399201024,6,59,354,2023-04-24
SYN-ca55392e44a3e897,529012025,3,10,30,2023-04-24
SYN-ca55392e44a3e897,585482001,5,10,50,2023-04-24
SYN-ca55392e44a3e897,605020002,3,14,42,2023-04-24
SYN-ca597490b633cdc7,537901001,4,10,40,2023-05-14
SYN-ca597490b633cdc7,567475004,5,20,100,2023-05-14
SYN-ca597490b633cdc7,567594001,6,12,72,2023-05-14
SYN-ca597490b633cdc7,588155002,2,24,48,2023-05-14
SYN-ca597490b633cdc7,653567001,5,64,320,2023-05-14
SYN-ca59ddd7af1ce33a,307656018,5,17,85,2023-06-10
SYN-ca59ddd7af1ce33a,396135046,3,12,36,2023-06-10
SYN-ca59ddd7af1ce33a,572998002,5,51,255,2023-06-10
SYN-ca59ddd7af1ce33a,574106001,5,34,170,2023-06-10
SYN-ca59ddd7af1ce33a,638945003,3,42,126,2023-06-10
SYN-ca59ddd7af1ce33a,676198001,3,51,153,2023-06-10
SYN-ca6c8033fd21099e,379780040,4,14,56,2023-01-28
SYN-ca6c8033fd21099e,671186001,4,14,56,2023-01-28
SYN-ca772e6c65ead91a,522918034,6,15,90,2023-11-18
SYN-ca7788388fe4f9b4,637515006,5,34,170,2023-07-26
SYN-ca7788388fe4f9b4,684686001,4,51,204,2023-07-26
SYN-ca7a15ef98ccfd4f,529008008,2,14,28,2023-11-24
SYN-ca7a15ef98ccfd4f,536139011,3,10,30,2023-11-24
SYN-ca7a15ef98ccfd4f,547367007,5,10,50,2023-11-24
SYN-ca7a15ef98ccfd4f,564031001,2,15,30,2023-11-24
SYN-ca7a15ef98ccfd4f,595435002,2,15,30,2023-11-24
SYN-ca7a15ef98ccfd4f,603401003,5,10,50,2023-11-24
SYN-ca7a15ef98ccfd4f,608952004,6,19,114,2023-11-24
SYN-ca829bca5b747c04,675508001,6,63,378,2023-04-15
SYN-ca829bca5b747c04,695627001,2,13,26,2023-04-15
SYN-ca829bca5b747c04,708085001,6,24,144,2023-04-15
SYN-ca875a036877150e,613246003,6,23,138,2023-02-05
SYN-ca875a036877150e,613246004,4,23,92,2023-02-05
SYN-ca88a46087de7eac,399136009,4,85,340,2023-04-19
SYN-ca92cbe5905291f1,568601006,3,51,153,2023-05-19
SYN-ca92cbe5905291f1,568601018,2,51,102,2023-05-19
SYN-ca92cbe5905291f1,572797001,4,10,40,2023-05-19
SYN-ca92cbe5905291f1,572797002,3,10,30,2023-05-19
SYN-ca92cbe5905291f1,572797009,5,10,50,2023-05-19
SYN-ca92cbe5905291f1,572797010,3,10,30,2023-05-19
SYN-caa77da108017ba3,626168003,4,27,108,2023-10-10
SYN-caa77da108017ba3,637492001,2,40,80,2023-10-10
SYN-caac7c99d527e42f,581162008,4,9,36,2023-06-27
SYN-caac7c99d527e42f,581275002,6,7,42,2023-06-27
SYN-caac7c99d527e42f,622284001,5,15,75,2023-06-27
SYN-caac8a76be934059,673349002,3,59,177,2023-04-04
SYN-cacd7108fc6c9f77,584327002,2,10,20,2023-04-18
SYN-cacd7108fc6c9f77,629426001,5,22,110,2023-04-18
SYN-cacd7108fc6c9f77,635741001,6,5,30,2023-04-18
SYN-cacd7108fc6c9f77,635741002,4,10,40,2023-04-18
SYN-cacd7108fc6c9f77,635741003,3,7,21,2023-04-18
SYN-cacd7108fc6c9f77,650578001,4,7,28,2023-04-18
SYN-cae026162740c7ad,428291001,4,10,40,2023-04-02
SYN-cae026162740c7ad,507987001,3,17,51,2023-04-02
SYN-cae026162740c7ad,654436002,4,9,36,2023-04-02
SYN-caf10de613a77ec0,562657002,4,9,36,2023-12-08
SYN-caf10de613a77ec0,676994005,4,63,252,2023-12-08
SYN-caf10de613a77ec0,711871001,6,39,234,2023-12-08
SYN-caf1d89b098832a9,560270007,3,51,153,2023-09-08
SYN-caf1d89b098832a9,564787018,6,42,252,2023-09-08
SYN-caf1d89b098832a9,630145006,6,51,306,2023-09-08
SYN-caf1d89b098832a9,655347001,4,17,68,2023-09-08
SYN-caf62ee723a8891d,160442007,5,14,70,2023-11-03
SYN-cafd2ff50ad378c6,200182001,5,10,50,2023-09-24
SYN-cafd2ff50ad378c6,618760001,6,9,54,2023-09-24
SYN-cb1460827fd7b1ea,649437002,2,34,68,2023-10-18
SYN-cb1460827fd7b1ea,655792005,2,42,84,2023-10-18
SYN-cb17a11cdf3527d3,509091025,4,17,68,2023-10-26
SYN-cb17a11cdf3527d3,605092009,4,17,68,2023-10-26
SYN-cb17a11cdf3527d3,633150001,5,25,125,2023-10-26
SYN-cb17a11cdf3527d3,645065001,2,34,68,2023-10-26
SYN-cb17a11cdf3527d3,654772001,2,31,62,2023-10-26
SYN-cb20b29c0614b15e,534181007,3,168,504,2023-05-20
SYN-cb20b29c0614b15e,558512012,6,34,204,2023-05-20
SYN-cb20b29c0614b15e,625532005,3,51,153,2023-05-20
SYN-cb20b29c0614b15e,625913004,2,68,136,2023-05-20
SYN-cb20b29c0614b15e,625914003,5,59,295,2023-05-20
SYN-cb20b29c0614b15e,664075004,3,14,42,2023-05-20
SYN-cb2ae1819024a5da,632523001,4,59,236,2023-07-30
SYN-cb3406d011f77540,387843036,5,14,70,2023-06-25
SYN-cb632f857e741740,562245034,6,20,120,2023-03-23
SYN-cb632f857e741740,648630002,6,14,84,2023-03-23
SYN-cb632f857e741740,660599002,3,34,102,2023-03-23
SYN-cb632f857e741740,672054004,2,17,34,2023-03-23
SYN-cb632f857e741740,673677003,5,17,85,2023-03-23
SYN-cb632f857e741740,684686001,5,46,230,2023-03-23
SYN-cb632f857e741740,685687003,6,17,102,2023-03-23
SYN-cb632f857e741740,685687004,2,17,34,2023-03-23
SYN-cb632f857e741740,688463001,4,14,56,2023-03-23
SYN-cb6afaaf091cc0c4,589222003,5,20,100,2023-10-06
SYN-cb6afaaf091cc0c4,589222005,5,24,120,2023-10-06
SYN-cb6fde63c38ad67b,453585009,4,17,68,2023-03-03
SYN-cb6fde63c38ad67b,536139013,3,15,45,2023-03-03
SYN-cb6fde63c38ad67b,575236001,4,42,168,2023-03-03
SYN-cb6fde63c38ad67b,584449002,2,20,40,2023-03-03
SYN-cb6fde63c38ad67b,589222003,6,20,120,2023-03-03
SYN-cb6fde63c38ad67b,589222005,3,24,72,2023-03-03
SYN-cb6fde63c38ad67b,621400003,4,17,68,2023-03-03
SYN-cb6fde63c38ad67b,626346003,2,17,34,2023-03-03
SYN-cb6fde63c38ad67b,627197002,5,17,85,2023-03-03
SYN-cb6fde63c38ad67b,635561009,2,17,34,2023-03-03
SYN-cb6fde63c38ad67b,642631001,2,15,30,2023-03-03
SYN-cb6fde63c38ad67b,642631002,4,15,60,2023-03-03
SYN-cb6fde63c38ad67b,657285002,3,25,75,2023-03-03
SYN-cb711bc8ae5af599,598755011,3,14,42,2023-03-27
SYN-cb711bc8ae5af599,598755014,6,14,84,2023-03-27
SYN-cb711bc8ae5af599,617426004,2,34,68,2023-03-27
SYN-cb74fe1362d2bd18,638553001,3,41,123,2023-02-04
SYN-cb8738610a72f4ae,495573004,3,25,75,2023-04-16
SYN-cb8ceeedc25710e9,623667001,6,22,132,2023-05-01
SYN-cb90824873c2dc63,674079004,5,25,125,2023-03-01
SYN-cb92849ec5942d81,589924005,2,14,28,2023-06-18
SYN-cb92849ec5942d81,612420001,5,9,45,2023-06-18
SYN-cb92849ec5942d81,633781012,4,17,68,2023-06-18
SYN-cba58b682137815c,351484013,3,14,42,2023-11-05
SYN-cba58b682137815c,559630002,6,15,90,2023-11-05
SYN-cba58b682137815c,567728006,3,19,57,2023-11-05
SYN-cba58b682137815c,567729004,2,14,28,2023-11-05
SYN-cba58b682137815c,609719003,4,12,48,2023-11-05
SYN-cba58b682137815c,621760005,5,9,45,2023-11-05
SYN-cba58b682137815c,651863004,5,5,25,2023-11-05
SYN-cbafb4fc681e2d38,377436002,2,12,24,2023-04-05
SYN-cbafb4fc681e2d38,504154027,3,42,126,2023-04-05
SYN-cbafb4fc681e2d38,537688015,6,51,306,2023-04-05
SYN-cbafb4fc681e2d38,660599003,4,34,136,2023-04-05
SYN-cbafb4fc681e2d38,678995002,2,9,18,2023-04-05
SYN-cbbcf0cec841a56c,551370001,3,15,45,2023-09-30
SYN-cbbcf0cec841a56c,610776018,5,9,45,2023-09-30
SYN-cbbcf0cec841a56c,610776024,4,9,36,2023-09-30
SYN-cbd162f63deabfc2,658487003,5,25,125,2023-02-16
SYN-cbd162f63deabfc2,658847003,6,24,144,2023-02-16
SYN-cbd162f63deabfc2,670279003,5,14,70,2023-02-16
SYN-cbd4dc64cf1c6b09,448515001,2,38,76,2023-08-04
SYN-cbd4dc64cf1c6b09,448515018,4,38,152,2023-08-04
SYN-cbd4dc64cf1c6b09,519583008,5,31,155,2023-08-04
SYN-cbd4dc64cf1c6b09,539878003,2,42,84,2023-08-04
SYN-cbd4dc64cf1c6b09,604349001,6,15,90,2023-08-04
SYN-cbd4dc64cf1c6b09,639552001,5,24,120,2023-08-04
SYN-cbd5d73715b5bbb7,669882001,4,25,100,2023-10-01
SYN-cbd5d73715b5bbb7,685284001,2,42,84,2023-10-01
SYN-cbd75c7aec9820af,454804007,3,17,51,2023-10-04
SYN-cbd75c7aec9820af,554552003,4,7,28,2023-10-04
SYN-cbd75c7aec9820af,554552004,6,7,42,2023-10-04
SYN-cbd75c7aec9820af,554552018,3,7,21,2023-10-04
SYN-cbd75c7aec9820af,630037008,2,3,6,2023-10-04
SYN-cbd75c7aec9820af,630037017,3,3,9,2023-10-04
SYN-cbe3c2f2deffd61f,624723002,5,22,110,2023-01-29
SYN-cbe3c2f2deffd61f,625939014,3,9,27,2023-01-29
SYN-cbe3c2f2deffd61f,635280002,6,34,204,2023-01-29
SYN-cbf2aa0eb638b43f,549251001,2,34,68,2023-07-03
SYN-cbf2aa0eb638b43f,551379001,2,51,102,2023-07-03
SYN-cbf2aa0eb638b43f,572955001,4,34,136,2023-07-03
SYN-cbf2aa0eb638b43f,685687004,5,17,85,2023-07-03
SYN-cc027b986de7e48a,399256002,4,17,68,2023-06-24
SYN-cc027b986de7e48a,554450027,2,34,68,2023-06-24
SYN-cc02b8505449fb3f,307656008,4,17,68,2023-01-13
SYN-cc02b8505449fb3f,554598001,2,17,34,2023-01-13
SYN-cc02b8505449fb3f,554598008,4,17,68,2023-01-13
SYN-cc02b8505449fb3f,554598010,6,17,102,2023-01-13
SYN-cc02b8505449fb3f,554598026,3,17,51,2023-01-13
SYN-cc02b8505449fb3f,554598028,4,17,68,2023-01-13
SYN-cc0bac78bd3178b6,524825014,6,42,252,2023-01-05
SYN-cc0bac78bd3178b6,589924011,4,25,100,2023-01-05
SYN-cc0bac78bd3178b6,637549003,2,34,68,2023-01-05
SYN-cc0bac78bd3178b6,685687003,5,17,85,2023-01-05
SYN-cc0d7f5523cfbc1c,637549013,2,34,68,2023-06-07
SYN-cc0d7f5523cfbc1c,683662006,4,12,48,2023-06-07
SYN-cc19504096cf913f,581777008,5,46,230,2023-03-27
SYN-cc19504096cf913f,725253001,4,51,204,2023-03-27
SYN-cc20632421239956,559630004,3,15,45,2023-02-14
SYN-cc20632421239956,559637004,4,10,40,2023-02-14
SYN-cc3882ccde6ca1c9,201219011,2,19,38,2023-08-26
SYN-cc38dea586eb4601,660712007,6,42,252,2023-08-27
SYN-cc3e82bd71a8d661,681247001,2,59,118,2023-07-25
SYN-cc3e82bd71a8d661,681247002,4,59,236,2023-07-25
SYN-cc64c6f5a31c93a5,549477005,3,51,153,2023-04-18
SYN-cc64c6f5a31c93a5,608483007,6,25,150,2023-04-18
SYN-cc64c6f5a31c93a5,653248003,5,34,170,2023-04-18
SYN-cc64c6f5a31c93a5,684588007,4,25,100,2023-04-18
SYN-cc64c6f5a31c93a5,684825001,2,34,68,2023-04-18
SYN-cc64c6f5a31c93a5,690992001,2,17,34,2023-04-18
SYN-cc76816ff60b8859,482638006,5,10,50,2023-07-07
SYN-cc76816ff60b8859,482638017,6,9,54,2023-07-07
SYN-cc76816ff60b8859,581162008,5,9,45,2023-07-07
SYN-cc7d01d6b868929c,562252004,3,15,45,2023-09-11
SYN-cc7d01d6b868929c,650193001,6,51,306,2023-09-11
SYN-cc7ffc7a5750e36c,506110001,5,25,125,2023-12-15
SYN-cc7ffc7a5750e36c,616705002,5,14,70,2023-12-15
SYN-cc7ffc7a5750e36c,631590002,5,46,230,2023-12-15
SYN-cc7ffc7a5750e36c,631590005,5,46,230,2023-12-15
SYN-cc7ffc7a5750e36c,685687001,4,17,68,2023-12-15
SYN-cc7ffc7a5750e36c,685687004,3,17,51,2023-12-15
SYN-cc869c34113c04f4,502186013,4,34,136,2023-07-17
SYN-cc869c34113c04f4,538993005,3,42,126,2023-07-17
SYN-cc869c34113c04f4,677077001,5,17,85,2023-07-17
SYN-cc8eec4d04a82de4,625480004,5,34,170,2023-07-29
SYN-cc8eec4d04a82de4,649242001,5,51,255,2023-07-29
SYN-cc8eec4d04a82de4,661589001,5,56,280,2023-07-29
SYN-cc8eec4d04a82de4,693642001,2,51,102,2023-07-29
SYN-cc98e7a8c41ce75f,549251001,6,34,204,2023-07-05
SYN-cca1847ab51095b9,640807002,2,68,136,2023-08-26
SYN-ccac2b6b3a7fbb75,552473025,3,24,72,2023-08-20
SYN-ccb604acc3ad58e9,559619002,6,12,72,2023-06-19
SYN-ccb604acc3ad58e9,594997002,6,10,60,2023-06-19
SYN-ccbf7b35c6d11b85,626445006,6,25,150,2023-08-23
SYN-ccbf7b35c6d11b85,646608002,6,34,204,2023-08-23
SYN-ccc81e12a8fab016,548111005,6,14,84,2023-04-30
SYN-ccc81e12a8fab016,548111007,6,14,84,2023-04-30
SYN-ccc81e12a8fab016,565202014,4,7,28,2023-04-30
SYN-ccc81e12a8fab016,598863001,6,13,78,2023-04-30
SYN-ccc81e12a8fab016,611193001,6,17,102,2023-04-30
SYN-ccc85eab46c704eb,573716040,2,22,44,2023-03-22
SYN-ccc85eab46c704eb,612182014,6,27,162,2023-03-22
SYN-ccc85eab46c704eb,705032002,6,26,156,2023-03-22
SYN-ccca66d4e6794a52,325542015,5,34,170,2023-03-24
SYN-ccca66d4e6794a52,608769002,6,68,408,2023-03-24
SYN-ccca66d4e6794a52,655691001,6,51,306,2023-03-24
SYN-ccca66d4e6794a52,664074005,4,17,68,2023-03-24
SYN-cccd534dccd3fb84,288859004,3,3,9,2023-02-15
SYN-cccdc5ccfc2e5e05,469658009,6,22,132,2023-09-26
SYN-cccdc5ccfc2e5e05,651089001,6,85,510,2023-09-26
SYN-cccdc5ccfc2e5e05,658254006,2,51,102,2023-09-26
SYN-cccdc5ccfc2e5e05,659459003,3,85,255,2023-09-26
SYN-cccdc5ccfc2e5e05,662857004,2,42,84,2023-09-26
SYN-cccdc5ccfc2e5e05,662868002,5,34,170,2023-09-26
SYN-cccdc5ccfc2e5e05,662972001,3,85,255,2023-09-26
SYN-cccdc5ccfc2e5e05,667491011,4,25,100,2023-09-26
SYN-cccdc5ccfc2e5e05,677964001,2,34,68,2023-09-26
SYN-ccd3d4e946e4c7f4,569974001,4,34,136,2023-03-11
SYN-ccd3d4e946e4c7f4,667769005,5,34,170,2023-03-11
SYN-ccd3d4e946e4c7f4,667770005,6,34,204,2023-03-11
SYN-ccdbe467faa9f4c4,399201005,2,59,118,2023-10-24
SYN-ccdbe467faa9f4c4,615141002,5,25,125,2023-10-24
SYN-ccdbe467faa9f4c4,662888003,3,34,102,2023-10-24
SYN-ccdbe467faa9f4c4,667491011,2,25,50,2023-10-24
SYN-ccdbe467faa9f4c4,673638001,4,17,68,2023-10-24
SYN-ccdbe467faa9f4c4,677967009,6,25,150,2023-10-24
SYN-ccdbe467faa9f4c4,685687004,2,17,34,2023-10-24
SYN-cce39863dc7fe212,579941002,3,20,60,2023-11-12
SYN-cce39863dc7fe212,625229004,6,20,120,2023-11-12
SYN-cce39863dc7fe212,629760002,2,15,30,2023-11-12
SYN-cce39863dc7fe212,649356002,2,27,54,2023-11-12
SYN-cce662b04b763b3c,478549001,3,51,153,2023-01-14
SYN-cce662b04b763b3c,504155015,4,34,136,2023-01-14
SYN-cce662b04b763b3c,674023001,5,51,255,2023-01-14
SYN-ccea244fc68c9f9c,603584008,2,12,24,2023-08-14
SYN-ccea244fc68c9f9c,603584011,3,20,60,2023-08-14
SYN-cd013fe8b608080c,547780001,5,25,125,2023-12-26
SYN-cd013fe8b608080c,563519001,6,25,150,2023-12-26
SYN-cd1398b66c017c25,573716040,6,25,150,2023-05-15
SYN-cd1ba90b72d50661,585886001,3,41,123,2023-10-04
SYN-cd1ba90b72d50661,679203001,2,83,166,2023-10-04
SYN-cd34886bbb92bc96,675827001,2,34,68,2023-07-07
SYN-cd35262b8b74adc1,189634001,5,14,70,2023-11-13
SYN-cd35262b8b74adc1,561445003,4,8,32,2023-11-13
SYN-cd35262b8b74adc1,561445020,6,8,48,2023-11-13
SYN-cd35262b8b74adc1,564787014,6,38,228,2023-11-13
SYN-cd35262b8b74adc1,568597006,2,38,76,2023-11-13
SYN-cd35262b8b74adc1,568597009,5,38,190,2023-11-13
SYN-cd35262b8b74adc1,568601008,5,46,230,2023-11-13
SYN-cd35262b8b74adc1,578478006,6,38,228,2023-11-13
SYN-cd35262b8b74adc1,588689001,5,31,155,2023-11-13
SYN-cd35262b8b74adc1,608776003,5,12,60,2023-11-13
SYN-cd35262b8b74adc1,625773003,6,53,318,2023-11-13
SYN-cd35262b8b74adc1,634332006,4,38,152,2023-11-13
SYN-cd35262b8b74adc1,651273003,4,20,80,2023-11-13
SYN-cd35262b8b74adc1,651456002,3,15,45,2023-11-13
SYN-cd35262b8b74adc1,662868001,6,31,186,2023-11-13
SYN-cd35262b8b74adc1,662868002,4,31,124,2023-11-13
SYN-cd35262b8b74adc1,662868004,4,31,124,2023-11-13
SYN-cd35262b8b74adc1,667173002,3,46,138,2023-11-13
SYN-cd35262b8b74adc1,672890001,3,25,75,2023-11-13
SYN-cd35262b8b74adc1,673643001,2,27,54,2023-11-13
SYN-cd35262b8b74adc1,674492001,3,23,69,2023-11-13
SYN-cd35262b8b74adc1,677711003,5,22,110,2023-11-13
SYN-cd35262b8b74adc1,694153002,5,31,155,2023-11-13
SYN-cd437726a0dab21b,587096005,5,31,155,2023-09-23
SYN-cd437726a0dab21b,588146001,4,29,116,2023-09-23
SYN-cd437726a0dab21b,588232001,4,24,96,2023-09-23
SYN-cd437726a0dab21b,608221001,3,17,51,2023-09-23
SYN-cd437726a0dab21b,614423001,5,47,235,2023-09-23
SYN-cd437726a0dab21b,635929001,4,44,176,2023-09-23
SYN-cd437726a0dab21b,664337001,4,34,136,2023-09-23
SYN-cd4535458ead1a2b,524825013,6,42,252,2023-10-18
SYN-cd4535458ead1a2b,612182001,4,33,132,2023-10-18
SYN-cd4535458ead1a2b,613666002,4,38,152,2023-10-18
SYN-cd4535458ead1a2b,613666003,5,58,290,2023-10-18
SYN-cd4535458ead1a2b,625939013,3,8,24,2023-10-18
SYN-cd4535458ead1a2b,634196001,2,50,100,2023-10-18
SYN-cd4535458ead1a2b,639192001,4,66,264,2023-10-18
SYN-cd4535458ead1a2b,661806002,5,50,250,2023-10-18
SYN-cd52ed9ae8518c0e,678861001,6,39,234,2023-06-21
SYN-cd52ed9ae8518c0e,684210001,3,54,162,2023-06-21
SYN-cd581026cfbf0c04,608007002,4,36,144,2023-06-25
SYN-cd581026cfbf0c04,615959005,5,14,70,2023-06-25
SYN-cd581026cfbf0c04,639190002,5,31,155,2023-06-25
SYN-cd581026cfbf0c04,641715002,4,20,80,2023-06-25
SYN-cd581026cfbf0c04,644783001,6,31,186,2023-06-25
SYN-cd581026cfbf0c04,656367001,6,36,216,2023-06-25
SYN-cd581026cfbf0c04,677459004,2,29,58,2023-06-25
SYN-cd76339957bf7f46,529008026,6,25,150,2023-04-24
SYN-cd76339957bf7f46,552471033,3,17,51,2023-04-24
SYN-cd76339957bf7f46,559619002,2,12,24,2023-04-24
SYN-cd76339957bf7f46,559630002,2,15,30,2023-04-24
SYN-cd76339957bf7f46,563205001,5,7,35,2023-04-24
SYN-cd76339957bf7f46,580054005,2,10,20,2023-04-24
SYN-cd76339957bf7f46,597763001,6,10,60,2023-04-24
SYN-cd76339957bf7f46,598811009,6,5,30,2023-04-24
SYN-cd76339957bf7f46,603401003,4,10,40,2023-04-24
SYN-cd76339957bf7f46,611479004,5,10,50,2023-04-24
SYN-cd76339957bf7f46,632982015,5,14,70,2023-04-24
SYN-cd76339957bf7f46,645732002,5,49,245,2023-04-24
SYN-cd78181b473d6578,673677003,2,17,34,2023-04-29
SYN-cd78181b473d6578,685687002,2,17,34,2023-04-29
SYN-cd78181b473d6578,685687004,6,17,102,2023-04-29
SYN-cd8fffa44fe52043,625819002,3,25,75,2023-12-27
SYN-cd9905d1f4cc5ee3,653409003,2,197,394,2023-10-09
SYN-cda0cea9e9dc92c0,419634001,6,3,18,2023-06-30
SYN-cda0cea9e9dc92c0,537738001,3,15,45,2023-06-30
SYN-cda0cea9e9dc92c0,644783001,6,31,186,2023-06-30
SYN-cda24fe907594d52,399223004,5,29,145,2023-11-23
SYN-cda24fe907594d52,399256001,2,17,34,2023-11-23
SYN-cda24fe907594d52,667499009,2,25,50,2023-11-23
SYN-cdbc2a861f27f972,489607003,6,32,192,2023-05-08
SYN-cdc60d46184a7ced,506191003,4,17,68,2023-12-25
SYN-cdc60d46184a7ced,590928001,3,31,93,2023-12-25
SYN-cdc60d46184a7ced,626713002,6,25,150,2023-12-25
SYN-cdc82da5ede7d6f6,585398005,2,25,50,2023-07-18
SYN-cdc82da5ede7d6f6,619353007,5,25,125,2023-07-18
SYN-cdc82da5ede7d6f6,623277004,2,25,50,2023-07-18
SYN-cdc82da5ede7d6f6,658475001,3,42,126,2023-07-18
SYN-cddcc6cd86e6cbee,637131001,3,22,66,2023-12-16
SYN-cde1a2202accffd2,615141003,3,25,75,2023-10-03
SYN-cde1a2202accffd2,640639003,2,17,34,2023-10-03
SYN-cde1a2202accffd2,668767002,5,17,85,2023-10-03
SYN-cde1a2202accffd2,669014003,5,74,370,2023-10-03
SYN-cde1a2202accffd2,676352001,3,25,75,2023-10-03
SYN-cde1a2202accffd2,688508002,5,58,290,2023-10-03
SYN-cde1a2202accffd2,692454002,3,25,75,2023-10-03
SYN-cde1a2202accffd2,695707001,3,41,123,2023-10-03
SYN-cde1a2202accffd2,696447003,4,66,264,2023-10-03
SYN-cdfdb7c7dd13059e,573085010,2,34,68,2023-09-20
SYN-cdfe4a85dc12ab36,579695005,6,22,132,2023-02-07
SYN-cdfe4a85dc12ab36,622678003,3,22,66,2023-02-07
SYN-cdfe4a85dc12ab36,622678005,5,14,70,2023-02-07
SYN-cdfe4a85dc12ab36,644783001,4,31,124,2023-02-07
SYN-cdfe4a85dc12ab36,653428001,5,136,680,2023-02-07
SYN-cdfe4a85dc12ab36,673677002,2,17,34,2023-02-07
SYN-cdfe4a85dc12ab36,675952003,5,34,170,2023-02-07
SYN-cdffa7d4c55efc9e,179123001,6,15,90,2023-01-07
SYN-cdffa7d4c55efc9e,495949002,3,51,153,2023-01-07
SYN-cdffa7d4c55efc9e,567993016,5,23,115,2023-01-07
SYN-cdffa7d4c55efc9e,599580001,3,17,51,2023-01-07
SYN-cdffa7d4c55efc9e,621367001,6,34,204,2023-01-07
SYN-cdffa7d4c55efc9e,636455009,2,46,92,2023-01-07
SYN-cdffa7d4c55efc9e,639893003,3,25,75,2023-01-07
SYN-cdffa7d4c55efc9e,645969001,5,42,210,2023-01-07
SYN-cdffa7d4c55efc9e,645971001,3,17,51,2023-01-07
SYN-cdffa7d4c55efc9e,654757001,5,31,155,2023-01-07
SYN-ce07b7a51a15afc7,243937023,5,17,85,2023-01-31
SYN-ce07b7a51a15afc7,373506019,6,14,84,2023-01-31
SYN-ce07b7a51a15afc7,534181007,3,159,477,2023-01-31
SYN-ce07b7a51a15afc7,674079002,2,25,50,2023-01-31
SYN-ce1f8603327df223,517462001,2,19,38,2023-02-09
SYN-ce2823053eeb620a,566940004,5,12,60,2023-12-17
SYN-ce2823053eeb620a,566941003,6,14,84,2023-12-17
SYN-ce2823053eeb620a,566941004,6,10,60,2023-12-17
SYN-ce284938dc471a02,215589001,3,13,39,2023-01-05
SYN-ce284938dc471a02,250099002,6,23,138,2023-01-05
SYN-ce284938dc471a02,306307002,6,5,30,2023-01-05
SYN-ce284938dc471a02,341129001,2,17,34,2023-01-05
SYN-ce284938dc471a02,469562013,4,65,260,2023-01-05
SYN-ce284938dc471a02,469562034,2,65,130,2023-01-05
SYN-ce284938dc471a02,624445002,4,16,64,2023-01-05
SYN-ce28e4d475246ff6,615042006,2,17,34,2023-10-08
SYN-ce28e4d475246ff6,615042010,2,17,34,2023-10-08
SYN-ce28e4d475246ff6,623115001,4,51,204,2023-10-08
SYN-ce28e4d475246ff6,665095002,6,25,150,2023-10-08
SYN-ce2d2fde5b8b396f,598795014,4,14,56,2023-03-14
SYN-ce3cf5e80dcd5548,292551001,6,9,54,2023-03-25
SYN-ce3cf5e80dcd5548,532954003,5,3,15,2023-03-25
SYN-ce3cf5e80dcd5548,548546001,6,34,204,2023-03-25
SYN-ce4f421f421204bf,628426003,4,20,80,2023-04-16
SYN-ce5dc165bda3e97c,628813002,2,14,28,2023-08-05
SYN-ce5dc165bda3e97c,629764001,2,14,28,2023-08-05
SYN-ce5fb32422f8764f,548388013,2,42,84,2023-08-04
SYN-ce5fb32422f8764f,660830001,5,34,170,2023-08-04
SYN-ce7c026b88ae45be,504154003,5,20,100,2023-06-24
SYN-ce7c026b88ae45be,504154015,5,15,75,2023-06-24
SYN-ce7c026b88ae45be,532578020,3,25,75,2023-06-24
SYN-ce7c026b88ae45be,671553002,5,17,85,2023-06-24
SYN-ce7c026b88ae45be,671553008,3,17,51,2023-06-24
SYN-ce7c026b88ae45be,685687004,2,17,34,2023-06-24
SYN-ce800cb7dbce9ea1,572998001,5,41,205,2023-02-27
SYN-ce8de5dafc75b637,636455009,2,48,96,2023-01-15
SYN-ce90eef2277193f2,564787001,4,12,48,2023-07-03
SYN-ce90eef2277193f2,608007003,5,119,595,2023-07-03
SYN-ce90eef2277193f2,608007007,4,36,144,2023-07-03
SYN-ce90eef2277193f2,630116005,4,34,136,2023-07-03
SYN-ce90eef2277193f2,636172001,3,51,153,2023-07-03
SYN-ce90eef2277193f2,659289001,3,68,204,2023-07-03
SYN-ce90eef2277193f2,662888003,2,34,68,2023-07-03
SYN-ce90eef2277193f2,665228001,3,68,204,2023-07-03
SYN-ce90eef2277193f2,693584002,3,51,153,2023-07-03
SYN-ce92660e87155496,678073002,5,25,125,2023-09-05
SYN-ce9c79bb03c63824,558986001,4,22,88,2023-02-25
SYN-cea3d1995062d589,240561001,2,11,22,2023-12-15
SYN-cea3d1995062d589,251510001,2,11,22,2023-12-15
SYN-cea3d1995062d589,542402001,2,11,22,2023-12-15
SYN-cea3d1995062d589,683001001,3,17,51,2023-12-15
SYN-cea461e73bcc202f,562245059,5,20,100,2023-06-06
SYN-cea461e73bcc202f,564793001,2,9,18,2023-06-06
SYN-cea461e73bcc202f,569374001,5,17,85,2023-06-06
SYN-cea461e73bcc202f,595021001,2,14,28,2023-06-06
SYN-cea461e73bcc202f,597963001,6,10,60,2023-06-06
SYN-cea461e73bcc202f,598806002,6,10,60,2023-06-06
SYN-cea461e73bcc202f,622228002,5,20,100,2023-06-06
SYN-cea461e73bcc202f,632143001,3,34,102,2023-06-06
SYN-cea461e73bcc202f,708021001,3,17,51,2023-06-06
SYN-cea4dde76859ef12,630116001,4,31,124,2023-12-29
SYN-ceabec9b44d2723f,552315002,2,38,76,2023-09-18
SYN-ceabec9b44d2723f,568174026,5,15,75,2023-09-18
SYN-ceabec9b44d2723f,663851003,4,23,92,2023-09-18
SYN-ceabec9b44d2723f,666584001,6,12,72,2023-09-18
SYN-ceae113c19c034b1,572931001,5,25,125,2023-09-24
SYN-ceb69a2d622493cb,190021021,5,14,70,2023-04-09
SYN-ceb69a2d622493cb,690480002,3,34,102,2023-04-09
SYN-cecb93dde1015c51,351484002,4,12,48,2023-08-18
SYN-cecb93dde1015c51,458543001,2,14,28,2023-08-18
SYN-cecb93dde1015c51,485689011,5,25,125,2023-08-18
SYN-cecb93dde1015c51,584631020,5,17,85,2023-08-18
SYN-cecb93dde1015c51,670316001,2,14,28,2023-08-18
SYN-cecb93dde1015c51,683379002,5,14,70,2023-08-18
SYN-cece50dae89b20d1,656719003,5,48,240,2023-03-23
SYN-cef1d24aad064c7c,519583028,4,34,136,2023-06-25
SYN-cef1d24aad064c7c,539723005,3,34,102,2023-06-25
SYN-cef1d24aad064c7c,562245004,4,24,96,2023-06-25
SYN-cef1d24aad064c7c,562245018,5,20,100,2023-06-25
SYN-cef1d24aad064c7c,572942002,3,36,108,2023-06-25
SYN-cef1d24aad064c7c,586203001,3,41,123,2023-06-25
SYN-cef1d24aad064c7c,599502009,4,32,128,2023-06-25
SYN-cef1d24aad064c7c,608483002,4,14,56,2023-06-25
SYN-cef1d24aad064c7c,685687004,5,17,85,2023-06-25
SYN-cf13ed3459699c13,648968003,4,34,136,2023-07-03
SYN-cf13ed3459699c13,664338002,3,34,102,2023-07-03
SYN-cf13ed3459699c13,681815001,5,17,85,2023-07-03
SYN-cf3c1551eb1ae472,399136023,2,42,84,2023-01-28
SYN-cf3ee17d4f0ca32f,397068014,5,34,170,2023-08-27
SYN-cf3ee17d4f0ca32f,554541014,3,42,126,2023-08-27
SYN-cf49f7216aa9dc3b,237347036,6,31,186,2023-09-11
SYN-cf49f7216aa9dc3b,237347037,5,31,155,2023-09-11
SYN-cf49f7216aa9dc3b,316441011,5,15,75,2023-09-11
SYN-cf49f7216aa9dc3b,316441023,5,15,75,2023-09-11
SYN-cf49f7216aa9dc3b,495725005,3,51,153,2023-09-11
SYN-cf49f7216aa9dc3b,547780003,6,23,138,2023-09-11
SYN-cf49f7216aa9dc3b,547780015,4,23,92,2023-09-11
SYN-cf49f7216aa9dc3b,634013011,4,34,136,2023-09-11
SYN-cf49f7216aa9dc3b,682550006,4,31,124,2023-09-11
SYN-cf59d068260eada1,559072001,2,49,98,2023-06-15
SYN-cf59d068260eada1,661910001,5,159,795,2023-06-15
SYN-cf59d068260eada1,694986001,2,168,336,2023-06-15
SYN-cf68fbc3e422e910,640174002,2,32,64,2023-09-29
SYN-cf7cf6fa7c73206a,662935002,6,51,306,2023-10-01
SYN-cf9a4463565e8185,639672001,2,14,28,2023-08-20
SYN-cfa519c3b7319086,429313008,4,26,104,2023-12-14
SYN-cfa519c3b7319086,552018007,2,29,58,2023-12-14
SYN-cfa519c3b7319086,553881021,4,14,56,2023-12-14
SYN-cfa519c3b7319086,568751005,5,10,50,2023-12-14
SYN-cfa519c3b7319086,628326003,2,14,28,2023-12-14
SYN-cfa519c3b7319086,654423001,2,25,50,2023-12-14
SYN-cfa519c3b7319086,658487002,6,25,150,2023-12-14
SYN-cfa519c3b7319086,665211001,6,15,90,2023-12-14
SYN-cfbd9afadaf07dab,525500001,6,42,252,2023-02-19
SYN-cfbd9afadaf07dab,551504002,3,102,306,2023-02-19
SYN-cfbd9afadaf07dab,600229015,2,34,68,2023-02-19
SYN-cfbd9afadaf07dab,618480002,2,34,68,2023-02-19
SYN-cfbd9afadaf07dab,643217002,2,51,102,2023-02-19
SYN-cfbd9afadaf07dab,649440007,5,17,85,2023-02-19
SYN-cfc27467c9dcacb0,422106001,4,24,96,2023-07-04
SYN-cfc27467c9dcacb0,548546009,3,20,60,2023-07-04
SYN-d012dc07d3fa0671,501820043,2,17,34,2023-07-29
SYN-d012dc07d3fa0671,637549002,5,34,170,2023-07-29
SYN-d012dc07d3fa0671,637549003,5,34,170,2023-07-29
SYN-d01acad026c79cf9,657395002,2,31,62,2023-01-14
SYN-d01acad026c79cf9,684210001,5,53,265,2023-01-14
SYN-d01acad026c79cf9,688873018,4,31,124,2023-01-14
SYN-d028011781eac6bb,653114001,3,68,204,2023-05-07
SYN-d029dd356c0fc1b5,522346001,4,41,164,2023-01-23
SYN-d029dd356c0fc1b5,654861001,5,168,840,2023-01-23
SYN-d02a3fdbcca46373,652840001,3,31,93,2023-10-19
SYN-d02d8b97de3be7ee,532954002,6,3,18,2023-11-09
SYN-d02d8b97de3be7ee,646551001,3,17,51,2023-11-09
SYN-d036c7d0dd511bf6,668767004,4,17,68,2023-03-08
SYN-d036c7d0dd511bf6,675319002,4,51,204,2023-03-08
SYN-d036c7d0dd511bf6,680187001,4,17,68,2023-03-08
SYN-d036c7d0dd511bf6,690586001,5,136,680,2023-03-08
SYN-d0471e88b29fbfc3,639192001,3,61,183,2023-09-13
SYN-d051b304d63ccd04,637268008,6,51,306,2023-11-16
SYN-d051b304d63ccd04,639448005,2,47,94,2023-11-16
SYN-d06203cd3c7e2172,399136011,3,59,177,2023-08-22
SYN-d06203cd3c7e2172,616808001,4,9,36,2023-08-22
SYN-d0667498f4f9876f,642739003,3,29,87,2023-01-28
SYN-d0667498f4f9876f,662728004,5,22,110,2023-01-28
SYN-d067ffc1acf77374,573085001,5,24,120,2023-02-02
SYN-d067ffc1acf77374,573085020,6,34,204,2023-02-02
SYN-d067ffc1acf77374,685687003,2,17,34,2023-02-02
SYN-d067ffc1acf77374,685687004,5,17,85,2023-02-02
SYN-d06a841cdd9327bf,632523002,5,56,280,2023-09-20
SYN-d06a841cdd9327bf,671491001,2,51,102,2023-09-20
SYN-d079baae8a18d994,613084001,6,42,252,2023-11-29
SYN-d079baae8a18d994,628788004,3,25,75,2023-11-29
SYN-d079baae8a18d994,629731001,6,25,150,2023-11-29
SYN-d079baae8a18d994,671513001,2,22,44,2023-11-29
SYN-d09855f7f53d5244,552617006,3,29,87,2023-01-03
SYN-d09855f7f53d5244,631536007,6,14,84,2023-01-03
SYN-d0a329a3d1e48186,253448001,4,25,100,2023-02-13
SYN-d0a329a3d1e48186,591702003,2,31,62,2023-02-13
SYN-d0a329a3d1e48186,591702005,2,31,62,2023-02-13
SYN-d0a329a3d1e48186,646825001,4,25,100,2023-02-13
SYN-d0ab96db8b322468,523160018,2,32,64,2023-08-17
SYN-d0ab96db8b322468,581971001,6,57,342,2023-08-17
SYN-d0ab96db8b322468,592975013,5,48,240,2023-08-17
SYN-d0ab96db8b322468,634249002,4,32,128,2023-08-17
SYN-d0ad48a20f672713,156231001,5,9,45,2023-03-17
SYN-d0b991e413a3ecfd,669215002,6,25,150,2023-05-05
SYN-d0b991e413a3ecfd,669215004,3,25,75,2023-05-05
SYN-d0be1f3a5d72b0e0,333159002,5,22,110,2023-10-30
SYN-d0be1f3a5d72b0e0,334077001,3,22,66,2023-10-30
SYN-d0be1f3a5d72b0e0,416157025,5,34,170,2023-10-30
SYN-d0be1f3a5d72b0e0,533406023,3,51,153,2023-10-30
SYN-d0be1f3a5d72b0e0,617036003,4,46,184,2023-10-30
SYN-d0be1f3a5d72b0e0,633230001,3,42,126,2023-10-30
SYN-d0c8e04cd55b733e,638416001,4,17,68,2023-09-08
SYN-d0d0451576d9ea32,561797001,2,17,34,2023-05-17
SYN-d0d0451576d9ea32,563519006,3,25,75,2023-05-17
SYN-d0d0451576d9ea32,697349008,2,34,68,2023-05-17
SYN-d0dcc58eb7ca4ef9,464908037,6,17,102,2023-12-10
SYN-d0dcc58eb7ca4ef9,507883009,5,14,70,2023-12-10
SYN-d109fefd4ce2fa45,545449031,6,17,102,2023-07-14
SYN-d109fefd4ce2fa45,624120001,2,14,28,2023-07-14
SYN-d11de4a203a859f5,643552001,2,42,84,2023-02-01
SYN-d11e940781df4257,512251003,3,25,75,2023-07-11
SYN-d11e940781df4257,543310001,5,51,255,2023-07-11
SYN-d11e940781df4257,632516001,2,68,136,2023-07-11
SYN-d11e940781df4257,637255010,4,25,100,2023-07-11
SYN-d11e940781df4257,649397001,5,42,210,2023-07-11
SYN-d11e940781df4257,663396001,5,51,255,2023-07-11
SYN-d11e940781df4257,671624001,2,102,204,2023-07-11
SYN-d11e940781df4257,678230003,6,34,204,2023-07-11
SYN-d11e940781df4257,685687004,2,17,34,2023-07-11
SYN-d11e940781df4257,701129002,3,25,75,2023-07-11
SYN-d127c000074ca925,504890002,6,12,72,2023-08-24
SYN-d133d846e2889943,644464002,6,12,72,2023-02-05
SYN-d133f65be0d6dad4,545396033,6,17,102,2023-02-02
SYN-d133f65be0d6dad4,579118004,3,42,126,2023-02-02
SYN-d133f65be0d6dad4,594834001,3,12,36,2023-02-02
SYN-d133f65be0d6dad4,633148001,4,25,100,2023-02-02
SYN-d133f65be0d6dad4,674492001,2,20,40,2023-02-02
SYN-d133f65be0d6dad4,675952003,2,34,68,2023-02-02
SYN-d14e00089b756234,610543011,6,25,150,2023-09-19
SYN-d15047b4b59c0a73,562245001,4,22,88,2023-03-19
SYN-d15047b4b59c0a73,562245004,3,24,72,2023-03-19
SYN-d15047b4b59c0a73,562245018,4,20,80,2023-03-19
SYN-d162e7585f0cd9b5,519789001,3,51,153,2023-04-28
SYN-d162e7585f0cd9b5,605939004,2,59,118,2023-04-28
SYN-d162e7585f0cd9b5,662868001,2,34,68,2023-04-28
SYN-d1856060f9252381,579541026,2,16,32,2023-05-18
SYN-d1856060f9252381,615141002,5,24,120,2023-05-18
SYN-d1856060f9252381,654100001,6,16,96,2023-05-18
SYN-d1856060f9252381,667491006,4,24,96,2023-05-18
SYN-d1856060f9252381,671505002,2,32,64,2023-05-18
SYN-d1856060f9252381,677121004,6,24,144,2023-05-18
SYN-d18ff1b2e8ebbe05,557246013,3,20,60,2023-02-10
SYN-d19e7f6d82cae5d4,625819005,4,25,100,2023-05-09
SYN-d19e7f6d82cae5d4,676387001,2,34,68,2023-05-09
SYN-d1cb2b749fbd775a,626588003,5,64,320,2023-09-23
SYN-d1cb2b749fbd775a,669825002,5,25,125,2023-09-23
SYN-d1cb2b749fbd775a,679121001,5,17,85,2023-09-23
SYN-d1d423901d58347a,617919017,2,24,48,2023-02-01
SYN-d1d423901d58347a,679514001,6,34,204,2023-02-01
SYN-d1e7d4b7bf945395,581777008,2,51,102,2023-04-20
SYN-d1f1dc98bdd89585,532578017,3,10,30,2023-11-20
SYN-d1f1dc98bdd89585,592241004,3,10,30,2023-11-20
SYN-d1f1dc98bdd89585,607632001,4,15,60,2023-11-20
SYN-d1f4993932d56840,589222001,4,24,96,2023-02-17
SYN-d1f4993932d56840,615491002,3,20,60,2023-02-17
SYN-d1f4993932d56840,663937001,3,51,153,2023-02-17
SYN-d1f4993932d56840,669915001,3,42,126,2023-02-17
SYN-d1f4993932d56840,681815001,5,17,85,2023-02-17
SYN-d2210399855d08c6,539723005,6,31,186,2023-10-19
SYN-d2210399855d08c6,562245018,6,19,114,2023-10-19
SYN-d2210399855d08c6,636323001,5,15,75,2023-10-19
SYN-d2210399855d08c6,685687004,5,17,85,2023-10-19
SYN-d224f1389961326f,581162008,6,8,48,2023-12-17
SYN-d224f1389961326f,644803002,5,47,235,2023-12-17
SYN-d224f1389961326f,714379001,4,31,124,2023-12-17
SYN-d23238dafd06e079,662253002,4,81,324,2023-09-23
SYN-d23238dafd06e079,663396001,2,51,102,2023-09-23
SYN-d2415b16a3802c87,625773003,2,59,118,2023-03-15
SYN-d24f5a90fc4bcd95,510126016,5,51,255,2023-03-06
SYN-d253378772faf769,637131001,2,21,42,2023-11-19
SYN-d253378772faf769,685687004,4,17,68,2023-11-19
SYN-d25dd2f028cbd636,683356003,2,17,34,2023-11-01
SYN-d2612474cd59b72d,691012001,4,85,340,2023-02-02
SYN-d264a79788357638,667499003,2,24,48,2023-07-13
SYN-d26e27fadd7b0970,516859002,3,14,42,2023-09-06
SYN-d26e27fadd7b0970,562245058,4,34,136,2023-09-06
SYN-d29cf57fcb4155fa,266875001,4,17,68,2023-03-21
SYN-d29e3dd075dd8570,399256001,2,14,28,2023-05-09
SYN-d29f30d36f29365d,425978003,2,22,44,2023-08-28
SYN-d29f30d36f29365d,524825012,2,42,84,2023-08-28
SYN-d29f30d36f29365d,544290001,4,22,88,2023-08-28
SYN-d29f30d36f29365d,579125003,3,22,66,2023-08-28
SYN-d29f30d36f29365d,657476001,5,17,85,2023-08-28
SYN-d29f30d36f29365d,678933002,4,42,168,2023-08-28
SYN-d2a20d0110c7c340,547747001,4,14,56,2023-11-14
SYN-d2a20d0110c7c340,564754003,2,14,28,2023-11-14
SYN-d2a20d0110c7c340,576773002,6,22,132,2023-11-14
SYN-d2a20d0110c7c340,577513002,6,51,306,2023-11-14
SYN-d2a20d0110c7c340,578846001,3,17,51,2023-11-14
SYN-d2a20d0110c7c340,580853002,3,36,108,2023-11-14
SYN-d2a20d0110c7c340,594561001,4,25,100,2023-11-14
SYN-d2a20d0110c7c340,602293003,5,27,135,2023-11-14
SYN-d2a20d0110c7c340,608483002,5,14,70,2023-11-14
SYN-d2a20d0110c7c340,610603001,6,37,222,2023-11-14
SYN-d2a20d0110c7c340,616222001,2,14,28,2023-11-14
SYN-d2a20d0110c7c340,619660002,3,31,93,2023-11-14
SYN-d2a20d0110c7c340,624881002,5,49,245,2023-11-14
SYN-d2a20d0110c7c340,637158002,3,31,93,2023-11-14
SYN-d2a20d0110c7c340,651072001,2,34,68,2023-11-14
SYN-d2a20d0110c7c340,664490001,2,7,14,2023-11-14
SYN-d2a20d0110c7c340,671553002,2,17,34,2023-11-14
SYN-d2c5277f7000d4af,639450002,2,34,68,2023-01-04
SYN-d2c826bd63784b03,272591001,4,17,68,2023-06-06
SYN-d2c826bd63784b03,272591016,6,17,102,2023-06-06
SYN-d2c826bd63784b03,519929010,4,15,60,2023-06-06
SYN-d2c826bd63784b03,627101006,2,10,20,2023-06-06
SYN-d2c90f98ad63cf5a,482207007,2,51,102,2023-08-13
SYN-d2cbafd14c1feff2,399136011,3,59,177,2023-10-03
SYN-d2cbafd14c1feff2,399136061,4,51,204,2023-10-03
SYN-d2cbafd14c1feff2,399201020,6,85,510,2023-10-03
SYN-d2cbafd14c1feff2,664133001,5,42,210,2023-10-03
SYN-d2e0018818716bd9,515991015,2,13,26,2023-07-11
SYN-d2e0018818716bd9,647190003,6,13,78,2023-07-11
SYN-d2e6ea8cba03f314,446224014,3,17,51,2023-01-06
SYN-d2e6ea8cba03f314,562252033,6,25,150,2023-01-06
SYN-d2f52771256e75e0,705143001,3,22,66,2023-03-22
SYN-d2f52771256e75e0,705143002,5,22,110,2023-03-22
SYN-d2ff8db7572b89bf,662257001,6,25,150,2023-12-31
SYN-d3046d246cae9bd3,554598003,5,17,85,2023-09-16
SYN-d3046d246cae9bd3,664679001,3,19,57,2023-09-16
SYN-d314d6dada432360,573085001,2,24,48,2023-08-30
SYN-d314d6dada432360,669896002,4,34,136,2023-08-30
SYN-d314d6dada432360,685687001,4,17,68,2023-08-30
SYN-d332fb7e5799b0fa,617037003,2,14,28,2023-06-24
SYN-d332fb7e5799b0fa,675864002,3,34,102,2023-06-24
SYN-d33833eb00768d6c,502186011,4,34,136,2023-08-10
SYN-d33833eb00768d6c,519583028,5,34,170,2023-08-10
SYN-d33833eb00768d6c,521269001,2,34,68,2023-08-10
SYN-d33833eb00768d6c,554450001,4,34,136,2023-08-10
SYN-d33833eb00768d6c,592959010,3,39,117,2023-08-10
SYN-d33833eb00768d6c,605378001,4,17,68,2023-08-10
SYN-d33833eb00768d6c,621846006,2,25,50,2023-08-10
SYN-d33833eb00768d6c,637549005,5,34,170,2023-08-10
SYN-d33833eb00768d6c,637661002,2,51,102,2023-08-10
SYN-d33833eb00768d6c,679128002,3,22,66,2023-08-10
SYN-d34517ab6baf6967,610543011,5,25,125,2023-08-05
SYN-d35fc6604b81efcd,516741002,2,51,102,2023-01-19
SYN-d36ce9e7e2d1da83,156231001,6,6,36,2023-11-21
SYN-d36ce9e7e2d1da83,158340001,3,11,33,2023-11-21
SYN-d37f71880298e249,589855004,3,14,42,2023-11-17
SYN-d38078c2fdf0850f,637284001,4,51,204,2023-05-18
SYN-d386d7a1e54f9f3c,562245018,2,20,40,2023-04-05
SYN-d386d7a1e54f9f3c,562245059,6,20,120,2023-04-05
SYN-d386d7a1e54f9f3c,656719005,2,51,102,2023-04-05
SYN-d386d7a1e54f9f3c,665294004,6,34,204,2023-04-05
SYN-d386d7a1e54f9f3c,665384001,3,34,102,2023-04-05
SYN-d386d7a1e54f9f3c,697329006,3,59,177,2023-04-05
SYN-d3945a94f0cac27c,615130001,6,19,114,2023-09-08
SYN-d39642b9c9f9db9b,537346013,6,42,252,2023-01-09
SYN-d39642b9c9f9db9b,537346026,5,42,210,2023-01-09
SYN-d39642b9c9f9db9b,650193001,2,51,102,2023-01-09
SYN-d39e687b88c5789d,507910002,3,25,75,2023-03-23
SYN-d39e687b88c5789d,595366002,3,10,30,2023-03-23
SYN-d39e687b88c5789d,615042003,5,9,45,2023-03-23
SYN-d39e687b88c5789d,615042005,4,9,36,2023-03-23
SYN-d39e687b88c5789d,621972001,4,10,40,2023-03-23
SYN-d39e687b88c5789d,631418002,6,9,54,2023-03-23
SYN-d39e687b88c5789d,631492005,2,10,20,2023-03-23
SYN-d39e687b88c5789d,659520001,5,9,45,2023-03-23
SYN-d3a5e69f37839776,637661002,4,51,204,2023-08-19
SYN-d3eac35871d2fe7c,607834001,6,25,150,2023-02-17
SYN-d3eac35871d2fe7c,684686001,3,41,123,2023-02-17
SYN-d3eaf324bec873e6,635190002,2,20,40,2023-10-22
SYN-d404a9718517e572,538142004,5,23,115,2023-10-03
SYN-d40bc1ea97835319,683662002,2,14,28,2023-02-17
SYN-d413161c310ba0e5,510075007,5,17,85,2023-11-13
SYN-d413161c310ba0e5,524825019,5,42,210,2023-11-13
SYN-d413161c310ba0e5,599716002,6,24,144,2023-11-13
SYN-d413161c310ba0e5,633456003,5,68,340,2023-11-13
SYN-d41d480fe95ba0a6,619081001,4,32,128,2023-11-26
SYN-d41d480fe95ba0a6,665538001,3,31,93,2023-11-26
SYN-d41e5832c98e3b5f,591334003,6,17,102,2023-04-01
SYN-d41e5832c98e3b5f,675281002,2,25,50,2023-04-01
SYN-d428b460fb2ac87f,680810001,3,34,102,2023-04-24
SYN-d428b460fb2ac87f,680810002,4,34,136,2023-04-24
SYN-d455d2104bccc581,453358001,6,10,60,2023-01-06
SYN-d455d2104bccc581,690478001,4,34,136,2023-01-06
SYN-d456a166623f1c06,690586001,4,136,544,2023-03-27
SYN-d456a166623f1c06,691574001,5,85,425,2023-03-27
SYN-d459a263adfce75a,519583028,3,34,102,2023-07-28
SYN-d459a263adfce75a,554450001,3,34,102,2023-07-28
SYN-d459a263adfce75a,554450004,3,34,102,2023-07-28
SYN-d459a263adfce75a,554450005,6,34,204,2023-07-28
SYN-d45efd479c75b1c0,652783004,6,10,60,2023-11-27
SYN-d46a05f1a184b397,300024042,3,51,153,2023-09-17
SYN-d46a05f1a184b397,442915001,6,34,204,2023-09-17
SYN-d46a05f1a184b397,669950003,3,42,126,2023-09-17
SYN-d46a565ced193963,557248024,3,34,102,2023-08-20
SYN-d487ecfa7a64a32d,501820004,3,17,51,2023-05-18
SYN-d487ecfa7a64a32d,524825013,4,42,168,2023-05-18
SYN-d487ecfa7a64a32d,573716010,4,25,100,2023-05-18
SYN-d487ecfa7a64a32d,591334003,5,17,85,2023-05-18
SYN-d487ecfa7a64a32d,663568001,3,42,126,2023-05-18
SYN-d487ecfa7a64a32d,677218001,5,42,210,2023-05-18
SYN-d48858fe4035cfaa,351484014,5,11,55,2023-05-27
SYN-d48858fe4035cfaa,589599004,4,10,40,2023-05-27
SYN-d4953bc1fd4e87eb,692202001,3,22,66,2023-07-08
SYN-d4a3d4ffcdcdaa26,584940004,3,22,66,2023-04-26
SYN-d4a3d4ffcdcdaa26,592241004,3,10,30,2023-04-26
SYN-d4a3d4ffcdcdaa26,612032001,6,9,54,2023-04-26
SYN-d4a3d4ffcdcdaa26,618899007,5,23,115,2023-04-26
SYN-d4a3d4ffcdcdaa26,635190002,4,18,72,2023-04-26
SYN-d4a3d4ffcdcdaa26,673016002,6,17,102,2023-04-26
SYN-d4a4d4ce24ff50eb,399201005,2,53,106,2023-03-04
SYN-d4a4d4ce24ff50eb,615939001,6,25,150,2023-03-04
SYN-d4a4d4ce24ff50eb,630141006,5,42,210,2023-03-04
SYN-d4a4d4ce24ff50eb,652742001,5,47,235,2023-03-04
SYN-d4a4d4ce24ff50eb,654700001,4,25,100,2023-03-04
SYN-d4a4d4ce24ff50eb,654701001,2,22,44,2023-03-04
SYN-d4ab27fc2bbd14ab,572127015,6,19,114,2023-05-30
SYN-d4ab27fc2bbd14ab,572127020,4,17,68,2023-05-30
SYN-d4ab27fc2bbd14ab,604352001,2,31,62,2023-05-30
SYN-d4c519f8deff9a10,595779002,2,25,50,2023-06-14
SYN-d4c65f94e59c7824,568808001,2,38,76,2023-09-26
SYN-d4c65f94e59c7824,610776006,6,8,48,2023-09-26
SYN-d4c65f94e59c7824,678063001,5,23,115,2023-09-26
SYN-d4c65f94e59c7824,682068001,3,38,114,2023-09-26
SYN-d4c97ec5f5bdb6a2,637549002,6,34,204,2023-05-23
SYN-d4c97ec5f5bdb6a2,637549003,3,34,102,2023-05-23
SYN-d4cd8670d50cfff2,519780002,3,21,63,2023-02-12
SYN-d4cd8670d50cfff2,620973001,5,12,60,2023-02-12
SYN-d4cf6b17d5f2706a,529008026,2,25,50,2023-10-30
SYN-d4cf6b17d5f2706a,611415005,4,17,68,2023-10-30
SYN-d4cf6b17d5f2706a,651273001,6,22,132,2023-10-30
SYN-d4cf6b17d5f2706a,667491002,3,25,75,2023-10-30
SYN-d4cf6b17d5f2706a,677930002,5,17,85,2023-10-30
SYN-d4cf6b17d5f2706a,678942002,4,17,68,2023-10-30
SYN-d4cf6b17d5f2706a,678942003,3,17,51,2023-10-30
SYN-d4cf6b17d5f2706a,683662002,2,14,28,2023-10-30
SYN-d4cf6b17d5f2706a,683662006,4,14,56,2023-10-30
SYN-d4cf6b17d5f2706a,685687002,5,17,85,2023-10-30
SYN-d4cf6b17d5f2706a,692454002,2,25,50,2023-10-30
SYN-d4df53576951c62f,262277026,3,41,123,2023-07-05
SYN-d4df53576951c62f,312543001,5,25,125,2023-07-05
SYN-d4df53576951c62f,398074065,3,9,27,2023-07-05
SYN-d4df53576951c62f,524939008,2,15,30,2023-07-05
SYN-d4df53576951c62f,548111002,5,17,85,2023-07-05
SYN-d4df53576951c62f,583800009,5,14,70,2023-07-05
SYN-d4df53576951c62f,619499001,5,24,120,2023-07-05
SYN-d4e994b667a151cd,632534004,5,17,85,2023-09-19
SYN-d4e994b667a151cd,661152001,3,68,204,2023-09-19
SYN-d4ed9627c186da9f,522561002,3,85,255,2023-03-20
SYN-d4ed9627c186da9f,608483002,5,14,70,2023-03-20
SYN-d4ed9627c186da9f,633685001,3,68,204,2023-03-20
SYN-d4ed9627c186da9f,640182001,6,36,216,2023-03-20
SYN-d5023b98cb7e62af,490793027,6,10,60,2023-03-14
SYN-d5023b98cb7e62af,567731001,4,9,36,2023-03-14
SYN-d5023b98cb7e62af,612935007,5,34,170,2023-03-14
SYN-d5023b98cb7e62af,617919017,5,24,120,2023-03-14
SYN-d5023b98cb7e62af,635418002,5,12,60,2023-03-14
SYN-d5023b98cb7e62af,659669001,6,31,186,2023-03-14
SYN-d5023b98cb7e62af,664942001,3,68,204,2023-03-14
SYN-d5023b98cb7e62af,688508001,2,59,118,2023-03-14
SYN-d50cee784a47cf0b,355569001,3,9,27,2023-12-03
SYN-d50cee784a47cf0b,634021004,4,25,100,2023-12-03
SYN-d50cee784a47cf0b,655347006,2,17,34,2023-12-03
SYN-d50dacec5448da18,514577008,6,15,90,2023-02-25
SYN-d50dacec5448da18,616849016,4,9,36,2023-02-25
SYN-d50dacec5448da18,631418002,2,8,16,2023-02-25
SYN-d50dacec5448da18,637280002,4,24,96,2023-02-25
SYN-d50dacec5448da18,664949002,5,15,75,2023-02-25
SYN-d50dacec5448da18,668579001,2,15,30,2023-02-25
SYN-d517d5ed81e56ce0,714413001,4,9,36,2023-03-23
SYN-d529f4be9b01b17e,657118001,6,23,138,2023-02-16
SYN-d5396b157d057502,501820004,6,17,102,2023-02-11
SYN-d5396b157d057502,501820043,3,17,51,2023-02-11
SYN-d5396b157d057502,607427003,3,34,102,2023-02-11
SYN-d5396b157d057502,621381001,5,31,155,2023-02-11
SYN-d5396b157d057502,662888003,2,34,68,2023-02-11
SYN-d5396b157d057502,685399001,4,17,68,2023-02-11
SYN-d54c7a83a859d95f,623864001,4,29,116,2023-09-03
SYN-d5786485d560ff4a,190021003,6,14,84,2023-12-02
SYN-d5786485d560ff4a,539723001,6,34,204,2023-12-02
SYN-d5786485d560ff4a,642971002,2,9,18,2023-12-02
SYN-d5817245f4823943,669882004,3,22,66,2023-07-09
SYN-d5817245f4823943,677930003,2,14,28,2023-07-09
SYN-d582084b142da5e3,399201005,2,47,94,2023-03-22
SYN-d582b23c50667830,536139011,5,10,50,2023-04-16
SYN-d582b23c50667830,619978001,6,25,150,2023-04-16
SYN-d5872e62ff118b5f,573085019,5,34,170,2023-08-01
SYN-d58fc582c6760de0,481245003,2,31,62,2023-04-22
SYN-d58fc582c6760de0,495418003,4,10,40,2023-04-22
SYN-d59446ba5978386e,564311002,3,25,75,2023-03-17
SYN-d5a965c03c1c1d41,647334001,3,56,168,2023-07-29
SYN-d5abc935f3817568,490176004,5,25,125,2023-05-16
SYN-d5b0c99f5eb7198f,556763004,4,31,124,2023-05-21
SYN-d5b0c99f5eb7198f,622955001,6,59,354,2023-05-21
SYN-d5b0c99f5eb7198f,625939005,4,3,12,2023-05-21
SYN-d5b0c99f5eb7198f,637549011,4,34,136,2023-05-21
SYN-d5b0c99f5eb7198f,661435002,5,76,380,2023-05-21
SYN-d5b0c99f5eb7198f,681358002,6,25,150,2023-05-21
SYN-d5b0c99f5eb7198f,695151001,3,59,177,2023-05-21
SYN-d5b5dadaa55c33c4,523490003,6,5,30,2023-04-15
SYN-d5b5dadaa55c33c4,554792001,4,25,100,2023-04-15
SYN-d5ba33e26ad97a83,703193001,3,25,75,2023-06-19
SYN-d5be1c70e34d3af1,685687003,6,17,102,2023-07-30
SYN-d5be1c70e34d3af1,685687004,4,17,68,2023-07-30
SYN-d5c0df47919e6544,568597006,5,38,190,2023-09-07
SYN-d5c0df47919e6544,568601006,3,46,138,2023-09-07
SYN-d5c0df47919e6544,583362005,6,12,72,2023-09-07
SYN-d5c1e1924499dfc1,639576002,3,48,144,2023-11-02
SYN-d5c542036575187e,616808001,5,9,45,2023-04-17
SYN-d5e0932d14ec5f45,500369004,4,8,32,2023-10-10
SYN-d5e0932d14ec5f45,500372004,2,11,22,2023-10-10
SYN-d5e0932d14ec5f45,640538001,6,31,186,2023-10-10
SYN-d5fe3d21251f83c6,662344002,3,31,93,2023-04-21
SYN-d5fe3d21251f83c6,663396001,2,46,92,2023-04-21
SYN-d6017db9add16ceb,554541025,3,38,114,2023-10-01
SYN-d6017db9add16ceb,559139007,2,38,76,2023-10-01
SYN-d618fd962f2c8cf4,491912025,3,42,126,2023-04-11
SYN-d618fd962f2c8cf4,513699016,4,34,136,2023-04-11
SYN-d618fd962f2c8cf4,557246002,5,34,170,2023-04-11
SYN-d618fd962f2c8cf4,694966001,4,34,136,2023-04-11
SYN-d61a71c1002bc9e0,626346005,2,17,34,2023-08-30
SYN-d61b544f880b0341,443696011,2,25,50,2023-11-20
SYN-d61b544f880b0341,589004004,3,25,75,2023-11-20
SYN-d61b544f880b0341,692401001,6,34,204,2023-11-20
SYN-d61eb83ed4df7947,639192002,3,68,204,2023-05-06
SYN-d634959c7b950fa9,627147002,4,14,56,2023-12-07
SYN-d634959c7b950fa9,638777001,2,17,34,2023-12-07
SYN-d634959c7b950fa9,653321002,2,25,50,2023-12-07
SYN-d634959c7b950fa9,654564003,6,17,102,2023-12-07
SYN-d634959c7b950fa9,678260002,6,10,60,2023-12-07
SYN-d63d64e3c6160016,645424001,6,51,306,2023-02-13
SYN-d63d64e3c6160016,673677002,6,17,102,2023-02-13
SYN-d64f17997eae3ea8,189616006,2,17,34,2023-02-18
SYN-d64f17997eae3ea8,189616008,2,17,34,2023-02-18
SYN-d64f17997eae3ea8,647585001,3,5,15,2023-02-18
SYN-d64f17997eae3ea8,647585002,6,5,30,2023-02-18
SYN-d64f17997eae3ea8,654772001,4,34,136,2023-02-18
SYN-d654b769e51e1621,501820043,4,15,60,2023-02-27
SYN-d654b769e51e1621,607322001,4,37,148,2023-02-27
SYN-d65eb670608471bf,637515006,6,32,192,2023-02-11
SYN-d666ccdec8417f6a,505221004,4,15,60,2023-05-31
SYN-d666ccdec8417f6a,521269002,2,27,54,2023-05-31
SYN-d666ccdec8417f6a,559645002,3,20,60,2023-05-31
SYN-d672910200b08fb5,355569001,6,9,54,2023-10-27
SYN-d67d26216087d849,522398050,5,17,85,2023-04-12
SYN-d67d26216087d849,522398051,2,17,34,2023-04-12
SYN-d67d26216087d849,573716010,5,25,125,2023-04-12
SYN-d68d3c44f7a45f89,630145001,4,51,204,2023-06-17
SYN-d68d3c44f7a45f89,678086002,5,25,125,2023-06-17
SYN-d690de10ff143761,576773018,2,14,28,2023-11-05
SYN-d690de10ff143761,638777002,3,7,21,2023-11-05
SYN-d690de10ff143761,658036001,5,10,50,2023-11-05
SYN-d6a075525355ca8f,562245057,5,34,170,2023-10-01
SYN-d6cb5b23177e44ad,671505004,4,30,120,2023-01-03
SYN-d6cb5b23177e44ad,688873002,4,30,120,2023-01-03
SYN-d6d0337e5f034805,628813005,4,14,56,2023-03-05
SYN-d6efc1df8454b282,552826027,6,14,84,2023-01-15
SYN-d70a59689fdc65a3,699566001,3,68,204,2023-01-08
SYN-d70d4e14f4a03c76,564786001,2,22,44,2023-09-14
SYN-d70d4e14f4a03c76,564786020,5,22,110,2023-09-14
SYN-d717d59bc1545a17,671974001,3,85,255,2023-01-07
SYN-d7227fa3adedfaa1,537076001,4,102,408,2023-10-02
SYN-d7227fa3adedfaa1,662868002,3,34,102,2023-10-02
SYN-d7305e1098b65d22,538813002,2,68,136,2023-04-12
SYN-d7305e1098b65d22,546882001,2,34,68,2023-04-12
SYN-d7305e1098b65d22,572124006,3,41,123,2023-04-12
SYN-d7305e1098b65d22,618800006,5,34,170,2023-04-12
SYN-d7305e1098b65d22,637515005,5,34,170,2023-04-12
SYN-d7305e1098b65d22,660712001,4,42,168,2023-04-12
SYN-d7305e1098b65d22,660712003,4,42,168,2023-04-12
SYN-d7305e1098b65d22,666006006,2,119,238,2023-04-12
SYN-d7305e1098b65d22,676065001,6,51,306,2023-04-12
SYN-d7305e1098b65d22,677999003,5,68,340,2023-04-12
SYN-d7305e1098b65d22,683662002,2,14,28,2023-04-12
SYN-d7305e1098b65d22,683662006,5,14,70,2023-04-12
SYN-d74fd01e8e205309,502224001,6,68,408,2023-11-10
SYN-d74fd01e8e205309,622955002,3,59,177,2023-11-10
SYN-d74ff8507426264d,567993017,6,25,150,2023-01-04
SYN-d74ff8507426264d,567993040,6,25,150,2023-01-04
SYN-d74ff8507426264d,569526002,5,25,125,2023-01-04
SYN-d74ff8507426264d,622745001,6,50,300,2023-01-04
SYN-d74ff8507426264d,667161002,4,33,132,2023-01-04
SYN-d74ff8507426264d,673677002,3,17,51,2023-01-04
SYN-d74ff8507426264d,678086003,6,25,150,2023-01-04
SYN-d74ff8507426264d,704036002,6,33,198,2023-01-04
SYN-d76ba10cf720a004,651256001,4,22,88,2023-05-23
SYN-d77382eab126d942,615972001,3,8,24,2023-09-05
SYN-d788841e2f42ed44,674336002,2,34,68,2023-07-21
SYN-d788841e2f42ed44,674492001,4,20,80,2023-07-21
SYN-d78d7bee5379c906,556764001,4,25,100,2023-03-09
SYN-d78d7bee5379c906,559616001,2,15,30,2023-03-09
SYN-d794a3203f1cdcf6,580853002,4,36,144,2023-05-30
SYN-d794a3203f1cdcf6,607788001,4,22,88,2023-05-30
SYN-d794a3203f1cdcf6,610787001,4,29,116,2023-05-30
SYN-d794a3203f1cdcf6,614734001,6,25,150,2023-05-30
SYN-d794a3203f1cdcf6,629912001,6,25,150,2023-05-30
SYN-d794a3203f1cdcf6,658013001,3,59,177,2023-05-30
SYN-d7a39b8aa8b4d273,568597019,2,42,84,2023-03-13
SYN-d7a39b8aa8b4d273,568601019,4,51,204,2023-03-13
SYN-d7a39b8aa8b4d273,655691001,4,51,204,2023-03-13
SYN-d7b6f2a37ff06139,534181007,4,159,636,2023-12-21
SYN-d7b8559aede68cc9,598460001,5,3,15,2023-05-23
SYN-d7bc55a0941ff593,399136009,4,68,272,2023-07-13
SYN-d7bc55a0941ff593,399136033,2,68,136,2023-07-13
SYN-d7bc55a0941ff593,399136061,6,41,246,2023-07-13
SYN-d7bc55a0941ff593,507910001,6,25,150,2023-07-13
SYN-d7bc55a0941ff593,610776001,6,9,54,2023-07-13
SYN-d7bc55a0941ff593,610776002,2,9,18,2023-07-13
SYN-d7bc55a0941ff593,662868002,4,34,136,2023-07-13
SYN-d7bc55a0941ff593,662868003,2,34,68,2023-07-13
SYN-d7bc55a0941ff593,664074001,3,17,51,2023-07-13
SYN-d7bc55a0941ff593,664074007,6,17,102,2023-07-13
SYN-d7bc55a0941ff593,667491002,2,25,50,2023-07-13
SYN-d7bc55a0941ff593,675359001,5,42,210,2023-07-13
SYN-d7bc55a0941ff593,677930004,6,17,102,2023-07-13
SYN-d7bc55a0941ff593,678230003,5,34,170,2023-07-13
SYN-d7bc55a0941ff593,683493005,4,25,100,2023-07-13
SYN-d7c9400fba285e52,584895003,4,14,56,2023-02-04
SYN-d7c9400fba285e52,584895014,5,9,45,2023-02-04
SYN-d7c9400fba285e52,640639001,4,10,40,2023-02-04
SYN-d7c9400fba285e52,644464002,2,12,24,2023-02-04
SYN-d7c9400fba285e52,651863003,5,7,35,2023-02-04
SYN-d7c9400fba285e52,677017001,3,24,72,2023-02-04
SYN-d7c9400fba285e52,685687004,6,17,102,2023-02-04
SYN-d7ccca9cb598c105,517462001,4,19,76,2023-08-08
SYN-d7ccca9cb598c105,612891001,2,29,58,2023-08-08
SYN-d7ccca9cb598c105,637103001,6,25,150,2023-08-08
SYN-d7ccca9cb598c105,644522001,3,45,135,2023-08-08
SYN-d7ccca9cb598c105,644522002,3,59,177,2023-08-08
SYN-d7cd79000b6b76c3,667491002,5,25,125,2023-08-17
SYN-d7de0fd6ea7d80d0,694986001,6,168,1008,2023-11-14
SYN-d7deb182d89a9816,625480003,3,34,102,2023-09-23
SYN-d7deb182d89a9816,638628002,4,32,128,2023-09-23
SYN-d7e947ac24102957,537688013,4,51,204,2023-01-31
SYN-d7e947ac24102957,563519003,6,25,150,2023-01-31
SYN-d7e947ac24102957,612075007,3,25,75,2023-01-31
SYN-d7e947ac24102957,651165001,3,10,30,2023-01-31
SYN-d7e947ac24102957,653248003,5,34,170,2023-01-31
SYN-d7f2a17265f8f046,629365001,5,51,255,2023-07-18
SYN-d7f31b5c2fa358f2,399136004,3,59,177,2023-10-03
SYN-d7f31b5c2fa358f2,399136061,2,51,102,2023-10-03
SYN-d7f31b5c2fa358f2,399201005,6,59,354,2023-10-03
SYN-d7fc6580df9ef227,663396001,6,51,306,2023-12-29
SYN-d7fea308ecbf8015,589222001,3,24,72,2023-12-13
SYN-d7fea308ecbf8015,589222002,6,17,102,2023-12-13
SYN-d7fea308ecbf8015,589222005,4,24,96,2023-12-13
SYN-d80a24f4c75c5326,189616008,3,17,51,2023-05-05
SYN-d80a24f4c75c5326,325087002,2,25,50,2023-05-05
SYN-d80a24f4c75c5326,351933029,4,25,100,2023-05-05
SYN-d80a24f4c75c5326,573085010,4,34,136,2023-05-05
SYN-d80a24f4c75c5326,598696001,4,25,100,2023-05-05
SYN-d80a24f4c75c5326,639677001,4,25,100,2023-05-05
SYN-d80a24f4c75c5326,660712003,6,42,252,2023-05-05
SYN-d80a24f4c75c5326,669014003,3,76,228,2023-05-05
SYN-d80b9733fd6c4c71,573716002,4,20,80,2023-05-28
SYN-d81808e88161778a,427159023,4,61,244,2023-01-01
SYN-d81808e88161778a,634444001,3,61,183,2023-01-01
SYN-d81cff7fdb4fa6d8,554450006,5,20,100,2023-05-24
SYN-d81cff7fdb4fa6d8,667491006,2,25,50,2023-05-24
SYN-d8254d4067f79edf,400246014,4,37,148,2023-06-17
SYN-d82e917eed53f81b,397068015,6,34,204,2023-09-16
SYN-d82e917eed53f81b,610776006,6,9,54,2023-09-16
SYN-d82e917eed53f81b,610776022,5,9,45,2023-09-16
SYN-d8350c44f9591169,542982011,5,22,110,2023-08-28
SYN-d8350c44f9591169,576719004,6,17,102,2023-08-28
SYN-d836adedf35929c3,560389013,2,31,62,2023-11-14
SYN-d8444ff66921b2f7,536139012,3,17,51,2023-03-10
SYN-d8444ff66921b2f7,639344003,5,12,60,2023-03-10
SYN-d8444ff66921b2f7,677930005,2,17,34,2023-03-10
SYN-d8583128d8ba99da,640252004,3,25,75,2023-08-27
SYN-d8612aa9ad2f579d,671505001,6,34,204,2023-07-07
SYN-d8612aa9ad2f579d,685548002,6,56,336,2023-07-07
SYN-d869d1b083439f35,658183001,4,5,20,2023-05-08
SYN-d880295da9388f45,638657005,4,51,204,2023-10-16
SYN-d880295da9388f45,670707001,5,42,210,2023-10-16
SYN-d8886a21a4d7b470,665095003,6,24,144,2023-08-10
SYN-d88e1c1bd109a81b,665477002,4,31,124,2023-08-16
SYN-d88e1c1bd109a81b,665477003,4,31,124,2023-08-16
SYN-d8a597d9d771e542,632523002,2,42,84,2023-09-04
SYN-d8a64ef7855e4897,573085004,5,34,170,2023-06-03
SYN-d8a64ef7855e4897,573085010,5,34,170,2023-06-03
SYN-d8aecffe2d2a1c97,546684004,4,22,88,2023-02-03
SYN-d8ba28c07200cf0e,237222001,5,17,85,2023-11-20
SYN-d8ba28c07200cf0e,551371004,6,24,144,2023-11-20
SYN-d8ba28c07200cf0e,623434011,5,34,170,2023-11-20
SYN-d8ba28c07200cf0e,639976001,2,85,170,2023-11-20
SYN-d8ba28c07200cf0e,684080001,2,102,204,2023-11-20
SYN-d8c1194cb737de63,593184007,4,119,476,2023-07-30
SYN-d8c1194cb737de63,680186001,6,42,252,2023-07-30
SYN-d8c2b573a3893e4b,620533001,2,42,84,2023-03-13
SYN-d8c2b573a3893e4b,625939014,2,9,18,2023-03-13
SYN-d8c2b573a3893e4b,693208006,5,7,35,2023-03-13
SYN-d8d019c072845d1b,537346020,3,42,126,2023-10-21
SYN-d8d019c072845d1b,568137002,4,17,68,2023-10-21
SYN-d8d019c072845d1b,633781014,6,17,102,2023-10-21
SYN-d8d019c072845d1b,663396001,3,51,153,2023-10-21
SYN-d8d019c072845d1b,682456001,5,42,210,2023-10-21
SYN-d8d019c072845d1b,684686001,4,51,204,2023-10-21
SYN-d8d019c072845d1b,692002001,5,51,255,2023-10-21
SYN-d8d019c072845d1b,692002004,3,51,153,2023-10-21
SYN-d8d019c072845d1b,692216003,6,42,252,2023-10-21
SYN-d8d407ce5278c51c,579541001,3,17,51,2023-04-08
SYN-d8d407ce5278c51c,579541031,4,17,68,2023-04-08
SYN-d8d407ce5278c51c,618650002,6,2,12,2023-04-08
SYN-d8e80e3c7c4b9a02,516741002,6,51,306,2023-09-01
SYN-d8e80e3c7c4b9a02,516741004,2,54,108,2023-09-01
SYN-d8ecbe4efc6984c0,539723006,4,31,124,2023-07-21
SYN-d8ecbe4efc6984c0,554450005,3,31,93,2023-07-21
SYN-d8ecbe4efc6984c0,673900005,6,31,186,2023-07-21
SYN-d8f6ef57004867cd,661810001,2,51,102,2023-06-16
SYN-d8fc04b50b1b7d0c,325087044,5,25,125,2023-12-13
SYN-d8fc04b50b1b7d0c,541518004,2,31,62,2023-12-13
SYN-d90cec50cdff0b61,355569001,2,9,18,2023-11-17
SYN-d90cec50cdff0b61,538699001,3,9,27,2023-11-17
SYN-d90cec50cdff0b61,651912001,3,14,42,2023-11-17
SYN-d90cec50cdff0b61,651913002,5,25,125,2023-11-17
SYN-d90cec50cdff0b61,651913003,5,25,125,2023-11-17
SYN-d90cec50cdff0b61,688463001,4,14,56,2023-11-17
SYN-d911326775a2436b,657476008,6,17,102,2023-06-23
SYN-d925ed7137d8eb43,355569001,4,8,32,2023-10-31
SYN-d925ed7137d8eb43,608776002,5,12,60,2023-10-31
SYN-d925ed7137d8eb43,622958003,3,38,114,2023-10-31
SYN-d925ed7137d8eb43,622962001,6,46,276,2023-10-31
SYN-d9284defece92d58,593494003,2,17,34,2023-04-27
SYN-d9284defece92d58,613463003,2,19,38,2023-04-27
SYN-d92e80dadb26f7ab,590748001,4,64,256,2023-01-19
SYN-d9302470f5051d2c,541721001,2,17,34,2023-06-19
SYN-d9302470f5051d2c,549414004,6,12,72,2023-06-19
SYN-d9302470f5051d2c,599037001,2,10,20,2023-06-19
SYN-d9302470f5051d2c,617295001,2,22,44,2023-06-19
SYN-d94e563253ab1aa8,564786001,6,22,132,2023-04-23
SYN-d94e563253ab1aa8,630116001,4,34,136,2023-04-23
SYN-d95543750d9c688e,671505001,3,34,102,2023-05-02
SYN-d95543750d9c688e,685687004,3,17,51,2023-05-02
SYN-d95b80902f997f4a,608445001,3,27,81,2023-12-02
SYN-d96513d513639e51,637661004,5,51,255,2023-10-25
SYN-d96513d513639e51,657287001,5,17,85,2023-10-25
SYN-d96513d513639e51,657287002,3,17,51,2023-10-25
SYN-d96513d513639e51,685687004,5,17,85,2023-10-25
SYN-d9852ac77457ecf3,519929010,3,15,45,2023-09-22
SYN-d9852ac77457ecf3,539723005,6,34,204,2023-09-22
SYN-d9852ac77457ecf3,539723013,2,34,68,2023-09-22
SYN-d9852ac77457ecf3,627101006,5,10,50,2023-09-22
SYN-d9852ac77457ecf3,633781012,3,17,51,2023-09-22
SYN-d9852ac77457ecf3,673638002,4,17,68,2023-09-22
SYN-d98dd7e658b4ec56,625961002,5,17,85,2023-05-29
SYN-d98ff7db959aa0c1,639890001,3,10,30,2023-12-16
SYN-d995aaaad4c1e6ab,413707001,3,34,102,2023-04-23
SYN-d995aaaad4c1e6ab,508638022,4,10,40,2023-04-23
SYN-d995aaaad4c1e6ab,609598007,3,20,60,2023-04-23
SYN-d995aaaad4c1e6ab,615367010,6,22,132,2023-04-23
SYN-d995aaaad4c1e6ab,694589005,5,25,125,2023-04-23
SYN-d9b856fee579f85a,522398050,2,15,30,2023-11-06
SYN-d9b856fee579f85a,625480002,3,30,90,2023-11-06
SYN-d9b856fee579f85a,648630002,5,12,60,2023-11-06
SYN-d9b856fee579f85a,664074004,2,15,30,2023-11-06
SYN-d9b9833eedd10ff0,685687001,6,17,102,2023-02-24
SYN-d9e4d556774d5229,228257005,6,10,60,2023-02-17
SYN-d9e4d556774d5229,614496003,2,17,34,2023-02-17
SYN-d9e4d556774d5229,622140003,6,14,84,2023-02-17
SYN-d9ef16d97f8ff591,557293003,6,18,108,2023-01-07
SYN-d9ef16d97f8ff591,580438002,6,27,162,2023-01-07
SYN-d9ef16d97f8ff591,627300001,6,23,138,2023-01-07
SYN-d9f3239b7b9f3be2,565259003,5,17,85,2023-11-03
SYN-d9f3239b7b9f3be2,637280003,6,22,132,2023-11-03
SYN-d9f6da312fe0b075,573716002,2,25,50,2023-06-13
SYN-d9f6da312fe0b075,580469005,2,85,170,2023-06-13
SYN-d9f6da312fe0b075,580469008,3,85,255,2023-06-13
SYN-d9f6da312fe0b075,615217004,3,49,147,2023-06-13
SYN-d9f6da312fe0b075,636455004,4,31,124,2023-06-13
SYN-d9f6da312fe0b075,680374001,5,34,170,2023-06-13
SYN-da13131b25301b95,552471001,3,17,51,2023-07-06
SYN-da24fc23ef2184f4,625480003,3,27,81,2023-04-05
SYN-da2a0c213f8a2c23,498620006,5,20,100,2023-03-18
SYN-da2a0c213f8a2c23,558246003,4,15,60,2023-03-18
SYN-da2a0c213f8a2c23,561067003,6,15,90,2023-03-18
SYN-da2a0c213f8a2c23,572127015,6,19,114,2023-03-18
SYN-da2a0c213f8a2c23,582077002,6,20,120,2023-03-18
SYN-da2a0c213f8a2c23,624311001,3,15,45,2023-03-18
SYN-da305af1d596ba30,665325001,3,22,66,2023-11-26
SYN-da3ccc8372ca8643,522461002,6,17,102,2023-12-13
SYN-da4962749eac794e,568597019,5,42,210,2023-12-25
SYN-da4962749eac794e,568601019,2,51,102,2023-12-25
SYN-da4962749eac794e,664190001,6,85,510,2023-12-25
SYN-da565034e359e587,644073001,6,20,120,2023-05-01
SYN-da6168bade8ab166,652869001,2,68,136,2023-02-21
SYN-da83607aa4140a46,591333005,5,10,50,2023-02-25
SYN-da8db9e1f827467f,651584005,3,59,177,2023-08-27
SYN-da8db9e1f827467f,662868001,3,34,102,2023-08-27
SYN-da8db9e1f827467f,673677002,6,17,102,2023-08-27
SYN-da8db9e1f827467f,680186001,3,42,126,2023-08-27
SYN-da936cbbae410e8d,494691005,3,17,51,2023-12-19
SYN-da936cbbae410e8d,547367007,5,10,50,2023-12-19
SYN-da936cbbae410e8d,555990001,6,31,186,2023-12-19
SYN-da936cbbae410e8d,562245001,4,22,88,2023-12-19
SYN-da936cbbae410e8d,562245004,3,24,72,2023-12-19
SYN-da936cbbae410e8d,562245034,4,20,80,2023-12-19
SYN-da936cbbae410e8d,619148005,4,24,96,2023-12-19
SYN-da936cbbae410e8d,633130019,3,17,51,2023-12-19
SYN-da936cbbae410e8d,635084001,5,10,50,2023-12-19
SYN-da936cbbae410e8d,637549011,5,34,170,2023-12-19
SYN-da936cbbae410e8d,651244001,6,7,42,2023-12-19
SYN-da936cbbae410e8d,657476002,6,17,102,2023-12-19
SYN-da936cbbae410e8d,662868001,4,34,136,2023-12-19
SYN-da936cbbae410e8d,662868002,6,34,204,2023-12-19
SYN-da936cbbae410e8d,665477003,2,34,68,2023-12-19
SYN-da936cbbae410e8d,685687001,3,17,51,2023-12-19
SYN-da936cbbae410e8d,686269001,5,17,85,2023-12-19
SYN-da9b3087702831ba,621381002,2,27,54,2023-03-24
SYN-dab36c0149080275,457039007,6,9,54,2023-09-09
SYN-dab36c0149080275,498061007,2,12,24,2023-09-09
SYN-dab36c0149080275,549333007,3,29,87,2023-09-09
SYN-dab36c0149080275,551566002,5,21,105,2023-09-09
SYN-dab36c0149080275,558980005,6,20,120,2023-09-09
SYN-dab36c0149080275,610729002,3,10,30,2023-09-09
SYN-dab36c0149080275,646592004,2,17,34,2023-09-09
SYN-dab36c0149080275,702237001,2,17,34,2023-09-09
SYN-dabc82d59210965c,507883007,4,14,56,2023-06-18
SYN-dabc82d59210965c,557247010,3,9,27,2023-06-18
SYN-dad61fbe78dce620,524825013,5,42,210,2023-01-27
SYN-dad61fbe78dce620,573716040,3,25,75,2023-01-27
SYN-dad61fbe78dce620,634249005,6,34,204,2023-01-27
SYN-dad61fbe78dce620,637549004,5,34,170,2023-01-27
SYN-dad61fbe78dce620,637549005,4,34,136,2023-01-27
SYN-dad61fbe78dce620,637661003,6,51,306,2023-01-27
SYN-dad61fbe78dce620,651276002,6,42,252,2023-01-27
SYN-dad61fbe78dce620,660712001,6,42,252,2023-01-27
SYN-dad61fbe78dce620,660712012,5,42,210,2023-01-27
SYN-dad61fbe78dce620,663368001,2,51,102,2023-01-27
SYN-dad61fbe78dce620,667491002,6,25,150,2023-01-27
SYN-dad61fbe78dce620,667491011,4,25,100,2023-01-27
SYN-dad61fbe78dce620,688873001,2,34,68,2023-01-27
SYN-dad725eef0947f68,505507003,6,25,150,2023-06-03
SYN-dad725eef0947f68,571598015,2,9,18,2023-06-03
SYN-dad725eef0947f68,658601003,4,17,68,2023-06-03
SYN-daf543d78fb3f131,569374001,2,17,34,2023-07-17
SYN-daf543d78fb3f131,594167001,6,15,90,2023-07-17
SYN-daf543d78fb3f131,597963001,5,10,50,2023-07-17
SYN-dafa1c2011038ee6,455828001,5,36,180,2023-03-16
SYN-dafa1c2011038ee6,457039003,2,12,24,2023-03-16
SYN-dafa1c2011038ee6,579873001,4,29,116,2023-03-16
SYN-dafa1c2011038ee6,588245001,5,47,235,2023-03-16
SYN-dafa1c2011038ee6,620754001,6,22,132,2023-03-16
SYN-dafa1c2011038ee6,653210011,5,17,85,2023-03-16
SYN-dafac3dc3882eee7,636455004,5,51,255,2023-05-12
SYN-dafac3dc3882eee7,670424001,2,48,96,2023-05-12
SYN-dafbf427af0934b0,588676001,3,22,66,2023-02-25
SYN-daff8a1ebb1394a0,624632001,2,17,34,2023-09-06
SYN-daff8a1ebb1394a0,633130017,3,17,51,2023-09-06
SYN-db2c49c4e898030a,355072002,5,9,45,2023-12-29
SYN-db2c49c4e898030a,456163009,5,34,170,2023-12-29
SYN-db2c49c4e898030a,665725001,2,34,68,2023-12-29
SYN-db334d45e628ddf0,443696014,4,25,100,2023-03-19
SYN-db334d45e628ddf0,554141001,2,17,34,2023-03-19
SYN-db334d45e628ddf0,554141004,6,17,102,2023-03-19
SYN-db334d45e628ddf0,643575001,5,34,170,2023-03-19
SYN-db56b888a17612d8,464297022,2,17,34,2023-06-10
SYN-db56b888a17612d8,559645005,6,34,204,2023-06-10
SYN-db5700588082e212,700862001,2,48,96,2023-08-08
SYN-db5fe98bfaacf75d,566534013,6,26,156,2023-05-20
SYN-db5fe98bfaacf75d,581127011,5,22,110,2023-05-20
SYN-db638efde306ea1d,341242001,5,34,170,2023-07-31
SYN-db638efde306ea1d,341242012,5,34,170,2023-07-31
SYN-db638efde306ea1d,425978003,2,22,44,2023-07-31
SYN-db638efde306ea1d,501616007,4,25,100,2023-07-31
SYN-db66002a0e0857eb,640807001,6,68,408,2023-03-18
SYN-db68605265cd9b46,549477004,3,20,60,2023-04-20
SYN-db6c944d8242a2ff,399201023,6,68,408,2023-04-23
SYN-db6c944d8242a2ff,456163024,4,34,136,2023-04-23
SYN-db6c944d8242a2ff,532578018,4,25,100,2023-04-23
SYN-db6c944d8242a2ff,630116007,5,34,170,2023-04-23
SYN-db6c944d8242a2ff,633130002,4,17,68,2023-04-23
SYN-db6c944d8242a2ff,633130014,6,17,102,2023-04-23
SYN-db6c944d8242a2ff,638899001,5,51,255,2023-04-23
SYN-db75056b29ac0eb4,485552001,3,14,42,2023-03-30
SYN-db75056b29ac0eb4,531284003,5,25,125,2023-03-30
SYN-db75056b29ac0eb4,650678003,2,17,34,2023-03-30
SYN-db75056b29ac0eb4,672054002,3,17,51,2023-03-30
SYN-db7538cfc3827e6a,562245005,4,34,136,2023-09-11
SYN-db78e5bc207e7c8b,563027002,5,20,100,2023-09-29
SYN-db8972490251af0f,201219003,4,17,68,2023-05-05
SYN-db8972490251af0f,201219011,5,17,85,2023-05-05
SYN-db8972490251af0f,629731001,5,25,125,2023-05-05
SYN-db930216342d8657,522725020,6,20,120,2023-04-24
SYN-db930216342d8657,568065003,3,31,93,2023-04-24
SYN-db930216342d8657,634009004,2,24,48,2023-04-24
SYN-db930216342d8657,657287002,2,16,32,2023-04-24
SYN-db930216342d8657,657287005,4,16,64,2023-04-24
SYN-db9ba23a8833ea7b,573085028,2,34,68,2023-01-20
SYN-dbaabda72fc02e11,400285006,6,44,264,2023-01-24
SYN-dbaabda72fc02e11,519583015,2,24,48,2023-01-24
SYN-dbaabda72fc02e11,601595003,2,44,88,2023-01-24
SYN-dbaabda72fc02e11,667491011,5,25,125,2023-01-24
SYN-dbaabda72fc02e11,685687004,5,17,85,2023-01-24
SYN-dbabf15ca9628b3c,647843001,5,51,255,2023-10-08
SYN-dbba52a831ddbaec,596400008,4,17,68,2023-12-20
SYN-dbe4f051e0fa5eff,579541036,3,17,51,2023-01-28
SYN-dbe4f051e0fa5eff,657415005,5,25,125,2023-01-28
SYN-dc030511a9435266,626816004,2,25,50,2023-01-12
SYN-dc0af2a1369c2f38,662773001,6,83,498,2023-11-16
SYN-dc0af2a1369c2f38,683493001,2,25,50,2023-11-16
SYN-dc24c0937f625c1c,667499010,6,25,150,2023-07-31
SYN-dc2c436340d132b3,573937001,6,32,192,2023-01-19
SYN-dc2c436340d132b3,652924004,6,42,252,2023-01-19
SYN-dc33e13399908743,639192002,3,68,204,2023-12-30
SYN-dc3a018de63693cf,665873001,4,17,68,2023-08-07
SYN-dc3a018de63693cf,674651001,6,22,132,2023-08-07
SYN-dc3c14ab306c6da6,656661001,2,38,76,2023-08-20
SYN-dc510269658904c8,490793033,3,10,30,2023-10-02
SYN-dc6288147d5bbea5,596517003,5,7,35,2023-12-14
SYN-dc6288147d5bbea5,665477002,2,27,54,2023-12-14
SYN-dc6d3a556cae7efa,649553010,3,34,102,2023-06-17
SYN-dc6fae3ca23c9a51,351484002,3,12,36,2023-01-25
SYN-dc6fae3ca23c9a51,351484014,4,14,56,2023-01-25
SYN-dc6fae3ca23c9a51,358483007,3,17,51,2023-01-25
SYN-dc6fae3ca23c9a51,467302079,4,10,40,2023-01-25
SYN-dc6fae3ca23c9a51,518827004,6,25,150,2023-01-25
SYN-dc6fae3ca23c9a51,519749039,4,14,56,2023-01-25
SYN-dc6fae3ca23c9a51,529008010,3,25,75,2023-01-25
SYN-dc6fae3ca23c9a51,541518004,4,31,124,2023-01-25
SYN-dc6fae3ca23c9a51,552473001,5,25,125,2023-01-25
SYN-dc6fae3ca23c9a51,552473021,6,25,150,2023-01-25
SYN-dc6fae3ca23c9a51,579695005,5,22,110,2023-01-25
SYN-dc6fae3ca23c9a51,586307004,4,9,36,2023-01-25
SYN-dc6fae3ca23c9a51,598811003,4,12,48,2023-01-25
SYN-dc6fae3ca23c9a51,603585003,3,17,51,2023-01-25
SYN-dc6fae3ca23c9a51,605094018,2,14,28,2023-01-25
SYN-dc6fae3ca23c9a51,609719001,3,9,27,2023-01-25
SYN-dc6fae3ca23c9a51,611415001,2,17,34,2023-01-25
SYN-dc6fae3ca23c9a51,620434002,6,12,72,2023-01-25
SYN-dc6fae3ca23c9a51,622314012,4,12,48,2023-01-25
SYN-dc6fae3ca23c9a51,626168003,3,27,81,2023-01-25
SYN-dc6fae3ca23c9a51,632290003,6,17,102,2023-01-25
SYN-dc6fae3ca23c9a51,636455003,3,51,153,2023-01-25
SYN-dc6fae3ca23c9a51,638416001,5,17,85,2023-01-25
SYN-dc6fae3ca23c9a51,657291002,3,10,30,2023-01-25
SYN-dc72911f3d4abeb2,571436024,2,9,18,2023-10-17
SYN-dc72911f3d4abeb2,621381011,3,34,102,2023-10-17
SYN-dc72911f3d4abeb2,685399001,5,17,85,2023-10-17
SYN-dc7b7ddd95fa6934,562252010,6,14,84,2023-01-23
SYN-dc8e812a1e89a9f8,214844002,5,3,15,2023-09-01
SYN-dc8e812a1e89a9f8,567992035,5,7,35,2023-09-01
SYN-dc8e812a1e89a9f8,626406004,4,7,28,2023-09-01
SYN-dc8e812a1e89a9f8,641024004,5,14,70,2023-09-01
SYN-dc8e812a1e89a9f8,641024005,3,14,42,2023-09-01
SYN-dc8e812a1e89a9f8,651972002,4,14,56,2023-09-01
SYN-dc8e812a1e89a9f8,664319005,5,17,85,2023-09-01
SYN-dc900ffe1c9319b6,542846001,3,14,42,2023-06-20
SYN-dc9c5618d1dc195b,657395002,6,30,180,2023-01-13
SYN-dcb748c787d7024c,639452002,2,10,20,2023-04-09
SYN-dcb861ed4b87005d,593434004,5,25,125,2023-04-13
SYN-dcb861ed4b87005d,670155001,2,25,50,2023-04-13
SYN-dcbbb4106a41111c,517462001,6,18,108,2023-07-25
SYN-dcbbb4106a41111c,548111002,5,16,80,2023-07-25
SYN-dcbbb4106a41111c,548111007,3,17,51,2023-07-25
SYN-dcbbb4106a41111c,554757003,2,14,28,2023-07-25
SYN-dcbcae66866d7548,478549001,4,51,204,2023-09-23
SYN-dcbcae66866d7548,524825014,5,42,210,2023-09-23
SYN-dcbcae66866d7548,553139001,6,34,204,2023-09-23
SYN-dcbcae66866d7548,573085020,2,34,68,2023-09-23
SYN-dcbcae66866d7548,573716002,3,25,75,2023-09-23
SYN-dcbcae66866d7548,573716012,3,25,75,2023-09-23
SYN-dcbcae66866d7548,573716023,6,25,150,2023-09-23
SYN-dcbcae66866d7548,612182001,2,34,68,2023-09-23
SYN-dcbcae66866d7548,647416005,4,25,100,2023-09-23
SYN-dcbcae66866d7548,648738013,3,42,126,2023-09-23
SYN-dcbcae66866d7548,650682001,5,51,255,2023-09-23
SYN-dcbcae66866d7548,661806002,2,51,102,2023-09-23
SYN-dcbcae66866d7548,662888003,5,34,170,2023-09-23
SYN-dcbcae66866d7548,671022001,4,25,100,2023-09-23
SYN-dcbcae66866d7548,678933002,2,42,84,2023-09-23
SYN-dcbcae66866d7548,685687001,4,17,68,2023-09-23
SYN-dcbcae66866d7548,686631003,3,42,126,2023-09-23
SYN-dcbcae66866d7548,688341001,5,14,70,2023-09-23
SYN-dcbcae66866d7548,688873002,3,34,102,2023-09-23
SYN-dcbcae66866d7548,690783004,4,68,272,2023-09-23
SYN-dcbcae66866d7548,701981001,6,51,306,2023-09-23
SYN-dcbcae66866d7548,704036002,3,34,102,2023-09-23
SYN-dcbcae66866d7548,705094001,4,42,168,2023-09-23
SYN-dcd1af1eac2d0890,634332006,4,39,156,2023-02-07
SYN-dcd1af1eac2d0890,641705001,4,39,156,2023-02-07
SYN-dcd1af1eac2d0890,694153002,5,32,160,2023-02-07
SYN-dce4817ecb74a7df,453065002,3,14,42,2023-02-09
SYN-dce4817ecb74a7df,499802004,5,14,70,2023-02-09
SYN-dce4817ecb74a7df,537612023,5,17,85,2023-02-09
SYN-dce4817ecb74a7df,548111002,5,17,85,2023-02-09
SYN-dce4817ecb74a7df,548111006,6,17,102,2023-02-09
SYN-dce4817ecb74a7df,605378005,2,17,34,2023-02-09
SYN-dce4817ecb74a7df,626263006,6,25,150,2023-02-09
SYN-dce4817ecb74a7df,626263008,3,25,75,2023-02-09
SYN-dce4817ecb74a7df,626415013,4,22,88,2023-02-09
SYN-dce4817ecb74a7df,626441007,2,34,68,2023-02-09
SYN-dce4817ecb74a7df,626444009,3,17,51,2023-02-09
SYN-dce4817ecb74a7df,626445014,4,25,100,2023-02-09
SYN-dce4817ecb74a7df,626615006,2,12,24,2023-02-09
SYN-dce4817ecb74a7df,626615012,2,12,24,2023-02-09
SYN-dce4817ecb74a7df,641202002,4,51,204,2023-02-09
SYN-dce4817ecb74a7df,646085004,4,34,136,2023-02-09
SYN-dce4817ecb74a7df,647490004,3,68,204,2023-02-09
SYN-dce4817ecb74a7df,673024001,4,25,100,2023-02-09
SYN-dce4817ecb74a7df,673024004,6,25,150,2023-02-09
SYN-dce4817ecb74a7df,687534001,3,17,51,2023-02-09
SYN-dce4817ecb74a7df,687534002,5,17,85,2023-02-09
SYN-dcf20f8b0d129c52,637103001,3,24,72,2023-10-04
SYN-dd036e8d6b272aff,351933001,5,17,85,2023-06-05
SYN-dd036e8d6b272aff,351933038,6,19,114,2023-06-05
SYN-dd036e8d6b272aff,577992006,6,22,132,2023-06-05
SYN-dd14362f71c9ad69,595779002,3,20,60,2023-09-19
SYN-dd26a684d5730e86,539844004,5,47,235,2023-05-23
SYN-dd26a684d5730e86,619234001,4,47,188,2023-05-23
SYN-dd26b5b80f897909,684686001,6,38,228,2023-09-01
SYN-dd28f1b416df7a0e,637515011,6,34,204,2023-06-24
SYN-dd28f1b416df7a0e,660599001,4,34,136,2023-06-24
SYN-dd2a637381a18cba,397068015,2,34,68,2023-07-27
SYN-dd2a637381a18cba,513699010,3,34,102,2023-07-27
SYN-dd2a637381a18cba,557248002,3,34,102,2023-07-27
SYN-dd2a637381a18cba,664647006,3,51,153,2023-07-27
SYN-dd343f0c64b1c0e2,469039019,5,22,110,2023-02-23
SYN-dd343f0c64b1c0e2,469039033,3,17,51,2023-02-23
SYN-dd34f07a9e52004b,592975013,4,38,152,2023-01-02
SYN-dd34f07a9e52004b,630116006,2,34,68,2023-01-02
SYN-dd3898db73c792fb,507909003,2,25,50,2023-01-16
SYN-dd3898db73c792fb,661794002,3,153,459,2023-01-16
SYN-dd39c7b525631e34,360859006,4,24,96,2023-10-30
SYN-dd39c7b525631e34,579167001,6,24,144,2023-10-30
SYN-dd50176fd14bb0e6,613551002,5,41,205,2023-12-28
SYN-dd5ce7906c3decc6,603401003,6,10,60,2023-06-14
SYN-dd5fa8e522983403,651456001,4,14,56,2023-09-16
SYN-dd5fa8e522983403,662344003,3,28,84,2023-09-16
SYN-dd70105817377b48,594430001,3,20,60,2023-10-01
SYN-dd70105817377b48,646101002,5,14,70,2023-10-01
SYN-dd73ce8052be89aa,622981008,6,34,204,2023-01-25
SYN-dd73ce8052be89aa,629023001,5,17,85,2023-01-25
SYN-dd73ce8052be89aa,629023003,4,17,68,2023-01-25
SYN-dd73ce8052be89aa,651461001,4,25,100,2023-01-25
SYN-dd73ce8052be89aa,675856003,2,17,34,2023-01-25
SYN-dd8e77e19ed9179b,653431003,2,159,318,2023-09-17
SYN-dd8e77e19ed9179b,717130004,2,53,106,2023-09-17
SYN-dd8e904cfe867fa2,660599002,2,34,68,2023-07-23
SYN-dd8e904cfe867fa2,663944001,6,34,204,2023-07-23
SYN-ddaa32e348830dd1,464908037,3,17,51,2023-08-06
SYN-ddaa32e348830dd1,507909003,6,25,150,2023-08-06
SYN-ddaa32e348830dd1,509091011,6,17,102,2023-08-06
SYN-ddaa32e348830dd1,521062003,3,51,153,2023-08-06
SYN-ddaa32e348830dd1,562245039,6,34,204,2023-08-06
SYN-ddaa32e348830dd1,562245057,6,34,204,2023-08-06
SYN-ddaa32e348830dd1,568597009,4,42,168,2023-08-06
SYN-ddaa32e348830dd1,575347010,6,14,84,2023-08-06
SYN-ddaa32e348830dd1,595779008,5,25,125,2023-08-06
SYN-ddaa32e348830dd1,634033006,3,34,102,2023-08-06
SYN-ddaa32e348830dd1,658030001,6,51,306,2023-08-06
SYN-ddafbeb22553697c,639552001,5,24,120,2023-12-07
SYN-ddb0e6a2cc322644,504742003,4,17,68,2023-08-26
SYN-ddb0e6a2cc322644,579751009,5,14,70,2023-08-26
SYN-ddb3b9f006f973ed,642739002,5,34,170,2023-08-06
SYN-ddb3b9f006f973ed,667491002,6,25,150,2023-08-06
SYN-ddb3b9f006f973ed,667491005,6,25,150,2023-08-06
SYN-ddbb05f8dc7b7b1d,684890001,2,24,48,2023-02-14
SYN-ddbbc0506fd96352,484398001,3,34,102,2023-12-03
SYN-ddbbc0506fd96352,541518004,4,31,124,2023-12-03
SYN-ddbbc0506fd96352,630145001,6,51,306,2023-12-03
SYN-ddbbc0506fd96352,637457001,3,19,57,2023-12-03
SYN-ddbbc0506fd96352,650279001,4,31,124,2023-12-03
SYN-ddbbc0506fd96352,650279002,2,31,62,2023-12-03
SYN-ddbbc0506fd96352,653210010,2,17,34,2023-12-03
SYN-ddbcf976d928f126,627389006,3,15,45,2023-05-13
SYN-ddbcf976d928f126,665477003,5,34,170,2023-05-13
SYN-ddc879b0ab6c7129,379360015,4,10,40,2023-10-26
SYN-ddc879b0ab6c7129,498735003,3,10,30,2023-10-26
SYN-ddc879b0ab6c7129,558817001,4,7,28,2023-10-26
SYN-ddc879b0ab6c7129,611338001,6,22,132,2023-10-26
SYN-ddc879b0ab6c7129,619720001,6,14,84,2023-10-26
SYN-ddc879b0ab6c7129,657118001,4,25,100,2023-10-26
SYN-ddcf26162d5ed06a,562245034,4,20,80,2023-07-14
SYN-ddcf26162d5ed06a,665477003,4,31,124,2023-07-14
SYN-ddcf26162d5ed06a,678789001,5,30,150,2023-07-14
SYN-ddd9c16cfabf3799,554450016,3,22,66,2023-01-20
SYN-ddd9c16cfabf3799,554450027,5,34,170,2023-01-20
SYN-ddd9c16cfabf3799,601102001,4,22,88,2023-01-20
SYN-ddd9c16cfabf3799,645065001,2,34,68,2023-01-20
SYN-ddd9c16cfabf3799,685687003,5,17,85,2023-01-20
SYN-ddd9c16cfabf3799,685687004,5,17,85,2023-01-20
SYN-dddd2a21e17e7b5f,554450004,3,34,102,2023-08-05
SYN-ddebd813fee1efa8,563479001,4,12,48,2023-06-18
SYN-ddebd813fee1efa8,564787001,3,12,36,2023-06-18
SYN-ddfae353937d0cc6,316085001,3,22,66,2023-03-07
SYN-ddfae353937d0cc6,629305003,6,17,102,2023-03-07
SYN-ddfae353937d0cc6,685687004,4,17,68,2023-03-07
SYN-ddfc77dd21b6530a,562245001,6,22,132,2023-11-26
SYN-ddfc77dd21b6530a,562245018,4,20,80,2023-11-26
SYN-de0d8cf88ea4a062,392938024,5,51,255,2023-12-06
SYN-de0d8cf88ea4a062,443696001,5,25,125,2023-12-06
SYN-de0d8cf88ea4a062,667769005,3,34,102,2023-12-06
SYN-de0e9c96215f30f5,665477001,5,31,155,2023-04-15
SYN-de0e9c96215f30f5,667491006,2,25,50,2023-04-15
SYN-de0e9c96215f30f5,671505004,3,34,102,2023-04-15
SYN-de146502507c5d13,584895006,4,16,64,2023-08-08
SYN-de1b4492f37f707c,630326001,6,10,60,2023-11-01
SYN-de1b4492f37f707c,630326003,2,9,18,2023-11-01
SYN-de21b5881724c992,501619007,6,15,90,2023-08-10
SYN-de21b5881724c992,657759005,6,17,102,2023-08-10
SYN-de305fc3c349d202,508570004,5,5,25,2023-04-21
SYN-de311e78767f9bf3,478549001,4,41,164,2023-08-10
SYN-de350456806320ae,663568001,2,42,84,2023-05-01
SYN-de3ff068331c0f45,189616006,3,17,51,2023-04-22
SYN-de3ff068331c0f45,400246010,6,47,282,2023-04-22
SYN-de3ff068331c0f45,400246011,3,68,204,2023-04-22
SYN-de3ff068331c0f45,400246014,3,41,123,2023-04-22
SYN-de3ff068331c0f45,400246021,4,68,272,2023-04-22
SYN-de3ff068331c0f45,578478001,4,42,168,2023-04-22
SYN-de3ff068331c0f45,647804001,5,20,100,2023-04-22
SYN-de3ff068331c0f45,677999001,5,68,340,2023-04-22
SYN-de3ff068331c0f45,682456001,4,42,168,2023-04-22
SYN-de5769a6b957652b,597918001,4,17,68,2023-10-08
SYN-de5dc7b0fa5d9ec3,153115020,4,23,92,2023-06-02
SYN-de5dc7b0fa5d9ec3,596517002,4,11,44,2023-06-02
SYN-de5dc7b0fa5d9ec3,688713001,4,38,152,2023-06-02
SYN-de6c751add9de9f3,498740019,3,22,66,2023-05-17
SYN-de6c751add9de9f3,639407004,2,34,68,2023-05-17
SYN-de82b03683f410d1,179208001,6,2,12,2023-08-17
SYN-de82b03683f410d1,611030002,6,7,42,2023-08-17
SYN-de82b03683f410d1,703199001,4,22,88,2023-08-17
SYN-de96b61b6922dd1c,409730006,3,9,27,2023-07-09
SYN-de96b61b6922dd1c,640251003,6,15,90,2023-07-09
SYN-de96b61b6922dd1c,649323001,6,8,48,2023-07-09
SYN-de96b61b6922dd1c,651863001,6,8,48,2023-07-09
SYN-de96b61b6922dd1c,659381001,6,18,108,2023-07-09
SYN-de96b61b6922dd1c,680187001,5,15,75,2023-07-09
SYN-dec80310dcdc764e,472064004,6,34,204,2023-03-30
SYN-dec80310dcdc764e,567725002,2,10,20,2023-03-30
SYN-deeb7b1e9013d655,567657006,2,34,68,2023-08-25
SYN-deeb7b1e9013d655,662888003,5,34,170,2023-08-25
SYN-def2c78d2b3cedf9,355569001,5,9,45,2023-11-08
SYN-def2c78d2b3cedf9,399136061,4,46,184,2023-11-08
SYN-def2c78d2b3cedf9,474915001,3,29,87,2023-11-08
SYN-def2c78d2b3cedf9,633150001,2,25,50,2023-11-08
SYN-def2c78d2b3cedf9,677062001,3,68,204,2023-11-08
SYN-def2c78d2b3cedf9,681815001,2,17,34,2023-11-08
SYN-df01a7823048c814,256151014,3,51,153,2023-02-26
SYN-df0a917b4ca7461b,572998002,4,51,204,2023-08-14
SYN-df0a917b4ca7461b,652671004,5,29,145,2023-08-14
SYN-df0a917b4ca7461b,685972001,5,132,660,2023-08-14
SYN-df0a917b4ca7461b,689982001,2,97,194,2023-08-14
SYN-df41d92029a9fbe8,372860001,3,14,42,2023-05-22
SYN-df41d92029a9fbe8,539723001,4,25,100,2023-05-22
SYN-df41d92029a9fbe8,630696004,5,25,125,2023-05-22
SYN-df47cf46f6a842a3,312543001,2,25,50,2023-11-05
SYN-df4eebe6d9937234,573716015,6,14,84,2023-03-15
SYN-df4eebe6d9937234,660712001,2,42,84,2023-03-15
SYN-df4eebe6d9937234,660712014,2,42,84,2023-03-15
SYN-df560d969b15b9c9,684080001,2,102,204,2023-07-21
SYN-df560d969b15b9c9,684080002,5,102,510,2023-07-21
SYN-df560d969b15b9c9,685687001,3,17,51,2023-07-21
SYN-df560d969b15b9c9,685687003,3,17,51,2023-07-21
SYN-df560d969b15b9c9,685687004,4,17,68,2023-07-21
SYN-df5c280d60c0c8c9,691574001,2,85,170,2023-05-25
SYN-df5de127e398e4a6,647804001,3,20,60,2023-07-01
SYN-df600a9455336ac3,657415006,3,25,75,2023-05-06
SYN-df602f99110879cc,598859001,6,51,306,2023-05-10
SYN-df7095b8d97604c4,179123001,3,17,51,2023-01-02
SYN-df7095b8d97604c4,662948004,3,42,126,2023-01-02
SYN-df713121beff8470,646429001,4,51,204,2023-12-04
SYN-df723fe95e13d0de,674047003,6,119,714,2023-10-01
SYN-df723fe95e13d0de,685687001,4,17,68,2023-10-01
SYN-df956afdbe7e33d3,108775015,4,9,36,2023-03-06
SYN-df956afdbe7e33d3,509629008,2,17,34,2023-03-06
SYN-df956afdbe7e33d3,552471004,4,17,68,2023-03-06
SYN-df956afdbe7e33d3,654423002,4,25,100,2023-03-06
SYN-df964defc06f17d9,493438014,4,20,80,2023-01-19
SYN-df964defc06f17d9,494414008,2,9,18,2023-01-19
SYN-df964defc06f17d9,567993015,2,14,28,2023-01-19
SYN-df964defc06f17d9,586307005,5,9,45,2023-01-19
SYN-df964defc06f17d9,655347002,3,12,36,2023-01-19
SYN-dfa47ab4fca17856,521302008,4,15,60,2023-12-13
SYN-dfa47ab4fca17856,652657001,4,14,56,2023-12-13
SYN-dfa875d15b2375ed,619881001,2,51,102,2023-01-11
SYN-dfa875d15b2375ed,683024003,2,42,84,2023-01-11
SYN-dfa875d15b2375ed,690112002,6,68,408,2023-01-11
SYN-dfa8f3ce33fca555,573716040,2,25,50,2023-05-28
SYN-dfa8f3ce33fca555,662868002,3,34,102,2023-05-28
SYN-dfa8f3ce33fca555,662868003,6,34,204,2023-05-28
SYN-dfb40b25c54b6d84,188183014,2,31,62,2023-07-13
SYN-dfb40b25c54b6d84,608570003,3,41,123,2023-07-13
SYN-dfd97d4ba6b386f1,348870009,6,17,102,2023-01-31
SYN-dfd97d4ba6b386f1,576773002,2,21,42,2023-01-31
SYN-dfdcfbfc4daeb54d,506110001,3,20,60,2023-06-02
SYN-dfdcfbfc4daeb54d,561797001,2,14,28,2023-06-02
SYN-dfdcfbfc4daeb54d,561797004,4,14,56,2023-06-02
SYN-dfdcfbfc4daeb54d,580482002,4,41,164,2023-06-02
SYN-dfdcfbfc4daeb54d,611415005,6,14,84,2023-06-02
SYN-dfdcfbfc4daeb54d,613246002,6,20,120,2023-06-02
SYN-dfdcfbfc4daeb54d,656719005,2,41,82,2023-06-02
SYN-dfddc2fa154691b3,591334010,4,17,68,2023-01-03
SYN-dfddc2fa154691b3,633150001,6,25,150,2023-01-03
SYN-dfddc2fa154691b3,659832001,3,17,51,2023-01-03
SYN-dfddc2fa154691b3,662935002,5,51,255,2023-01-03
SYN-dfddc2fa154691b3,675952003,4,34,136,2023-01-03
SYN-dfe1380708257dfc,655784001,6,34,204,2023-08-04
SYN-e025e32b0e76b8c4,581781010,6,51,306,2023-10-26
SYN-e025e32b0e76b8c4,666006006,6,119,714,2023-10-26
SYN-e02904cd8e7e3d23,325087018,5,25,125,2023-07-14
SYN-e02904cd8e7e3d23,554772031,4,9,36,2023-07-14
SYN-e02904cd8e7e3d23,605094001,6,14,84,2023-07-14
SYN-e02904cd8e7e3d23,640131002,3,42,126,2023-07-14
SYN-e03ed6fec3ebd986,559715001,2,15,30,2023-03-23
SYN-e03ed6fec3ebd986,619727002,2,14,28,2023-03-23
SYN-e03ed6fec3ebd986,620434003,3,12,36,2023-03-23
SYN-e03ed6fec3ebd986,629771001,4,22,88,2023-03-23
SYN-e03ed6fec3ebd986,629772001,3,15,45,2023-03-23
SYN-e03ed6fec3ebd986,632982002,3,10,30,2023-03-23
SYN-e04351b1f81b3eed,636323001,3,17,51,2023-04-09
SYN-e04351b1f81b3eed,636323002,4,10,40,2023-04-09
SYN-e0455a99bf376d00,463970010,2,22,44,2023-06-17
SYN-e0455a99bf376d00,560393004,2,10,20,2023-06-17
SYN-e0455a99bf376d00,636938003,2,34,68,2023-06-17
SYN-e0455a99bf376d00,703199001,5,22,110,2023-06-17
SYN-e05e8ca988623dab,672625007,4,29,116,2023-02-28
SYN-e07d608e7b00c6c2,605094001,5,14,70,2023-12-17
SYN-e07d608e7b00c6c2,634775004,6,22,132,2023-12-17
SYN-e07d608e7b00c6c2,683662005,5,14,70,2023-12-17
SYN-e094749f37b806c1,614857001,2,17,34,2023-07-11
SYN-e094749f37b806c1,654046001,3,31,93,2023-07-11
SYN-e094749f37b806c1,658841001,3,14,42,2023-07-11
SYN-e0be330216e47e52,662857003,4,42,168,2023-05-17
SYN-e0d64cd8fb13478b,537688014,6,51,306,2023-03-31
SYN-e0d88f5e3f041a9f,478549005,2,25,50,2023-08-16
SYN-e0d88f5e3f041a9f,498620002,5,34,170,2023-08-16
SYN-e0d88f5e3f041a9f,509042005,4,25,100,2023-08-16
SYN-e0d88f5e3f041a9f,560270014,2,20,40,2023-08-16
SYN-e0d88f5e3f041a9f,570896001,6,15,90,2023-08-16
SYN-e0d88f5e3f041a9f,573716039,2,25,50,2023-08-16
SYN-e0d88f5e3f041a9f,660200003,2,17,34,2023-08-16
SYN-e0dda8f39e3e1cc2,666247002,2,15,30,2023-06-01
SYN-e0de77642d203dea,538699001,2,9,18,2023-07-20
SYN-e0de77642d203dea,615141003,5,25,125,2023-07-20
SYN-e0de77642d203dea,667499010,6,25,150,2023-07-20
SYN-e0de77642d203dea,680186001,2,42,84,2023-07-20
SYN-e0e37d0f647938f3,579990002,3,9,27,2023-08-22
SYN-e0e37d0f647938f3,625939012,3,9,27,2023-08-22
SYN-e0e37d0f647938f3,632982014,5,5,25,2023-08-22
SYN-e0ef27d0271677f6,604837007,6,5,30,2023-12-28
SYN-e0fc4789475b41cb,495685001,2,41,82,2023-03-26
SYN-e0fc4789475b41cb,620928001,2,17,34,2023-03-26
SYN-e0fc4789475b41cb,646592004,6,17,102,2023-03-26
SYN-e0fc4789475b41cb,684385001,3,25,75,2023-03-26
SYN-e0ffeb606cb62e0f,705094001,2,42,84,2023-12-26
SYN-e10100e9d8cafb48,521302006,4,25,100,2023-09-20
SYN-e10100e9d8cafb48,568864003,3,25,75,2023-09-20
SYN-e10100e9d8cafb48,644783001,4,31,124,2023-09-20
SYN-e11d385543ccb7cf,308158008,5,14,70,2023-12-09
SYN-e11d385543ccb7cf,308158014,5,14,70,2023-12-09
SYN-e11d385543ccb7cf,648279007,2,34,68,2023-12-09
SYN-e11d385543ccb7cf,653291002,2,22,44,2023-12-09
SYN-e11d385543ccb7cf,663342003,6,25,150,2023-12-09
SYN-e11d385543ccb7cf,669271003,2,22,44,2023-12-09
SYN-e11d385543ccb7cf,673462001,4,34,136,2023-12-09
SYN-e126db2e31499339,678342001,3,9,27,2023-11-04
SYN-e126db2e31499339,678342002,3,9,27,2023-11-04
SYN-e12e3d496e901ab7,111586001,2,13,26,2023-06-02
SYN-e12e3d496e901ab7,228257001,3,8,24,2023-06-02
SYN-e12e3d496e901ab7,436261001,2,13,26,2023-06-02
SYN-e13f2fcb868f449b,621381001,4,34,136,2023-12-15
SYN-e13f2fcb868f449b,651863002,6,5,30,2023-12-15
SYN-e1487a6077974655,500780006,4,20,80,2023-11-23
SYN-e1487a6077974655,500780008,6,29,174,2023-11-23
SYN-e1487a6077974655,528568002,4,41,164,2023-11-23
SYN-e1487a6077974655,558407005,3,22,66,2023-11-23
SYN-e1487a6077974655,568065001,6,14,84,2023-11-23
SYN-e1487a6077974655,568066001,6,25,150,2023-11-23
SYN-e1487a6077974655,591201001,5,14,70,2023-11-23
SYN-e1487a6077974655,597963001,6,10,60,2023-11-23
SYN-e1487a6077974655,599083009,2,24,48,2023-11-23
SYN-e1487a6077974655,605777001,3,14,42,2023-11-23
SYN-e1487a6077974655,615085004,5,17,85,2023-11-23
SYN-e1487a6077974655,647751001,4,34,136,2023-11-23
SYN-e1487a6077974655,659848001,2,51,102,2023-11-23
SYN-e1487a6077974655,665477001,6,34,204,2023-11-23
SYN-e14b7ef0b31142d5,610776002,3,9,27,2023-05-10
SYN-e14b7ef0b31142d5,662935002,3,51,153,2023-05-10
SYN-e1519bc701d4e783,619881001,2,43,86,2023-09-15
SYN-e1519bc701d4e783,630145001,5,43,215,2023-09-15
SYN-e171670eb1130668,644800004,6,15,90,2023-08-01
SYN-e1722643f2235a90,552473037,5,20,100,2023-06-30
SYN-e1722643f2235a90,610776006,4,9,36,2023-06-30
SYN-e1722643f2235a90,657476001,6,17,102,2023-06-30
SYN-e174bd353d081d8d,657287002,5,17,85,2023-11-22
SYN-e177e549f68577bb,562761004,2,14,28,2023-02-15
SYN-e177e549f68577bb,633130002,4,17,68,2023-02-15
SYN-e17c9f64ad0e9904,671505002,6,34,204,2023-04-12
SYN-e1834c0d6cfc8cbc,301517036,2,10,20,2023-04-08
SYN-e1834c0d6cfc8cbc,457466002,3,17,51,2023-04-08
SYN-e1834c0d6cfc8cbc,613497003,5,34,170,2023-04-08
SYN-e1834c0d6cfc8cbc,662888001,5,34,170,2023-04-08
SYN-e184b47910e70c82,552346014,5,34,170,2023-12-04
SYN-e184b47910e70c82,555326010,5,42,210,2023-12-04
SYN-e184b47910e70c82,564787001,5,12,60,2023-12-04
SYN-e184b47910e70c82,685687003,3,17,51,2023-12-04
SYN-e184b47910e70c82,713756001,6,31,186,2023-12-04
SYN-e187ff08f9a624fd,658030006,2,46,92,2023-01-15
SYN-e187ff08f9a624fd,688873002,5,31,155,2023-01-15
SYN-e187ff08f9a624fd,690478001,3,31,93,2023-01-15
SYN-e18c563769bc089c,562245001,4,34,136,2023-06-16
SYN-e18dc7b3389728b0,637549005,4,34,136,2023-03-20
SYN-e18dc7b3389728b0,674079001,4,25,100,2023-03-20
SYN-e18fdd64512d1be0,667499003,4,25,100,2023-06-15
SYN-e18fdd64512d1be0,688873020,4,34,136,2023-06-15
SYN-e1a40e21844e1300,638628002,2,32,64,2023-03-01
SYN-e1af09fae7d12602,642739003,6,34,204,2023-07-23
SYN-e1af186a0a24d0cf,552473037,6,25,150,2023-10-01
SYN-e1af186a0a24d0cf,671502001,5,51,255,2023-10-01
SYN-e1af186a0a24d0cf,685276006,6,51,306,2023-10-01
SYN-e1af186a0a24d0cf,688873012,3,34,102,2023-10-01
SYN-e1af186a0a24d0cf,696447003,6,68,408,2023-10-01
SYN-e1c2850331182e2b,637739002,4,46,184,2023-03-27
SYN-e1c2850331182e2b,673677002,5,17,85,2023-03-27
SYN-e1c2850331182e2b,685687003,4,17,68,2023-03-27
SYN-e1c5b1d844af141e,524825013,6,42,252,2023-12-07
SYN-e1c5b1d844af141e,613666003,2,59,118,2023-12-07
SYN-e1c5b1d844af141e,625939003,5,9,45,2023-12-07
SYN-e1c5b1d844af141e,637268006,4,51,204,2023-12-07
SYN-e1c5b1d844af141e,642437006,3,34,102,2023-12-07
SYN-e1c5b1d844af141e,655710007,5,51,255,2023-12-07
SYN-e1c5b1d844af141e,663498002,6,34,204,2023-12-07
SYN-e1c5b1d844af141e,671505001,4,34,136,2023-12-07
SYN-e1c5b1d844af141e,680499003,2,51,102,2023-12-07
SYN-e1c5b1d844af141e,687535001,5,68,340,2023-12-07
SYN-e1c5b1d844af141e,717130004,6,59,354,2023-12-07
SYN-e1cedbb53d991ce5,484205010,6,42,252,2023-04-04
SYN-e1cedbb53d991ce5,573085014,5,21,105,2023-04-04
SYN-e1cedbb53d991ce5,573085019,5,31,155,2023-04-04
SYN-e1cedbb53d991ce5,589924005,3,14,42,2023-04-04
SYN-e1cedbb53d991ce5,668273001,6,42,252,2023-04-04
SYN-e1cfa15ae66fb2c3,576775006,4,31,124,2023-05-01
SYN-e1cfa15ae66fb2c3,613497008,6,34,204,2023-05-01
SYN-e1cfa15ae66fb2c3,622745001,6,51,306,2023-05-01
SYN-e1d5daf30b35422b,615217003,5,41,205,2023-01-04
SYN-e1f38b9f6cc53cb8,539723006,3,34,102,2023-09-02
SYN-e1f576ba466ca05f,615141002,2,25,50,2023-10-27
SYN-e1f576ba466ca05f,640662004,5,34,170,2023-10-27
SYN-e1fc6e91d3f7385d,557247001,3,17,51,2023-06-14
SYN-e1fc6e91d3f7385d,557247003,2,17,34,2023-06-14
SYN-e1fc6e91d3f7385d,572493002,6,20,120,2023-06-14
SYN-e1fc6e91d3f7385d,673275001,5,17,85,2023-06-14
SYN-e200926aa827a468,524825010,5,42,210,2023-12-20
SYN-e200926aa827a468,591334003,5,17,85,2023-12-20
SYN-e2025ac859d09998,556015005,2,23,46,2023-12-01
SYN-e2025ac859d09998,597471007,2,5,10,2023-12-01
SYN-e2025ac859d09998,606670004,2,7,14,2023-12-01
SYN-e2025ac859d09998,626257003,2,3,6,2023-12-01
SYN-e22d67ec3f205a3a,487207002,4,5,20,2023-12-04
SYN-e22d67ec3f205a3a,638248002,2,5,10,2023-12-04
SYN-e22d67ec3f205a3a,642864003,3,5,15,2023-12-04
SYN-e22d67ec3f205a3a,642929001,6,5,30,2023-12-04
SYN-e23ad2930ee2c645,189634001,5,10,50,2023-04-29
SYN-e23ad2930ee2c645,506110001,4,25,100,2023-04-29
SYN-e23ad2930ee2c645,554598001,6,17,102,2023-04-29
SYN-e23ad2930ee2c645,583534002,6,17,102,2023-04-29
SYN-e23ad2930ee2c645,625961001,5,34,170,2023-04-29
SYN-e23ad2930ee2c645,627068002,6,51,306,2023-04-29
SYN-e23ad2930ee2c645,634196001,2,51,102,2023-04-29
SYN-e23ad2930ee2c645,663331002,5,68,340,2023-04-29
SYN-e23ad2930ee2c645,675856001,6,17,102,2023-04-29
SYN-e23ad2930ee2c645,685687003,4,17,68,2023-04-29
SYN-e2419de51a0cc9f2,179393001,6,14,84,2023-03-15
SYN-e2419de51a0cc9f2,179393018,2,14,28,2023-03-15
SYN-e2419de51a0cc9f2,211143037,6,34,204,2023-03-15
SYN-e2419de51a0cc9f2,408575003,2,17,34,2023-03-15
SYN-e2419de51a0cc9f2,503729006,4,42,168,2023-03-15
SYN-e2419de51a0cc9f2,619580008,5,17,85,2023-03-15
SYN-e2419de51a0cc9f2,630672001,4,27,108,2023-03-15
SYN-e2419de51a0cc9f2,635957001,5,42,210,2023-03-15
SYN-e2419de51a0cc9f2,655691001,6,51,306,2023-03-15
SYN-e2419de51a0cc9f2,660712003,4,42,168,2023-03-15
SYN-e2419de51a0cc9f2,660712012,2,42,84,2023-03-15
SYN-e2419de51a0cc9f2,688795001,6,51,306,2023-03-15
SYN-e248455ab3b1c711,300908003,6,41,246,2023-05-05
SYN-e2568cdfb355082f,557248021,3,25,75,2023-07-27
SYN-e2568cdfb355082f,631837003,5,14,70,2023-07-27
SYN-e2568cdfb355082f,686269001,2,17,34,2023-07-27
SYN-e261abf50bc5b287,253448003,6,25,150,2023-12-15
SYN-e2906b6ef027d497,539723003,5,32,160,2023-02-10
SYN-e2906b6ef027d497,539723004,4,32,128,2023-02-10
SYN-e2906b6ef027d497,539723038,4,32,128,2023-02-10
SYN-e2906b6ef027d497,607833001,6,48,288,2023-02-10
SYN-e2906b6ef027d497,633130016,3,16,48,2023-02-10
SYN-e293b003364b6a53,399136011,3,59,177,2023-11-22
SYN-e297c3ed746c88aa,606022001,2,12,24,2023-06-01
SYN-e297c3ed746c88aa,667491006,4,25,100,2023-06-01
SYN-e297c3ed746c88aa,671505001,4,34,136,2023-06-01
SYN-e2a4b9b95eecf58a,568174037,2,17,34,2023-02-04
SYN-e2ace847e5393324,590748001,2,59,118,2023-08-23
SYN-e2ace847e5393324,662868003,3,31,93,2023-08-23
SYN-e2af259ecb336ad7,458428034,3,34,102,2023-08-14
SYN-e2af259ecb336ad7,508638038,6,17,102,2023-08-14
SYN-e2af259ecb336ad7,651253001,5,12,60,2023-08-14
SYN-e2af259ecb336ad7,651253002,5,10,50,2023-08-14
SYN-e2b2d72959937092,560621004,6,102,612,2023-06-03
SYN-e2b2d72959937092,661806003,6,51,306,2023-06-03
SYN-e2b2d72959937092,684848003,6,59,354,2023-06-03
SYN-e2b2d72959937092,687535001,2,68,136,2023-06-03
SYN-e2b2d72959937092,689980002,2,92,184,2023-06-03
SYN-e2b2d72959937092,717341001,3,68,204,2023-06-03
SYN-e2b3fbb90afc3ffd,446224010,5,17,85,2023-06-24
SYN-e2b3fbb90afc3ffd,446224014,6,12,72,2023-06-24
SYN-e2b3fbb90afc3ffd,446224016,4,17,68,2023-06-24
SYN-e2b45c11f5aa0b8d,448509015,5,40,200,2023-07-07
SYN-e2b45c11f5aa0b8d,666006006,3,113,339,2023-07-07
SYN-e2b8b80737d5d4f1,547052001,3,29,87,2023-08-24
SYN-e2b8b80737d5d4f1,655869002,6,12,72,2023-08-24
SYN-e2c38329f98703e4,448509014,5,42,210,2023-07-29
SYN-e2c38329f98703e4,633148001,4,25,100,2023-07-29
SYN-e2c38329f98703e4,637515004,6,34,204,2023-07-29
SYN-e2c38329f98703e4,673677002,5,17,85,2023-07-29
SYN-e2c5916652e7f374,327310016,6,10,60,2023-03-05
SYN-e2f24be294d83880,685687001,2,17,34,2023-05-08
SYN-e2f24be294d83880,685687003,6,17,102,2023-05-08
SYN-e30a833cac835bf8,358753001,4,8,32,2023-01-31
SYN-e30a833cac835bf8,552826027,3,12,36,2023-01-31
SYN-e30a833cac835bf8,636935009,6,46,276,2023-01-31
SYN-e30a833cac835bf8,674096002,6,12,72,2023-01-31
SYN-e30ce9849f4b0ad9,694995001,2,25,50,2023-12-03
SYN-e31841b421ca3a03,667499009,6,25,150,2023-07-07
SYN-e31c0ce2c077785f,356289021,2,25,50,2023-12-21
SYN-e322dd9189953f53,562245001,6,22,132,2023-02-21
SYN-e322dd9189953f53,562245018,4,20,80,2023-02-21
SYN-e322dd9189953f53,562245034,3,20,60,2023-02-21
SYN-e322dd9189953f53,634775003,3,12,36,2023-02-21
SYN-e322dd9189953f53,685683001,4,25,100,2023-02-21
SYN-e322dd9189953f53,685687004,5,17,85,2023-02-21
SYN-e3509f5d283329bd,633130002,3,16,48,2023-10-28
SYN-e356026ae6c994f1,513257009,3,12,36,2023-11-26
SYN-e356026ae6c994f1,671762001,5,15,75,2023-11-26
SYN-e356026ae6c994f1,678924002,6,15,90,2023-11-26
SYN-e358b646df0f8279,519749040,5,24,120,2023-08-17
SYN-e358b646df0f8279,535488010,5,17,85,2023-08-17
SYN-e358b646df0f8279,616201009,2,36,72,2023-08-17
SYN-e358b646df0f8279,665477001,2,31,62,2023-08-17
SYN-e358b646df0f8279,665477003,3,31,93,2023-08-17
SYN-e358b646df0f8279,673677002,5,17,85,2023-08-17
SYN-e358b646df0f8279,685687003,4,17,68,2023-08-17
SYN-e358b646df0f8279,685687004,2,17,34,2023-08-17
SYN-e358b646df0f8279,686269003,3,17,51,2023-08-17
SYN-e359e8006bcb5167,603582003,4,17,68,2023-04-19
SYN-e359e8006bcb5167,657063001,6,20,120,2023-04-19
SYN-e35a0d01c48fd84a,573716039,5,25,125,2023-11-29
SYN-e38056b8e4031f05,401044002,5,37,185,2023-07-31
SYN-e3954bd9bf9bd256,504154021,5,39,195,2023-01-31
SYN-e3954bd9bf9bd256,564312010,5,24,120,2023-01-31
SYN-e3954bd9bf9bd256,564312013,5,24,120,2023-01-31
SYN-e3b09a7808678c1f,573085020,2,31,62,2023-12-02
SYN-e3bb822ab4a2dda0,579541001,3,17,51,2023-04-22
SYN-e3bb822ab4a2dda0,579541027,2,17,34,2023-04-22
SYN-e3e072e9bd642d9f,557248001,3,33,99,2023-03-09
SYN-e3e072e9bd642d9f,557248002,5,34,170,2023-03-09
SYN-e3e072e9bd642d9f,557248005,6,34,204,2023-03-09
SYN-e3e072e9bd642d9f,557248024,3,34,102,2023-03-09
SYN-e3f623072d13f821,624311004,5,25,125,2023-09-02
SYN-e407ce7028c10f0f,615508001,6,29,174,2023-04-26
SYN-e41477ff57256349,514577017,6,9,54,2023-02-10
SYN-e42791fa720a3cf4,634763002,3,46,138,2023-01-08
SYN-e42b0c0ad5a992b8,607310005,2,68,136,2023-01-26
SYN-e42b0c0ad5a992b8,703207001,3,17,51,2023-01-26
SYN-e455eba580e91d7d,524825013,3,38,114,2023-07-28
SYN-e455eba580e91d7d,671015001,5,137,685,2023-07-28
SYN-e455eba580e91d7d,692216005,6,38,228,2023-07-28
SYN-e45ad16d42e385e2,532578019,3,25,75,2023-07-22
SYN-e45ad16d42e385e2,551044013,5,20,100,2023-07-22
SYN-e45ad16d42e385e2,568864001,6,20,120,2023-07-22
SYN-e45ad16d42e385e2,572127021,5,14,70,2023-07-22
SYN-e45ad16d42e385e2,581979005,5,22,110,2023-07-22
SYN-e45ad16d42e385e2,607632001,6,15,90,2023-07-22
SYN-e462b85d7240abb0,501323011,4,59,236,2023-09-12
SYN-e462b85d7240abb0,502186011,3,34,102,2023-09-12
SYN-e462b85d7240abb0,534357005,5,41,205,2023-09-12
SYN-e462b85d7240abb0,570781006,3,17,51,2023-09-12
SYN-e462b85d7240abb0,575141004,4,22,88,2023-09-12
SYN-e462b85d7240abb0,583534002,5,17,85,2023-09-12
SYN-e462b85d7240abb0,589924009,4,25,100,2023-09-12
SYN-e462b85d7240abb0,599502009,5,32,160,2023-09-12
SYN-e462b85d7240abb0,625939021,6,9,54,2023-09-12
SYN-e462b85d7240abb0,636455009,5,51,255,2023-09-12
SYN-e462b85d7240abb0,636455012,5,51,255,2023-09-12
SYN-e462b85d7240abb0,649494005,2,22,44,2023-09-12
SYN-e462b85d7240abb0,660712012,6,42,252,2023-09-12
SYN-e462b85d7240abb0,662084001,4,68,272,2023-09-12
SYN-e462b85d7240abb0,680186001,2,42,84,2023-09-12
SYN-e462b85d7240abb0,680499003,6,51,306,2023-09-12
SYN-e462b85d7240abb0,685687004,2,17,34,2023-09-12
SYN-e47447169cdcde57,253448003,6,25,150,2023-09-13
SYN-e47569865560c489,413707001,4,33,132,2023-04-03
SYN-e4827446614dc630,556545001,3,29,87,2023-10-24
SYN-e487a87cbeba07de,676198001,4,51,204,2023-11-28
SYN-e487a87cbeba07de,678086003,3,25,75,2023-11-28
SYN-e487a87cbeba07de,683662006,6,14,84,2023-11-28
SYN-e49d990c3818975b,631744003,2,17,34,2023-02-06
SYN-e49d990c3818975b,672590002,5,102,510,2023-02-06
SYN-e49e42730242f83a,669360002,2,68,136,2023-04-01
SYN-e4ad5aed3daa5676,660712014,6,34,204,2023-10-26
SYN-e4ad5aed3daa5676,663327002,6,42,252,2023-10-26
SYN-e4be815bd25c7668,316441001,3,13,39,2023-05-25
SYN-e4be815bd25c7668,667870001,6,25,150,2023-05-25
SYN-e4cb81a3dd02da07,478818005,4,14,56,2023-02-27
SYN-e4cb81a3dd02da07,544360001,3,12,36,2023-02-27
SYN-e4cb81a3dd02da07,554546002,6,15,90,2023-02-27
SYN-e4cb81a3dd02da07,559018008,2,9,18,2023-02-27
SYN-e4cb81a3dd02da07,589921001,4,20,80,2023-02-27
SYN-e4cb81a3dd02da07,606670003,2,10,20,2023-02-27
SYN-e4cb81a3dd02da07,624917001,4,17,68,2023-02-27
SYN-e4d9451a59dc7b48,237347036,4,34,136,2023-05-21
SYN-e4e5442fac4b5ce7,587137001,3,42,126,2023-07-24
SYN-e4e5442fac4b5ce7,656345001,4,34,136,2023-07-24
SYN-e5013fa940d67e37,534181002,3,159,477,2023-12-11
SYN-e509daa74f2c9c80,456163024,3,34,102,2023-08-16
SYN-e509daa74f2c9c80,542730007,6,76,456,2023-08-16
SYN-e509daa74f2c9c80,661806001,5,51,255,2023-08-16
SYN-e509daa74f2c9c80,661806003,3,51,153,2023-08-16
SYN-e509daa74f2c9c80,717341001,2,68,136,2023-08-16
SYN-e509daa74f2c9c80,717341002,4,68,272,2023-08-16
SYN-e50e7136365bfb68,554598008,2,17,34,2023-04-02
SYN-e50e7136365bfb68,634015010,3,17,51,2023-04-02
SYN-e50e7136365bfb68,634383001,3,42,126,2023-04-02
SYN-e5144cc5abb2d020,555364007,6,25,150,2023-03-02
SYN-e5144cc5abb2d020,662888002,3,32,96,2023-03-02
SYN-e514f0bf36cd879a,560208006,4,22,88,2023-01-02
SYN-e514f0bf36cd879a,560209006,5,15,75,2023-01-02
SYN-e514f0bf36cd879a,568137002,2,17,34,2023-01-02
SYN-e514f0bf36cd879a,615141002,2,25,50,2023-01-02
SYN-e514f0bf36cd879a,685687001,2,17,34,2023-01-02
SYN-e514f0bf36cd879a,705094001,4,42,168,2023-01-02
SYN-e524c06f0abc3384,592975013,4,46,184,2023-07-04
SYN-e524c06f0abc3384,634332005,6,38,228,2023-07-04
SYN-e52716c5587ca6a4,594430008,5,19,95,2023-03-28
SYN-e52716c5587ca6a4,611415005,4,17,68,2023-03-28
SYN-e5611215e037393c,386681012,6,17,102,2023-05-23
SYN-e5611215e037393c,615141002,4,25,100,2023-05-23
SYN-e5611215e037393c,673643001,4,31,124,2023-05-23
SYN-e561c6e280a8c507,616086002,5,3,15,2023-12-26
SYN-e594dfc9b961efec,613246002,2,25,50,2023-12-11
SYN-e594dfc9b961efec,621381001,3,34,102,2023-12-11
SYN-e594dfc9b961efec,633136010,3,34,102,2023-12-11
SYN-e59c330d56499502,301656013,3,38,114,2023-10-01
SYN-e5a7702907ad803b,653409002,3,219,657,2023-11-11
SYN-e5a80724d1eaf0eb,642296002,5,10,50,2023-09-08
SYN-e5a80724d1eaf0eb,650974002,4,34,136,2023-09-08
SYN-e5a80724d1eaf0eb,665725001,2,34,68,2023-09-08
SYN-e5a80724d1eaf0eb,710390001,5,25,125,2023-09-08
SYN-e5bbc92c5165cced,659295003,2,56,112,2023-03-07
SYN-e5bbc92c5165cced,659302004,4,51,204,2023-03-07
SYN-e5d142910fbe2689,581777008,5,51,255,2023-05-03
SYN-e5d142910fbe2689,687169001,4,119,476,2023-05-03
SYN-e5e6c0615b683f3a,440811010,3,29,87,2023-12-02
SYN-e5eae1323814ebae,479294002,5,25,125,2023-11-21
SYN-e5ec58c98aba63d9,501820001,6,17,102,2023-10-24
SYN-e5ec58c98aba63d9,562245006,5,34,170,2023-10-24
SYN-e5ec58c98aba63d9,562245018,5,20,100,2023-10-24
SYN-e5ec58c98aba63d9,610776001,6,9,54,2023-10-24
SYN-e5ec58c98aba63d9,610776002,3,9,27,2023-10-24
SYN-e5ec58c98aba63d9,660599002,6,34,204,2023-10-24
SYN-e5ec58c98aba63d9,680374001,3,34,102,2023-10-24
SYN-e5ec58c98aba63d9,680374002,6,34,204,2023-10-24
SYN-e5ed6c3a14677202,680810001,4,25,100,2023-06-20
SYN-e5f3414c975ec8bc,586203002,2,27,54,2023-10-11
SYN-e5fd294b8ed81577,532578009,2,7,14,2023-04-23
SYN-e5fd294b8ed81577,581338001,6,20,120,2023-04-23
SYN-e5fd294b8ed81577,598848006,4,31,124,2023-04-23
SYN-e6045570aaa8b537,118458004,4,34,136,2023-10-03
SYN-e6045570aaa8b537,569974003,6,34,204,2023-10-03
SYN-e62434f72f35ca36,287645023,4,9,36,2023-11-06
SYN-e62434f72f35ca36,487910001,5,31,155,2023-11-06
SYN-e62434f72f35ca36,524825014,4,42,168,2023-11-06
SYN-e62434f72f35ca36,537612021,6,17,102,2023-11-06
SYN-e62434f72f35ca36,537612026,6,17,102,2023-11-06
SYN-e62434f72f35ca36,553488008,6,17,102,2023-11-06
SYN-e62434f72f35ca36,555347001,2,47,94,2023-11-06
SYN-e62434f72f35ca36,568301001,4,17,68,2023-11-06
SYN-e62434f72f35ca36,575074001,3,22,66,2023-11-06
SYN-e62434f72f35ca36,579322004,4,15,60,2023-11-06
SYN-e62434f72f35ca36,607347004,6,17,102,2023-11-06
SYN-e62434f72f35ca36,607347017,2,17,34,2023-11-06
SYN-e62434f72f35ca36,611148004,4,17,68,2023-11-06
SYN-e62434f72f35ca36,611148013,4,17,68,2023-11-06
SYN-e62434f72f35ca36,620208002,5,14,70,2023-11-06
SYN-e62434f72f35ca36,623275011,3,25,75,2023-11-06
SYN-e62434f72f35ca36,626445006,6,25,150,2023-11-06
SYN-e62434f72f35ca36,626445014,3,25,75,2023-11-06
SYN-e62434f72f35ca36,626648003,3,17,51,2023-11-06
SYN-e62434f72f35ca36,627563007,5,25,125,2023-11-06
SYN-e62434f72f35ca36,631170003,6,25,150,2023-11-06
SYN-e62434f72f35ca36,638204001,2,25,50,2023-11-06
SYN-e62434f72f35ca36,639976002,4,85,340,2023-11-06
SYN-e62434f72f35ca36,641020005,4,25,100,2023-11-06
SYN-e62434f72f35ca36,646171002,3,34,102,2023-11-06
SYN-e62434f72f35ca36,646824002,3,31,93,2023-11-06
SYN-e62434f72f35ca36,650799002,2,17,34,2023-11-06
SYN-e62434f72f35ca36,650800002,3,25,75,2023-11-06
SYN-e62434f72f35ca36,653337002,6,25,150,2023-11-06
SYN-e62434f72f35ca36,656099001,4,34,136,2023-11-06
SYN-e62434f72f35ca36,660300002,6,17,102,2023-11-06
SYN-e62434f72f35ca36,660590001,2,22,44,2023-11-06
SYN-e62434f72f35ca36,660590003,3,22,66,2023-11-06
SYN-e62434f72f35ca36,663243001,4,25,100,2023-11-06
SYN-e62434f72f35ca36,673806003,2,10,20,2023-11-06
SYN-e62434f72f35ca36,673806004,2,10,20,2023-11-06
SYN-e62434f72f35ca36,676754001,5,22,110,2023-11-06
SYN-e62434f72f35ca36,676756001,5,25,125,2023-11-06
SYN-e628926959326c45,633150001,3,24,72,2023-11-21
SYN-e629ca04485ef9df,484398077,2,17,34,2023-06-23
SYN-e629ca04485ef9df,571650001,2,42,84,2023-06-23
SYN-e643876644d2d27f,663353001,3,110,330,2023-07-01
SYN-e65cd45c7a33a7cb,312543001,6,25,150,2023-05-27
SYN-e65cd45c7a33a7cb,475120001,3,5,15,2023-05-27
SYN-e65cd45c7a33a7cb,560208006,6,22,132,2023-05-27
SYN-e65cd45c7a33a7cb,584449002,3,20,60,2023-05-27
SYN-e65cd45c7a33a7cb,595435002,5,15,75,2023-05-27
SYN-e65cd45c7a33a7cb,611032001,5,12,60,2023-05-27
SYN-e65cd45c7a33a7cb,629758005,2,15,30,2023-05-27
SYN-e66263c8b35951d9,642739001,4,34,136,2023-12-31
SYN-e6638233feb168a5,688873005,4,34,136,2023-06-16
SYN-e6638233feb168a5,688873015,6,34,204,2023-06-16
SYN-e66f0320d6bf2433,573085001,6,21,126,2023-09-15
SYN-e674abb658115b4f,569244002,3,15,45,2023-08-26
SYN-e674abb658115b4f,709784001,2,22,44,2023-08-26
SYN-e684179df79025f8,687061002,6,42,252,2023-10-09
SYN-e68982591ac86fda,662888001,4,31,124,2023-07-18
SYN-e68fb0d6a4a43e6f,486462007,6,7,42,2023-12-04
SYN-e695d074a72eb40c,660712003,6,42,252,2023-07-12
SYN-e6961fb4d3b87ca5,674079004,4,25,100,2023-01-23
SYN-e6a6eb3de0090874,111593001,2,11,22,2023-08-20
SYN-e6a6eb3de0090874,123173001,3,11,33,2023-08-20
SYN-e6a6eb3de0090874,562245034,6,20,120,2023-08-20
SYN-e6b04f81bdc443f2,108775015,4,9,36,2023-01-22
SYN-e6b04f81bdc443f2,647982002,5,51,255,2023-01-22
SYN-e6ba7168cf79a759,399223028,2,30,60,2023-05-05
SYN-e6ba7168cf79a759,550309006,6,38,228,2023-05-05
SYN-e6c30438b15c0f1a,495573004,4,25,100,2023-12-30
SYN-e6c30438b15c0f1a,657287001,3,17,51,2023-12-30
SYN-e6c30438b15c0f1a,657287002,2,17,34,2023-12-30
SYN-e6c3be41e394b259,446224002,4,16,64,2023-08-21
SYN-e6c3be41e394b259,633136003,3,31,93,2023-08-21
SYN-e6c3be41e394b259,657116003,4,47,188,2023-08-21
SYN-e6c6013bcea53aae,633136007,5,34,170,2023-07-19
SYN-e6c913f4272f60c8,657159002,6,85,510,2023-11-28
SYN-e6cd44ca898601b2,349669005,6,9,54,2023-01-31
SYN-e6cd44ca898601b2,573284054,4,9,36,2023-01-31
SYN-e6d272a028549323,568597006,6,42,252,2023-06-02
SYN-e6d272a028549323,599502001,4,36,144,2023-06-02
SYN-e6d272a028549323,647416002,5,25,125,2023-06-02
SYN-e6d272a028549323,647416005,6,25,150,2023-06-02
SYN-e6d8f7088bfc2727,585482001,2,10,20,2023-04-18
SYN-e6d8f7088bfc2727,601465006,6,17,102,2023-04-18
SYN-e6e76e1493c753aa,680810001,6,34,204,2023-05-27
SYN-e6e76e1493c753aa,680810002,4,34,136,2023-05-27
SYN-e6ef9c67a0e9fad4,625819005,3,25,75,2023-01-09
SYN-e6ef9c67a0e9fad4,665211001,5,17,85,2023-01-09
SYN-e6fb7ad5ba05c618,457892005,3,25,75,2023-11-13
SYN-e6fb7ad5ba05c618,539723042,5,29,145,2023-11-13
SYN-e6fb7ad5ba05c618,562252028,4,22,88,2023-11-13
SYN-e6fb7ad5ba05c618,657415001,6,25,150,2023-11-13
SYN-e70acd4dcd0d6b31,579302001,3,32,96,2023-03-25
SYN-e70acd4dcd0d6b31,579302004,4,32,128,2023-03-25
SYN-e70acd4dcd0d6b31,579302007,4,32,128,2023-03-25
SYN-e70e09db952f9c8d,639845002,4,25,100,2023-09-13
SYN-e70fd490c6bd3a15,562245004,2,24,48,2023-07-14
SYN-e70fd490c6bd3a15,562245006,2,34,68,2023-07-14
SYN-e70fd490c6bd3a15,562245018,2,20,40,2023-07-14
SYN-e72950ed44eee253,572124001,4,37,148,2023-01-31
SYN-e72950ed44eee253,573085027,4,31,124,2023-01-31
SYN-e72950ed44eee253,589222003,4,18,72,2023-01-31
SYN-e72950ed44eee253,599502001,2,36,72,2023-01-31
SYN-e72950ed44eee253,647804001,2,18,36,2023-01-31
SYN-e72aefdfc827072c,657970001,2,51,102,2023-07-14
SYN-e72aefdfc827072c,683662005,4,14,56,2023-07-14
SYN-e72f8710bbf3ba36,567993015,2,14,28,2023-10-02
SYN-e72f8710bbf3ba36,653275008,2,17,34,2023-10-02
SYN-e72f8710bbf3ba36,653275012,2,17,34,2023-10-02
SYN-e72f8710bbf3ba36,653275013,4,17,68,2023-10-02
SYN-e734cb57c12338e1,640462002,3,29,87,2023-05-11
SYN-e734cb57c12338e1,699569001,4,22,88,2023-05-11
SYN-e734f30b35d97c45,557247013,5,17,85,2023-01-02
SYN-e734f30b35d97c45,557248001,5,34,170,2023-01-02
SYN-e734f30b35d97c45,636586001,5,34,170,2023-01-02
SYN-e74fdc49bf7a0189,504154001,2,20,40,2023-07-30
SYN-e74fdc49bf7a0189,512699001,3,29,87,2023-07-30
SYN-e74fdc49bf7a0189,562820006,4,9,36,2023-07-30
SYN-e74fdc49bf7a0189,589924004,2,14,28,2023-07-30
SYN-e74fdc49bf7a0189,609719001,5,9,45,2023-07-30
SYN-e74fdc49bf7a0189,610744009,5,15,75,2023-07-30
SYN-e74fdc49bf7a0189,613521002,4,25,100,2023-07-30
SYN-e74fdc49bf7a0189,685687003,4,17,68,2023-07-30
SYN-e750fd5857640cd7,665098001,2,59,118,2023-07-13
SYN-e75b35ac41f0052d,466595003,2,40,80,2023-01-20
SYN-e7650dd53ee6d3e3,629826002,3,22,66,2023-06-12
SYN-e7650dd53ee6d3e3,630200002,5,22,110,2023-06-12
SYN-e76697f305e853d6,548388012,4,20,80,2023-01-22
SYN-e76ef5b21754b6eb,399256002,6,15,90,2023-08-20
SYN-e76ef5b21754b6eb,561445005,2,7,14,2023-08-20
SYN-e76ef5b21754b6eb,572480003,3,6,18,2023-08-20
SYN-e76ef5b21754b6eb,625939014,3,7,21,2023-08-20
SYN-e76ef5b21754b6eb,625939035,2,7,14,2023-08-20
SYN-e76ef5b21754b6eb,683662002,2,12,24,2023-08-20
SYN-e786483eca5ad0fc,378135030,6,68,408,2023-04-22
SYN-e786483eca5ad0fc,443860011,2,51,102,2023-04-22
SYN-e786483eca5ad0fc,554450004,6,34,204,2023-04-22
SYN-e786483eca5ad0fc,625321010,6,25,150,2023-04-22
SYN-e786483eca5ad0fc,630116005,3,34,102,2023-04-22
SYN-e786483eca5ad0fc,630116006,2,34,68,2023-04-22
SYN-e786483eca5ad0fc,630145006,2,51,102,2023-04-22
SYN-e786483eca5ad0fc,632784001,5,5,25,2023-04-22
SYN-e786483eca5ad0fc,634009010,2,25,50,2023-04-22
SYN-e786483eca5ad0fc,643217002,4,51,204,2023-04-22
SYN-e786483eca5ad0fc,654564003,5,17,85,2023-04-22
SYN-e786483eca5ad0fc,655347002,2,17,34,2023-04-22
SYN-e786483eca5ad0fc,657116003,5,51,255,2023-04-22
SYN-e786483eca5ad0fc,666581001,6,34,204,2023-04-22
SYN-e786483eca5ad0fc,684851004,6,59,354,2023-04-22
SYN-e7a78353496f90ee,673638005,2,16,32,2023-12-20
SYN-e7a78353496f90ee,685687004,4,17,68,2023-12-20
SYN-e7aca1d9c5aa785d,399136023,4,68,272,2023-02-06
SYN-e7aca1d9c5aa785d,518329007,6,25,150,2023-02-06
SYN-e7b6d4a140a3d931,615141002,2,25,50,2023-12-04
SYN-e7b6d4a140a3d931,615141003,4,25,100,2023-12-04
SYN-e7b6d4a140a3d931,692454002,3,25,75,2023-12-04
SYN-e7c7f4b0bc6ac757,243613004,3,22,66,2023-05-10
SYN-e7c7f4b0bc6ac757,506110001,3,25,75,2023-05-10
SYN-e7c7f4b0bc6ac757,512251003,4,25,100,2023-05-10
SYN-e7c7f4b0bc6ac757,535488010,6,17,102,2023-05-10
SYN-e7c7f4b0bc6ac757,570574001,4,17,68,2023-05-10
SYN-e7c7f4b0bc6ac757,612935007,4,34,136,2023-05-10
SYN-e7c7f4b0bc6ac757,635421003,4,15,60,2023-05-10
SYN-e7c7f4b0bc6ac757,639778009,5,25,125,2023-05-10
SYN-e7c7f4b0bc6ac757,657415002,4,25,100,2023-05-10
SYN-e7c7f4b0bc6ac757,657415004,3,25,75,2023-05-10
SYN-e7c7f4b0bc6ac757,671783004,4,25,100,2023-05-10
SYN-e7c7f4b0bc6ac757,680374003,4,34,136,2023-05-10
SYN-e7c7f4b0bc6ac757,685687001,2,17,34,2023-05-10
SYN-e7c7f4b0bc6ac757,685687002,2,17,34,2023-05-10
SYN-e7c7f4b0bc6ac757,685687003,2,17,34,2023-05-10
SYN-e7c7f4b0bc6ac757,685687004,4,17,68,2023-05-10
SYN-e7c7f4b0bc6ac757,687478001,3,17,51,2023-05-10
SYN-e7c7f4b0bc6ac757,687821002,5,51,255,2023-05-10
SYN-e7d6be1f50ffc13f,500780008,5,22,110,2023-01-04
SYN-e7d6be1f50ffc13f,596472001,2,25,50,2023-01-04
SYN-e7d6be1f50ffc13f,609650002,5,14,70,2023-01-04
SYN-e7dc722aaf5767ed,633135006,4,30,120,2023-05-21
SYN-e7dc722aaf5767ed,651905005,4,15,60,2023-05-21
SYN-e7dc722aaf5767ed,677930005,5,15,75,2023-05-21
SYN-e7e1303277abc54b,440811001,3,47,141,2023-11-26
SYN-e7e1303277abc54b,548613032,4,8,32,2023-11-26
SYN-e7e1303277abc54b,620585013,2,14,28,2023-11-26
SYN-e7e1303277abc54b,647373004,4,34,136,2023-11-26
SYN-e7e1303277abc54b,654772001,2,27,54,2023-11-26
SYN-e7e3efa2042aa6c0,670437002,3,102,306,2023-04-14
SYN-e7e3efa2042aa6c0,674310002,5,42,210,2023-04-14
SYN-e7e3efa2042aa6c0,692992002,2,34,68,2023-04-14
SYN-e7f46386ebd70461,524825010,4,39,156,2023-09-01
SYN-e7f46386ebd70461,524825013,3,39,117,2023-09-01
SYN-e7f46386ebd70461,591334003,2,16,32,2023-09-01
SYN-e7faf5de99f6cd1d,554772002,3,9,27,2023-03-19
SYN-e7faf5de99f6cd1d,554772003,3,9,27,2023-03-19
SYN-e7faf5de99f6cd1d,663016001,4,68,272,2023-03-19
SYN-e7ff05b461fc33ec,627389005,3,17,51,2023-03-14
SYN-e7ff05b461fc33ec,635084003,6,10,60,2023-03-14
SYN-e811001c144fb40d,189616006,4,17,68,2023-06-12
SYN-e811001c144fb40d,189616008,3,17,51,2023-06-12
SYN-e818aa42ce16abb6,509210002,6,29,174,2023-04-01
SYN-e818aa42ce16abb6,564048010,4,15,60,2023-04-01
SYN-e818aa42ce16abb6,564048026,4,20,80,2023-04-01
SYN-e81b400e0eb8632e,446224013,5,15,75,2023-01-10
SYN-e81b400e0eb8632e,539723001,2,31,62,2023-01-10
SYN-e81b400e0eb8632e,552716001,2,31,62,2023-01-10
SYN-e81b400e0eb8632e,634333001,3,38,114,2023-01-10
SYN-e81b400e0eb8632e,657476002,5,15,75,2023-01-10
SYN-e81cc29ca178ed79,508638037,4,17,68,2023-05-17
SYN-e81cc29ca178ed79,508638038,3,17,51,2023-05-17
SYN-e81cc29ca178ed79,579500001,5,15,75,2023-05-17
SYN-e81cc29ca178ed79,640316002,6,15,90,2023-05-17
SYN-e8240eabaaf2798a,620238001,3,68,204,2023-10-30
SYN-e8240eabaaf2798a,677304002,2,59,118,2023-10-30
SYN-e8240eabaaf2798a,679514001,2,42,84,2023-10-30
SYN-e83be3b058e62d45,658183001,3,5,15,2023-05-12
SYN-e85da4f9a73dfa2d,688463001,6,14,84,2023-01-01
SYN-e85da4f9a73dfa2d,692454002,6,25,150,2023-01-01
SYN-e8648ead4272f6a4,573937001,2,32,64,2023-03-25
SYN-e86ec5d67cbb44c1,657415002,3,25,75,2023-08-02
SYN-e86ec5d67cbb44c1,660599002,4,34,136,2023-08-02
SYN-e871cbeb08667d19,564418002,2,42,84,2023-02-25
SYN-e871cbeb08667d19,572797001,6,10,60,2023-02-25
SYN-e871cbeb08667d19,572797011,6,10,60,2023-02-25
SYN-e871cbeb08667d19,589222001,3,24,72,2023-02-25
SYN-e877932452775fa1,190021021,3,14,42,2023-05-06
SYN-e877932452775fa1,266875001,6,17,102,2023-05-06
SYN-e877932452775fa1,559634002,6,34,204,2023-05-06
SYN-e877932452775fa1,568137005,5,17,85,2023-05-06
SYN-e877932452775fa1,610776002,5,9,45,2023-05-06
SYN-e877932452775fa1,610776023,3,9,27,2023-05-06
SYN-e877932452775fa1,630653001,5,25,125,2023-05-06
SYN-e877932452775fa1,633781012,6,17,102,2023-05-06
SYN-e877932452775fa1,635741002,3,10,30,2023-05-06
SYN-e877932452775fa1,639146001,2,37,74,2023-05-06
SYN-e877932452775fa1,652961005,3,25,75,2023-05-06
SYN-e877932452775fa1,653666006,4,10,40,2023-05-06
SYN-e877932452775fa1,659832006,5,17,85,2023-05-06
SYN-e877932452775fa1,683662005,6,14,84,2023-05-06
SYN-e877932452775fa1,683662006,4,14,56,2023-05-06
SYN-e877932452775fa1,687033002,4,17,68,2023-05-06
SYN-e877932452775fa1,687034002,2,25,50,2023-05-06
SYN-e87ce7b525e0e77a,538813002,5,61,305,2023-04-06
SYN-e87ce7b525e0e77a,572998001,5,46,230,2023-04-06
SYN-e87ce7b525e0e77a,581781010,4,46,184,2023-04-06
SYN-e87ce7b525e0e77a,628466001,3,76,228,2023-04-06
SYN-e87ce7b525e0e77a,628466002,4,76,304,2023-04-06
SYN-e87ce7b525e0e77a,673349001,2,59,118,2023-04-06
SYN-e87ce7b525e0e77a,685687003,5,17,85,2023-04-06
SYN-e87ce7b525e0e77a,685687004,2,17,34,2023-04-06
SYN-e87ce7b525e0e77a,689899001,2,51,102,2023-04-06
SYN-e87ce7b525e0e77a,717341001,2,68,136,2023-04-06
SYN-e883e62ce5d88a93,567993020,2,10,20,2023-02-26
SYN-e889b20f749af58b,399223024,6,34,204,2023-04-25
SYN-e889b20f749af58b,469137011,5,31,155,2023-04-25
SYN-e889b20f749af58b,573085001,4,24,96,2023-04-25
SYN-e889b20f749af58b,573085004,6,34,204,2023-04-25
SYN-e889b20f749af58b,573085010,3,34,102,2023-04-25
SYN-e889b20f749af58b,573085027,2,34,68,2023-04-25
SYN-e889b20f749af58b,589222001,6,24,144,2023-04-25
SYN-e889b20f749af58b,589222005,3,24,72,2023-04-25
SYN-e889b20f749af58b,625939012,5,9,45,2023-04-25
SYN-e889b20f749af58b,625939025,3,9,27,2023-04-25
SYN-e889b20f749af58b,637673006,6,34,204,2023-04-25
SYN-e88b240139c503cf,541512005,3,22,66,2023-10-02
SYN-e88b240139c503cf,560393001,4,22,88,2023-10-02
SYN-e88b240139c503cf,621846001,6,25,150,2023-10-02
SYN-e88b240139c503cf,655252001,3,25,75,2023-10-02
SYN-e88b240139c503cf,656031001,6,17,102,2023-10-02
SYN-e88b240139c503cf,663695001,2,14,28,2023-10-02
SYN-e898b1f27a70816d,569246001,5,34,170,2023-01-30
SYN-e89ae107799d8088,554704004,3,51,153,2023-07-13
SYN-e89ae107799d8088,630696001,2,25,50,2023-07-13
SYN-e89ae107799d8088,632143001,6,34,204,2023-07-13
SYN-e89ae107799d8088,632143002,2,34,68,2023-07-13
SYN-e89ae107799d8088,661914001,3,102,306,2023-07-13
SYN-e8b0fd876696cef5,559619003,5,14,70,2023-09-11
SYN-e8b0fd876696cef5,580054003,2,11,22,2023-09-11
SYN-e8b0fd876696cef5,642051004,4,28,112,2023-09-11
SYN-e8b0fd876696cef5,661147004,4,47,188,2023-09-11
SYN-e8b0fd876696cef5,685687004,2,16,32,2023-09-11
SYN-e8b948ae73c7abf7,321591012,3,13,39,2023-09-23
SYN-e8b948ae73c7abf7,451720003,5,13,65,2023-09-23
SYN-e8b948ae73c7abf7,465862001,6,10,60,2023-09-23
SYN-e8b948ae73c7abf7,564375004,5,66,330,2023-09-23
SYN-e8b948ae73c7abf7,567413004,4,13,52,2023-09-23
SYN-e8b948ae73c7abf7,633148001,6,25,150,2023-09-23
SYN-e8b948ae73c7abf7,633148003,2,25,50,2023-09-23
SYN-e8b948ae73c7abf7,652732001,5,66,330,2023-09-23
SYN-e8b948ae73c7abf7,664729001,6,33,198,2023-09-23
SYN-e8b948ae73c7abf7,673396003,5,13,65,2023-09-23
SYN-e8bbc5c5d4f5d9ed,680186001,4,34,136,2023-07-29
SYN-e8cd985c8662b660,604501001,4,25,100,2023-10-02
SYN-e8d068fca1f1836a,490436001,4,15,60,2023-01-15
SYN-e8d068fca1f1836a,608007006,4,36,144,2023-01-15
SYN-e8d205d08e61f27c,608007006,4,34,136,2023-09-03
SYN-e8e10a41b1e56b31,228257001,5,10,50,2023-12-08
SYN-e8e10a41b1e56b31,624661001,4,14,56,2023-12-08
SYN-e8e10a41b1e56b31,662722001,2,10,20,2023-12-08
SYN-e8e10a41b1e56b31,678063001,4,25,100,2023-12-08
SYN-e8e48fb188f78b41,595779001,4,25,100,2023-01-22
SYN-e8e48fb188f78b41,595779002,3,25,75,2023-01-22
SYN-e913b65a51a0a046,512251004,4,25,100,2023-12-15
SYN-e913b65a51a0a046,589924009,6,25,150,2023-12-15
SYN-e913b65a51a0a046,610776002,6,9,54,2023-12-15
SYN-e913b65a51a0a046,615018001,4,25,100,2023-12-15
SYN-e913b65a51a0a046,615021027,2,17,34,2023-12-15
SYN-e913b65a51a0a046,669361001,3,42,126,2023-12-15
SYN-e913b65a51a0a046,675359003,2,42,84,2023-12-15
SYN-e913b65a51a0a046,688873001,2,34,68,2023-12-15
SYN-e913b65a51a0a046,688873014,2,34,68,2023-12-15
SYN-e913b65a51a0a046,704042001,3,42,126,2023-12-15
SYN-e915ceb6a1f14ac8,555292006,3,31,93,2023-08-05
SYN-e915ceb6a1f14ac8,626263001,2,25,50,2023-08-05
SYN-e915ceb6a1f14ac8,626440008,6,17,102,2023-08-05
SYN-e915ceb6a1f14ac8,649510002,5,68,340,2023-08-05
SYN-e915ceb6a1f14ac8,689156002,5,22,110,2023-08-05
SYN-e938a10e9ac370e2,291338017,5,22,110,2023-09-04
SYN-e938a10e9ac370e2,555292006,5,31,155,2023-09-04
SYN-e938a10e9ac370e2,555351006,4,42,168,2023-09-04
SYN-e938a10e9ac370e2,570143001,5,25,125,2023-09-04
SYN-e938a10e9ac370e2,579125007,5,22,110,2023-09-04
SYN-e938a10e9ac370e2,580526001,4,22,88,2023-09-04
SYN-e938a10e9ac370e2,619353006,3,25,75,2023-09-04
SYN-e938a10e9ac370e2,625043002,4,51,204,2023-09-04
SYN-e938a10e9ac370e2,626445001,2,25,50,2023-09-04
SYN-e938a10e9ac370e2,626615011,6,12,72,2023-09-04
SYN-e938a10e9ac370e2,626713001,2,25,50,2023-09-04
SYN-e938a10e9ac370e2,627759008,4,59,236,2023-09-04
SYN-e938a10e9ac370e2,627769007,4,68,272,2023-09-04
SYN-e938a10e9ac370e2,640149001,2,22,44,2023-09-04
SYN-e938a10e9ac370e2,641047003,5,59,295,2023-09-04
SYN-e938a10e9ac370e2,641203001,6,34,204,2023-09-04
SYN-e938a10e9ac370e2,650678001,5,17,85,2023-09-04
SYN-e938a10e9ac370e2,651793001,4,17,68,2023-09-04
SYN-e938a10e9ac370e2,660590001,2,22,44,2023-09-04
SYN-e938a10e9ac370e2,673024004,2,25,50,2023-09-04
SYN-e938a10e9ac370e2,673806002,6,10,60,2023-09-04
SYN-e938a10e9ac370e2,693208004,6,7,42,2023-09-04
SYN-e938a10e9ac370e2,693208005,3,7,21,2023-09-04
SYN-e93cadaacc94f5a2,523489001,4,5,20,2023-07-15
SYN-e93cadaacc94f5a2,562245058,5,34,170,2023-07-15
SYN-e93cadaacc94f5a2,607833002,5,51,255,2023-07-15
SYN-e93cadaacc94f5a2,608483007,2,25,50,2023-07-15
SYN-e93cadaacc94f5a2,635280002,4,34,136,2023-07-15
SYN-e93cadaacc94f5a2,663176005,2,51,102,2023-07-15
SYN-e9463bfd14b1f1c4,625939005,5,3,15,2023-08-31
SYN-e95ba0ffc00cf9b6,144993001,3,14,42,2023-01-22
SYN-e95ba0ffc00cf9b6,472064016,3,32,96,2023-01-22
SYN-e95ba0ffc00cf9b6,493103045,6,14,84,2023-01-22
SYN-e95ba0ffc00cf9b6,675209007,6,10,60,2023-01-22
SYN-e95ba0ffc00cf9b6,687326001,5,25,125,2023-01-22
SYN-e95c067dfca531c8,555347001,4,45,180,2023-01-18
SYN-e95c067dfca531c8,605378005,2,16,32,2023-01-18
SYN-e95c067dfca531c8,614648002,5,40,200,2023-01-18
SYN-e95c067dfca531c8,616225015,2,16,32,2023-01-18
SYN-e95c067dfca531c8,626442019,3,32,96,2023-01-18
SYN-e95c067dfca531c8,626444001,4,16,64,2023-01-18
SYN-e95c067dfca531c8,626445002,6,24,144,2023-01-18
SYN-e95c067dfca531c8,627009006,4,24,96,2023-01-18
SYN-e95c067dfca531c8,673813001,2,14,28,2023-01-18
SYN-e96566fcf85c121a,681620002,4,34,136,2023-09-23
SYN-e96f1cbff9a5cc53,573085004,5,34,170,2023-07-21
SYN-e96f1cbff9a5cc53,656719003,6,51,306,2023-07-21
SYN-e96f1cbff9a5cc53,673677002,2,17,34,2023-07-21
SYN-e973a3a018d6f336,671505001,5,34,170,2023-03-19
SYN-e97a57e1e0313e63,448509009,6,20,120,2023-08-05
SYN-e97a57e1e0313e63,610776002,6,9,54,2023-08-05
SYN-e984b29db523a211,599502009,6,32,192,2023-09-08
SYN-e984b29db523a211,617279005,3,51,153,2023-09-08
SYN-e984b29db523a211,662868001,4,34,136,2023-09-08
SYN-e99939aabd11e7d9,664319001,5,25,125,2023-11-16
SYN-e99939aabd11e7d9,671553002,4,17,68,2023-11-16
SYN-e99939aabd11e7d9,671553006,4,17,68,2023-11-16
SYN-e9a144f36c2b7747,639836004,3,102,306,2023-07-05
SYN-e9a144f36c2b7747,668214001,6,168,1008,2023-07-05
SYN-e9ac65b9115b5fc9,465051005,5,24,120,2023-08-29
SYN-e9ac65b9115b5fc9,505094001,3,24,72,2023-08-29
SYN-e9ac65b9115b5fc9,505094004,3,24,72,2023-08-29
SYN-e9ac65b9115b5fc9,630313008,5,10,50,2023-08-29
SYN-e9ac65b9115b5fc9,633469001,5,31,155,2023-08-29
SYN-e9b346718a8c5c51,603584003,2,17,34,2023-05-11
SYN-e9b346718a8c5c51,603584008,3,12,36,2023-05-11
SYN-e9bb214af603a616,578023001,2,51,102,2023-05-04
SYN-e9bb214af603a616,653567003,2,68,136,2023-05-04
SYN-e9d052544ee285d6,399136061,6,51,306,2023-10-24
SYN-e9d559409d37ff70,624634001,5,25,125,2023-02-11
SYN-e9da03f579b8341b,153115019,6,25,150,2023-07-23
SYN-e9dfbaacf2870cd7,665481001,6,51,306,2023-11-27
SYN-e9dfbaacf2870cd7,667491011,6,25,150,2023-11-27
SYN-e9dfbaacf2870cd7,672890001,5,25,125,2023-11-27
SYN-e9dfbaacf2870cd7,685687004,2,17,34,2023-11-27
SYN-e9e678efe6ccb1ef,464908002,6,17,102,2023-06-07
SYN-e9ea00e7b6076020,436570008,4,25,100,2023-04-14
SYN-e9ea00e7b6076020,636323001,3,15,45,2023-04-14
SYN-e9ea00e7b6076020,654521001,6,59,354,2023-04-14
SYN-e9ea00e7b6076020,662257001,4,25,100,2023-04-14
SYN-e9ea00e7b6076020,663942001,3,34,102,2023-04-14
SYN-e9ea00e7b6076020,675378002,6,25,150,2023-04-14
SYN-e9ea00e7b6076020,675952003,6,34,204,2023-04-14
SYN-e9ea00e7b6076020,685687003,3,17,51,2023-04-14
SYN-ea08fe26a0dc6ddb,300024013,4,34,136,2023-02-17
SYN-ea0ce7d752007ca5,610776022,6,9,54,2023-05-25
SYN-ea12a8ed610a3c88,590416003,3,23,69,2023-02-21
SYN-ea1bbfe4dd2fe0d7,312543001,4,25,100,2023-10-13
SYN-ea1bbfe4dd2fe0d7,526562001,3,34,102,2023-10-13
SYN-ea1bbfe4dd2fe0d7,562245050,3,22,66,2023-10-13
SYN-ea1bbfe4dd2fe0d7,581831010,6,31,186,2023-10-13
SYN-ea1bbfe4dd2fe0d7,589222003,2,18,36,2023-10-13
SYN-ea1bbfe4dd2fe0d7,622877005,3,31,93,2023-10-13
SYN-ea1bbfe4dd2fe0d7,666606001,6,34,204,2023-10-13
SYN-ea1bbfe4dd2fe0d7,674482003,3,17,51,2023-10-13
SYN-ea39342a7b68cc8d,516859002,2,14,28,2023-07-22
SYN-ea636021651f859c,657285005,2,25,50,2023-01-01
SYN-ea636021651f859c,673275003,2,17,34,2023-01-01
SYN-ea636021651f859c,679655001,5,24,120,2023-01-01
SYN-ea636021651f859c,680187001,2,17,34,2023-01-01
SYN-ea636021651f859c,700774001,2,59,118,2023-01-01
SYN-ea78f2c6b2a61ff6,581709007,2,9,18,2023-06-05
SYN-ea89edc03143e6be,639894003,5,17,85,2023-12-09
SYN-ea89edc03143e6be,645971001,2,17,34,2023-12-09
SYN-ea94e3eda13c8bb1,551336001,3,31,93,2023-12-19
SYN-ea94e3eda13c8bb1,621381001,4,31,124,2023-12-19
SYN-ea94e3eda13c8bb1,719530004,5,31,155,2023-12-19
SYN-ea9ddc8f44bfab47,399136011,4,59,236,2023-11-05
SYN-eaa51d923229a4e5,272591001,5,17,85,2023-09-03
SYN-eaa51d923229a4e5,272591029,6,17,102,2023-09-03
SYN-eaa56618e98542ac,160442007,4,14,56,2023-05-28
SYN-eaa56618e98542ac,436261001,2,17,34,2023-05-28
SYN-eaa56618e98542ac,508156027,3,22,66,2023-05-28
SYN-eaa56618e98542ac,560270001,4,31,124,2023-05-28
SYN-eaa56618e98542ac,567993035,6,25,150,2023-05-28
SYN-eaa56618e98542ac,630145001,3,51,153,2023-05-28
SYN-eaa56618e98542ac,660367001,4,48,192,2023-05-28
SYN-eaa56618e98542ac,708021002,2,17,34,2023-05-28
SYN-eab9c968f6eec9b5,665477001,2,34,68,2023-11-15
SYN-eab9c968f6eec9b5,665477002,4,34,136,2023-11-15
SYN-eab9c968f6eec9b5,665477003,4,34,136,2023-11-15
SYN-eab9c968f6eec9b5,685687001,2,17,34,2023-11-15
SYN-eab9c968f6eec9b5,685687004,6,17,102,2023-11-15
SYN-eac3bcf507d973e5,675647002,3,61,183,2023-07-15
SYN-eac4b2476874be96,502186012,4,32,128,2023-11-13
SYN-eacbc5b2b8d8ddf0,675281002,4,25,100,2023-04-11
SYN-eaecc25416df58c9,572582008,4,42,168,2023-09-03
SYN-eaecc25416df58c9,636238001,3,42,126,2023-09-03
SYN-eb068992a18f9e41,529008026,6,25,150,2023-12-19
SYN-eb068992a18f9e41,564334002,6,25,150,2023-12-19
SYN-eb068992a18f9e41,628788003,4,25,100,2023-12-19
SYN-eb068992a18f9e41,630514003,2,25,50,2023-12-19
SYN-eb068992a18f9e41,640299002,3,17,51,2023-12-19
SYN-eb068992a18f9e41,642223001,6,31,186,2023-12-19
SYN-eb195b33c2da1273,624122003,5,22,110,2023-03-18
SYN-eb1d2507362350c8,552716001,2,31,62,2023-11-21
SYN-eb1d2507362350c8,621381001,6,31,186,2023-11-21
SYN-eb1d2507362350c8,652075001,4,23,92,2023-11-21
SYN-eb2cdce87342e204,351484002,5,12,60,2023-07-31
SYN-eb2cdce87342e204,559630002,2,15,30,2023-07-31
SYN-eb2cdce87342e204,560221006,4,15,60,2023-07-31
SYN-eb2cdce87342e204,590921001,5,14,70,2023-07-31
SYN-eb2cdce87342e204,609719001,3,9,27,2023-07-31
SYN-eb2cdce87342e204,660712003,5,42,210,2023-07-31
SYN-eb2cdce87342e204,685687004,2,17,34,2023-07-31
SYN-eb2d95c1decc4369,608370001,6,46,276,2023-09-19
SYN-eb4c923a884e4039,611469002,3,34,102,2023-08-28
SYN-eb6b01674ad099b8,211143022,4,18,72,2023-12-28
SYN-eb6b01674ad099b8,594987005,5,9,45,2023-12-28
SYN-eb6b01674ad099b8,629551004,4,12,48,2023-12-28
SYN-eb7a7a2de1f8b309,399223024,4,34,136,2023-08-18
SYN-eb7a7a2de1f8b309,399223026,4,34,136,2023-08-18
SYN-eb7a7a2de1f8b309,573085010,6,34,204,2023-08-18
SYN-eb7a7a2de1f8b309,639833002,6,17,102,2023-08-18
SYN-eb7a7a2de1f8b309,650974003,4,34,136,2023-08-18
SYN-eb7a7a2de1f8b309,676352001,6,25,150,2023-08-18
SYN-eb7a7a2de1f8b309,680374003,4,34,136,2023-08-18
SYN-eb7a7a2de1f8b309,687270001,3,34,102,2023-08-18
SYN-eb7ed994266f6c57,639454001,5,22,110,2023-04-28
SYN-eb85365cd87673ad,427159006,2,61,122,2023-03-02
SYN-eb8f64da2962d66f,684105001,5,79,395,2023-02-19
SYN-eb8f64da2962d66f,687427001,5,32,160,2023-02-19
SYN-eb8fcd7f1ce37c73,588689001,3,34,102,2023-11-16
SYN-eb8fcd7f1ce37c73,660712012,4,42,168,2023-11-16
SYN-eb8fcd7f1ce37c73,678342001,6,9,54,2023-11-16
SYN-eba7456e7e169df4,662857005,5,42,210,2023-07-10
SYN-eba7456e7e169df4,688873005,2,34,68,2023-07-10
SYN-eba9c8cf539bc81d,581781010,5,51,255,2023-03-08
SYN-eba9c8cf539bc81d,695584001,2,14,28,2023-03-08
SYN-ebab98be6edbb820,568597009,4,27,108,2023-06-28
SYN-ebab98be6edbb820,629305003,2,17,34,2023-06-28
SYN-ebae0c26722e62cb,566140001,2,7,14,2023-09-08
SYN-ebae0c26722e62cb,573085028,5,31,155,2023-09-08
SYN-ebae0c26722e62cb,587782005,5,27,135,2023-09-08
SYN-ebae0c26722e62cb,589222001,5,21,105,2023-09-08
SYN-ebae0c26722e62cb,615141002,5,25,125,2023-09-08
SYN-ebae0c26722e62cb,615939001,6,25,150,2023-09-08
SYN-ebae0c26722e62cb,620945002,2,5,10,2023-09-08
SYN-ebae0c26722e62cb,647190003,3,17,51,2023-09-08
SYN-ebae0c26722e62cb,678073001,5,25,125,2023-09-08
SYN-ebae0c26722e62cb,678073002,6,25,150,2023-09-08
SYN-ebae0c26722e62cb,692454002,5,25,125,2023-09-08
SYN-ebae0c26722e62cb,714378001,3,34,102,2023-09-08
SYN-ebb136f52a01ae5d,688873014,4,34,136,2023-04-08
SYN-ebb91f108aace489,671553002,6,17,102,2023-05-30
SYN-ebc8745a99663131,542533001,5,34,170,2023-09-12
SYN-ebcb267aa97c8c9c,650274003,2,17,34,2023-01-03
SYN-ebcb267aa97c8c9c,665713002,2,22,44,2023-01-03
SYN-ebd1cc4c1ef917cb,399201011,6,41,246,2023-02-25
SYN-ebd1cc4c1ef917cb,489607003,2,42,84,2023-02-25
SYN-ebd1cc4c1ef917cb,529008026,2,25,50,2023-02-25
SYN-ebd1cc4c1ef917cb,568943001,2,34,68,2023-02-25
SYN-ebd1cc4c1ef917cb,571436009,5,14,70,2023-02-25
SYN-ebd1cc4c1ef917cb,571436010,6,14,84,2023-02-25
SYN-ebd1cc4c1ef917cb,605092009,2,17,34,2023-02-25
SYN-ebd1cc4c1ef917cb,611415005,5,17,85,2023-02-25
SYN-ebd1cc4c1ef917cb,613858005,6,17,102,2023-02-25
SYN-ebd1cc4c1ef917cb,635695001,3,34,102,2023-02-25
SYN-ebd1cc4c1ef917cb,639908001,2,34,68,2023-02-25
SYN-ebd1cc4c1ef917cb,670063001,5,14,70,2023-02-25
SYN-ebd1cc4c1ef917cb,670063002,3,14,42,2023-02-25
SYN-ebd1cc4c1ef917cb,681815001,4,17,68,2023-02-25
SYN-ebd1cc4c1ef917cb,681815003,6,17,102,2023-02-25
SYN-ebf3d468480bfa72,522043004,6,9,54,2023-01-18
SYN-ec08d380501cc1b8,564313003,4,25,100,2023-02-01
SYN-ec08d380501cc1b8,617065002,5,17,85,2023-02-01
SYN-ec08d380501cc1b8,626054001,5,59,295,2023-02-01
SYN-ec22724036740974,524825010,2,42,84,2023-10-10
SYN-ec22724036740974,548613029,6,17,102,2023-10-10
SYN-ec22724036740974,592975011,3,51,153,2023-10-10
SYN-ec22724036740974,610776002,5,9,45,2023-10-10
SYN-ec22724036740974,634248003,5,34,170,2023-10-10
SYN-ec2491c330a1c040,617245003,4,51,204,2023-05-09
SYN-ec2765bbc2135156,649437001,6,34,204,2023-10-07
SYN-ec2935bf8483b5f4,665477001,3,34,102,2023-07-12
SYN-ec4669dc417d956b,623275002,4,25,100,2023-09-08
SYN-ec4669dc417d956b,623853001,6,5,30,2023-09-08
SYN-ec4669dc417d956b,630037009,3,3,9,2023-09-08
SYN-ec4669dc417d956b,637352008,6,25,150,2023-09-08
SYN-ec49e793877f9d1c,324502018,5,10,50,2023-07-05
SYN-ec49e793877f9d1c,671505004,4,25,100,2023-07-05
SYN-ec63f5712938af9c,549852003,6,14,84,2023-08-18
SYN-ec63f5712938af9c,579148006,5,14,70,2023-08-18
SYN-ec63f5712938af9c,581831001,6,17,102,2023-08-18
SYN-ec63f5712938af9c,589541001,5,44,220,2023-08-18
SYN-ec678e1367fd87e2,690478001,4,34,136,2023-08-21
SYN-ec7a7e6fc2937a01,266873006,2,14,28,2023-07-08
SYN-ec7a7e6fc2937a01,630316012,5,68,340,2023-07-08
SYN-ec7a7e6fc2937a01,653431003,3,143,429,2023-07-08
SYN-ec7a7e6fc2937a01,663016002,4,68,272,2023-07-08
SYN-ec7a7e6fc2937a01,685683001,6,25,150,2023-07-08
SYN-ec7f59c1891bc3d0,615085004,2,15,30,2023-01-03
SYN-ec7f59c1891bc3d0,644803002,2,45,90,2023-01-03
SYN-eca0e474afaa3016,630696004,2,21,42,2023-03-01
SYN-eca0e474afaa3016,718748001,3,21,63,2023-03-01
SYN-eca2f2f8b340214c,681891001,6,27,162,2023-07-19
SYN-ecbc282129f05a08,685347001,2,17,34,2023-08-17
SYN-ecc888e5629fd688,648867002,3,34,102,2023-12-07
SYN-ecc888e5629fd688,657128001,2,68,136,2023-12-07
SYN-ecc888e5629fd688,685687004,4,17,68,2023-12-07
SYN-ecdad6260ffc8e7a,637515003,2,32,64,2023-05-24
SYN-ecdad6260ffc8e7a,645065001,2,34,68,2023-05-24
SYN-ece7b8c905b28773,639338001,4,422,1688,2023-08-23
SYN-ecf51703743e66d0,411413017,6,7,42,2023-09-03
SYN-ecf51703743e66d0,504154003,3,20,60,2023-09-03
SYN-ecf51703743e66d0,504154015,2,15,30,2023-09-03
SYN-ecf51703743e66d0,504154027,2,41,82,2023-09-03
SYN-ecf51703743e66d0,509210007,3,33,99,2023-09-03
SYN-ecf51703743e66d0,512699001,2,28,56,2023-09-03
SYN-ecf51703743e66d0,536139028,5,16,80,2023-09-03
SYN-ecf51703743e66d0,575464004,3,20,60,2023-09-03
SYN-ecf51703743e66d0,634015010,5,16,80,2023-09-03
SYN-ecf51703743e66d0,640258001,6,13,78,2023-09-03
SYN-ecf51703743e66d0,645732002,3,48,144,2023-09-03
SYN-ecf51703743e66d0,664140001,2,13,26,2023-09-03
SYN-ecfa90ffd17abe79,464927013,2,17,34,2023-09-24
SYN-ecfa90ffd17abe79,632534004,3,17,51,2023-09-24
SYN-ecff7c40a43c30ae,651814001,3,51,153,2023-04-01
SYN-ecff7c40a43c30ae,669814003,4,51,204,2023-04-01
SYN-ed05407eaffdd449,534052001,3,7,21,2023-08-13
SYN-ed05407eaffdd449,622955002,4,59,236,2023-08-13
SYN-ed21983c46489ec8,673638001,6,17,102,2023-07-12
SYN-ed21983c46489ec8,673638002,6,17,102,2023-07-12
SYN-ed21983c46489ec8,673638005,5,17,85,2023-07-12
SYN-ed26b54a8db43e45,680499003,2,51,102,2023-07-01
SYN-ed285c84773528f6,581127001,2,22,44,2023-05-22
SYN-ed285c84773528f6,581127006,2,22,44,2023-05-22
SYN-ed285c84773528f6,626415001,5,19,95,2023-05-22
SYN-ed3fdd332399a7ff,399087001,6,34,204,2023-04-06
SYN-ed4893697fbfc53a,607154001,2,42,84,2023-08-05
SYN-ed4893697fbfc53a,688873012,6,34,204,2023-08-05
SYN-ed5dfa23668696d9,653409002,3,219,657,2023-03-29
SYN-ed5e3813cdf6e801,429313013,6,31,186,2023-05-14
SYN-ed5e3813cdf6e801,429313016,5,31,155,2023-05-14
SYN-ed5e3813cdf6e801,580000003,3,14,42,2023-05-14
SYN-ed5e3813cdf6e801,611415003,2,17,34,2023-05-14
SYN-ed5e3813cdf6e801,622094001,3,32,96,2023-05-14
SYN-ed5e3813cdf6e801,630514004,3,25,75,2023-05-14
SYN-ed5e3813cdf6e801,656032004,5,14,70,2023-05-14
SYN-ed5e3813cdf6e801,663695002,4,14,56,2023-05-14
SYN-ed5f09d8b9fa8c9f,647843001,3,59,177,2023-03-30
SYN-ed610a845ba3a80f,568808001,4,42,168,2023-07-03
SYN-ed638ccd153ef993,565373002,4,20,80,2023-09-16
SYN-ed7053eea6fc9dd1,569974015,5,20,100,2023-06-30
SYN-ed7f518b4525d1ec,524825010,5,42,210,2023-12-25
SYN-ed9953fe57d09676,661095001,5,68,340,2023-06-12
SYN-ed9953fe57d09676,662868002,2,34,68,2023-06-12
SYN-ed9953fe57d09676,662948004,5,42,210,2023-06-12
SYN-eda610ff069266c5,580000001,3,14,42,2023-02-28
SYN-eda610ff069266c5,628788001,2,25,50,2023-02-28
SYN-eda95366be18003a,598665001,5,10,50,2023-07-25
SYN-eda953b611e7b137,539723038,2,34,68,2023-09-20
SYN-edc9e441e24c12af,681747001,2,25,50,2023-01-13
SYN-eddc79aaad4e2c40,372860051,5,14,70,2023-02-24
SYN-eddc79aaad4e2c40,675139003,3,17,51,2023-02-24
SYN-edf073ce66108314,568808001,4,40,160,2023-08-22
SYN-edf073ce66108314,637912001,5,31,155,2023-08-22
SYN-edf073ce66108314,667499006,6,25,150,2023-08-22
SYN-edf073ce66108314,672625002,3,34,102,2023-08-22
SYN-edf51fa3f9f4d6eb,426013024,4,27,108,2023-06-25
SYN-edf51fa3f9f4d6eb,484205010,6,42,252,2023-06-25
SYN-edf51fa3f9f4d6eb,521302006,5,25,125,2023-06-25
SYN-edf51fa3f9f4d6eb,572124001,5,41,205,2023-06-25
SYN-edf51fa3f9f4d6eb,572127015,2,19,38,2023-06-25
SYN-edf51fa3f9f4d6eb,623632004,5,36,180,2023-06-25
SYN-edfb31ee20dde9f4,538142008,6,20,120,2023-11-19
SYN-edfb31ee20dde9f4,615959001,3,17,51,2023-11-19
SYN-ee0a8eeead7cf556,552370004,6,17,102,2023-01-17
SYN-ee0a8eeead7cf556,587677001,4,22,88,2023-01-17
SYN-ee0a8eeead7cf556,626263008,6,25,150,2023-01-17
SYN-ee0df224be20a95e,478646003,2,14,28,2023-02-11
SYN-ee0df224be20a95e,655869001,2,14,28,2023-02-11
SYN-ee29ed7d9c6cb3c5,484205018,6,68,408,2023-11-17
SYN-ee38ef8fe231c8f5,612305001,6,56,336,2023-02-02
SYN-ee38ef8fe231c8f5,665095004,6,25,150,2023-02-02
SYN-ee59c6688a684c53,257430029,4,8,32,2023-08-15
SYN-ee59c6688a684c53,455014019,3,9,27,2023-08-15
SYN-ee59c6688a684c53,550471019,3,14,42,2023-08-15
SYN-ee59c6688a684c53,553403003,4,15,60,2023-08-15
SYN-ee59c6688a684c53,563874001,2,15,30,2023-08-15
SYN-ee59c6688a684c53,635023001,2,12,24,2023-08-15
SYN-ee59c6688a684c53,657759002,2,15,30,2023-08-15
SYN-ee59c6688a684c53,677848001,3,8,24,2023-08-15
SYN-ee59c6688a684c53,677848002,5,8,40,2023-08-15
SYN-ee5ba7169786f6c2,189616006,2,17,34,2023-01-05
SYN-ee5ba7169786f6c2,507910001,3,25,75,2023-01-05
SYN-ee5ba7169786f6c2,567411017,6,22,132,2023-01-05
SYN-ee5ba7169786f6c2,594264003,3,25,75,2023-01-05
SYN-ee5ba7169786f6c2,617534005,4,25,100,2023-01-05
SYN-ee5ba7169786f6c2,633535003,5,20,100,2023-01-05
SYN-ee5ba7169786f6c2,648414004,3,42,126,2023-01-05
SYN-ee5ba7169786f6c2,648995009,4,34,136,2023-01-05
SYN-ee5ba7169786f6c2,656719005,2,48,96,2023-01-05
SYN-ee5ba7169786f6c2,670707001,6,42,252,2023-01-05
SYN-ee5ba7169786f6c2,671515001,4,25,100,2023-01-05
SYN-ee5ba7169786f6c2,681667002,4,42,168,2023-01-05
SYN-ee5ba7169786f6c2,681667007,2,42,84,2023-01-05
SYN-ee6fd16c292d0bd2,118458039,5,20,100,2023-05-25
SYN-ee6fd16c292d0bd2,522918019,4,15,60,2023-05-25
SYN-ee6fd16c292d0bd2,537738001,5,15,75,2023-05-25
SYN-ee6fd16c292d0bd2,552817001,6,15,90,2023-05-25
SYN-ee6fd16c292d0bd2,554450016,2,22,44,2023-05-25
SYN-ee6fd16c292d0bd2,573085010,2,25,50,2023-05-25
SYN-ee6fd16c292d0bd2,589222003,5,20,100,2023-05-25
SYN-ee6fd16c292d0bd2,642631001,3,15,45,2023-05-25
SYN-ee6fd16c292d0bd2,685687004,6,17,102,2023-05-25
SYN-ee7280a99bba39bb,457892003,4,23,92,2023-11-11
SYN-ee7280a99bba39bb,568601006,5,46,230,2023-11-11
SYN-ee7280a99bba39bb,589924009,5,23,115,2023-11-11
SYN-ee7280a99bba39bb,622046002,4,17,68,2023-11-11
SYN-ee7280a99bba39bb,637566002,3,46,138,2023-11-11
SYN-ee76fd0d1a1f7bec,401044012,4,20,80,2023-01-18
SYN-ee76fd0d1a1f7bec,568013001,2,20,40,2023-01-18
SYN-ee76fd0d1a1f7bec,574109015,4,25,100,2023-01-18
SYN-ee80d6251a5ab0cd,625939003,4,9,36,2023-04-17
SYN-ee80d6251a5ab0cd,639192002,6,64,384,2023-04-17
SYN-ee8115c91bef226a,635561009,4,16,64,2023-10-30
SYN-ee927599c1b5b01d,589924005,2,14,28,2023-05-26
SYN-ee927599c1b5b01d,638553001,5,41,205,2023-05-26
SYN-ee9a376f597f5906,675657002,4,42,168,2023-06-26
SYN-eea574086291bb70,386678001,2,25,50,2023-02-14
SYN-eeb350547af406df,613666003,2,59,118,2023-03-19
SYN-eeb7f16851e4e0eb,457892003,6,25,150,2023-11-21
SYN-eeb7f16851e4e0eb,565379001,4,9,36,2023-11-21
SYN-eeb7f16851e4e0eb,565379004,2,9,18,2023-11-21
SYN-eeb7f16851e4e0eb,565379021,6,9,54,2023-11-21
SYN-eed61bb4c52e3a41,522561002,3,85,255,2023-12-19
SYN-eef2cff3c964abbf,508691004,3,12,36,2023-01-28
SYN-eef2cff3c964abbf,615092002,6,17,102,2023-01-28
SYN-eef2cff3c964abbf,615141002,3,25,75,2023-01-28
SYN-eef2cff3c964abbf,615141003,2,25,50,2023-01-28
SYN-eef2cff3c964abbf,667491006,3,25,75,2023-01-28
SYN-eef2cff3c964abbf,667491011,3,25,75,2023-01-28
SYN-eef2cff3c964abbf,671505004,2,34,68,2023-01-28
SYN-eef9980ed001955e,578374001,2,42,84,2023-06-04
SYN-eef9980ed001955e,611415001,6,17,102,2023-06-04
SYN-eef9980ed001955e,611415005,3,17,51,2023-06-04
SYN-eef9980ed001955e,673677002,6,17,102,2023-06-04
SYN-eef9980ed001955e,676352001,4,25,100,2023-06-04
SYN-eefa4c9ed1312915,468480025,3,34,102,2023-01-11
SYN-ef03423831578f8c,448515018,2,34,68,2023-05-21
SYN-ef03423831578f8c,609598012,5,34,170,2023-05-21
SYN-ef03423831578f8c,662948003,4,42,168,2023-05-21
SYN-ef116ee59d5973a5,504154020,6,42,252,2023-12-05
SYN-ef139b68168d6491,651082004,3,17,51,2023-01-28
SYN-ef13e533648ab83e,572533002,2,15,30,2023-05-31
SYN-ef13e533648ab83e,625927001,4,10,40,2023-05-31
SYN-ef2944f9888a5a9c,638418001,2,35,70,2023-05-19
SYN-ef3c6cf2f61385ea,571198002,5,25,125,2023-10-06
SYN-ef4504b8c34016aa,572124006,2,41,82,2023-04-03
SYN-ef4504b8c34016aa,610671001,6,31,186,2023-04-03
SYN-ef4504b8c34016aa,613246002,3,25,75,2023-04-03
SYN-ef4504b8c34016aa,613246006,2,25,50,2023-04-03
SYN-ef4504b8c34016aa,651793001,2,17,34,2023-04-03
SYN-ef4504b8c34016aa,651793002,4,17,68,2023-04-03
SYN-ef4504b8c34016aa,694589003,2,25,50,2023-04-03
SYN-ef4ff7db7710764d,695584001,6,14,84,2023-02-08
SYN-ef4ff7db7710764d,713993005,6,14,84,2023-02-08
SYN-ef6e9bf848652793,684890003,4,25,100,2023-07-01
SYN-ef6e9bf848652793,714373001,3,25,75,2023-07-01
SYN-ef70ad2bb541d111,539723003,3,34,102,2023-11-27
SYN-ef70ad2bb541d111,539723004,2,34,68,2023-11-27
SYN-ef70ad2bb541d111,554546015,2,34,68,2023-11-27
SYN-ef70ad2bb541d111,598806012,4,17,68,2023-11-27
SYN-ef74cc69f48a84e5,532578001,3,19,57,2023-11-14
SYN-ef74cc69f48a84e5,637515005,4,34,136,2023-11-14
SYN-ef74cc69f48a84e5,662868002,3,34,102,2023-11-14
SYN-ef74cc69f48a84e5,662888001,6,34,204,2023-11-14
SYN-ef74cc69f48a84e5,662888003,5,34,170,2023-11-14
SYN-ef837b75d05b62bc,685687001,2,17,34,2023-04-11
SYN-ef927e33e1875f2e,635561002,3,17,51,2023-02-10
SYN-ef927e33e1875f2e,640252004,2,25,50,2023-02-10
SYN-ef927e33e1875f2e,660712003,5,42,210,2023-02-10
SYN-ef927e33e1875f2e,675378002,6,25,150,2023-02-10
SYN-ef927e33e1875f2e,676198001,5,51,255,2023-02-10
SYN-ef927e33e1875f2e,680912009,6,12,72,2023-02-10
SYN-ef927e33e1875f2e,691839001,3,51,153,2023-02-10
SYN-ef9a4a5598415464,562245001,3,22,66,2023-04-03
SYN-ef9a4a5598415464,562245006,4,34,136,2023-04-03
SYN-ef9a4a5598415464,595779002,5,25,125,2023-04-03
SYN-ef9a4a5598415464,636455005,6,36,216,2023-04-03
SYN-ef9a4a5598415464,640174002,3,42,126,2023-04-03
SYN-ef9a4a5598415464,659302004,6,51,306,2023-04-03
SYN-ef9a4a5598415464,667491005,3,25,75,2023-04-03
SYN-efa30b5de948e092,610662002,6,34,204,2023-06-12
SYN-efb30967e6c0d5d9,490113003,6,20,120,2023-03-10
SYN-efc3add956c74967,565379001,5,9,45,2023-03-19
SYN-efc59c9f932f8a38,544627006,2,39,78,2023-02-15
SYN-efc59c9f932f8a38,628930001,5,23,115,2023-02-15
SYN-efc59c9f932f8a38,675359002,5,39,195,2023-02-15
SYN-efc672ae6c3cdab0,671505004,4,34,136,2023-11-21
SYN-efc672ae6c3cdab0,717092001,2,42,84,2023-11-21
SYN-efcd93c58b0df35e,615141002,4,24,96,2023-08-14
SYN-efcd93c58b0df35e,625819003,4,24,96,2023-08-14
SYN-efcd93c58b0df35e,637549012,4,32,128,2023-08-14
SYN-efcd93c58b0df35e,658298001,2,40,80,2023-08-14
SYN-efcd93c58b0df35e,664319001,5,24,120,2023-08-14
SYN-efcd93c58b0df35e,672890002,6,24,144,2023-08-14
SYN-efd2fb40cd04765f,631868005,3,61,183,2023-12-21
SYN-efd2fb40cd04765f,661610001,2,36,72,2023-12-21
SYN-efd2fb40cd04765f,669429001,5,159,795,2023-12-21
SYN-efd2fb40cd04765f,675647002,6,61,366,2023-12-21
SYN-efd5e93d02515234,647416001,5,24,120,2023-06-22
SYN-efd5e93d02515234,684080003,3,95,285,2023-06-22
SYN-efd6a2b43c4caebb,453358001,2,10,20,2023-03-28
SYN-efd6a2b43c4caebb,578478001,2,42,84,2023-03-28
SYN-efd6a2b43c4caebb,662935001,3,51,153,2023-03-28
SYN-efd6a2b43c4caebb,675319002,5,51,255,2023-03-28
SYN-efd6a2b43c4caebb,675319004,4,51,204,2023-03-28
SYN-efd6a2b43c4caebb,688873006,2,34,68,2023-03-28
SYN-efd7b1cad9afb710,448509009,2,18,36,2023-02-12
SYN-efd7b1cad9afb710,490793035,2,10,20,2023-02-12
SYN-efd7b1cad9afb710,514865027,2,15,30,2023-02-12
SYN-efd7b1cad9afb710,514865036,4,17,68,2023-02-12
SYN-efd7b1cad9afb710,554696001,5,22,110,2023-02-12
SYN-efd7b1cad9afb710,554757003,4,14,56,2023-02-12
SYN-efd7b1cad9afb710,568556002,3,17,51,2023-02-12
SYN-efd7b1cad9afb710,572480003,5,7,35,2023-02-12
SYN-efd7b1cad9afb710,582077002,6,20,120,2023-02-12
SYN-efd7b1cad9afb710,584483003,2,9,18,2023-02-12
SYN-efd7b1cad9afb710,625939005,5,3,15,2023-02-12
SYN-efd7b1cad9afb710,635844003,6,9,54,2023-02-12
SYN-efdf2c90d911e59c,460302004,5,29,145,2023-10-30
SYN-f006ac21c0b34ac0,181448104,6,12,72,2023-06-20
SYN-f006ac21c0b34ac0,372860002,5,14,70,2023-06-20
SYN-f006ac21c0b34ac0,524825013,3,42,126,2023-06-20
SYN-f006ac21c0b34ac0,639685003,6,42,252,2023-06-20
SYN-f006ac21c0b34ac0,661794002,3,114,342,2023-06-20
SYN-f006ac21c0b34ac0,680186001,6,42,252,2023-06-20
SYN-f006ac21c0b34ac0,688873006,5,34,170,2023-06-20
SYN-f0155d9cbad4f190,578476001,5,36,180,2023-10-18
SYN-f027a203549a760d,538993003,2,36,72,2023-12-16
SYN-f027a203549a760d,662253002,3,72,216,2023-12-16
SYN-f027a203549a760d,673638003,5,14,70,2023-12-16
SYN-f034cd5456d48fc0,399087014,2,34,68,2023-10-10
SYN-f034cd5456d48fc0,552473032,4,25,100,2023-10-10
SYN-f047d57a402bfb23,501286001,4,59,236,2023-05-07
SYN-f0515b86341d3e1f,543141002,4,17,68,2023-03-21
SYN-f0515b86341d3e1f,567728006,4,19,76,2023-03-21
SYN-f0515b86341d3e1f,589599004,4,15,60,2023-03-21
SYN-f0515b86341d3e1f,590928001,3,31,93,2023-03-21
SYN-f0515b86341d3e1f,609727003,4,31,124,2023-03-21
SYN-f0515b86341d3e1f,610842005,2,10,20,2023-03-21
SYN-f0515b86341d3e1f,666223001,5,17,85,2023-03-21
SYN-f065ca169da0e8a7,691012001,2,72,144,2023-01-29
SYN-f07397b1eba6cf56,160442007,5,14,70,2023-09-17
SYN-f07397b1eba6cf56,544627006,5,42,210,2023-09-17
SYN-f07397b1eba6cf56,633130015,2,17,34,2023-09-17
SYN-f07397b1eba6cf56,678553004,6,34,204,2023-09-17
SYN-f07397b1eba6cf56,714367001,6,25,150,2023-09-17
SYN-f07ece7371de0b7f,671505004,3,34,102,2023-10-25
SYN-f07ece7371de0b7f,681357001,5,34,170,2023-10-25
SYN-f08f1596544310c3,521302006,4,25,100,2023-06-28
SYN-f08f1596544310c3,521302008,4,15,60,2023-06-28
SYN-f0973cc525599d5c,532954003,6,3,18,2023-08-25
SYN-f0973cc525599d5c,532955001,6,5,30,2023-08-25
SYN-f0973cc525599d5c,536358002,2,15,30,2023-08-25
SYN-f0973cc525599d5c,687337002,4,14,56,2023-08-25
SYN-f098d7dd3510ae71,560270010,3,51,153,2023-01-28
SYN-f0a2ed2a63faafd7,505991002,3,7,21,2023-10-17
SYN-f0a6391b9f51dc50,586257002,2,9,18,2023-09-12
SYN-f0a99ba80ef828a2,590582001,4,19,76,2023-06-11
SYN-f0a99ba80ef828a2,619566001,2,29,58,2023-06-11
SYN-f0b9293647b6960b,568597008,3,15,45,2023-06-15
SYN-f0b9293647b6960b,569933006,4,42,168,2023-06-15
SYN-f0b9293647b6960b,615367008,2,25,50,2023-06-15
SYN-f0b9293647b6960b,695457001,4,22,88,2023-06-15
SYN-f0c6e254675dbc83,369796007,5,14,70,2023-06-27
SYN-f0c6e254675dbc83,399061011,5,59,295,2023-06-27
SYN-f0c6e254675dbc83,505882002,4,31,124,2023-06-27
SYN-f0c6e254675dbc83,598806011,4,17,68,2023-06-27
SYN-f0c6e254675dbc83,613826004,4,42,168,2023-06-27
SYN-f0c6e254675dbc83,625939005,3,3,9,2023-06-27
SYN-f0c6e254675dbc83,630672001,6,27,162,2023-06-27
SYN-f0c6e254675dbc83,630672002,5,34,170,2023-06-27
SYN-f0c6e254675dbc83,640164001,2,34,68,2023-06-27
SYN-f0c6e254675dbc83,657476002,2,17,34,2023-06-27
SYN-f0c6e254675dbc83,660308002,5,25,125,2023-06-27
SYN-f0c6e254675dbc83,683662002,4,14,56,2023-06-27
SYN-f0cd077efc3dda66,674002001,2,102,204,2023-10-19
SYN-f0cf518636ec283d,662344003,2,34,68,2023-11-17
SYN-f0d83e599d8bd9ab,654564003,3,17,51,2023-02-10
SYN-f0d83e599d8bd9ab,654564005,4,17,68,2023-02-10
SYN-f0d83e599d8bd9ab,678260002,5,10,50,2023-02-10
SYN-f0d83e599d8bd9ab,678260005,3,10,30,2023-02-10
SYN-f0db66d11d10f98f,399136004,2,59,118,2023-10-19
SYN-f0db66d11d10f98f,636407001,5,42,210,2023-10-19
SYN-f0db66d11d10f98f,685687001,5,17,85,2023-10-19
SYN-f0db66d11d10f98f,685687002,6,17,102,2023-10-19
SYN-f0dd6f543d28ecad,396135007,2,17,34,2023-04-28
SYN-f0dd6f543d28ecad,396135008,2,17,34,2023-04-28
SYN-f0dd6f543d28ecad,396135048,2,17,34,2023-04-28
SYN-f0dd6f543d28ecad,522638004,2,22,44,2023-04-28
SYN-f0dd6f543d28ecad,522638007,3,22,66,2023-04-28
SYN-f0dd6f543d28ecad,525518002,6,42,252,2023-04-28
SYN-f0dd6f543d28ecad,525518005,3,42,126,2023-04-28
SYN-f0dd6f543d28ecad,602687009,5,17,85,2023-04-28
SYN-f0dd6f543d28ecad,603582001,5,17,85,2023-04-28
SYN-f0dd6f543d28ecad,603582003,2,17,34,2023-04-28
SYN-f0dd6f543d28ecad,603582004,6,17,102,2023-04-28
SYN-f0dd6f543d28ecad,603582007,6,17,102,2023-04-28
SYN-f0dd6f543d28ecad,619884012,2,34,68,2023-04-28
SYN-f0dd6f543d28ecad,656763001,3,34,102,2023-04-28
SYN-f0dd6f543d28ecad,657925004,4,51,204,2023-04-28
SYN-f0ddaca3c71345c5,663396001,3,51,153,2023-08-21
SYN-f0f284fc7bc9b5bf,457892005,5,24,120,2023-10-12
SYN-f0fa492e441e21c3,635789002,4,14,56,2023-09-27
SYN-f0fa492e441e21c3,662935001,4,42,168,2023-09-27
SYN-f0fa492e441e21c3,671491001,2,41,82,2023-09-27
SYN-f1051d2782907791,606712001,2,42,84,2023-07-25
SYN-f1051d2782907791,619636003,3,36,108,2023-07-25
SYN-f117faebde7926dd,554704006,4,48,192,2023-11-14
SYN-f117faebde7926dd,663942001,5,34,170,2023-11-14
SYN-f117faebde7926dd,664665004,3,34,102,2023-11-14
SYN-f13525afd31aaac8,623522002,4,9,36,2023-09-13
SYN-f135f5d8692737eb,652671001,6,31,186,2023-05-08
SYN-f13c044f6b11628c,558512008,6,34,204,2023-01-04
SYN-f13c044f6b11628c,653335002,4,25,100,2023-01-04
SYN-f13db12089a7c132,381038026,5,10,50,2023-04-06
SYN-f13db12089a7c132,587813006,3,15,45,2023-04-06
SYN-f13db12089a7c132,607670001,3,15,45,2023-04-06
SYN-f13db12089a7c132,612033001,6,15,90,2023-04-06
SYN-f13db12089a7c132,648300001,3,15,45,2023-04-06
SYN-f1601dee04f3d447,498779009,3,12,36,2023-12-17
SYN-f1601dee04f3d447,568838004,3,20,60,2023-12-17
SYN-f1601dee04f3d447,639769001,4,20,80,2023-12-17
SYN-f1611c1a08ed635c,681718001,3,41,123,2023-07-20
SYN-f16a9535ea0487c4,579466001,6,42,252,2023-06-14
SYN-f175282b1d359bac,253448003,2,25,50,2023-04-25
SYN-f175282b1d359bac,671505001,6,34,204,2023-04-25
SYN-f175282b1d359bac,703843001,6,25,150,2023-04-25
SYN-f1773dcabddfa38c,520509001,4,20,80,2023-06-30
SYN-f1773dcabddfa38c,634317001,2,25,50,2023-06-30
SYN-f18762e856908ecb,636926001,3,10,30,2023-09-26
SYN-f18762e856908ecb,637549004,3,34,102,2023-09-26
SYN-f19134c591384ce4,549253007,3,46,138,2023-05-14
SYN-f19134c591384ce4,669517002,5,46,230,2023-05-14
SYN-f199b35157a3e480,516741002,2,48,96,2023-02-22
SYN-f199b35157a3e480,662842002,3,34,102,2023-02-22
SYN-f1a558dec4c52909,560030006,4,30,120,2023-07-17
SYN-f1a558dec4c52909,634013021,2,30,60,2023-07-17
SYN-f1a65125c9814d10,453585009,2,17,34,2023-12-16
SYN-f1a65125c9814d10,524825013,5,42,210,2023-12-16
SYN-f1a65125c9814d10,666382002,5,25,125,2023-12-16
SYN-f1c96267c236220c,293433002,4,14,56,2023-12-16
SYN-f1c96267c236220c,522346004,2,34,68,2023-12-16
SYN-f1c96267c236220c,553881015,3,14,42,2023-12-16
SYN-f1c96267c236220c,561548009,4,7,28,2023-12-16
SYN-f1c96267c236220c,561548034,5,7,35,2023-12-16
SYN-f1c96267c236220c,589448002,6,12,72,2023-12-16
SYN-f1c96267c236220c,611148008,5,14,70,2023-12-16
SYN-f1c96267c236220c,617534006,2,12,24,2023-12-16
SYN-f1c96267c236220c,621264001,6,12,72,2023-12-16
SYN-f1c96267c236220c,622958003,5,42,210,2023-12-16
SYN-f1c96267c236220c,623879002,2,6,12,2023-12-16
SYN-f1c96267c236220c,624828001,5,14,70,2023-12-16
SYN-f1c96267c236220c,639836001,3,102,306,2023-12-16
SYN-f1c96267c236220c,657195001,2,85,170,2023-12-16
SYN-f1c96267c236220c,660599001,4,34,136,2023-12-16
SYN-f1c96267c236220c,665969001,5,19,95,2023-12-16
SYN-f1c96267c236220c,677347003,6,136,816,2023-12-16
SYN-f1c96267c236220c,685687004,5,17,85,2023-12-16
SYN-f1d690203651e95e,554704005,3,51,153,2023-11-25
SYN-f1da780f57075be9,237222001,6,17,102,2023-01-26
SYN-f1da780f57075be9,396135007,6,17,102,2023-01-26
SYN-f1da780f57075be9,504155012,3,34,102,2023-01-26
SYN-f1da780f57075be9,554772002,5,9,45,2023-01-26
SYN-f1da780f57075be9,554772003,5,9,45,2023-01-26
SYN-f1da780f57075be9,613497003,3,34,102,2023-01-26
SYN-f1da780f57075be9,667491002,4,25,100,2023-01-26
SYN-f1da780f57075be9,681815001,3,17,51,2023-01-26
SYN-f1e255f77e03f912,436261001,4,11,44,2023-09-01
SYN-f1e255f77e03f912,671607001,6,11,66,2023-09-01
SYN-f1e96f55f41e04e5,502186012,2,34,68,2023-02-07
SYN-f1e96f55f41e04e5,552473001,4,25,100,2023-02-07
SYN-f1e96f55f41e04e5,645065001,5,34,170,2023-02-07
SYN-f1e96f55f41e04e5,657925004,4,51,204,2023-02-07
SYN-f1e96f55f41e04e5,678552001,2,42,84,2023-02-07
SYN-f1e96f55f41e04e5,685687003,2,17,34,2023-02-07
SYN-f1ebe69eefe3ec8f,490176002,4,20,80,2023-12-13
SYN-f1ebe69eefe3ec8f,624134001,5,12,60,2023-12-13
SYN-f1ebe69eefe3ec8f,631418001,4,17,68,2023-12-13
SYN-f1ebe69eefe3ec8f,631418004,2,17,34,2023-12-13
SYN-f1ebe69eefe3ec8f,640662004,6,27,162,2023-12-13
SYN-f1ebe69eefe3ec8f,660712003,4,34,136,2023-12-13
SYN-f1ec159a9a09e377,573085001,2,24,48,2023-01-01
SYN-f1ec159a9a09e377,648173003,2,14,28,2023-01-01
SYN-f1ec159a9a09e377,652075001,4,12,48,2023-01-01
SYN-f1ec159a9a09e377,657283001,3,17,51,2023-01-01
SYN-f1f81b4841c283f4,675699001,4,68,272,2023-12-21
SYN-f1f81b4841c283f4,684080001,5,102,510,2023-12-21
SYN-f2115fb74657c975,637283001,2,56,112,2023-07-19
SYN-f2115fb74657c975,664936004,3,69,207,2023-07-19
SYN-f21952f9f133027b,469137001,6,31,186,2023-01-31
SYN-f21952f9f133027b,578474001,4,68,272,2023-01-31
SYN-f23577d364365c28,615939007,5,15,75,2023-07-25
SYN-f23577d364365c28,645970001,5,31,155,2023-07-25
SYN-f23577d364365c28,645971001,5,17,85,2023-07-25
SYN-f240551976c5fc2a,493995001,5,22,110,2023-06-17
SYN-f24aef1db7c511b1,595779002,5,25,125,2023-08-18
SYN-f24aef1db7c511b1,607347007,6,14,84,2023-08-18
SYN-f24aef1db7c511b1,623275006,4,25,100,2023-08-18
SYN-f24aef1db7c511b1,652730003,4,51,204,2023-08-18
SYN-f251a93b764dab6f,572998001,4,51,204,2023-09-19
SYN-f251a93b764dab6f,637661001,3,51,153,2023-09-19
SYN-f251a93b764dab6f,650682001,5,51,255,2023-09-19
SYN-f26d3b3c8042259f,564786001,2,22,44,2023-09-06
SYN-f26d3b3c8042259f,610776023,5,9,45,2023-09-06
SYN-f2730874f09e1f15,625939005,5,3,15,2023-12-31
SYN-f28ee507af19d5fb,573716040,2,25,50,2023-10-10
SYN-f2910375d2f9e96f,680186001,3,42,126,2023-04-04
SYN-f2919dcfd6ce3e6a,540277007,5,25,125,2023-04-10
SYN-f2922818400c040f,469039001,4,22,88,2023-11-05
SYN-f2922818400c040f,577512005,5,51,255,2023-11-05
SYN-f2922818400c040f,634332005,6,42,252,2023-11-05
SYN-f2922818400c040f,637268006,4,51,204,2023-11-05
SYN-f2922818400c040f,649397002,5,42,210,2023-11-05
SYN-f2922818400c040f,663568001,4,42,168,2023-11-05
SYN-f2922818400c040f,664074002,6,17,102,2023-11-05
SYN-f29c9d3ff60e046d,156231001,2,9,18,2023-11-02
SYN-f29c9d3ff60e046d,585276001,4,25,100,2023-11-02
SYN-f29c9d3ff60e046d,622140006,4,14,56,2023-11-02
SYN-f29c9d3ff60e046d,636455009,2,51,102,2023-11-02
SYN-f29c9d3ff60e046d,671983001,2,31,62,2023-11-02
SYN-f2a4f2561eea8fbb,663942008,2,34,68,2023-04-30
SYN-f2a4f2561eea8fbb,693584002,2,51,102,2023-04-30
SYN-f2b4d3c39f55ded0,568066001,6,25,150,2023-03-11
SYN-f2c32d2ae839c733,667499004,4,25,100,2023-02-25
SYN-f2d414b8388d5131,632982013,6,9,54,2023-09-10
SYN-f2d414b8388d5131,633130006,5,17,85,2023-09-10
SYN-f2d414b8388d5131,633133001,6,17,102,2023-09-10
SYN-f2d414b8388d5131,636341001,3,12,36,2023-09-10
SYN-f2d414b8388d5131,657476005,5,17,85,2023-09-10
SYN-f2d414b8388d5131,691184001,4,17,68,2023-09-10
SYN-f2de8332c9e9db75,546773001,4,14,56,2023-08-08
SYN-f2df558c5dba8151,687337001,6,14,84,2023-04-01
SYN-f2e5cac10d6e69f6,355569001,4,9,36,2023-07-23
SYN-f2e5cac10d6e69f6,355569004,6,9,54,2023-07-23
SYN-f2e5cac10d6e69f6,448515027,2,42,84,2023-07-23
SYN-f2e5cac10d6e69f6,552471004,2,17,34,2023-07-23
SYN-f2e5cac10d6e69f6,677809001,6,34,204,2023-07-23
SYN-f2e5cac10d6e69f6,711521001,6,25,150,2023-07-23
SYN-f2e84e7b3c5aae39,685687001,2,17,34,2023-11-21
SYN-f2f49429fb8d05bf,416157003,2,27,54,2023-08-02
SYN-f2f49429fb8d05bf,416157027,6,27,162,2023-08-02
SYN-f2faed02c14eccca,554450001,3,34,102,2023-03-15
SYN-f2fc2b32ebea26d7,554598003,5,17,85,2023-02-01
SYN-f30146b3fad9dc9a,691799001,3,51,153,2023-08-31
SYN-f307c865a4683a2f,399223028,5,34,170,2023-08-18
SYN-f307c865a4683a2f,501820003,3,17,51,2023-08-18
SYN-f307c865a4683a2f,574112002,4,12,48,2023-08-18
SYN-f307c865a4683a2f,663515001,4,25,100,2023-08-18
SYN-f315b047814e1fcd,628535009,2,12,24,2023-06-05
SYN-f315b047814e1fcd,629607006,3,14,42,2023-06-05
SYN-f323f35e18b42c6c,189616008,4,17,68,2023-11-28
SYN-f323f35e18b42c6c,426013024,3,27,81,2023-11-28
SYN-f323f35e18b42c6c,548388013,3,42,126,2023-11-28
SYN-f323f35e18b42c6c,561817001,5,34,170,2023-11-28
SYN-f323f35e18b42c6c,574212001,3,20,60,2023-11-28
SYN-f323f35e18b42c6c,620746001,6,25,150,2023-11-28
SYN-f323f35e18b42c6c,644300001,6,20,120,2023-11-28
SYN-f323f35e18b42c6c,672625002,5,34,170,2023-11-28
SYN-f326817caa4243bf,635789005,4,17,68,2023-06-17
SYN-f32b41c90144ad44,541518023,6,31,186,2023-07-20
SYN-f32b41c90144ad44,625316004,2,17,34,2023-07-20
SYN-f32b41c90144ad44,630116005,4,34,136,2023-07-20
SYN-f340148b2fa1f946,562211001,5,10,50,2023-10-25
SYN-f340148b2fa1f946,674079002,5,25,125,2023-10-25
SYN-f343dd4e2cb00199,613666002,2,39,78,2023-04-02
SYN-f3463e08ca44e59b,501820003,4,17,68,2023-08-10
SYN-f3463e08ca44e59b,541519001,5,17,85,2023-08-10
SYN-f3463e08ca44e59b,579302001,6,34,204,2023-08-10
SYN-f3463e08ca44e59b,625939012,4,9,36,2023-08-10
SYN-f3518a96b94bf067,373506008,3,14,42,2023-06-11
SYN-f3518a96b94bf067,554477005,5,17,85,2023-06-11
SYN-f3518a96b94bf067,574109011,5,25,125,2023-06-11
SYN-f3530ad10b1b9120,630672001,6,32,192,2023-01-14
SYN-f3530ad10b1b9120,634333001,3,40,120,2023-01-14
SYN-f3530ad10b1b9120,640622005,3,40,120,2023-01-14
SYN-f3530ad10b1b9120,662888002,6,32,192,2023-01-14
SYN-f3530ad10b1b9120,714422001,4,24,96,2023-01-14
SYN-f36926b550215f2e,648904001,2,8,16,2023-07-13
SYN-f36926b550215f2e,662888003,2,31,62,2023-07-13
SYN-f37be06bb9336bb6,529008027,3,25,75,2023-03-27
SYN-f37be06bb9336bb6,529012030,4,10,40,2023-03-27
SYN-f37be06bb9336bb6,666638003,4,25,100,2023-03-27
SYN-f380d593efe7c01d,554772002,5,9,45,2023-05-09
SYN-f38822851539923e,630672001,4,34,136,2023-08-22
SYN-f38822851539923e,630696002,2,25,50,2023-08-22
SYN-f38822851539923e,680374003,4,34,136,2023-08-22
SYN-f38822851539923e,686515003,4,34,136,2023-08-22
SYN-f3967d4997ac3297,586955019,5,9,45,2023-11-19
SYN-f3992cdb8aabe678,574212001,6,20,120,2023-05-30
SYN-f3992cdb8aabe678,588588010,4,20,80,2023-05-30
SYN-f3992cdb8aabe678,610182007,2,19,38,2023-05-30
SYN-f3992cdb8aabe678,621759003,4,12,48,2023-05-30
SYN-f3992cdb8aabe678,621760008,3,10,30,2023-05-30
SYN-f3992cdb8aabe678,622284003,6,15,90,2023-05-30
SYN-f3992cdb8aabe678,636148001,2,24,48,2023-05-30
SYN-f399c98c3755e2cc,399223001,4,31,124,2023-09-07
SYN-f399c98c3755e2cc,557246012,2,34,68,2023-09-07
SYN-f399c98c3755e2cc,620951001,4,38,152,2023-09-07
SYN-f399c98c3755e2cc,621381011,5,31,155,2023-09-07
SYN-f399c98c3755e2cc,639976002,2,85,170,2023-09-07
SYN-f399c98c3755e2cc,640462002,2,34,68,2023-09-07
SYN-f399c98c3755e2cc,640882001,5,17,85,2023-09-07
SYN-f399c98c3755e2cc,653275005,5,17,85,2023-09-07
SYN-f399c98c3755e2cc,679494004,2,17,34,2023-09-07
SYN-f399c98c3755e2cc,685687004,2,17,34,2023-09-07
SYN-f39e63a0d19e9967,372860024,5,14,70,2023-03-11
SYN-f39e63a0d19e9967,539723006,4,34,136,2023-03-11
SYN-f3b01286518d4aaa,523490002,3,5,15,2023-08-17
SYN-f3b01286518d4aaa,569244002,6,17,102,2023-08-17
SYN-f3b0a1e896fcb65c,501616006,6,25,150,2023-11-17
SYN-f3b8f2eac61f548f,685687004,3,17,51,2023-07-04
SYN-f3c2e563f0ab598e,544360001,3,12,36,2023-11-29
SYN-f3c2e563f0ab598e,627300001,6,24,144,2023-11-29
SYN-f3cd4f9ac427a968,561067001,2,42,84,2023-10-05
SYN-f3cd4f9ac427a968,563204001,3,10,30,2023-10-05
SYN-f3cd4f9ac427a968,564786001,3,22,66,2023-10-05
SYN-f3cd4f9ac427a968,586265002,5,31,155,2023-10-05
SYN-f3cd4f9ac427a968,587229001,6,15,90,2023-10-05
SYN-f3cd4f9ac427a968,620951001,6,42,252,2023-10-05
SYN-f3cd4f9ac427a968,636238001,3,42,126,2023-10-05
SYN-f3cd4f9ac427a968,638899001,6,51,306,2023-10-05
SYN-f3cd4f9ac427a968,664190001,2,85,170,2023-10-05
SYN-f3d262a9e4023229,399223025,2,25,50,2023-02-03
SYN-f3e32e80e117f7ca,356289021,6,23,138,2023-03-01
SYN-f3e6ff88c5700155,545107001,3,29,87,2023-12-27
SYN-f3e9892889a0dced,639836001,2,102,204,2023-05-27
SYN-f3e9892889a0dced,679887001,2,68,136,2023-05-27
SYN-f3e9892889a0dced,697349008,2,34,68,2023-05-27
SYN-f3f2df4bf5a07ec1,639192009,2,68,136,2023-12-04
SYN-f401f8011312530e,523936027,5,25,125,2023-08-15
SYN-f401f8011312530e,536139028,5,17,85,2023-08-15
SYN-f401f8011312530e,543035002,2,12,24,2023-08-15
SYN-f401f8011312530e,548613036,6,17,102,2023-08-15
SYN-f401f8011312530e,569978002,6,34,204,2023-08-15
SYN-f401f8011312530e,569997001,3,14,42,2023-08-15
SYN-f401f8011312530e,570002008,3,14,42,2023-08-15
SYN-f401f8011312530e,570002028,6,14,84,2023-08-15
SYN-f401f8011312530e,626815002,6,34,204,2023-08-15
SYN-f401f8011312530e,647837001,3,42,126,2023-08-15
SYN-f401f8011312530e,651334005,6,42,252,2023-08-15
SYN-f401f8011312530e,675508002,3,68,204,2023-08-15
SYN-f40332557b721e0a,613246002,6,23,138,2023-05-12
SYN-f40b86a77cbb72dd,562245001,5,22,110,2023-01-04
SYN-f40b86a77cbb72dd,562245034,3,20,60,2023-01-04
SYN-f41486f8e9d7ea8e,613497006,6,34,204,2023-06-22
SYN-f41486f8e9d7ea8e,666578006,2,59,118,2023-06-22
SYN-f41486f8e9d7ea8e,680818001,2,31,62,2023-06-22
SYN-f414fc8ff53ffad1,572128002,3,10,30,2023-03-25
SYN-f414fc8ff53ffad1,610776002,5,9,45,2023-03-25
SYN-f41adc385183808b,510075012,5,12,60,2023-10-30
SYN-f41adc385183808b,574109012,5,25,125,2023-10-30
SYN-f41adc385183808b,574109015,2,25,50,2023-10-30
SYN-f41adc385183808b,583533002,4,68,272,2023-10-30
SYN-f41adc385183808b,609598002,6,24,144,2023-10-30
SYN-f41adc385183808b,623434023,6,34,204,2023-10-30
SYN-f41adc385183808b,639845008,5,25,125,2023-10-30
SYN-f41adc385183808b,662728004,4,25,100,2023-10-30
SYN-f41adc385183808b,672890003,4,25,100,2023-10-30
SYN-f41adc385183808b,678073002,5,25,125,2023-10-30
SYN-f41adc385183808b,678153002,6,51,306,2023-10-30
SYN-f41adc385183808b,686474001,6,25,150,2023-10-30
SYN-f41adc385183808b,687821001,4,51,204,2023-10-30
SYN-f41adc385183808b,689899001,4,51,204,2023-10-30
SYN-f41adc385183808b,692454002,3,25,75,2023-10-30
SYN-f423aa58c6378747,471714002,2,10,20,2023-10-07
SYN-f423aa58c6378747,556438001,2,34,68,2023-10-07
SYN-f423aa58c6378747,566942002,5,15,75,2023-10-07
SYN-f423aa58c6378747,594264003,4,25,100,2023-10-07
SYN-f423aa58c6378747,607046003,5,14,70,2023-10-07
SYN-f423aa58c6378747,607968004,3,12,36,2023-10-07
SYN-f423aa58c6378747,657395003,5,34,170,2023-10-07
SYN-f423aa58c6378747,665089001,5,34,170,2023-10-07
SYN-f44f61930847d4e0,636455012,6,43,258,2023-05-25
SYN-f44f61930847d4e0,648414005,2,42,84,2023-05-25
SYN-f4520f2c8c8828e3,564999009,2,31,62,2023-05-10
SYN-f4520f2c8c8828e3,565036008,5,34,170,2023-05-10
SYN-f4520f2c8c8828e3,594542018,4,25,100,2023-05-10
SYN-f4520f2c8c8828e3,625432001,4,51,204,2023-05-10
SYN-f4520f2c8c8828e3,667999004,3,17,51,2023-05-10
SYN-f460d39bf268efbc,654647002,3,36,108,2023-03-24
SYN-f4756dcdfa7abdcc,675319004,5,42,210,2023-07-31
SYN-f47b84952b00490c,108775015,5,9,45,2023-02-04
SYN-f47b84952b00490c,506110001,6,25,150,2023-02-04
SYN-f47b84952b00490c,538699007,6,9,54,2023-02-04
SYN-f47b84952b00490c,638136001,3,12,36,2023-02-04
SYN-f47b84952b00490c,662888001,3,34,102,2023-02-04
SYN-f47b84952b00490c,662888004,5,34,170,2023-02-04
SYN-f49f91018b5c87db,578476001,4,48,192,2023-07-18
SYN-f4b887fcdfe38936,598755002,2,14,28,2023-08-27
SYN-f4b8fe598c4b5f1e,481110017,2,31,62,2023-10-29
SYN-f4b8fe598c4b5f1e,614848003,5,42,210,2023-10-29
SYN-f4bb32b5b00afd4c,649046002,6,38,228,2023-03-02
SYN-f4c099c920e4797d,397068001,6,31,186,2023-05-16
SYN-f4c099c920e4797d,540768002,6,76,456,2023-05-16
SYN-f4c099c920e4797d,628838008,3,61,183,2023-05-16
SYN-f4c84dbf459f52b3,501820001,6,17,102,2023-02-03
SYN-f4e64a346c94d98a,627408002,4,49,196,2023-11-21
SYN-f4e64a346c94d98a,632665002,4,17,68,2023-11-21
SYN-f4f5b1f118d368a5,660712007,3,34,102,2023-12-07
SYN-f4f5b1f118d368a5,684588003,4,17,68,2023-12-07
SYN-f4f5b1f118d368a5,688873002,3,31,93,2023-12-07
SYN-f508b0b1e723f4b4,578487011,4,68,272,2023-07-14
SYN-f508b0b1e723f4b4,649397002,4,42,168,2023-07-14
SYN-f510287e0dc8aabe,215589001,4,17,68,2023-12-25
SYN-f510287e0dc8aabe,510465001,6,25,150,2023-12-25
SYN-f510287e0dc8aabe,688658003,6,34,204,2023-12-25
SYN-f51d5ad46db8ffbe,674316003,5,40,200,2023-08-03
SYN-f539d82a41c125be,537612026,3,17,51,2023-10-23
SYN-f539d82a41c125be,559139001,4,42,168,2023-10-23
SYN-f539d82a41c125be,559139007,2,42,84,2023-10-23
SYN-f539d82a41c125be,610070001,5,39,195,2023-10-23
SYN-f539d82a41c125be,616225020,3,17,51,2023-10-23
SYN-f539d82a41c125be,626440010,4,17,68,2023-10-23
SYN-f539d82a41c125be,639845002,4,25,100,2023-10-23
SYN-f539d82a41c125be,661035001,2,42,84,2023-10-23
SYN-f539d82a41c125be,678073002,5,25,125,2023-10-23
SYN-f541db7de5fb4d2a,569929001,5,68,340,2023-08-12
SYN-f55bf7bbef2d6d36,651464005,4,20,80,2023-01-31
SYN-f568fb055857443d,483283020,2,17,34,2023-03-13
SYN-f572c948c3c43113,640807003,6,68,408,2023-04-15
SYN-f57c8bd79f7eb403,568858001,6,51,306,2023-05-24
SYN-f583ffebe1f411d3,604189004,3,41,123,2023-04-16
SYN-f583ffebe1f411d3,630438002,5,7,35,2023-04-16
SYN-f585074b6589690d,655855001,4,34,136,2023-07-29
SYN-f585074b6589690d,680810001,3,34,102,2023-07-29
SYN-f5913d2049e19431,532578017,4,10,40,2023-11-21
SYN-f5913d2049e19431,568863005,5,20,100,2023-11-21
SYN-f5913d2049e19431,572400003,6,20,120,2023-11-21
SYN-f5913d2049e19431,584483001,3,17,51,2023-11-21
SYN-f5913d2049e19431,606409001,6,36,216,2023-11-21
SYN-f5913d2049e19431,654414001,2,12,24,2023-11-21
SYN-f5913d2049e19431,671505001,6,34,204,2023-11-21
SYN-f5913d2049e19431,671505004,6,34,204,2023-11-21
SYN-f5935775a086d4b3,678942001,5,17,85,2023-07-29
SYN-f59c59bf0be106f6,595779002,6,25,150,2023-05-31
SYN-f59c59bf0be106f6,595779008,4,25,100,2023-05-31
SYN-f5c0ef4683f41725,270381004,6,3,18,2023-04-22
SYN-f5cdf3aaf4d42c3a,638358002,2,7,14,2023-07-14
SYN-f5cf3e15af307725,506903004,6,15,90,2023-05-16
SYN-f5cf3e15af307725,507676003,3,9,27,2023-05-16
SYN-f5cf3e15af307725,507676005,3,7,21,2023-05-16
SYN-f5cf3e15af307725,624066001,6,25,150,2023-05-16
SYN-f5cf3e15af307725,626257003,4,3,12,2023-05-16
SYN-f5cf3e15af307725,634019001,5,51,255,2023-05-16
SYN-f5cf3e15af307725,660698002,6,34,204,2023-05-16
SYN-f5cf3e15af307725,689156002,3,22,66,2023-05-16
SYN-f5db2c6db69cae8b,673677002,4,17,68,2023-03-25
SYN-f5db9d0234a2fadc,685276007,3,51,153,2023-10-21
SYN-f5e44ab118c7d092,625316006,6,17,102,2023-08-20
SYN-f5e44ab118c7d092,630116017,2,34,68,2023-08-20
SYN-f5e44ab118c7d092,673396003,4,14,56,2023-08-20
SYN-f5f514539be1dbf1,653416002,2,17,34,2023-12-28
SYN-f5fcfcec811a633c,599502009,6,32,192,2023-09-06
SYN-f609d883a3b75ef0,633257001,3,22,66,2023-10-26
SYN-f61618aa90c90d99,662257001,6,25,150,2023-08-11
SYN-f62d26e65051d828,652361001,5,25,125,2023-12-12
SYN-f62d26e65051d828,665325002,2,22,44,2023-12-12
SYN-f62d26e65051d828,691555001,6,22,132,2023-12-12
SYN-f6334341b973338f,580482004,2,51,102,2023-08-10
SYN-f6334341b973338f,643588001,6,34,204,2023-08-10
SYN-f64439096b5e6c14,552471001,4,17,68,2023-03-12
SYN-f64439096b5e6c14,552473001,5,25,125,2023-03-12
SYN-f64439096b5e6c14,626816001,3,25,75,2023-03-12
SYN-f64439096b5e6c14,637549012,3,34,102,2023-03-12
SYN-f64439096b5e6c14,656388002,5,68,340,2023-03-12
SYN-f64439096b5e6c14,685284003,6,42,252,2023-03-12
SYN-f64439096b5e6c14,691177002,3,42,126,2023-03-12
SYN-f64b9b9380ad70e4,644300003,5,20,100,2023-08-18
SYN-f655f5b6c07793e9,626588003,5,58,290,2023-05-21
SYN-f663070cf40aad96,487800029,5,7,35,2023-07-18
SYN-f663070cf40aad96,559018004,4,10,40,2023-07-18
SYN-f663070cf40aad96,567572003,4,7,28,2023-07-18
SYN-f663070cf40aad96,569677001,4,20,80,2023-07-18
SYN-f663070cf40aad96,579365004,5,10,50,2023-07-18
SYN-f663070cf40aad96,606670001,4,9,36,2023-07-18
SYN-f663070cf40aad96,674482004,6,17,102,2023-07-18
SYN-f668a16f4bc3905e,598767003,2,12,24,2023-03-22
SYN-f668a16f4bc3905e,662728004,2,25,50,2023-03-22
SYN-f66da20437d4cee1,662948003,2,42,84,2023-04-30
SYN-f671b453cdbde631,591181002,5,27,135,2023-03-20
SYN-f671b453cdbde631,623698001,6,20,120,2023-03-20
SYN-f671b453cdbde631,636385004,3,31,93,2023-03-20
SYN-f671b453cdbde631,636420001,4,41,164,2023-03-20
SYN-f6818f384bba1889,615021010,4,9,36,2023-01-11
SYN-f6968aa423fb79ee,648980001,3,16,48,2023-11-01
SYN-f6968aa423fb79ee,657639001,3,55,165,2023-11-01
SYN-f6a3f21870c0b3ce,451380032,5,31,155,2023-10-17
SYN-f6a3f21870c0b3ce,477163010,3,68,204,2023-10-17
SYN-f6a3f21870c0b3ce,606322005,6,51,306,2023-10-17
SYN-f6a3f21870c0b3ce,606322009,5,51,255,2023-10-17
SYN-f6a4ef581a2a5ad5,663521002,3,42,126,2023-12-01
SYN-f6a741f3b617045c,372860001,5,14,70,2023-05-10
SYN-f6a741f3b617045c,569996001,2,12,24,2023-05-10
SYN-f6a741f3b617045c,570002002,5,14,70,2023-05-10
SYN-f6a741f3b617045c,656497004,4,34,136,2023-05-10
SYN-f6ab9da45d421d74,307239005,6,25,150,2023-02-01
SYN-f6ab9da45d421d74,564786017,5,22,110,2023-02-01
SYN-f6ab9da45d421d74,567993020,2,10,20,2023-02-01
SYN-f6ab9da45d421d74,625321003,3,25,75,2023-02-01
SYN-f6bac3adefc4f28b,496111011,4,15,60,2023-06-21
SYN-f6bac3adefc4f28b,532578017,2,10,20,2023-06-21
SYN-f6da4ba329522bba,615508002,2,17,34,2023-05-02
SYN-f6dbdef427c66ded,659550001,5,59,295,2023-01-27
SYN-f6e369bed2877116,317812001,5,10,50,2023-06-14
SYN-f6e369bed2877116,579399004,5,25,125,2023-06-14
SYN-f6e369bed2877116,651793005,3,17,51,2023-06-14
SYN-f6e369bed2877116,657815003,6,34,204,2023-06-14
SYN-f6e369bed2877116,672287003,2,34,68,2023-06-14
SYN-f6e369bed2877116,672287004,5,34,170,2023-06-14
SYN-f6e369bed2877116,672310001,4,42,168,2023-06-14
SYN-f6e369bed2877116,672760001,3,51,153,2023-06-14
SYN-f6e374021ea74659,688873002,5,34,170,2023-09-07
SYN-f6e5bbc3f094ef86,500780006,3,16,48,2023-03-15
SYN-f6ef3c0d4e0bfecc,626463002,4,51,204,2023-08-25
SYN-f6f903b5d3fc941c,652228001,2,65,130,2023-03-08
SYN-f6f903b5d3fc941c,667985003,3,32,96,2023-03-08
SYN-f6f9b48b0b71dc96,615092001,4,17,68,2023-10-18
SYN-f6f9b48b0b71dc96,616641001,5,12,60,2023-10-18
SYN-f6f9b48b0b71dc96,667499005,2,25,50,2023-10-18
SYN-f6f9b48b0b71dc96,685683001,6,25,150,2023-10-18
SYN-f6f9b48b0b71dc96,685687003,6,17,102,2023-10-18
SYN-f6ff9dc690c3dec7,562245059,4,20,80,2023-05-30
SYN-f7144292a9f1e0d8,552471023,4,7,28,2023-03-20
SYN-f740da63814bb3a4,516741002,4,51,204,2023-08-14
SYN-f740da63814bb3a4,516741004,4,54,216,2023-08-14
SYN-f740da63814bb3a4,516741006,2,49,98,2023-08-14
SYN-f74849ced8f68104,179208001,3,13,39,2023-10-20
SYN-f74849ced8f68104,200182001,4,11,44,2023-10-20
SYN-f74849ced8f68104,452618001,3,7,21,2023-10-20
SYN-f74849ced8f68104,490473012,4,2,8,2023-10-20
SYN-f74cdafc3149240b,541512001,6,31,186,2023-10-16
SYN-f74cdafc3149240b,612075007,5,25,125,2023-10-16
SYN-f74cdafc3149240b,633148001,2,25,50,2023-10-16
SYN-f74cdafc3149240b,643701002,2,14,28,2023-10-16
SYN-f74cdafc3149240b,656345001,4,34,136,2023-10-16
SYN-f74cdafc3149240b,666080001,6,25,150,2023-10-16
SYN-f74cdafc3149240b,666638003,6,25,150,2023-10-16
SYN-f74cdafc3149240b,667248004,3,19,57,2023-10-16
SYN-f74cdafc3149240b,669014002,4,76,304,2023-10-16
SYN-f74cdafc3149240b,678079002,5,10,50,2023-10-16
SYN-f74cdafc3149240b,679986001,6,34,204,2023-10-16
SYN-f74cdafc3149240b,691267004,5,51,255,2023-10-16
SYN-f74cdafc3149240b,714909001,5,42,210,2023-10-16
SYN-f75595811ef4d505,671505001,4,34,136,2023-05-16
SYN-f75595811ef4d505,671505002,3,34,102,2023-05-16
SYN-f75704e7b6b9709a,522561002,3,83,249,2023-02-15
SYN-f75df13999d42c3f,662868002,4,34,136,2023-04-18
SYN-f75df13999d42c3f,671515003,3,25,75,2023-04-18
SYN-f75df13999d42c3f,685687002,4,17,68,2023-04-18
SYN-f772c056aedb2ba2,316657008,5,53,265,2023-03-20
SYN-f772c056aedb2ba2,555364003,5,24,120,2023-03-20
SYN-f772c056aedb2ba2,571650001,6,38,228,2023-03-20
SYN-f772c056aedb2ba2,635957003,2,42,84,2023-03-20
SYN-f772c056aedb2ba2,640556001,3,42,126,2023-03-20
SYN-f772c056aedb2ba2,662628001,6,25,150,2023-03-20
SYN-f772c056aedb2ba2,679059001,2,14,28,2023-03-20
SYN-f772c056aedb2ba2,680912011,5,17,85,2023-03-20
SYN-f772c056aedb2ba2,684238002,6,25,150,2023-03-20
SYN-f776a4826847dac6,351484014,5,14,70,2023-12-16
SYN-f776a4826847dac6,542464002,6,12,72,2023-12-16
SYN-f776a4826847dac6,543141002,5,17,85,2023-12-16
SYN-f776a4826847dac6,559630003,5,7,35,2023-12-16
SYN-f776a4826847dac6,559715009,2,14,28,2023-12-16
SYN-f776a4826847dac6,559717006,4,12,48,2023-12-16
SYN-f776a4826847dac6,580054005,2,10,20,2023-12-16
SYN-f776a4826847dac6,586244001,6,14,84,2023-12-16
SYN-f776a4826847dac6,586257001,3,10,30,2023-12-16
SYN-f776a4826847dac6,586257002,3,9,27,2023-12-16
SYN-f776a4826847dac6,586265001,4,31,124,2023-12-16
SYN-f776a4826847dac6,586273001,6,12,72,2023-12-16
SYN-f776a4826847dac6,586273002,6,19,114,2023-12-16
SYN-f776a4826847dac6,586282001,6,7,42,2023-12-16
SYN-f776a4826847dac6,590919002,3,17,51,2023-12-16
SYN-f776a4826847dac6,590921001,6,14,84,2023-12-16
SYN-f776a4826847dac6,600380003,3,9,27,2023-12-16
SYN-f776a4826847dac6,605690002,2,9,18,2023-12-16
SYN-f776a4826847dac6,609727003,5,31,155,2023-12-16
SYN-f776a4826847dac6,610051001,2,31,62,2023-12-16
SYN-f776a4826847dac6,612004002,5,17,85,2023-12-16
SYN-f776a4826847dac6,615149001,6,17,102,2023-12-16
SYN-f776a4826847dac6,620945004,5,3,15,2023-12-16
SYN-f776a4826847dac6,644306002,5,20,100,2023-12-16
SYN-f776a4826847dac6,666223001,2,17,34,2023-12-16
SYN-f77e272feda568c4,685687001,5,17,85,2023-08-01
SYN-f77e272feda568c4,685687004,6,17,102,2023-08-01
SYN-f78ba69ef3a90aa1,399223025,4,34,136,2023-01-10
SYN-f78ba69ef3a90aa1,686515003,5,34,170,2023-01-10
SYN-f796dc26d4dac315,399201005,3,47,141,2023-06-06
SYN-f796dc26d4dac315,573085028,4,27,108,2023-06-06
SYN-f796dc26d4dac315,580000001,2,14,28,2023-06-06
SYN-f796dc26d4dac315,628788001,4,25,100,2023-06-06
SYN-f796dc26d4dac315,628920006,6,17,102,2023-06-06
SYN-f796dc26d4dac315,667499003,2,25,50,2023-06-06
SYN-f796dc26d4dac315,688873001,2,34,68,2023-06-06
SYN-f796dc26d4dac315,692747001,3,17,51,2023-06-06
SYN-f7994f96eb2aaffc,569984015,2,17,34,2023-12-07
SYN-f7994f96eb2aaffc,641562001,2,19,38,2023-12-07
SYN-f7994f96eb2aaffc,652901002,4,22,88,2023-12-07
SYN-f7a5bb832d9bb849,481245003,3,31,93,2023-07-14
SYN-f7a5bb832d9bb849,495418003,5,10,50,2023-07-14
SYN-f7a5bb832d9bb849,639094001,4,34,136,2023-07-14
SYN-f7a5bb832d9bb849,654046001,3,31,93,2023-07-14
SYN-f7a5bb832d9bb849,660519003,5,31,155,2023-07-14
SYN-f7a5bb832d9bb849,665596001,2,17,34,2023-07-14
SYN-f7a5bb832d9bb849,666080001,4,25,100,2023-07-14
SYN-f7ad7eabd3fcaa86,632143002,4,34,136,2023-04-17
SYN-f7ad7eabd3fcaa86,633130007,4,17,68,2023-04-17
SYN-f7ad7eabd3fcaa86,633136009,4,34,136,2023-04-17
SYN-f7ad7eabd3fcaa86,640134004,6,25,150,2023-04-17
SYN-f7ad7eabd3fcaa86,640462002,2,34,68,2023-04-17
SYN-f7ad7eabd3fcaa86,662257001,3,25,75,2023-04-17
SYN-f7ad7eabd3fcaa86,678789001,5,34,170,2023-04-17
SYN-f7ad7eabd3fcaa86,682604001,2,34,68,2023-04-17
SYN-f7b0b3da3d1fa922,635561001,2,17,34,2023-10-07
SYN-f7b0b3da3d1fa922,635561004,6,17,102,2023-10-07
SYN-f7b75d15330aaf60,237222012,5,17,85,2023-05-13
SYN-f7b75d15330aaf60,399201011,4,51,204,2023-05-13
SYN-f7b75d15330aaf60,672598002,5,22,110,2023-05-13
SYN-f7dcee4f27e4585d,316085002,5,10,50,2023-01-18
SYN-f7dcee4f27e4585d,630450001,2,25,50,2023-01-18
SYN-f7e7bbf8a2c3d27c,516741007,4,59,236,2023-10-12
SYN-f7e7bbf8a2c3d27c,617758004,6,34,204,2023-10-12
SYN-f803be0e66216445,608483007,2,25,50,2023-11-02
SYN-f803be0e66216445,615021023,6,17,102,2023-11-02
SYN-f803be0e66216445,633131001,5,40,200,2023-11-02
SYN-f814613358cc8722,461414008,5,49,245,2023-06-29
SYN-f81c51f4d3307d1c,629607004,6,12,72,2023-08-09
SYN-f822128e8b764d56,648630002,2,14,28,2023-04-14
SYN-f822128e8b764d56,651456002,3,17,51,2023-04-14
SYN-f82ddcb61e1c3d1f,588126001,6,35,210,2023-02-17
SYN-f82ddcb61e1c3d1f,635742002,3,53,159,2023-02-17
SYN-f8413ee89b8d6dd7,547349002,3,31,93,2023-05-31
SYN-f8413ee89b8d6dd7,579302004,6,34,204,2023-05-31
SYN-f8413ee89b8d6dd7,628788001,4,25,100,2023-05-31
SYN-f8413ee89b8d6dd7,654046002,3,31,93,2023-05-31
SYN-f8413ee89b8d6dd7,666061001,5,34,170,2023-05-31
SYN-f8413ee89b8d6dd7,669809001,3,34,102,2023-05-31
SYN-f8413ee89b8d6dd7,677967002,6,25,150,2023-05-31
SYN-f84ecbfb7196fc0e,632523002,4,50,200,2023-06-22
SYN-f8606847448d4c6d,341242001,5,31,155,2023-04-10
SYN-f8606847448d4c6d,501616020,4,23,92,2023-04-10
SYN-f8606847448d4c6d,600229015,4,31,124,2023-04-10
SYN-f8606847448d4c6d,633234002,2,38,76,2023-04-10
SYN-f8606847448d4c6d,633234003,3,38,114,2023-04-10
SYN-f8606847448d4c6d,637411001,2,31,62,2023-04-10
SYN-f864913881388c93,478646003,3,14,42,2023-12-08
SYN-f864913881388c93,677604002,6,12,72,2023-12-08
SYN-f864913881388c93,713993005,2,14,28,2023-12-08
SYN-f864913881388c93,713997001,6,9,54,2023-12-08
SYN-f866caeee900a924,639670003,3,34,102,2023-03-08
SYN-f866caeee900a924,657415002,6,25,150,2023-03-08
SYN-f866caeee900a924,683718003,4,42,168,2023-03-08
SYN-f86d9fb661515ae0,552473029,3,17,51,2023-08-13
SYN-f874c55eb66a2c1d,504154015,2,15,30,2023-08-23
SYN-f874c55eb66a2c1d,642631003,3,15,45,2023-08-23
SYN-f876ec43fd07ba4f,564792001,2,25,50,2023-01-11
SYN-f8830e8e674eabb1,637549012,3,34,102,2023-01-01
SYN-f8830e8e674eabb1,672890001,3,25,75,2023-01-01
SYN-f887dc4c56a9fc53,639672001,3,14,42,2023-01-12
SYN-f887dc4c56a9fc53,639672003,5,27,135,2023-01-12
SYN-f887dc4c56a9fc53,651697004,6,19,114,2023-01-12
SYN-f887dc4c56a9fc53,660190001,6,19,114,2023-01-12
SYN-f887dc4c56a9fc53,668628001,5,15,75,2023-01-12
SYN-f88ed71b4e4115a8,468977003,3,34,102,2023-08-05
SYN-f88ed71b4e4115a8,688873005,4,34,136,2023-08-05
SYN-f8907631b6f8894e,631837003,5,14,70,2023-05-17
SYN-f891892abd439a6c,573716033,5,25,125,2023-04-21
SYN-f8a9f2ced251ffaa,456163002,4,20,80,2023-04-13
SYN-f8a9f2ced251ffaa,456163018,3,17,51,2023-04-13
SYN-f8a9f2ced251ffaa,633136007,3,34,102,2023-04-13
SYN-f8a9f2ced251ffaa,665311001,2,38,76,2023-04-13
SYN-f8a9f2ced251ffaa,672890001,4,25,100,2023-04-13
SYN-f8bdb81eaf5b0ae9,595779010,4,25,100,2023-01-27
SYN-f8bdb81eaf5b0ae9,616086002,5,3,15,2023-01-27
SYN-f8bdb81eaf5b0ae9,639888002,3,17,51,2023-01-27
SYN-f8ed8af4263fba45,571436030,4,14,56,2023-03-21
SYN-f90a0ee70e1934b3,556849003,6,34,204,2023-11-12
SYN-f90a0ee70e1934b3,611024001,6,17,102,2023-11-12
SYN-f90a0ee70e1934b3,662592002,5,17,85,2023-11-12
SYN-f915825c3ef99cfd,228257001,4,7,28,2023-09-11
SYN-f9177f354199ccbe,654797001,6,29,174,2023-05-14
SYN-f918f4a2f80b5659,624486009,4,14,56,2023-12-18
SYN-f9282e0378b52928,639349002,6,136,816,2023-05-23
SYN-f9282e0378b52928,670752002,6,153,918,2023-05-23
SYN-f9282e0378b52928,688448002,6,136,816,2023-05-23
SYN-f93ae77f066cec9f,399223028,2,34,68,2023-06-25
SYN-f943418fd4866540,660599001,2,31,62,2023-12-10
SYN-f943418fd4866540,684686001,5,46,230,2023-12-10
SYN-f95b160c597ac649,504152001,2,25,50,2023-07-07
SYN-f95b160c597ac649,564326003,3,15,45,2023-07-07
SYN-f95b160c597ac649,625939004,6,9,54,2023-07-07
SYN-f95b160c597ac649,658518001,6,22,132,2023-07-07
SYN-f95b160c597ac649,660599001,5,34,170,2023-07-07
SYN-f95b160c597ac649,660599003,3,34,102,2023-07-07
SYN-f95b160c597ac649,663942005,2,34,68,2023-07-07
SYN-f95b160c597ac649,664074003,4,17,68,2023-07-07
SYN-f95b160c597ac649,680374003,4,34,136,2023-07-07
SYN-f95b160c597ac649,712425003,3,34,102,2023-07-07
SYN-f97113109e115ecb,511783003,4,25,100,2023-02-04
SYN-f97ec4978a187673,179208001,5,11,55,2023-10-29
SYN-f97ec4978a187673,675319002,5,51,255,2023-10-29
SYN-f981ad52bb746463,573685001,6,9,54,2023-12-18
SYN-f98c01bb46ece98f,351933029,5,25,125,2023-12-20
SYN-f98c01bb46ece98f,622743002,2,42,84,2023-12-20
SYN-f98c01bb46ece98f,634009008,2,25,50,2023-12-20
SYN-f98c01bb46ece98f,636407001,4,42,168,2023-12-20
SYN-f98c01bb46ece98f,638899002,2,51,102,2023-12-20
SYN-f998badd0cf9efb6,638204001,4,25,100,2023-08-23
SYN-f9ad1b9e6fe9de66,573716023,6,25,150,2023-11-27
SYN-f9baf46260f74f1a,622744002,2,40,80,2023-04-08
SYN-f9bb45ce657d1f9d,653409002,2,219,438,2023-05-08
SYN-f9bb8d96b7d0fd85,513257013,4,12,48,2023-03-15
SYN-f9bb8d96b7d0fd85,552346012,5,31,155,2023-03-15
SYN-f9bb8d96b7d0fd85,592959010,5,35,175,2023-03-15
SYN-f9bb8d96b7d0fd85,626263012,5,23,115,2023-03-15
SYN-f9bb8d96b7d0fd85,626263014,5,23,115,2023-03-15
SYN-f9bb8d96b7d0fd85,626441005,2,31,62,2023-03-15
SYN-f9bb8d96b7d0fd85,626441006,3,31,93,2023-03-15
SYN-f9bb8d96b7d0fd85,682739001,5,23,115,2023-03-15
SYN-f9bb8d96b7d0fd85,719610002,5,23,115,2023-03-15
SYN-f9d08fb1e9eee2fe,607596001,6,41,246,2023-11-08
SYN-f9d08fb1e9eee2fe,627389006,6,15,90,2023-11-08
SYN-f9d8b1eac8ead56f,688545001,2,134,268,2023-03-08
SYN-f9f32d193dfa653e,501820004,2,17,34,2023-07-19
SYN-f9f32d193dfa653e,581086001,3,10,30,2023-07-19
SYN-fa2007f8c4812f23,513373020,3,26,78,2023-07-21
SYN-fa2007f8c4812f23,613459001,6,10,60,2023-07-21
SYN-fa300d5413cca7e6,179950001,6,25,150,2023-03-05
SYN-fa300d5413cca7e6,572998002,5,41,205,2023-03-05
SYN-fa300d5413cca7e6,663003004,2,34,68,2023-03-05
SYN-fa300d5413cca7e6,677930005,4,17,68,2023-03-05
SYN-fa300d5413cca7e6,685687004,3,17,51,2023-03-05
SYN-fa300d5413cca7e6,691184001,4,17,68,2023-03-05
SYN-fa3b82326b9bc2d3,635273002,4,41,164,2023-12-27
SYN-fa3b82326b9bc2d3,683379001,2,12,24,2023-12-27
SYN-fa43c53870d5e7ed,640613003,5,25,125,2023-10-26
SYN-fa43c53870d5e7ed,648255001,2,17,34,2023-10-26
SYN-fa51bd612021099a,539723005,5,34,170,2023-01-21
SYN-fa51bd612021099a,558986003,3,15,45,2023-01-21
SYN-fa51bd612021099a,610671001,2,31,62,2023-01-21
SYN-fa5ac6803a100536,160442010,2,14,28,2023-10-20
SYN-fa5ac6803a100536,399136060,3,85,255,2023-10-20
SYN-fa5ac6803a100536,562761004,4,14,56,2023-10-20
SYN-fa5ac6803a100536,567993015,5,25,125,2023-10-20
SYN-fa5ac6803a100536,567993042,3,25,75,2023-10-20
SYN-fa5ac6803a100536,667870001,3,34,102,2023-10-20
SYN-fa5c1087a7623d6c,524061003,4,51,204,2023-09-29
SYN-fa69f6c5ed4a3b9b,680715001,5,136,680,2023-12-08
SYN-fa7333998f96610b,200182001,5,9,45,2023-03-13
SYN-fa7333998f96610b,243613004,4,22,88,2023-03-13
SYN-fa7333998f96610b,529841001,6,20,120,2023-03-13
SYN-fa7333998f96610b,556527002,5,22,110,2023-03-13
SYN-fa7333998f96610b,556527003,2,22,44,2023-03-13
SYN-fa7333998f96610b,556527009,5,51,255,2023-03-13
SYN-fa7333998f96610b,562252010,6,17,102,2023-03-13
SYN-fa7333998f96610b,562252038,6,25,150,2023-03-13
SYN-fa7333998f96610b,580482002,5,51,255,2023-03-13
SYN-fa7333998f96610b,580482004,3,51,153,2023-03-13
SYN-fa7333998f96610b,640174001,4,42,168,2023-03-13
SYN-fa7333998f96610b,685687002,2,17,34,2023-03-13
SYN-fa7333998f96610b,692401001,5,34,170,2023-03-13
SYN-fa83e4d72c0df894,625450003,5,25,125,2023-09-01
SYN-fa83e4d72c0df894,674310002,2,42,84,2023-09-01
SYN-fa8ee5eb2d1e373a,234432001,3,14,42,2023-10-17
SYN-fa8ee5eb2d1e373a,436261001,3,14,42,2023-10-17
SYN-fa8ee5eb2d1e373a,464297007,6,17,102,2023-10-17
SYN-fa8ee5eb2d1e373a,609469001,2,10,20,2023-10-17
SYN-fa8ee5eb2d1e373a,609469003,5,14,70,2023-10-17
SYN-fa8ee5eb2d1e373a,610543011,3,25,75,2023-10-17
SYN-fa8ee5eb2d1e373a,610776010,4,9,36,2023-10-17
SYN-fa939ad4c00db2b8,493995001,6,21,126,2023-10-14
SYN-faaf644254c93f10,665477002,3,34,102,2023-10-12
SYN-faaf644254c93f10,676065001,2,51,102,2023-10-12
SYN-fab40ccf4c8a7b24,556527010,4,51,204,2023-05-21
SYN-fab40ccf4c8a7b24,622877005,6,31,186,2023-05-21
SYN-fab40ccf4c8a7b24,622878002,3,34,102,2023-05-21
SYN-facbcb329cb6e38d,555432001,4,25,100,2023-08-27
SYN-facbcb329cb6e38d,578471003,2,64,128,2023-08-27
SYN-facbcb329cb6e38d,677062001,6,68,408,2023-08-27
SYN-facdf9ec71665a79,612420006,3,9,27,2023-10-09
SYN-facdf9ec71665a79,665538001,3,31,93,2023-10-09
SYN-facdf9ec71665a79,673396003,2,14,28,2023-10-09
SYN-fad13fbfe7d45e57,504154018,6,22,132,2023-02-10
SYN-fad13fbfe7d45e57,549914003,6,12,72,2023-02-10
SYN-fad13fbfe7d45e57,648950002,2,12,24,2023-02-10
SYN-fade2a21cb25b2eb,507909001,3,25,75,2023-09-24
SYN-fade2a21cb25b2eb,568601016,4,51,204,2023-09-24
SYN-fade2a21cb25b2eb,657395001,6,25,150,2023-09-24
SYN-fae362d0e3f4ec0f,578876001,4,10,40,2023-06-25
SYN-fae362d0e3f4ec0f,671057002,2,3,6,2023-06-25
SYN-fafaeab9ffacac4c,570004010,4,17,68,2023-10-15
SYN-fb006295679b02a1,665481001,6,51,306,2023-09-14
SYN-fb05222d392cb9d9,620081001,6,25,150,2023-09-20
SYN-fb05222d392cb9d9,620081008,2,25,50,2023-09-20
SYN-fb05222d392cb9d9,663396002,4,51,204,2023-09-20
SYN-fb05bc18056ef136,299733001,3,10,30,2023-04-15
SYN-fb05bc18056ef136,495573006,3,25,75,2023-04-15
SYN-fb05bc18056ef136,637124001,4,9,36,2023-04-15
SYN-fb09181e5f8ad365,693956001,6,34,204,2023-07-10
SYN-fb09181e5f8ad365,719031001,6,34,204,2023-07-10
SYN-fb27ae9da683eaff,129085001,5,17,85,2023-04-23
SYN-fb27ae9da683eaff,507910001,6,25,150,2023-04-23
SYN-fb27ae9da683eaff,612182001,2,34,68,2023-04-23
SYN-fb3118f08a9fa297,549607002,3,126,378,2023-03-14
SYN-fb3118f08a9fa297,661797001,2,136,272,2023-03-14
SYN-fb3118f08a9fa297,670655001,5,68,340,2023-03-14
SYN-fb3118f08a9fa297,671011001,5,24,120,2023-03-14
SYN-fb3118f08a9fa297,692454002,5,24,120,2023-03-14
SYN-fb330125405355d4,399201005,4,59,236,2023-10-12
SYN-fb330125405355d4,661435002,2,85,170,2023-10-12
SYN-fb35a2fd99fa70b9,557247010,5,9,45,2023-10-25
SYN-fb35a2fd99fa70b9,592172008,6,12,72,2023-10-25
SYN-fb35a2fd99fa70b9,625927001,6,10,60,2023-10-25
SYN-fb35a2fd99fa70b9,632065002,3,10,30,2023-10-25
SYN-fb35a2fd99fa70b9,651912002,6,10,60,2023-10-25
SYN-fb35a2fd99fa70b9,685687003,4,17,68,2023-10-25
SYN-fb390e1f896651c6,542695004,5,20,100,2023-02-19
SYN-fb60c887fd1e5853,639976001,6,85,510,2023-11-29
SYN-fb749c97c2fffbb2,506166005,4,9,36,2023-03-21
SYN-fb749c97c2fffbb2,625450003,4,25,100,2023-03-21
SYN-fb790e77f1ecdb29,189626001,3,17,51,2023-09-26
SYN-fb790e77f1ecdb29,355569043,4,3,12,2023-09-26
SYN-fb790e77f1ecdb29,536970005,4,12,48,2023-09-26
SYN-fb790e77f1ecdb29,633925003,5,20,100,2023-09-26
SYN-fb9043c4669503d6,507909022,2,25,50,2023-03-01
SYN-fbb5290293d1639f,660599001,2,34,68,2023-11-22
SYN-fbb5290293d1639f,665095002,5,25,125,2023-11-22
SYN-fbb5290293d1639f,666382001,2,25,50,2023-11-22
SYN-fbc3f7f089cfd668,581105002,3,19,57,2023-11-24
SYN-fbc3f7f089cfd668,595573002,3,19,57,2023-11-24
SYN-fbc3f7f089cfd668,621513003,3,29,87,2023-11-24
SYN-fbc3f7f089cfd668,622159002,2,24,48,2023-11-24
SYN-fbc3f7f089cfd668,631492002,2,17,34,2023-11-24
SYN-fbc3f7f089cfd668,642699001,3,5,15,2023-11-24
SYN-fbc3f7f089cfd668,690992002,3,17,51,2023-11-24
SYN-fbdec39a0d93e18e,485537023,6,22,132,2023-04-06
SYN-fbdec39a0d93e18e,622962001,5,51,255,2023-04-06
SYN-fbdec39a0d93e18e,630851004,3,12,36,2023-04-06
SYN-fbdec39a0d93e18e,630909001,4,10,40,2023-04-06
SYN-fbe9d12e1a4c0bc7,436570023,5,23,115,2023-03-04
SYN-fbfc339cd1d40d37,607834002,6,25,150,2023-01-18
SYN-fbfc339cd1d40d37,639192009,2,68,136,2023-01-18
SYN-fbfc339cd1d40d37,664665004,6,34,204,2023-01-18
SYN-fbfc339cd1d40d37,671505001,3,34,102,2023-01-18
SYN-fbfc339cd1d40d37,673638002,5,17,85,2023-01-18
SYN-fbfc339cd1d40d37,678230003,3,34,102,2023-01-18
SYN-fbfc339cd1d40d37,685687003,3,17,51,2023-01-18
SYN-fbfc339cd1d40d37,685687004,6,17,102,2023-01-18
SYN-fc2bbfe61b2dac9b,573152003,4,25,100,2023-12-26
SYN-fc2bbfe61b2dac9b,624257002,5,85,425,2023-12-26
SYN-fc2dfceb766543cc,685687001,3,16,48,2023-07-26
SYN-fc2dfceb766543cc,685687003,4,16,64,2023-07-26
SYN-fc2dfceb766543cc,685687004,4,16,64,2023-07-26
SYN-fc2eb975f52a88ec,568863005,2,20,40,2023-10-01
SYN-fc43767d2a617131,538993007,5,42,210,2023-06-16
SYN-fc43f0774af2fe13,610776024,3,9,27,2023-05-11
SYN-fc43f0774af2fe13,624645005,4,17,68,2023-05-11
SYN-fc43f0774af2fe13,640462001,4,34,136,2023-05-11
SYN-fc43f0774af2fe13,646592004,6,17,102,2023-05-11
SYN-fc43f0774af2fe13,667491006,2,25,50,2023-05-11
SYN-fc43f0774af2fe13,685687003,5,17,85,2023-05-11
SYN-fc43f0774af2fe13,702237001,5,17,85,2023-05-11
SYN-fc5ae3d65c057fa2,591334019,3,17,51,2023-11-06
SYN-fc5ae3d65c057fa2,660308002,3,25,75,2023-11-06
SYN-fc5ae3d65c057fa2,688873001,4,34,136,2023-11-06
SYN-fc5b7691485d7455,524825006,6,24,144,2023-08-15
SYN-fc5f472043623141,568597009,6,42,252,2023-05-25
SYN-fc5f472043623141,568601008,2,51,102,2023-05-25
SYN-fc603ced48b626b7,299768001,2,3,6,2023-12-11
SYN-fc603ced48b626b7,477163001,4,25,100,2023-12-11
SYN-fc603ced48b626b7,491912002,4,42,168,2023-12-11
SYN-fc603ced48b626b7,491912006,5,42,210,2023-12-11
SYN-fc603ced48b626b7,501619006,6,17,102,2023-12-11
SYN-fc603ced48b626b7,504154015,6,15,90,2023-12-11
SYN-fc603ced48b626b7,514182003,6,9,54,2023-12-11
SYN-fc603ced48b626b7,542533001,2,34,68,2023-12-11
SYN-fc603ced48b626b7,560030013,5,34,170,2023-12-11
SYN-fc603ced48b626b7,564358021,3,34,102,2023-12-11
SYN-fc603ced48b626b7,569996006,6,7,42,2023-12-11
SYN-fc603ced48b626b7,576653001,4,17,68,2023-12-11
SYN-fc603ced48b626b7,587030011,3,24,72,2023-12-11
SYN-fc603ced48b626b7,589924004,4,14,56,2023-12-11
SYN-fc603ced48b626b7,593829004,5,3,15,2023-12-11
SYN-fc603ced48b626b7,650166002,6,29,174,2023-12-11
SYN-fc603ced48b626b7,662531001,4,14,56,2023-12-11
SYN-fc603ced48b626b7,679494004,6,17,102,2023-12-11
SYN-fc603ced48b626b7,696435002,2,25,50,2023-12-11
SYN-fc61410b67a4d04f,524825010,4,42,168,2023-12-03
SYN-fc61410b67a4d04f,524825012,2,42,84,2023-12-03
SYN-fc61410b67a4d04f,562245034,4,20,80,2023-12-03
SYN-fc61410b67a4d04f,637255010,5,25,125,2023-12-03
SYN-fc61410b67a4d04f,637673007,4,34,136,2023-12-03
SYN-fc61410b67a4d04f,662868003,3,34,102,2023-12-03
SYN-fc61410b67a4d04f,665095002,4,25,100,2023-12-03
SYN-fc6469499a1ea0a8,500780011,5,31,155,2023-09-21
SYN-fc6469499a1ea0a8,564786017,5,22,110,2023-09-21
SYN-fc6469499a1ea0a8,564786020,3,22,66,2023-09-21
SYN-fc6469499a1ea0a8,625311006,6,31,186,2023-09-21
SYN-fc6469499a1ea0a8,630116004,5,34,170,2023-09-21
SYN-fc6469499a1ea0a8,662441001,5,34,170,2023-09-21
SYN-fc7388e686e9cc10,665477003,4,34,136,2023-02-03
SYN-fc9335a1fa4a7c35,579541031,4,17,68,2023-07-19
SYN-fc9335a1fa4a7c35,652869001,4,68,272,2023-07-19
SYN-fc97c045bdfe8ef2,537076001,3,102,306,2023-05-18
SYN-fc97c045bdfe8ef2,547058002,4,102,408,2023-05-18
SYN-fc97c045bdfe8ef2,578470001,6,119,714,2023-05-18
SYN-fc97c045bdfe8ef2,629060003,2,136,272,2023-05-18
SYN-fc97c045bdfe8ef2,666319002,4,68,272,2023-05-18
SYN-fc9a1fd96b560fb6,666656001,4,51,204,2023-12-31
SYN-fcb1dea4a0055dbe,591334020,5,17,85,2023-11-29
SYN-fcb1dea4a0055dbe,619293001,5,10,50,2023-11-29
SYN-fcb1dea4a0055dbe,667491006,2,25,50,2023-11-29
SYN-fcb1dea4a0055dbe,714421001,3,34,102,2023-11-29
SYN-fcc3d8836fbbaca6,399223001,4,34,136,2023-11-11
SYN-fcc3d8836fbbaca6,624257001,6,54,324,2023-11-11
SYN-fcc3d8836fbbaca6,637661003,5,51,255,2023-11-11
SYN-fcc3d8836fbbaca6,662857003,4,42,168,2023-11-11
SYN-fcc3d8836fbbaca6,662935002,6,51,306,2023-11-11
SYN-fcc3d8836fbbaca6,663016003,6,68,408,2023-11-11
SYN-fcc5b4085e89ccf9,571436030,2,12,24,2023-11-03
SYN-fcc5b4085e89ccf9,661095001,2,61,122,2023-11-03
SYN-fcc9b7d0e54cc1af,318035018,6,17,102,2023-01-12
SYN-fcc9b7d0e54cc1af,633148004,2,25,50,2023-01-12
SYN-fcc9b7d0e54cc1af,639192006,4,68,272,2023-01-12
SYN-fcc9b7d0e54cc1af,676827002,6,42,252,2023-01-12
SYN-fcc9b7d0e54cc1af,692210001,5,136,680,2023-01-12
SYN-fcd78233fe1ad45a,538993003,2,42,84,2023-01-03
SYN-fcd78233fe1ad45a,538993007,2,42,84,2023-01-03
SYN-fcd78233fe1ad45a,623347004,4,36,144,2023-01-03
SYN-fcd78233fe1ad45a,691839001,2,51,102,2023-01-03
SYN-fcdbdd236f57360b,621759002,5,12,60,2023-03-28
SYN-fcdbdd236f57360b,621760005,3,9,27,2023-03-28
SYN-fcded621f804b30d,255396006,6,68,408,2023-03-21
SYN-fcded621f804b30d,566549010,2,34,68,2023-03-21
SYN-fcded621f804b30d,624261002,2,7,14,2023-03-21
SYN-fcded621f804b30d,663945002,5,31,155,2023-03-21
SYN-fcded621f804b30d,679128001,4,22,88,2023-03-21
SYN-fce7094f16073fdf,675827001,4,34,136,2023-05-03
SYN-fcf0a4bd8c07c9c4,372860052,3,14,42,2023-05-16
SYN-fcf0a4bd8c07c9c4,523490007,4,5,20,2023-05-16
SYN-fcf0a4bd8c07c9c4,683001003,2,17,34,2023-05-16
SYN-fcf147aeae59358f,502522001,3,25,75,2023-09-03
SYN-fcf147aeae59358f,554772015,6,9,54,2023-09-03
SYN-fcf147aeae59358f,554772031,3,9,27,2023-09-03
SYN-fcf147aeae59358f,630438003,4,9,36,2023-09-03
SYN-fcf147aeae59358f,665725002,3,34,102,2023-09-03
SYN-fcf29e7ca218538c,524922002,5,15,75,2023-11-13
SYN-fcf29e7ca218538c,564880001,5,17,85,2023-11-13
SYN-fcf29e7ca218538c,588956001,2,12,24,2023-11-13
SYN-fcf7642815710b82,636900001,5,59,295,2023-06-09
SYN-fcfb9cbeddb1739e,649397002,3,42,126,2023-05-16
SYN-fd06bf9053991506,562245034,2,20,40,2023-11-10
SYN-fd06bf9053991506,599716001,3,24,72,2023-11-10
SYN-fd06bf9053991506,613826004,2,40,80,2023-11-10
SYN-fd06bf9053991506,678086003,3,25,75,2023-11-10
SYN-fd17391dd25125b6,610776023,3,9,27,2023-05-07
SYN-fd17391dd25125b6,671553002,5,17,85,2023-05-07
SYN-fd17391dd25125b6,675281001,3,25,75,2023-05-07
SYN-fd1a155bd3fb50fe,516741007,4,59,236,2023-08-01
SYN-fd2a6fb21d8d8545,573716015,4,14,56,2023-05-09
SYN-fd2a6fb21d8d8545,627389006,3,15,45,2023-05-09
SYN-fd2a6fb21d8d8545,642979001,6,20,120,2023-05-09
SYN-fd318fff82fbb720,519749036,3,34,102,2023-01-31
SYN-fd43103827f2f8bc,639685003,4,36,144,2023-10-05
SYN-fd64bfaa5223f25f,564312006,4,25,100,2023-08-27
SYN-fd64bfaa5223f25f,564312012,6,25,150,2023-08-27
SYN-fd64bfaa5223f25f,564314018,5,25,125,2023-08-27
SYN-fd64bfaa5223f25f,681264008,4,4,16,2023-08-27
SYN-fd6e61c26fa08b15,615141002,4,25,100,2023-05-06
SYN-fd6e61c26fa08b15,662868001,3,32,96,2023-05-06
SYN-fd6fd50675a7f122,190021001,2,14,28,2023-11-14
SYN-fd6fd50675a7f122,297067002,3,17,51,2023-11-14
SYN-fd7cfdd9a48d2752,534316004,6,31,186,2023-09-18
SYN-fd7cfdd9a48d2752,539723005,3,34,102,2023-09-18
SYN-fd7cfdd9a48d2752,580469003,6,34,204,2023-09-18
SYN-fd7cfdd9a48d2752,583964001,6,37,222,2023-09-18
SYN-fd7cfdd9a48d2752,587236001,6,34,204,2023-09-18
SYN-fd7cfdd9a48d2752,589641001,5,25,125,2023-09-18
SYN-fd7cfdd9a48d2752,591444006,3,27,81,2023-09-18
SYN-fd7cfdd9a48d2752,598848006,2,31,62,2023-09-18
SYN-fd7cfdd9a48d2752,607145001,2,53,106,2023-09-18
SYN-fd7cfdd9a48d2752,607400003,5,17,85,2023-09-18
SYN-fd7cfdd9a48d2752,607537001,5,31,155,2023-09-18
SYN-fd7cfdd9a48d2752,608007002,2,36,72,2023-09-18
SYN-fd7cfdd9a48d2752,608007006,5,36,180,2023-09-18
SYN-fd7cfdd9a48d2752,621381001,2,34,68,2023-09-18
SYN-fd7cfdd9a48d2752,635418002,2,12,24,2023-09-18
SYN-fd7cfdd9a48d2752,636148001,3,24,72,2023-09-18
SYN-fd7cfdd9a48d2752,638443002,5,20,100,2023-09-18
SYN-fd7cfdd9a48d2752,639769001,6,20,120,2023-09-18
SYN-fd7cfdd9a48d2752,640193001,3,17,51,2023-09-18
SYN-fd7cfdd9a48d2752,640674001,6,36,216,2023-09-18
SYN-fd7cfdd9a48d2752,641187002,3,29,87,2023-09-18
SYN-fd7cfdd9a48d2752,644800004,3,31,93,2023-09-18
SYN-fd7cfdd9a48d2752,661809001,2,56,112,2023-09-18
SYN-fd7cfdd9a48d2752,667491011,3,25,75,2023-09-18
SYN-fd7cfdd9a48d2752,667499003,5,25,125,2023-09-18
SYN-fd7cfdd9a48d2752,678230003,5,34,170,2023-09-18
SYN-fd7cfdd9a48d2752,687260002,3,34,102,2023-09-18
SYN-fd7cfdd9a48d2752,691208001,3,42,126,2023-09-18
SYN-fd86a8b458dd6b20,562255001,3,32,96,2023-07-06
SYN-fd86a8b458dd6b20,575542001,6,20,120,2023-07-06
SYN-fd86a8b458dd6b20,584992001,6,46,276,2023-07-06
SYN-fd86a8b458dd6b20,605939004,2,59,118,2023-07-06
SYN-fd86a8b458dd6b20,605939005,2,59,118,2023-07-06
SYN-fd86a8b458dd6b20,632516002,2,68,136,2023-07-06
SYN-fd86a8b458dd6b20,634411001,3,25,75,2023-07-06
SYN-fd86a8b458dd6b20,657203001,6,68,408,2023-07-06
SYN-fd86a8b458dd6b20,678942003,3,17,51,2023-07-06
SYN-fd91a9a31ab3234b,573716023,5,25,125,2023-09-10
SYN-fd91a9a31ab3234b,688873008,4,34,136,2023-09-10
SYN-fd96bbb507b3237c,562245001,5,22,110,2023-03-18
SYN-fd96bbb507b3237c,573085020,3,34,102,2023-03-18
SYN-fd96bbb507b3237c,611815001,5,68,340,2023-03-18
SYN-fd96bbb507b3237c,611929009,5,34,170,2023-03-18
SYN-fd96bbb507b3237c,655259002,3,25,75,2023-03-18
SYN-fd9d1f807db36714,514577014,5,14,70,2023-05-08
SYN-fd9d1f807db36714,524825014,6,36,216,2023-05-08
SYN-fd9d1f807db36714,548613029,3,17,51,2023-05-08
SYN-fd9d1f807db36714,548613038,6,17,102,2023-05-08
SYN-fd9d1f807db36714,554598001,6,17,102,2023-05-08
SYN-fd9d1f807db36714,554598012,5,17,85,2023-05-08
SYN-fd9d1f807db36714,554598028,4,17,68,2023-05-08
SYN-fd9d1f807db36714,685284003,3,36,108,2023-05-08
SYN-fda85a5966c7b359,542695005,3,20,60,2023-03-27
SYN-fdc138693d210617,626476002,5,85,425,2023-07-19
SYN-fdc8c501a35768a1,653210010,5,17,85,2023-03-01
SYN-fdc8c501a35768a1,707020001,4,17,68,2023-03-01
SYN-fdd5863baeb19998,447694017,5,15,75,2023-04-07
SYN-fdd5863baeb19998,541518023,4,30,120,2023-04-07
SYN-fdd5863baeb19998,559715009,6,13,78,2023-04-07
SYN-fdd5863baeb19998,559717006,2,12,24,2023-04-07
SYN-fdd5863baeb19998,565292012,5,17,85,2023-04-07
SYN-fdd5863baeb19998,565292018,6,15,90,2023-04-07
SYN-fdd5863baeb19998,569996006,3,7,21,2023-04-07
SYN-fdd5863baeb19998,573452005,2,17,34,2023-04-07
SYN-fdd5863baeb19998,581162001,5,15,75,2023-04-07
SYN-fdd5863baeb19998,581162008,3,8,24,2023-04-07
SYN-fdd5863baeb19998,582257001,4,13,52,2023-04-07
SYN-fdd5863baeb19998,585482001,3,10,30,2023-04-07
SYN-fdd5863baeb19998,599580001,4,17,68,2023-04-07
SYN-fdd5863baeb19998,603583003,6,25,150,2023-04-07
SYN-fdd5863baeb19998,610841005,4,13,52,2023-04-07
SYN-fdd5863baeb19998,615939006,4,15,60,2023-04-07
SYN-fdd5863baeb19998,616337002,3,17,51,2023-04-07
SYN-fdd5863baeb19998,620945004,6,3,18,2023-04-07
SYN-fdd5863baeb19998,622964004,5,10,50,2023-04-07
SYN-fdd5863baeb19998,628921002,6,13,78,2023-04-07
SYN-fdd5863baeb19998,628921010,6,13,78,2023-04-07
SYN-fdd5863baeb19998,632020001,5,13,65,2023-04-07
SYN-fdd5863baeb19998,632020002,3,13,39,2023-04-07
SYN-fdd5863baeb19998,632534005,5,17,85,2023-04-07
SYN-fdd5863baeb19998,636587013,2,5,10,2023-04-07
SYN-fdd5863baeb19998,657291003,4,10,40,2023-04-07
SYN-fdd5863baeb19998,671777002,2,7,14,2023-04-07
SYN-fdd7d14f60df76d0,658298001,4,42,168,2023-01-02
SYN-fdec1c097b0cfc91,657283002,6,17,102,2023-03-06
SYN-fdec1c097b0cfc91,671057006,2,9,18,2023-03-06
SYN-fe00662bdbaa134d,638224001,6,30,180,2023-05-14
SYN-fe034e23af57240f,573085027,4,27,108,2023-02-03
SYN-fe034e23af57240f,629420002,5,9,45,2023-02-03
SYN-fe034e23af57240f,646101002,4,14,56,2023-02-03
SYN-fe0add712af8e801,662888001,6,32,192,2023-07-09
SYN-fe3c11040b22b0a4,672890001,6,25,150,2023-12-30
SYN-fe474ee3d68a8d40,156231001,5,7,35,2023-04-10
SYN-fe474ee3d68a8d40,436261001,4,14,56,2023-04-10
SYN-fe50c794e0543a02,189616008,5,17,85,2023-07-01
SYN-fe50c794e0543a02,574109015,5,25,125,2023-07-01
SYN-fe52620b309f8dfe,660599001,4,32,128,2023-10-12
SYN-fe8b975d6c8dc84f,682189001,6,134,804,2023-12-23
SYN-fe94a38efb67891d,572399007,6,22,132,2023-06-30
SYN-fe94a38efb67891d,573085001,4,24,96,2023-06-30
SYN-fe94a38efb67891d,573085028,3,34,102,2023-06-30
SYN-fea1d7102a7dd83b,500780001,6,20,120,2023-10-06
SYN-fea1d7102a7dd83b,512699001,3,25,75,2023-10-06
SYN-fea1d7102a7dd83b,540277004,4,14,56,2023-10-06
SYN-fea1d7102a7dd83b,572127015,6,19,114,2023-10-06
SYN-fea1d7102a7dd83b,589924005,6,12,72,2023-10-06
SYN-fea1d7102a7dd83b,610730002,4,9,36,2023-10-06
SYN-fea1d7102a7dd83b,610730017,4,9,36,2023-10-06
SYN-fea28ccf40441d7e,680818001,2,31,62,2023-07-06
SYN-fea5470ec0132e26,613456001,3,17,51,2023-09-24
SYN-fea5470ec0132e26,620625003,4,42,168,2023-09-24
SYN-fea5470ec0132e26,658030006,3,51,153,2023-09-24
SYN-fea5470ec0132e26,659132001,6,17,102,2023-09-24
SYN-febc59348c0b4a96,511105004,4,22,88,2023-08-10
SYN-febc59348c0b4a96,618800001,3,34,102,2023-08-10
SYN-febc59348c0b4a96,685687001,6,17,102,2023-08-10
SYN-fec049f3678fd37e,325087002,6,25,150,2023-11-25
SYN-fec049f3678fd37e,529008026,3,25,75,2023-11-25
SYN-fec049f3678fd37e,611415005,5,17,85,2023-11-25
SYN-fec5b9d998ca448c,160442007,5,14,70,2023-12-04
SYN-fec5b9d998ca448c,160442010,3,14,42,2023-12-04
SYN-fec5b9d998ca448c,464908037,4,17,68,2023-12-04
SYN-fed3f686ed0f0d50,562252001,4,15,60,2023-12-09
SYN-fed3f686ed0f0d50,570189001,5,12,60,2023-12-09
SYN-fed3f686ed0f0d50,572611001,4,15,60,2023-12-09
SYN-feeb9ba47b3056dc,627759010,5,59,295,2023-12-09
SYN-feefeb9d94a30221,399223001,2,32,64,2023-06-06
SYN-feefeb9d94a30221,446224002,2,17,34,2023-06-06
SYN-feefeb9d94a30221,450056008,3,17,51,2023-06-06
SYN-ff1d964250529301,671515001,3,25,75,2023-03-15
SYN-ff1d964250529301,680715001,5,136,680,2023-03-15
SYN-ff1d964250529301,685687001,6,17,102,2023-03-15
SYN-ff29d1c6a87a0940,297078001,2,22,44,2023-03-26
SYN-ff2e44d41625b878,580000001,5,12,60,2023-01-24
SYN-ff2e44d41625b878,621846001,5,23,115,2023-01-24
SYN-ff2e44d41625b878,662857001,4,38,152,2023-01-24
SYN-ff2eaa4784cd9908,555990001,6,31,186,2023-01-16
SYN-ff2eaa4784cd9908,594834010,5,42,210,2023-01-16
SYN-ff32064784b30da2,633136007,5,34,170,2023-10-06
SYN-ff32064784b30da2,663016003,3,53,159,2023-10-06
SYN-ff32064784b30da2,665725001,4,34,136,2023-10-06
SYN-ff39a11b4b3e4dd9,518827004,3,25,75,2023-07-21
SYN-ff39a11b4b3e4dd9,553611001,5,34,170,2023-07-21
SYN-ff39a11b4b3e4dd9,568597012,5,24,120,2023-07-21
SYN-ff39a11b4b3e4dd9,580469005,4,83,332,2023-07-21
SYN-ff39a11b4b3e4dd9,608939002,5,41,205,2023-07-21
SYN-ff39a11b4b3e4dd9,629305003,4,17,68,2023-07-21
SYN-ff39a11b4b3e4dd9,657195001,5,85,425,2023-07-21
SYN-ff4dc8d13239551a,661162001,6,34,204,2023-08-17
SYN-ff4dc8d13239551a,671505001,2,32,64,2023-08-17
SYN-ff54bd7731155ee6,592975021,2,51,102,2023-10-13
SYN-ff5a1f5769fa66be,189691044,2,9,18,2023-11-03
SYN-ff5a1f5769fa66be,655403002,6,85,510,2023-11-03
SYN-ff5a1f5769fa66be,711871001,5,42,210,2023-11-03
SYN-ff6c7538e9c19e24,464927013,4,17,68,2023-12-24
SYN-ff6c7538e9c19e24,541512010,3,31,93,2023-12-24
SYN-ff6c7538e9c19e24,654423002,2,25,50,2023-12-24
SYN-ff78b5bcdbc6d933,510126016,5,51,255,2023-06-03
SYN-ff78b5bcdbc6d933,675095005,2,59,118,2023-06-03
SYN-ff7954d015e1e7a1,624148001,6,46,276,2023-07-09
SYN-ff81f4baa17b9354,513257010,3,14,42,2023-03-24
SYN-ff81f4baa17b9354,594987002,6,17,102,2023-03-24
SYN-ff81f4baa17b9354,594987010,3,17,51,2023-03-24
SYN-ff81f4baa17b9354,607834005,2,25,50,2023-03-24
SYN-ff81f4baa17b9354,625818001,3,34,102,2023-03-24
SYN-ff81f4baa17b9354,625818002,6,34,204,2023-03-24
SYN-ff81f4baa17b9354,628785001,6,31,186,2023-03-24
SYN-ff81f4baa17b9354,628813002,4,14,56,2023-03-24
SYN-ff81f4baa17b9354,629764001,6,14,84,2023-03-24
SYN-ff81f4baa17b9354,629764002,4,12,48,2023-03-24
SYN-ff81f4baa17b9354,629764003,2,14,28,2023-03-24
SYN-ff81f4baa17b9354,643702001,2,31,62,2023-03-24
SYN-ff81f4baa17b9354,643702004,4,31,124,2023-03-24
SYN-ff81f4baa17b9354,663713001,5,51,255,2023-03-24
SYN-ff81f4baa17b9354,666651001,4,14,56,2023-03-24
SYN-ff8acec6004333c5,634248001,3,30,90,2023-02-09
SYN-ff8acec6004333c5,641705001,5,38,190,2023-02-09
SYN-ff8f2469a5a1ba7b,552471001,5,17,85,2023-04-05
SYN-ff926856e92cec31,312543001,2,25,50,2023-10-29
SYN-ff926856e92cec31,573085014,6,24,144,2023-10-29
SYN-ff926856e92cec31,577314002,5,12,60,2023-10-29
SYN-ff945213041a14e7,501820006,6,17,102,2023-08-11
SYN-ff945213041a14e7,658978001,3,51,153,2023-08-11
SYN-ff96d34ebef6d14a,671505001,3,34,102,2023-09-22
SYN-ff96d34ebef6d14a,671505002,3,34,102,2023-09-22
SYN-ffa5f08a16864316,539723001,3,31,93,2023-03-16
SYN-ffa7bcd33ff06646,615801002,3,22,66,2023-03-21
SYN-ffa7bcd33ff06646,658955002,5,59,295,2023-03-21
SYN-ffa7bcd33ff06646,681121001,3,17,51,2023-03-21
SYN-ffa7bcd33ff06646,692454002,5,25,125,2023-03-21
SYN-ffbaa8c7923eb30c,684080003,2,102,204,2023-11-09
SYN-ffc5f088da37aafc,548467001,4,17,68,2023-10-02
SYN-ffd5614bde7f3d40,671436002,3,8,24,2023-12-11
SYN-ffd56e86672e9f70,667499001,3,22,66,2023-03-10
SYN-ffd56e86672e9f70,673643002,3,26,78,2023-03-10
SYN-ffd731a4f29d4e5c,578478006,5,42,210,2023-06-05
SYN-ffd731a4f29d4e5c,610776001,5,9,45,2023-06-05
SYN-ffd731a4f29d4e5c,610776002,2,9,18,2023-06-05
SYN-ffd8faff04815b3c,660712012,6,42,252,2023-10-03
SYN-ffd8faff04815b3c,697329006,6,59,354,2023-10-03
SYN-ffec2e4df3054c15,665201001,2,17,34,2023-09-10
SYN-ffec2e4df3054c15,675319002,5,51,255,2023-09-10
SYN-ffef5c28bc005fc9,622159002,2,24,48,2023-07-19
SYN-fff0253690161610,640462002,5,34,170,2023-11-10
SYN-fff830a926ef0f9c,661435001,5,85,425,2023-04-16
SYN-fff830a926ef0f9c,661435002,2,85,170,2023-04-16
SYN-fff830a926ef0f9c,665477003,4,34,136,2023-04-16
SYN-fffc8c9e8205cca0,537346020,3,42,126,2023-03-14
SYN-fffc8c9e8205cca0,568601016,4,51,204,2023-03-14
SYN-fffc8c9e8205cca0,579541001,6,17,102,2023-03-14
SYN-fffc8c9e8205cca0,591334003,2,17,34,2023-03-14
SYN-fffc8c9e8205cca0,675281001,6,25,150,2023-03-14
