order_id,customer_id,order_date,sales_channel
SYN-76c032de21134165,000058a12d5b43e67d225668fa1f8d618c13dc232df0cad8ffe7ad4a1091e318,2023-08-25,2
SYN-36f7861d45ad1b26,00007d2de826758b65a93dd24ce629ed66842531df6699338c5570910a014cc2,2023-12-27,2
SYN-71e5d590c3acf5d5,00083cda041544b2fbb0e0d2905ad17da7cf1007526fb4c73235dccbbc132280,2023-12-20,1
SYN-a78692edd31d2ce4,0008968c0d451dbc5a9968da03196fe20051965edde7413775c4eb3be9abe9c2,2023-12-20,2
SYN-6b1af32e5f3a6165,000aa7f0dc06cd7174389e76c9e132a67860c5f65f970699daccc14425ac31a8,2023-12-20,2
SYN-5e47b0d168c2ff2e,001127bffdda108579e6cb16080440e89bf1250a776c6e55f56e35e9ee029a8d,2023-12-20,1
SYN-44510b230291a2e8,001ea4e9c54f7e9c88811260d954edc059d596147e1cf8adc73323aebf571fd8,2023-12-20,2
SYN-1ea31723abd2ed11,001fd23db1109a94bba1319bb73df0b479059027c182da490e1161b34cd3af61,2023-05-01,1
SYN-cce39863dc7fe212,0021da829b898f82269fc51feded4eac2129058ee95bd75bb1591e2eb14ecc79,2023-05-01,1
SYN-f9d8b1eac8ead56f,00228762ecff5b8d1ea6a2e52b96dafa198febddbc3bf350eb611f28e61ea6ce,2023-05-24,2
SYN-c767dca2c455f6ba,002b3c0a44a22c45a8d62ea9d2b88d1a89e335f8b8400335a85c3b5845794cb9,2023-05-24,2
SYN-a6cffa1ec1bdc07e,003ac6eff3ca20cbe4e14a106a5e28b7551616005de8f9dd0f9455e5543b31ac,2023-02-16,1
SYN-4e575ddcb5bece33,00401a367c5ac085cb9d4b77c56f3edcabf25153615db982fcc7991d182e10a9,2023-02-16,2
SYN-2147c502048c1b35,00402f4463c8dc1b3ee54abfdea280e96cd87320449eca8953eb06769a5c20d4,2023-03-24,1
SYN-c57b208015ef1dcb,0045c79125b4dc958579f902b49eacd8598f9eeaa1220506d1cae1275f122084,2023-03-24,2
SYN-71b7c1fdbba5e4d2,004888668b9458668aa3234d17337671673599f7f84d36f77fd366b5139058c5,2023-03-24,1
SYN-cf68fbc3e422e910,0051a1d00ec9a4ff1a2f9aa32a4bb054cc9ba08e80be590aec39391ff3dc56e8,2023-03-24,2
SYN-07774846c491220b,005c9fb2ba6c49b2098a662f64a9124ef95cbec5fcf4ebdb4dcbaaf83f979c51,2023-02-08,2
SYN-eef9980ed001955e,00609a1cc562140fa87a6de432bef9c9f0b936b259ad3075eb2a65008df1dbab,2023-02-08,2
SYN-bec57de2a0224e82,00708c3da4d07706d4cad77c6aecc1b1ce33d21d73022ca12737c91d85bff070,2023-02-08,2
SYN-5216d45966e5dbff,0074c5948b6c96e7522f6f5c034b46cf08875b9a81c557a02bda0aedac355547,2023-09-02,2
SYN-814a9c8c844e8703,00761aefe07a2dd6ca110c99f3856ede55f20ff00ce754bf24c422c6746d05f3,2023-03-15,1
SYN-4da03aebb8407e73,0077ba345ef6aa8781802107df25bbb8a14fdcd04130c3ffa5cd1ac4087ad8ab,2023-09-26,1
SYN-f6dbdef427c66ded,00796ce0bc561897e7047a7b059867aa6424f63ec597e1fbb3a195e48d5f452b,2023-01-15,2
SYN-a1a4c36d61037a9f,007e4c2e0994b4aac97c2713d5dc0b7497d74113f32446868ca22b6437e9594d,2023-01-15,2
SYN-1a8681064012d0ba,007ea762fbbebfad288a49f1d8f7c2c0c62b189a8816fa6968e60f2c197ce938,2023-01-15,1
SYN-6b64e968512bbe07,007f094708bc97c9ce41a7e75237ef2d16ae45319ebaddb9b842abf34248da8f,2023-09-03,1
SYN-a756c95fcaf4dce6,00873fc0f81215241785b49518e6758a2c26c0eac4825e7eb048b005a33fc3d6,2023-09-03,1
SYN-a3efb2e23b7664e7,00889357d9b1e0e3788fbe8fd7448580b9e51800f59196891c4796a9aaac0945,2023-09-03,2
SYN-a1bd7097f697f06c,008997ffbc4cdb3a41572eb25b2cc918666a6f2a13f3940f196a0160773c8492,2023-09-03,2
SYN-51f638788d7c89d0,008a118b7c72fd3b8a614eb2672ddfc2a78434c5776af215f4e281fa7506b842,2023-09-03,1
SYN-688417ba680117f5,0091c0e943c92167ea78f6ac180636be4098b06c1a066cac6f064eab9dc76d3c,2023-07-05,2
SYN-1ee923881be2bd2f,00923f88cda50cbea4c5ceb2bd3467c620a9d74cb7da95ccbd21b856f5c0e2e0,2023-05-19,1
SYN-c7337d00f5f8cf83,0095c9b47fc950788bb709201f024c5338838a27c59c0299b857f94b504cb9fc,2023-05-19,1
SYN-39c5ccc857850e7c,00a017d6e1010e117e3881be44027688795bf5f3c363696f7260d0ebe2727285,2023-05-19,1
SYN-9198aa789143f648,00a4f2c8cc87ffb0ea7db47b4b0b247b9ef11033c8d976f374f709a6fb80f1b9,2023-05-19,2
SYN-bef09c7c2c6365c9,00a64e86897e28b304195ad497bc63234a3ab00a5eb247930ff59398d765f04a,2023-10-19,1
SYN-ce2d2fde5b8b396f,00a95aa4ba8d20f1bad415bab15ca6174a762f7550c819f4a1051fc7ee6bcb89,2023-10-19,1
SYN-e4e5442fac4b5ce7,00aa02ce95fc11f654a76101fd39a3db6b29879fddd8f8b1e56b3e6fbe6fe8d8,2023-10-21,1
SYN-9e39a26e2fa6b07c,00ac5119d21281802ecd309e8c7fa0b598e0be861f21caadefd9bc8cf3f87eed,2023-10-21,2
SYN-afd085a967858692,00b10bf5c51e961bd91f7ed9081b1bc6fc7e86000c2bed1a2d9f70da02012432,2023-01-06,2
SYN-a3d543faa43785ec,00b1804e347ad55d1a75d7c07169e17d1890ad48953824879234177741a85955,2023-09-04,2
SYN-f3c2e563f0ab598e,00b5b1446be091d4913765cf2cc01edc7e0d3820e1b8a46905fa4213a4c24433,2023-06-05,2
SYN-9b0499b20cb63d55,00b5bd5358a05155631bf733a933ecff5eb872f5143af59994ff3e62a97476d7,2023-06-05,1
SYN-2f57bbd9e02d58b3,00b6ec8613e51d8eadc5157f5a12ae1366ca29da7d44cc8d0ae1e667dea6f268,2023-01-30,2
SYN-2205f63cd065643d,00b85712d5e677f7ae3bfa9f9b5780a6eb328e99aeea633f6e8a3df5589d6486,2023-01-30,1
SYN-219dd12117e29e2e,00be0a263381af38132d31225e8fb12fbc527c654b446484fb672a78118f037d,2023-01-30,2
SYN-7cb971e3019e4f03,00c09e66121ad36f5a8d5039cda266d60bc53daac0b7ad14f19cbbf97be0b160,2023-01-30,1
SYN-1adb679b413376ec,00c59bdfaf753688c62cc13f67382dd54275f776a2f6a6ebee11b27049d1d7f7,2023-01-30,2
SYN-ff29d1c6a87a0940,00c83c269bedcb5135799d3bc4a7ae6f134d57bdd1be071486ef152b2ef1c300,2023-01-30,1
SYN-364e4a6d162550f7,00cd0391b52a160dce983a43c15a6e1125d082b78dfa21dd9fe0ce2f86805b74,2023-07-04,1
SYN-75490912341155df,00cf4505ba84c01f03c47829352054483acb59a9492ed0eef597dcf030e9e58b,2023-10-06,2
SYN-cc3e82bd71a8d661,00d316a9b10b3d21094e4931f41a42ec7d093bbbd53c7b656ad830be8e6d1565,2023-10-06,1
SYN-03bff309389e7466,00d774cb18ec8f8c73f4a76846782013803b88f206dffd39638a15a8725a886c,2023-07-28,1
SYN-a8c2652e4a2a9ee4,00d781e94d9a533dceb85a8d50a898d5987ad9921ea8c6945c247be7220bdd81,2023-07-28,2
SYN-447ad79bd53c1f25,00da14cc2ed13b9df1425be332f190877d6607aa7c79f761d7605231fd532814,2023-11-07,2
SYN-e5144cc5abb2d020,00e1f75b5a9c8deed486dc2c409329e8aaef117d314e01fe0c08a7300d4d9f03,2023-11-07,1
SYN-6ebc5d715d6607f7,00e66bb584bb15b519d91b1979bc7ba33fa0ac956000263db19c0036ac8bbb80,2023-11-07,2
SYN-1123aba1f77fc333,00ead79936275fbd3c9cf7863d2eb1b11e553789c48149fec39eb4086cb64642,2023-11-07,2
SYN-3cb8c1c2ed604a29,00f422e9990c411c736a3d0a35a1eea4cdbef1d419fdede13c01eecb99da4176,2023-11-07,2
SYN-940f1257aef1d76a,00ff637ac0fc881ed8b09088ed68218924f87f4100842dbdaf2d26c138fcbf2e,2023-11-07,1
SYN-436773b0e48cff29,00ffed0316ae807cb9439799d73cd61fd7f6479a0f9a19668ef442e3a775eb63,2023-11-07,2
SYN-712336d8c144d665,0115586b1ca570d4a4ef16b9a8e1cf62c9d519d43edc0bc7bdca09b5af2b1370,2023-11-07,1
SYN-7e032c4b37d5226a,011d7b691e30ed7eb65d0f141dba11c0d4aa6d30b0625eddc713b7172d4585cf,2023-11-07,1
SYN-d4ed9627c186da9f,01271359dce99de537d6a3fca3c4dfd3732b455ec5085dc0b1623ab550fb821a,2023-05-16,2
SYN-bb7906bfa9418c7b,012bbedf2efe728a7407a5dc842a852f8e09e9ae9727110c916ae13ebbc86395,2023-03-11,1
SYN-ff39a11b4b3e4dd9,0132d21d866697c428e4d6ffb02548fd71966aa88c8f5adea314e2341f8ad87b,2023-03-11,2
SYN-86c55dff0d3d9ed8,0137b87739a796f65396d8483173f66318039d19a2583f33f9014a6b6f38719e,2023-05-25,2
SYN-30a5a3e6e80ade52,01393ee2d1e9494965b723a22d3b09d992a1b450d17621c4c970ef7faf4d0d8c,2023-05-06,1
SYN-b5f48f9a1b92d85a,013a3d7d6d974a818bcb8c5181b4f5016f8973550f42e1049b86053643ace6e2,2023-05-06,2
SYN-d92e80dadb26f7ab,013cc00a6fe53e361d8b5da4153c5b8907c09bf951dd4ec40d915cf7127c0e6d,2023-01-07,2
SYN-0c1b317ca69154dd,013d1d9e3414787ec7bf048697592b6f76dec3bd5263e485e64429ce387ed09c,2023-01-07,2
SYN-d1cb2b749fbd775a,014838e4a1fadaaaa5bd2504b73861ef89db7a86b1d0b19f0fbd8bcdd5c3f414,2023-05-03,1
SYN-3284a134b13dd54d,014cbfc591254f0cf30df52b660f94dead60c8d3eafc00ebb3051bd196bdcd8e,2023-05-18,2
SYN-e96f1cbff9a5cc53,015379bc0ebfa21c432af0f1eec4cfdd83d88f3af3804fb42011610866da0cba,2023-05-18,1
SYN-4637332b76db5e05,0157179e65d9394de74d06dd4558456a016a537c55e216a2236b90ac49101d2e,2023-05-18,1
SYN-8edadbfe79dee7b3,015d779989111f5158d089a639b42390cd864f2001b1ed2f24ad78fd37704271,2023-05-18,1
SYN-b5f222fabf3e67da,015e83393e4fc3b071ba6fc5f174bf3bf9813c88dcaf3e61e34c6525984d0ed1,2023-03-29,1
SYN-a4222277dda0f3b5,01624a723db9eb160f1ce8148eea035963527b2ddca1816d5cd79b94bd16bd92,2023-03-29,2
SYN-9671b7402fa13063,0163c83a9a9e6a6653ab4aaf448a2773168cb76e74712456c56ea722df4ee5d8,2023-05-15,1
SYN-768e8c85722760de,0164840429884bbb47f2a342ceea1f0748650d632cd7e3ae962169ddc5abc7e7,2023-05-29,2
SYN-ae22b92ca40a41f0,01657d86ad3c7c5a15c7de441cc0a57c3ed9a3618b368a61aac06070f585df78,2023-11-21,1
SYN-19e1ae6c6c5c50bd,016a5e92559854caa17365012de3e26cae632c968dbcc9b0f6343a54223e80b7,2023-11-21,2
SYN-841d98f42d5ccb4a,016d8f0519d9e0572b3abebeab87408bad7a5c3a2840161f7de2f2900f39b6e6,2023-11-21,1
SYN-19bc413b601c9905,016ee5d84576b72727d7c812df0080f8fa551ba7156593a5ae585b16608e8077,2023-11-21,1
SYN-6a4cbaf127e42456,017ddc94fee40ab9a24af073a4c69282b4c04e094d53a96dc0c97642b5d3b25d,2023-11-21,1
SYN-083fa14fd6516767,018584209ee49c1e2a461c7773bd642306432ff77eef6f32881c56bb3bf77de6,2023-11-21,2
SYN-491db17295076f0b,01887181e59ebbbcda75875d5df516d0ffaa26581ffd78cd909795732e4be9a5,2023-11-21,1
SYN-1eda484466f8a7e6,019169333a46eafc04a2a49f04076aeb5bc7f33c403e8940e39048a9581ce753,2023-02-08,2
SYN-c08477cb511b653c,0193e3d59eb1a5625b36f53e947c0237ee16c4bd2f7ba7da4bb93efb9e17f66a,2023-07-14,2
SYN-097a8e189090f3e0,01959be607170cc2f092ee8fd13eda251b13cde70ef38dd37e37dcdadfde3b9e,2023-04-23,1
SYN-dc7b7ddd95fa6934,0195ffd9003a84142a7fee9fbd85b97f111f054a1ee1587b2b98b60d506a5f1b,2023-04-23,2
SYN-47f107fd60ef61da,01a9a077a83eacc6fd946a60c4ca2aed16219fcd83d31e3110fa04630c42b96d,2023-04-23,2
SYN-e407ce7028c10f0f,01b0efc42c236759c44edb9b3c97c9f213d581ce647cf8b16659a9b2eb104df6,2023-11-04,2
SYN-2c9cd1bc5a76d204,01b2ea4635479ad47c3a5eea6659e28f4f5ea16bbb6180bda7a7a3b18cade7bd,2023-12-14,2
SYN-ec7f59c1891bc3d0,01b408ef638888ebabe6ba61e3e9cba93131152d371b50c8aded5eb1ca3aa3c0,2023-12-14,2
SYN-79d680a62468c8d4,01b855043167c672d20955a585f39f590a854238bd78149d4e0802362a40d2de,2023-12-14,2
SYN-c19a0234150bfd2f,01bf0506fe8bb4b830a2b0a4459f11565f6b687c615008cdcd59b3abf6df4bd2,2023-12-14,2
SYN-96c1df99cf57e2ec,01c290bff9641834691fef7f4b68ad176353d6971ca85e22efeb92c3aa3ffd35,2023-12-14,2
SYN-57533d3bbe841977,01c3653cafdd569ef34e36810d1c1bda71c0d425e568278d0cfe05cfb6604a1a,2023-12-14,1
SYN-3a6ad4274db51504,01c8cb2f730cd7253bd3e290d98823894222b305139631fc0471d8d0b3a4bde9,2023-12-14,1
SYN-13abc2bd684a1d38,01cc2111fdf0603337bf82c79130e2144248bcec1a69cec7e28af56c0c78a4da,2023-12-14,2
SYN-0dbd4db2d76956cc,01cdaf4a8603d1aafd565d05a7e1013d1cca48ab378fa83a68cfe01b52874852,2023-12-14,2
SYN-12cfbdf5a2b8d4f7,01d106a0b45ae7f169b3233d332bf325c80c24d4d160edeccf7d70905077fb86,2023-06-29,2
SYN-cbd4dc64cf1c6b09,01e464bf74b13a55df22de1528eff2b33749c0cd92953b62bd22dee2de17d1fd,2023-03-12,2
SYN-e5d142910fbe2689,01e9439a70175b81a0fcfe7c066a23890a57ca97b9b6d4209b041dfaace79f3e,2023-03-12,2
SYN-27f91845c6b2faa8,01ef5256e6264e9d50b11a08e9cfb2f2291324fedb4140cf7b4ad070548ffd8f,2023-08-28,2
SYN-940d4fe31796efc2,01f0287961a0f7453c24e6aede462f55f667e705156f1e8b22c70a65bf51abd5,2023-08-28,2
SYN-45e5e18030373f35,01f040495565a44cbee048d8a0340fe1ba46243565d634a9a574c69fa4b01ade,2023-08-28,1
SYN-b3b92edf492bafdd,01f0af0b062a155ce270aa4cd7420795b115dd9320c143eaa10213f13ba346be,2023-02-16,1
SYN-3b3a8cf176ca0879,01f597f5eba83f9709eceb5a70a99f3a4009a6e827bf7293afa4211030a29fa4,2023-02-16,2
SYN-4518e68c6ccfb28e,01fbe7968ede05b116c4d878d47ed4fd33db355c4b3311c2967858f059a65dde,2023-09-26,2
SYN-9fc5acb4213019a3,01ff82d2792db8d2f92caa1e934fd6a122117f99a47f500ed25e550b7e066362,2023-09-26,1
SYN-babb8daad3d0154c,0200775b1e95937f4711156d1eccaff5c8d7f7627ad6ac7aa941ed2ad28ab693,2023-09-26,2
SYN-969bd2c91e893e6d,02042b44255a14412b92f126844f9b33518e2cd598dc36d89d9931907e966076,2023-05-18,2
SYN-3d0a5b9b704d646c,020bf2b7e1b1d36c8b7ea7e09782d5cfc7d4c31a74066075a73ac6015ddf5122,2023-05-18,2
SYN-3bf564b47eacef51,0218014619321c250395c5cb9bc9f5323745113f61f3a136da2f3762df5930c9,2023-05-18,2
SYN-59e5d5def9123573,0218e0970319a0f68ebb78a6cdfffb8ddc461d0d02eeb8e8ccf02287ceb05807,2023-12-22,2
SYN-98049e5dd98dc884,021bfdd3e66576efce4fdffc66c8e7837abad6ac50c10d3ac2c912e5558efd8a,2023-02-25,2
SYN-bfb08ed186e94fca,022064800152ad93969188799580e0d2173bc7696f6deec3157f0938315410b4,2023-08-14,2
SYN-1fa9b4b7494c6e72,02245dbf97e78482e7b6f23ab4fbc7d445ec57ddb9930d4b23d03b1a1e4af97f,2023-05-10,2
SYN-14e332d4d28bd969,0229e18d3fcaa6a95380a822b4edc611e7933dab4382979b97d502cb477b0ff8,2023-06-08,1
SYN-b23b1826738d2bac,022b4a549932e91686ed9cf3ffbacc2422343f5bc050127db1b23f6a3e5bf020,2023-06-08,2
SYN-acfeb7394cdebaa8,022d28daa94930566e6139ae25faa966bebd5684cc486c59588d7e9b92262c50,2023-06-08,2
SYN-c03a43487c12ea01,02334389c86031bc841c43b000006162d3bdadd0a88acd650eaebdb3f1beb9c5,2023-06-24,1
SYN-fc5b7691485d7455,023807eac529e635ef40b48d61685876c7487d129eb2384e3c335d8f66116874,2023-06-24,2
SYN-26ffdc4c37cf7bc6,02389a26fba684b9fe51d6fc3f84d10614dde2d5bb9c72f5bfd4c7f2c277aa30,2023-06-24,2
SYN-cba58b682137815c,023b48de81f6af9de6bef17e720e3873ce40df3f561c975cfd47eaef5f13d09d,2023-03-24,2
SYN-67356ebe69f75cf1,02425a33ee2b4d547b1e4ca9ea521759a42f896af933bfd132f488ad3b6cceea,2023-03-24,2
SYN-824bff8f06285e9b,0246a0d28554496c1214de05bb45de56d41ba29bc356d79a7ce520aa40d7c2e6,2023-02-05,1
SYN-289525f16c252418,0247a4cfbe56ac5e1c0b5a91b0ab0aad812f6fca13d4fd7dd72cf870d4195ec0,2023-08-13,1
SYN-9fbb40bf825fb2e5,024cd49f530560442418b0fe9558ee9a79c62809b3bb3a6fbaaf04c2b9be9d2e,2023-08-10,1
SYN-dbaabda72fc02e11,0257cce57bcfd65d958d44d09bd52c80b07b5a5aee9fc625599b6c13ee4e1b9e,2023-08-10,2
SYN-85b314102cc9c50a,02587f4f566315388f44a3daaa4525146d79d5ae6b2837cbf55591ec1512884d,2023-08-10,2
SYN-58d581f043ffde8d,025b18696068392821f083b1eebb31dee1f6704f243f909c025dfacd075bdaf2,2023-08-10,1
SYN-c9663974a90837be,025d110f771f9d4bd41abd0fadca58b1be1553c895c7f6b0e79a13dd1d0b67aa,2023-08-10,2
SYN-ada6396dc8e76e12,0263bfe4004755185ded376e186511eedd9f5a190144ac6699fda9cb038ad178,2023-08-10,1
SYN-77cf72b70deeb46a,026a1fb8bafd82f69183ae5dc8aea146c48c31d8ab03a3e711a9bc3fcec3a4b8,2023-12-13,1
SYN-71e61d0b5f437413,026e959b1715d59d827c377bd1f9ee4464e105695241a2f4053385d036aae6a0,2023-12-13,2
SYN-ce5dc165bda3e97c,02703e242da346fc85f1aad21208d1103e62e705564c81ca2b6edf943032320a,2023-12-13,2
SYN-3e7c871e0c45175d,02722fa427178b9ca33fdaf1050d1c15472432abd33e0048207701534feb5b20,2023-12-13,1
SYN-d794a3203f1cdcf6,02735a7da462484b0adb3857a81a6a062dd37d18a716a47318c467ef2a96f9f0,2023-08-04,2
SYN-8a3b67454c107e66,0274e757cd770c98113d22951237e9dd035fa27567c5d521987222af2e0f9592,2023-08-04,1
SYN-1f1ed2cb45401b54,0277917f4faac280023baecd03c3790b951a9403085da13631983b6c3d7eced0,2023-08-04,2
SYN-867ce0986e7a1afe,027a44c9bd659ccdf287096ae82a20eb5e28d6e54f2685d55323530640c7fece,2023-08-04,2
SYN-f6334341b973338f,027dc9299f3cd24a1b30fa3bc25dd619993f7e49e231debc3f256efad523407d,2023-12-06,2
SYN-8b135c0b1f8ebc55,028c2fb1495304ccc3208d8335ec2fe8fcfe19b47bb279df6a9bdb410332a082,2023-11-21,2
SYN-7549db3c0a822509,028e765770e7b56b22210ffee86c332e849a52309bb253d62da0b44d082d66bf,2023-11-21,2
SYN-3fa064759edd5a7f,0291b7341d510fd571abf640a3c5ca7a374e6eb832a60961da02033b41b66735,2023-11-21,2
SYN-a54bc5847170daeb,029ceb992cb63df03c109790046e3fdebfce0b63c968823dd461b7f18ecc6b30,2023-11-21,2
SYN-a0f39857f51d18ba,02a02c0969c67adde90ede610a54b365c31187872585eac40590c7327ebd7783,2023-11-21,1
SYN-84af9e1f33c94c7a,02a5fec03154399f739b4f8fbf1a43a9899fbbb24fd93cc9fd4674cab11cda8e,2023-11-21,1
SYN-f2b4d3c39f55ded0,02ac1b454f4854ea273f870e32fa8f59faf2e46e0c24aecd45f44d8d06e98bd7,2023-11-21,2
SYN-99d3fc0de1d05fff,02aeb94d25610a3887b078c7eaf7d1196d0f041719ddc02ada82395bc05825fd,2023-11-21,2
SYN-a87e07a5e7e5ef9a,02b3db570d4063d8005de2fe1ba4d6fae39795dc37a993f0f6fba313f9a2a744,2023-10-09,2
SYN-9c7762cd36a4a79c,02b4b6f6e43c3eccd8b8889330654519ac3c55e5fc2ec36091a416ec6471d9c6,2023-10-09,2
SYN-1a6bc6510db166b4,02b50a52742b3a894cd5d1381bd3f462c3e6eff30f9dde8640b3697db2fd024a,2023-01-30,2
SYN-59c87a677c310f9b,02ba264ea5c7130504924f49228bcbaaa9ee96b76a6b4b0a16e19e691cf59f7b,2023-01-30,2
SYN-097468ff43ce8cfb,02bfe1a5248beb9cd28ad4ac630a6d75e78d9a3e14551abee7a5a28d5812ea77,2023-04-17,2
SYN-96ef13af8e157f35,02c13bb5a2502db80d1f18b7db8ac0e250df329ba2b4aa0ea64df812ef946d2e,2023-04-17,1
SYN-26552ac2ed7ffbb2,02c92ae97b966ec20080b6b2d15ffa768c8cbaceee45c329e89a78526b357f7f,2023-06-09,1
SYN-5b1c57219af5e659,02c955452f97696cbb01186f456adc89f7dd9828c6e39012c400fd26cbda47b2,2023-01-06,2
SYN-ef6e9bf848652793,02cca9fa806e222df1332afe49102f67cc35970a39471d4737c770e94e5dc492,2023-05-22,1
SYN-e7aca1d9c5aa785d,02d2cf9bcef0d10ae22bba38ee25c0192bc41d9a45b46ceab7467ca5a43f63c6,2023-04-05,1
SYN-dd26b5b80f897909,02d37b5d9116efbc2dc6420de3b30376039e2af283beadcba3afc936e41ae715,2023-10-07,1
SYN-7520bc0565fce03a,02d796ea767fa2e94fc6228fe70d8af1a570da973c32f7ddbe7ac747ce4a6666,2023-10-07,2
SYN-f772c056aedb2ba2,02e0910945216963833093e0e56712e7362b01b7ef0cd4b375f857542b085020,2023-10-07,2
SYN-a823c0654fd39e71,02e45757a6bc483ef7a9d086c3800bdab53ac1cb9840cfad4381d4fdea7820bc,2023-07-23,1
SYN-ee927599c1b5b01d,02eeb7d86c6d8dd801708091ed48bd654940c403ef12cfc10e4abc5eef90866a,2023-07-23,2
SYN-2bf4cbe4dc894cbf,02f10c94c36c9f8d06ca2fccb131f8579cbabd1e3fb90c64ba799ad6222ad600,2023-04-13,2
SYN-de96b61b6922dd1c,02f3b09da6d49f6fc29547e4988e34eb9e0406cc53bb52d2ecf3b77e9e741a85,2023-12-30,2
SYN-e6961fb4d3b87ca5,02f64c00a1c75904920d7d0ce06c85dc30ce93b14147db8826fab00ab1d7a1f8,2023-03-09,1
SYN-d459a263adfce75a,02f6cba4ca8942ae995a5723a271ac967a3b51973fef556ae6eef56e6a2454f1,2023-04-27,2
SYN-ed638ccd153ef993,02fb616160a91e306ff84ef3cd1333f0cd7d364df06d6746d5b313af7ff7be7b,2023-07-02,1
SYN-45209a98c751a9f4,03023b630d51f53fcfebbbb0182e20a51de1b0463a85e9b5eef540ceefa95434,2023-07-02,2
SYN-efa30b5de948e092,03047ce62398549486db59baa6ae4b75f1f34d2e5ed2c61ed4622d5f938bafb5,2023-04-22,2
SYN-8f5ce2cbaa015c92,030654e7a0c6b286996114368a92fd411cfa5f9d4afcbf4086b512b8b1fe6fd4,2023-04-22,2
SYN-5dbcb98b94ce279b,030b237f78cdd4df9a13c92900a82db7a18afc7556f2c1e643bc008f0bf38ff8,2023-04-22,1
SYN-12ba539459f709c3,031087414c01a0524b5c9d121b98ef5a93f240db16392302bda5bb1e5e7bfb4d,2023-04-22,2
SYN-2206c4b89a14856a,03126e45c08e82cd192b32cbddbeba63387e11e5531059d1e75b74a422f373b1,2023-04-22,2
SYN-4ccf9c52a5ea3fc8,03167db14498eeec75153c7e582f25925eeb861ce3e04be9b3b58d83d23559a0,2023-04-22,2
SYN-5c76a86c119c1741,03176a1445de4730c2ca5d514c3ce2182972ad42dfae65f4549778a2e918a7bd,2023-04-22,2
SYN-cae026162740c7ad,0317efd288c703a2531d89567ac2c28321ef8a613b5d2485430c94633b37ca51,2023-04-22,1
SYN-2f7f28fd3e19e328,031b1633a7b3df1b5c63487b254981b5dd3606d8d643e99345221577cf581fee,2023-04-22,1
SYN-c7057ade08c2b999,031c4471e23612911bc9a372edfe3c50847aceb7d620b1d8c26d468cac10ed59,2023-04-22,2
SYN-6036b96d5918037e,031dacb19b2f7003ccc838290d15c933ecf916503c428c9205ed036373758415,2023-04-22,2
SYN-4ed1a4f80d96f398,031fd5c927a91eb96dcc6446e57898bac8992494520c61f1e69f4fa46e57fc0d,2023-04-22,2
SYN-40d9fa3fa2bd9688,032046d984f72fe8d5b3cb151932c5c3f5c9f67e6b1c619dabae39c684280519,2023-04-22,1
SYN-d09855f7f53d5244,03264406f2f5ad204e822bf1de35bfd78a254b7ebfa7436a1fbb2dd6702cad3d,2023-08-04,1
SYN-331a51111f4ef0fe,032bfa2ee5ed4729cb92b26f029bf391e24ffd9d82040420b10514fb26433fa9,2023-05-01,2
SYN-b0cded2fccfb5e2a,032c1158bed8eaa884e982247bce6ba12fbb46cc96db37f890363d5565443d65,2023-10-13,2
SYN-48110e3bdcd3a0c3,03337ab0f54594f4ce96bfa456869d2d01e4fd99b49f07039462737375a3916d,2023-12-02,2
SYN-404e0d9f982d8999,0333d9ba2d726a88e105f58b664d0454ee8c3eb276c033241b31cabb69d522ae,2023-12-02,1
SYN-3da172f44b582b8b,0335a03da8ef485dda6f0a3d38fd1a10f15a87f82f2ccdaf97fed2bbc4ee47f8,2023-12-02,1
SYN-a40a79112ef54423,03392e608ea301ba185fbc96db65586ac9b7cddb17314ac38dea3f47a66ad448,2023-12-02,2
SYN-04ba066eef6772c9,033ac0197a68724a4a1e2cd17910b8bc1caf97794624c5e965ad6b27b893e0ce,2023-08-13,2
SYN-9348081fed808791,03489cb329eeb471615a9a93c47aea3385a35bda120f1b66c2d58057550e0cea,2023-08-13,1
SYN-69f9099b604b484e,034f0c7ca393e5fad0a9d12f71c54e346fb65e9fcb2df69c081eec1e554307a1,2023-08-13,2
SYN-8c124c03b940f5d2,0352a685354a244ea57ec3a605fc4e4c3c84b4c708ea38347d90ea7564e7ace7,2023-08-13,2
SYN-5df8e4b23c334cf2,0356c9f8f93ae3fac95c183d72bcc0730545b1a31732ed7086619496fc21f656,2023-12-20,1
SYN-ddbb05f8dc7b7b1d,0356f9016af790146e57d6da4ec0a3d8a4fc35380c22c2c2db11f89a7d8368e0,2023-12-20,1
SYN-c2557799875f9500,035c146b4e3425ded9f666567f8e1f3b75f586988181b026ee98a1c790e51a97,2023-04-05,1
SYN-5ea879acb2522d95,035f7a644366318ba089234153ff965dac19d68c607a9b87b47e19336b679b06,2023-04-05,2
SYN-93283039ac6c08cb,0362038f50febc46a92c40379e85ba865535855c7e863384aebd5358d556d1f4,2023-04-05,1
SYN-ca597490b633cdc7,03688ec91eaf4d8569ec00a450567f829e122b7a368ce6acc390c4685542d5ca,2023-04-05,2
SYN-ecdad6260ffc8e7a,0369aeafb7efe22cfa0fdf8290ee7ca3c2d53a54005b8c3f7ba60b1d365c3e9e,2023-07-19,1
SYN-eb6b01674ad099b8,03748d7daaf2bd87ca7202935269c3220f335d98bd0bc1bdce16c844f6e59a25,2023-10-01,2
SYN-255b5a12b0c0cbad,037aac19361b0d06e6e9e47ba81d8524ee2b4f19a65e93c2a7728b1ab162a70c,2023-10-01,2
SYN-992364fec4cc7d5d,038281b9c1466627192e0af455bd4fb84bf15fda5061c88702a1a8cb1e4697bc,2023-09-28,1
SYN-490d5b9863a61c1b,0383e0ace6436d5a2b23efc570e14508274a7896a4bcdddce50783e47cd3d00c,2023-09-28,2
SYN-755831055e15aabe,0384f1a2abd76923b5aba3c1614c6a3845f3b5dd585ca782ed537817f57e9db5,2023-09-28,2
SYN-8112a7131e575863,0389e2e5ce41e5886aa49084beec73660c0092cd8d54bedcb70ec65d00c63ede,2023-05-31,1
SYN-eed61bb4c52e3a41,03968a7930cc35ee91a55f06b42d6ddd716ee0f57547a0ed997e267f5cccafe3,2023-09-04,2
SYN-351d3f5f6037e313,03a5702d7cb6348c937e600e495e020885a44463eb869c7a6fb40e6bd187afa5,2023-09-04,2
SYN-9b20e0882dade828,03a57e049f4ff7d0ab791077026775e4ae12e213a437905f4918f3be43098371,2023-03-19,1
SYN-708558a2ea1cf8bc,03b9023f6752cfa45d1365e437fd07c9ac73a9c6f97d292814f66ef6309f9476,2023-03-19,2
SYN-598c81bd1fc93bd5,03b958999ff992a3d2090445cb81b54cdfd13d1b057cff7e6398a9fcf2c1ffe7,2023-03-19,1
SYN-5a4591a71c4dad5d,03cde6cebf0521a59472810ed9fb66c300c197a64c51f5473c99371e30280ef8,2023-11-24,2
SYN-bbb26995650e23e9,03d0011487606c37c1b1ed147fc72f285a50c05f00b9712e0fc3da400c864296,2023-11-24,2
SYN-ee76fd0d1a1f7bec,03d846993ebe0cef03c8fd8475a960ca78cff866e780556e8c6613ff3e3c0973,2023-11-24,2
SYN-848dd9abb367b1bb,03de367bf4b373ddf9963d3d7347a5dca4a2aa99df2065ba388be35fab0f1c99,2023-11-24,2
SYN-a6747fcbb54f9cb1,03dfeb591f1dee395aa5b498fcf8b12e3ffa72479f549a46a3e0ba55ebf8f9c6,2023-11-24,2
SYN-5fe2176533e4c502,03ee4315d16cd08e50efadf194a22d20f0ecb37c2ba8f2ee0c318f1741b5e6b0,2023-06-11,1
SYN-e35a0d01c48fd84a,03ef658609554eaefb7d558411f3db5da2fb951b930636e7286a715cc6c0943c,2023-06-11,1
SYN-d7ccca9cb598c105,03fe6234ee5446aacaf41c77be890197f5c40ab1c1419569ec0d16aa4a65bced,2023-04-01,2
SYN-53071a63eede32f7,03ff2c14c56358cfa899443fb55163bcac3cf67c2b5723d4628ba72b846f5f64,2023-01-23,2
SYN-7af3f07e9f8584d3,040127192a2fd9ac2a7cbf9dd4cf452eea91f230b55b607756efef01d7b793c9,2023-06-26,1
SYN-0b8dcb5666681f6c,04050a0433c9050f619b3b54ac4b63c14a2d8b5afe121e63f04cfa739eb7eac7,2023-06-26,2
SYN-ebd1cc4c1ef917cb,040a73aad40b8a90b8c01d97ffc8594b30a619c7e15afaa51c926c51ff035d89,2023-06-26,2
SYN-74f42d7a2abb6714,0411ec52310f2e471a5daaaaaf03a9e7ef52cbb6a3e5d85bf0bd8c9f6428e144,2023-03-29,2
SYN-d028011781eac6bb,041945bc40e9eb39961b31ace67a72330407123def487ed680267dcd6a4f96a9,2023-03-29,2
SYN-a5e0988390e3c417,041b31a7f12c6ccde9c1f2d9e8fd5cb960cdddffe289b443bb4326a47e506a51,2023-03-29,2
SYN-c01ffbbf3707ebb8,041f6c7b3be2bd8e8f34a007fee89e4db4e5844c5a0271f4ea148c5aa00492de,2023-03-16,2
SYN-2e4a770632314c32,042737c01c7d42acb84b5fdc26779883a694fb8ec782aa0119e6cef404930f8a,2023-07-24,2
SYN-e561c6e280a8c507,044cf4faf79854a300e1203a5f4dbcd03585da1b194d0b0fba4ca13bd0661765,2023-07-24,2
SYN-b51be8c3729faf11,0456515f18cdd341dbb0077191bcd67e9e7738d81ed4f9412f634f2ffa84b70b,2023-09-06,2
SYN-185f3a00ba081c3d,04573d1d88236664b9c68bd2e4e163467b53bea966bbd415edc4148ce72b9639,2023-09-06,2
SYN-be3ce5f21d523554,0459981eff33731efeb58b5e818557fa32ea3fc1665746c596b8ebd5f00ac51a,2023-08-17,1
SYN-29fb99b5aa2b3f5b,045c56f8b4fe091482792a6c8211dd32a31d10a4463abcfaf8d0aac167eff58b,2023-05-05,2
SYN-ed4893697fbfc53a,045d404289b03c469c2932100c2855bdaec86be5c7dbfb121702698804f6cdb2,2023-06-07,1
SYN-1f3f3d327979d8c2,045f7ea13a544cff39bcff4b296602f6beccc24d02f472f2dffc1fe1859252b1,2023-06-07,1
SYN-2033cf529904f8d2,0465ce750bdf4e7cd4c685e399eabfdf97be36287d77dd4b01058ae0daef742b,2023-06-07,2
SYN-b13f3f4f7aeb20b4,046af07c0aaed65fd3934cd9056592fd314360c7f30d2308726e8dbda472d138,2023-06-07,1
SYN-155e061b590ec8ff,046d18ede21914c134c22206bda0e043526e24e5e54a29c1f7eeebaa2c62c1cf,2023-08-13,1
SYN-877fd3e78d0657c8,048229b9d8af173feb062c4d5dc106cc2b70c98afd3cda2a88c30c5b95e16482,2023-08-13,1
SYN-7623a45be40ee2b2,048253dbbc77680407dd3978e530d50d417f89d2393a77da5179b79b127b629a,2023-12-17,1
SYN-059066c4586678cd,048905017311f78c8cc673ac04dc1b90256daa24b859634133ad8fdf84976a08,2023-12-17,2
SYN-ddbbc0506fd96352,04901bc197bed482adcf7245ec330c77adb61fc11c63815cb9cdbd24075e7262,2023-04-15,1
SYN-3b343b0a87667a89,0491c53266f9cbbebf462916afa25c791ee4b84bb9463316e95721f08e7e381d,2023-04-15,1
SYN-f541db7de5fb4d2a,04951f9573963f9ec689ab583f26ef7fe11bf5a1be15217e8db3b2357ab2b83e,2023-04-15,2
SYN-fc2eb975f52a88ec,049ffd6e9bfebb73ed9549b0520903ad6b705971ec0f471dfc1837e0514b7efa,2023-04-15,2
SYN-af1ec5857097a88d,04a0ffb95fa578a3859837b5dd4f0582213e8787bb16143dc732f73825097d0c,2023-04-15,2
SYN-9ed6244bf10f9ec9,04a182e9bc4d4e0c54cf6fc8d4ba9a0e2186de746c8326c76fce5029a19bfbc2,2023-04-15,2
SYN-35bffb70f49632a0,04ab1bca7705be163a7491ab834ed425c982263f2d8c1862b119f6d25f6f0e42,2023-09-02,2
SYN-210d443768c8727f,04b6034da22ee8cefcd1b73d337f247b9eebfb84668fa76b1ccb96f22c8075fe,2023-01-31,2
SYN-3a54e0940adc8f6b,04bfc8aae1af70063b52bab84e7cb137f0e13c53620a582e0106de6dd13518f6,2023-01-31,1
SYN-8a410bfb0a6de9e9,04c59dcc2794b24848199096a6af850e2c0289dad229f7674d29070364d7b19c,2023-01-31,1
SYN-bcba12c7ecefc853,04c73e4d85b62091a140665b6d38d4bb2cbe2c87863bb624267709cc4240027d,2023-01-31,2
SYN-fd1a155bd3fb50fe,04c930b22ccc2f8af6d416f599de070026fe04075b7a7c9f70c9020af60a57b7,2023-07-25,2
SYN-5535c7f50f92818f,04c987267a952ecf592f6132580148d74eb4dc25093d009f69c87615b552e88f,2023-07-25,1
SYN-bdc1bcaa07d88e58,04cec5f3914316cc2ce4aff187970efa720436aeca0219bc97a95f7650965ad3,2023-11-30,2
SYN-d39642b9c9f9db9b,04d058c96d7465609222c9179e2a52c173d47f946b257c9c8f0e77287932237a,2023-11-30,2
SYN-60a62d36d6e77b55,04d68a562184e2861f3e6c7caee2ffa8c34db703befeb6f65b95c40b34a130b6,2023-11-30,2
SYN-63dd41fc9208f112,04db9585ba4e6c6bd7ab2f633736fc68035ff1001fedc075d7f22baf62c44098,2023-03-15,2
SYN-9207711d42141dae,04df353b100c1cccb51675f94a6f67d55c4e7b993bdf625f68ff8416a5f83666,2023-02-01,1
SYN-ccac2b6b3a7fbb75,04e35c9d410122fe8c05d0a3665761b06cf2d7515229654b4a8156880e66ee1f,2023-10-08,1
SYN-e93cadaacc94f5a2,04e388b0762779011c9defba3e5f1fd9309872fe95e670e57dd4bd2073e00b1a,2023-10-08,1
SYN-250a49b426bfb6d5,04e758af6db374c73132772117b0e0738d7aa22e7c27c38dfca4216fa90448ae,2023-10-08,1
SYN-310c10c313a87030,04f1b6911724ac43ea818b95ca8ed6b604ffecfe19d8a8abdb7dc5e5b2168042,2023-08-13,2
SYN-be7ad882a74eda83,04f38557c7c3ec144a7f5e46a9e55526b2537311b2928d4adf5ea3dccc84310f,2023-04-14,1
SYN-d8583128d8ba99da,04f4e99383e71a1f72cd6d7c87ef771631e0dfd2998217de0273266cbc081f8c,2023-04-20,1
SYN-40e13ead4ded8351,04f8d3164273444b81731e044b1227ccb4d6430c4d8f6e5bb6f44f845178df40,2023-05-08,2
SYN-d15047b4b59c0a73,05045a3934ec16ae1549c3f2309803963cf649ece8e102f56b4c22557fe48bad,2023-05-08,2
SYN-5df6e618cf4f36c2,050831bf6599221c91badaeca6807cc6544ac5d80ad8f363ac4770d6107fea15,2023-05-08,1
SYN-e5bbc92c5165cced,05093b8ac9f0d7654940a04b2a889ef65ddc94d0905bf9f64b419470a9e07e2c,2023-05-08,2
SYN-c176b0d341ee2c41,050a5f2898704098dfda90546654997ed9170cb1f59cf4853edac92f7246d4b3,2023-05-08,1
SYN-83bedb7f506e2d58,050b855d1f68bfcb226bb55f40fb55faa56575420883f7e0d8c35cb1f0c67598,2023-04-04,1
SYN-af39ad1988397aaf,050dd417f7641f9292195218a76a1e8c200c2ef821974909d909ed2bb0851a78,2023-04-04,2
SYN-9094f4d3e3528d88,0513c5f8b629a1082b33237565c9ac64028ccac08c6fdd0f6ccfc5343b3e524f,2023-04-04,2
SYN-8e48c01908f485f1,0516a71d30b5a85c446f439818a927a9af534b6df5e12ab080e0fd41787bd81a,2023-04-04,2
SYN-fc9a1fd96b560fb6,05177323caf4471a99441c6dc6a23f7ca314913e8cda96bf9b90ef80757e4053,2023-04-04,2
SYN-29488f4d70b7848d,052ed4e484443d43d100dc9d071c02d5d0199849d37c3d8a3c5b60d205a238b5,2023-04-04,2
SYN-e10100e9d8cafb48,05303bc82456654fc660a726992ea85ea3609d89588ce09e7266bd785e1d9536,2023-04-04,2
SYN-4aeae1ee613ae461,053070ffd27651239c41ad9011888e0b7d9fc0892de672a5f6279998198595bb,2023-04-04,1
SYN-83dd02525d7289ad,0538ad5c28a869b730aedb71620d2c4044c2b2ae1680f1a53cf47e4db9a7a35f,2023-04-04,1
SYN-236228da980950c0,05396049fe558c46bfa9bd60185a713742cf5df554cceaa7a70a91c8faf5ee40,2023-04-04,2
SYN-ab0ae799203e746f,053d5b867154328292c3540f980a25732cecf70484a1487e0d1cf74a57154d60,2023-04-04,2
SYN-d386d7a1e54f9f3c,053f62a4e3a51d19a6156595d98930ca666e64ec01792e889618172fe4f2f5c5,2023-04-04,2
SYN-69542e7c698e427c,054508e8f2a59a4b43901b76e14e5433a6d788d589da3fef2d59585dfa37ea5c,2023-02-24,2
SYN-c502778f7db3f563,0546426ec65aab6cbf720fbea95b03d0e1d77ef95e260fa1aeb044f381a390a2,2023-03-08,1
SYN-3177645e5774a707,054d2fdf39fafc6d65ca3eb34e806de6fd795c621670ce5e4337f0cb60ec7574,2023-03-08,2
SYN-c3fcee7a2cab8c56,0555f0db4a2694a62c7842440ca57a8e77812be9723c9b769ed0270a13dd6639,2023-12-27,2
SYN-2e123f19820ebe26,05701e4bc2f83b8ebd680fc7984978a46d961a2eb4532ec4ae62561d8f4fdd12,2023-12-27,2
SYN-01a94d2983d8cb17,0572900f29ae47661f747295f52e6eaa274ef1ce124e319309c702924a195855,2023-12-27,2
SYN-b63c41ca277ddebd,0572ee4d4c148508a6a40bbb3349a8e6ca285097f3843e78e2395438fc19e304,2023-05-12,2
SYN-e68fb0d6a4a43e6f,05756b93acb8fc226348c8e56375411205fd98ec189f65d918596b0011599d12,2023-05-12,1
SYN-6b1d55b9e0c44f9b,05782ffcc182ffb964a509a471ee62e4ba5fd7eb857524a3539fa74bd79e168c,2023-11-19,2
SYN-5bd559d9419964fd,057e275b214b3d97a8caa75a3b802bf2ffda4d490189a1b4271a7a38658556e3,2023-04-09,2
SYN-f065ca169da0e8a7,05887aca6a1742c97497dded62e474cc10b5c5d783eaffa4663e364e72a99d6e,2023-04-09,1
SYN-0bfa028162334dce,0592e247fc4388fe73eaacb8d8577e5d817b4b0c7e679cb9b5693d34744cdc88,2023-04-09,2
SYN-06d7c1a7691e7892,05943a58bd172641b80919a9bdf14012df940800bc74d0707abdd38efc1dd4f1,2023-06-15,2
SYN-b5c277a4dd254a6d,059d4230aeb70d519fb5e5e5ec8f5efc6c3eaad65b06af8810c7fb6be64e20ab,2023-01-25,2
SYN-906f2d06568bfe88,059f53ef25339055a6a6364ce3d515a70dfe2f8bc9e5c52c5e4ed5dc120f52b6,2023-10-18,1
SYN-38cc3aba8da6fd6b,05a1943019cd09350d46e7a622035ebe6c14932853c34d208e5072b26551f844,2023-10-18,1
SYN-40e01b52b8063403,05a7a0a0a5dd9e5939fd0519ef0d04987dc3c5fcfe9b35b6f9288032216bf149,2023-10-18,2
SYN-cc19504096cf913f,05a7beb1c0c6615415a2817654bc29c6a37f7e004bb20fa055c53bd0e3e739c9,2023-05-29,2
SYN-3490594b872d704c,05a8336c5933f30f5b95748310d48ba84ce7a4230b0c9e7fd961050a36263e4a,2023-08-22,2
SYN-a0dc1967c40bb061,05a91531c0e677848850db0ab5c87bd36d89eeeacf545e7a3ae638d9c66f1036,2023-08-22,1
SYN-9005af0cd667e11c,05b9ba6366c38626f56370aabbeb19ac1364270113d07b64bb77ddbbebee8e46,2023-08-22,2
SYN-5934a9b642b02e1b,05ceb6e3406f1bd3e71b00d48156083bb2e9faae0c313a1c72b0465280c3a89b,2023-08-22,1
SYN-490309affa12ec4e,05d0c63e8a3ff46f9519e38f1af70007d474650975ef40f002a4c060a99b530d,2023-08-22,2
SYN-d9b856fee579f85a,05da4959e37b89f92911a98e4b5a94be73a77e6d64a19440b96b05c754da115b,2023-09-17,1
SYN-f307c865a4683a2f,05da6b40ab1e2cd6bc378c4264b315839536810259cb0593c2d83c2aa3cd927b,2023-09-17,1
SYN-55d21c8834709857,05df6a37552e8b59cdba6d58ece5ba5fd47996537a5de3013d500f7fe329ac0f,2023-09-17,1
SYN-5ff38fb7159ea8d8,05e30fb94e3d1dd053bd4348e212e9627b08d70d6aed22da0b0a33feb774b9c5,2023-10-19,1
SYN-606b998373affe2c,05e35a643c337f1b2c64be601d6e7c9ce2a1b8b1f6335fc23df48a0efbb9bc9b,2023-09-04,2
SYN-fcdbdd236f57360b,05e6e5e62ed69b24c6a59b242fe896ea8c28b66892537b4772560cde21c33621,2023-09-04,2
SYN-6e2fc0a0d3071f57,05ebd2d8d8d7d9ad68c320946d26b8450757d63debd161a7610ff1a71a7811ad,2023-11-18,1
SYN-f47b84952b00490c,05ed96931b707698bc94aa53766d44686ae5ccbbc99dfbda8694ae811c54f28f,2023-11-18,2
SYN-698c686e2bbe8797,05ee01004df5c76b1b4a1934338550468db65481f8fd5f2fcefffba1c8895ef3,2023-11-18,2
SYN-380fcc0f696ff4bf,05f35811e2c938b8d3a68e0d1ac0e645495a1fcd080df56168bf978da998120c,2023-11-18,2
SYN-8d9dce9168ab1be9,05f5af4437574ef86276bfd84a971c3e079ea3e39fecbb621269ca1b6a2163bd,2023-05-11,1
SYN-7444f96ca6bf0ee5,05f65801b9a2d28a50a877492c2d72cafd561356e059ee3140c805c25b0744d0,2023-12-22,2
SYN-1e66b7fbcc5fa7f5,05f79b715286a38a82825b8a74dea7abcc310fb55f37a8884649faa7b3b0ac1a,2023-12-22,1
SYN-e200926aa827a468,05f86f4705e1fe94cc0fed558f895c3f2d445f442d2be85bcf6e78a338d2120e,2023-04-18,2
SYN-737088b6fdaa9c6b,05f937db5c00677fc33678764f4540b9f0083e12e5d5173a703304cbb0bb3aad,2023-01-07,2
SYN-4c586899b5ef1e20,05fe202523b17a506a488f1e18626966a2fb555b3adbfb99b855f332f763b639,2023-01-07,1
SYN-c00d0ae2ffb714c5,06026ccc112fe63e199a24d3b7cc84e00be80976ed97d67dcae15609d38f18f0,2023-01-07,2
SYN-ee7280a99bba39bb,0606a7a5b80f255a51949705cca67c5f3def1c829f259844706b21e2ec57a4ad,2023-11-14,1
SYN-eb068992a18f9e41,060d78b341030443d77fec31f6f6f8f13e90e5afeea364c11c502512e11c5976,2023-05-27,2
SYN-d5a965c03c1c1d41,060e2fa2c569470ee7ab899da63363a3c58b6fc5ee66bbd11735d08242843519,2023-10-12,1
SYN-e5013fa940d67e37,060fc98ff9981014e28ca0c69b895f3bbd0d1f4289decfd3e97de77c816e24b3,2023-10-12,2
SYN-a96bf58d7cf5e56d,06103a5395f5579e9161899412dd594e2f3c652e0a34d30867e9906d9a2338e5,2023-10-12,1
SYN-2ccc9e8f4885ab8b,06120fcda68e9342fe15c63bc4274c7f9619cba3bd81159d27264c9e7c2c1569,2023-01-20,2
SYN-f5e44ab118c7d092,061b92cb322c21e71ab1d306b0664711282b2d032ac0377b8b2d5f9d19d1112e,2023-01-20,1
SYN-af7ce23e4d8d568d,0628992ba2d4d5bc7d9b77a7a90faab4b9a8c0e89fd3a87165e435db4c3cfb73,2023-01-20,2
SYN-dbabf15ca9628b3c,062d2a66f22d7e181d2f52c7b0961b9312e08bf79c84dfbea709f534c1e43256,2023-01-20,2
SYN-9da17ffcd6c0af7f,0630f75a9aa78db222078536afe22e1d9f64a680fa54064bd441636128ce9fb1,2023-01-20,2
SYN-c409491360eb6728,063b18b8887447b6bf21b56496069f014f81cfbe281b55dcaf54d1bdd089332b,2023-01-20,2
SYN-c9b1dac3fe034671,064572b446291bafc959464ee5be8bbc32da4fd9db78dc560a26ede84dd991ab,2023-01-20,2
SYN-a5d65b43a31e3e5f,064a8c79971885da7851008e94976457854d4477e7de86ad48ba24d08e3b7e95,2023-02-09,2
SYN-045b6eb836ad50ad,064ba6cc4379c26fbaecc9904d91894abaafb6edd614bcbbb125f70ed3b28aed,2023-12-31,2
SYN-675a18bff149ea49,0650eda21cf16849eecf9773903eefe47a80e9b46ab0ade58330a99f6cee7051,2023-06-03,2
SYN-97eb73f085793bba,06512ae37ead832d8aeb97ad3e16e7368974108548f1a7580f4b2af230f7dc2e,2023-02-26,2
SYN-f998badd0cf9efb6,06523f95f192ddce301b8df183aca51e1f7faddf7e71b85268dc320fdf346b3c,2023-02-26,1
SYN-1f5caa3b84dcdfef,0653814d364bd9ce37fef7244eef50fca9bf3ce32fee277d7dd1447a2efe62a3,2023-02-26,1
SYN-861970a1fa9723ef,06622cd3c0651f9046c91e4b7ffb15b113ae6d192214ecf4515d590dec49ef19,2023-07-09,2
SYN-f572c948c3c43113,066271fd8db2d4ee4b3d50e4af6613d4aed558075b5d6a41cbf85d3f3631e4fd,2023-07-09,2
SYN-6eee2133dca33a17,06636eaa476a2f3417e8d11905e17a8066b4c9ae26bc785eb8a55e0b8ba29d9e,2023-07-09,2
SYN-c0aca000f74671ed,066520e166dd66c1a6b321a4cdec271b31c632bcac2bb8f473401084587048aa,2023-07-09,1
SYN-706dc133c9e6547e,06669edcabbe80a916869d5906a0018890101d2639e9afc3b82d5a090a8374a7,2023-04-01,1
SYN-6b2d703e5d4d05e0,0667219847ad2c164e5a8939746cc57c3ac86a747a57522f63e1f9ae8f06c4c5,2023-07-06,2
SYN-2183a953a4811ca6,066a09310c10ff9f58bb92ccdeec4500922ffa2825e3bc0617533be7297aae95,2023-07-06,2
SYN-104bc3169294a3a5,066ddc1279a08de3644a79e1f3c17409dc0e44e147ed9a02b68d444a5fb6f28b,2023-07-06,1
SYN-3c1cca73be469123,06756e39fcf7b51b98cd087e765de8e501c8c19f36993352143e9376fe965c7a,2023-07-06,2
SYN-88b9ab4f62eb7b7f,0677cf7eee496ab731e9ea2177098872167ccef3b4b27b05034588c1057fea0c,2023-07-06,2
SYN-6c1cb7be4a0b45c2,068478b2db4117236accc0e54a28ac16da45e675958637e07aee82c6a45deef9,2023-07-06,1
SYN-a32bd6c55c53f918,06878ff9b50fa7b950cb6f592d9d9369f1adc61ca6f62408aded14911cc91556,2023-07-06,2
SYN-583b20f918ffa382,0687a31cba8dfc76804de69388f9e861dab534abdcf60d4c80df5dfc1265a761,2023-07-06,1
SYN-8357fbdac2b489c9,06884807549bd7463a0f21e97beacbd0bd28c01dfde80d5baa154498b0e46b2f,2023-07-06,2
SYN-8430ecef10a44d44,068d3bd97dd78ba267e2adbfe7c508723c33479b57f5c4978e25b8eee9087b09,2023-07-06,2
SYN-3d0f1a1a73aeb032,069784a67fe0e349f9f41ae1860c59144ebc22b8378e6df1fe482350e8151bf4,2023-07-06,1
SYN-7d80243780f62120,0697bd5f91761d44be301ec35eb1cbb45147dd351a5855646b6c977dfc763701,2023-07-06,2
SYN-3a5935119b302d88,06a0e3f166ef3552b1af3a05d379487793d820d64015843e3d2dd6f7c7144eca,2023-11-22,2
SYN-0cba48556f54c466,06a22599668b2dce074dfd55d8e698b8497f0eb1411bb707d9d56b490941acdf,2023-11-22,2
SYN-c393982e6f5c7ce9,06a2e63d0363dcbd83c0e4f800727805f2881f53b4f024cd36648ed6e6a2b787,2023-11-22,1
SYN-0e414360b53862f2,06a4d8c65cfca70f76dd38694dafefbd9060db66f73f785688b4eba289acc25f,2023-04-16,2
SYN-8dc45a6362a0f578,06a694fd5ee390a7cbfc3d5489a6912210ccc08bd4b497125fc475dfeaff95ee,2023-04-16,2
SYN-8f0e67dd15df3197,06a96249a615d867a44e26bbf5af973205114541f7f6bfecfbe0e8beb57adad3,2023-04-16,2
SYN-d0471e88b29fbfc3,06ad273507e4deabcac84fa1188f0087b35fd2540e4fb81e3bf2d97f6afbdd6e,2023-04-16,2
SYN-ea636021651f859c,06aeab63a26b9e1a247765a9005cfa48e3dd2c7326ea193cbdcb32ddcda18e98,2023-02-13,2
SYN-8a916d385ff03ddd,06ba62adf5f36b4b425e531eccd98ec5b47e58419455b495467d0d1767aba7d5,2023-02-13,2
SYN-aa1e02e986378f18,06bb67b780840ca01a98558e414d50f643d7870b9c78c0f5e82674a9db500e88,2023-10-20,2
SYN-94640b554398c74a,06bccb6e53b19c40d289a2205609cad8e0fc6968a42e12744a48851fde264b74,2023-03-21,1
SYN-7db902042c91be0a,06c0b23ea803a6a015614b23fc7c0f1b8da532e1cc909855d09f35b949497e25,2023-03-21,1
SYN-7541f932e2b19694,06c66597ccc64cab40524ae46c91b115c02f1dbdcf94facca74a73357ec6fded,2023-03-11,2
SYN-aa8d023ee2ec1dd9,06c808c096c4aeb130baf4853090b663d74dcd1a0c2862a7918d7060dd9bf171,2023-09-21,1
SYN-65d7eacfc8e1fa12,06cdc720260b9fbd6e17bd98ef1665509abc749417e0c1df7147be9d92414485,2023-01-04,2
SYN-7eee6c37d33ed166,06d0f0778113fab0825c1e416ff1b23d287fdc15a0c659b32e7d8e8f6538c81c,2023-09-11,2
SYN-b1f6add6a08b6964,06d23b72cac134851a761473b40c881c300814981b6b0a3c4692ddf5a93f2a48,2023-09-11,2
SYN-3374aef5ce5c054b,06d4c6a3e8821c13a31458f767dba075baf47276956dd2e4efc75104ba369b3d,2023-09-11,1
SYN-d90cec50cdff0b61,06d4f1bfd3899633b7d1882b5925f6d76ecbe7f8b4d60cb56a6f50a88cbbfa56,2023-09-11,2
SYN-b7ff4cf40667d2c5,06d8066ba9e1f65788f1b8272a831763810c3e20e3b97537c3ece0bb570cf498,2023-10-31,2
SYN-648aefb9636bfd32,06d9d9fe13c5220017d863d2e766125c1fa714b040408fc17b355401c8e7464c,2023-10-31,2
SYN-ef74cc69f48a84e5,06dae22a5270ec8e7a3886cd061e0020af92da699a1abc694c0212a378c2345c,2023-10-31,2
SYN-c592fd084033e059,06e049f19c81c205a1c250a7297c4faf2d6c93405d7ce74f8949d97daeee1747,2023-09-11,2
SYN-f1e255f77e03f912,06e0e78fc07ac4c4bea2a9cd32916be469c943cc2f63bafbee2e1b208826288a,2023-09-11,1
SYN-684ae9d6e5f8a3dd,06e0f188d6fe45d906d36136f478a34507e488c38871943b4f1a5941ab2282f6,2023-09-11,1
SYN-b70329df5e2ba072,06e46521af87a1ad517ec9ccb6f0c41f2ee943bd184a9a44fbd336ee437eabe9,2023-09-11,2
SYN-5d6e2b58cbca6160,06e54dc0d0eb7dbef07aa2189025b260f2346fbe23445fe0f91cf2eb1a038b04,2023-09-11,2
SYN-ab4c76c3f97b9779,06e9ec429ec619811b8359e4847ceed2855aaeacbd592ecd23e63c718c734efc,2023-09-11,1
SYN-3da15cc54ce24658,06eea4dee9a569476f757578611823e18e8155db2f6678fd2215c2670f528ea7,2023-07-18,1
SYN-a7242d02ddeb7a06,06ef1f31c305cad2b841434c8ad55519f5da7271f823acbbcb80f364e0697031,2023-07-18,2
SYN-f32b41c90144ad44,06f7a798e75c326db63e92ea39f0dc624dbdab0ff4fe9fe5b5e72b1129ead3a1,2023-07-18,2
SYN-0b75041cb15dbaf7,06f9c19e99e5f3f41eabe6ae2bf2dbdf42cf7e593e6050f9e9010c068d3694a5,2023-07-18,1
SYN-30deabdba01b531c,06fb540d721f33154ff93ae30a699ec6e362c8a1e3ef62f7c646de054bcfdc62,2023-07-18,2
SYN-70039458e26958bf,0704c8a4f3eeacd44e45860154f89675081df548731b6c2d92c50a9c329b7ea9,2023-07-18,1
SYN-a7deb4aea1fefa85,0705120bd88f2306e1c639a8020381f51ff2ff4c350422387b7fe6e8208cce49,2023-07-18,2
SYN-88c3cdbad0c08b8b,070c342de0013001f7fbbfe55e8cbaef64f25fb0b89a13a998f4b840b09a4513,2023-07-18,2
SYN-549d303397d561ea,071165afea48d0755e4375dade2ab169088582d92a92a766d66e93059455cb55,2023-07-18,2
SYN-db9ba23a8833ea7b,071a8ab25ecacadd228005e73df60319a4411f3e0e0c5253927eab1175632240,2023-07-18,1
SYN-f2f49429fb8d05bf,07202fbc655746d9ee39542cffd05530593e9244e5953573ece5d0bfab91dec0,2023-12-31,2
SYN-848cab1d41abf789,0726d89b68b0d42fa68f0dcea1b27cd1622e9302c0e4393c37f4f76a53261be7,2023-12-31,2
SYN-1fe5f8ed7ca6c82e,072986c67cd22d9680516a1c7730f4b77e1e6b763983d89420f1b1a443f0b51b,2023-12-31,2
SYN-f64b9b9380ad70e4,072ae18f5b550ece39aa698a31482714022b14321088ec8d8351eadc8e65d161,2023-06-26,2
SYN-579eb534bea9b869,072d11a8c0a1e6d0ffc96768bbaa50f6f52e01c97c1ebfc403929c9b4c96c47c,2023-09-17,2
SYN-132b636ee3c92489,072e3a0651c0d583fe10a98c4971e1b7eed73a7fa5bd220aeb7644b17357e77b,2023-12-14,2
SYN-f1611c1a08ed635c,07388dd970e2aa92931568efd626f62a8ed64176eebcddc75f3e91b38c693072,2023-12-14,2
SYN-83b55398809b2375,0742624c8bfcd1a62937aeef3ba7658a17afaf292a18009a88146de34ce44e2a,2023-12-14,2
SYN-6d045c2ef38e5f8b,0745af85843f2d07371af344bcf8f6f8dab677cffb462b311a06647fd1a82868,2023-06-15,2
SYN-076a1e652c391e9d,0746288c301174614077393a9d18ebf34bab43ae138c517d58613e0c58141697,2023-06-15,2
SYN-c66282cf7e6fda00,07473f0634e042b65c50eac015fed47b266030a2c06aeff44820608d9c97c97a,2023-09-13,1
SYN-4fd1b842b2d04e48,074d84350aa83aceda0ebabb9ac152322a044ed47bca9fade890022f6d623652,2023-09-13,2
SYN-566041d7fdea8028,075392907b0da2799475ecb51220af65cba10ebc08a7c684f9854d872cc1039c,2023-09-13,2
SYN-f75704e7b6b9709a,0754e4e1f70a168a16f7c9a891a145e8e886a510a853819818adba212ff3c0e2,2023-09-13,2
SYN-6871e88b1e076fd7,0755f30a2c22a8a10c3453757f69f502e221e817181c8179153f86fb75cd183e,2023-11-23,1
SYN-d68d3c44f7a45f89,075d79c4deb4475d43013b2e93024bcc8c94d6722cdc4e07a4d733dcdadba602,2023-08-29,2
SYN-7e0bbdef622bf181,076b026248d74d6924c59fdefcd39dba5d564c89afb5942494be06aa4747f7d0,2023-08-29,2
SYN-17c42ff677f8c1a7,076b49550052cfd4f2c9a6ed36a8570e9a582f0f153cfc33196260546faa9aef,2023-01-17,2
SYN-4d72284acde0b0bb,077641946a092614f6da9c0ab14ce034907c4e168bd73ae680f423a11c20bf71,2023-01-17,2
SYN-f6968aa423fb79ee,077dcc7ef4f4109d94985279a8b1b5c25185f73c715601ab4bfa42f32d3e604b,2023-01-17,2
SYN-7bebf57b6f50b2e4,07844c2a58fc152059c02c62f90cec8097c4902366968ad0cea957062252e758,2023-12-23,2
SYN-94d524163aa0d84b,078648859880c0ffba35db05345b21d3ff36e3087d50b85610d02757b5d5474e,2023-02-20,1
SYN-e41477ff57256349,078ca6ccc1f3f908e86b62d22b6de750522a013b34bdd12223e1fedd09434a60,2023-09-19,2
SYN-07bee4a4a1f358eb,0795fc42338517a83dea1ed1357b8bd91291b9136bc7f840faa5644c5f7066e1,2023-09-19,1
SYN-9e8efcffe4d31b37,079b09fd4405d8d75a27df355b8b7348f57f67a08aaa09fc0f0dd9ce7e9ebe72,2023-09-19,2
SYN-8f5d2206795d818e,079c38248c367a944168a9a11060ab70313af72be0a3b1dc07708d9890f7cf35,2023-04-06,2
SYN-93db56a403b595a5,07a3556c7311149bb2cfdefa2635036330cbfdb3e24a1f94a56aa91bd0e973b1,2023-11-23,1
SYN-0afe41594ee3ec3b,07a420b50098f077205a5d56780dd0d946034362b00198f7e5b5114876c29151,2023-02-27,1
SYN-6986b9924435444b,07a55454c1c21b932c594eb7ca3ca52ae208cbbcc1552c1313561a5503540d32,2023-02-27,2
SYN-be59ef8bc8ee847a,07a9d3c60bc25241f171c0bfd633650a50a8cb7f10abb0c20de192e9a0c23e8c,2023-02-27,2
SYN-47e044d6dba72076,07aa44af214e0ca41dcef6288d48937e5350bf2d12ff9c414300e809d9dfab55,2023-02-27,2
SYN-9a3310a2c9ef0d50,07afe4c35cb1562b75601a6e8af91e8b766ed4cad0c2dd4b062c1caf44367661,2023-02-27,2
SYN-30006b7d587cd6eb,07b0cc76dc921f034a98236199f1ca6a10c4aa3efa8d25c9c30d440e59757754,2023-02-27,1
SYN-1b74d205f333ae39,07b70d0b240f925d5f90a20157f4865f92561cca66a92bfdb7f660905d082d0c,2023-03-08,2
SYN-23332d6f206f3517,07b9c65c7f3f1b709c9163bcecf62ac438a5ab5e9b6e13214667e7229bc4294a,2023-03-08,1
SYN-e99939aabd11e7d9,07bb7488546134d6c8052abc5be4e043beb054df67fca03d77729b48e7d440f2,2023-03-08,1
SYN-9cf4d30a0679ad48,07bd8439285bb4e42995bb50788986ef067d1ba45cf0a814cfcfcab1c351edfa,2023-03-08,2
SYN-131613b41bb648af,07be48a81c7291a5d4b2e9ab324224480ee7a555ed83e6c0253d871457767ac1,2023-03-08,1
SYN-c17c0b07fede553e,07c16b83f1961d3f0661fe947f6c58316951f85c84848eb7f73dd87709b8514d,2023-03-08,2
SYN-aa37ab80a007de0e,07c733274404b97bf695caa521c575339a6eef46b16555ecfc7469949934ec50,2023-08-12,2
SYN-737a2a01097af26f,07cd962a2d7ad389761fea7de5bed7d0493c683e9eb1d1768163fb6a093b10d0,2023-08-12,1
SYN-348d9c4d1518f191,07d3098b6543b6d5292f13401a9759476b2d5c09197d040f24ecce3a9a0039e9,2023-08-12,2
SYN-fa2007f8c4812f23,07dc2898071eb2fc6c9a8d384be7ae2e5eccea5ffe90a140979aa996ddda9ff4,2023-08-12,2
SYN-960206e87ca9b34c,07de281f79ccef76eed7c882ed5eff5573b3b7f3092b17b4dafecd6e4d8c78e8,2023-08-06,1
SYN-c2d7c9f49ac27c84,07e65582f41b8690d166b997363bd2aca1d741016513f769bd6b444da21e850f,2023-08-06,2
SYN-74a062f9c49848f7,07e738ac7c3b74b321ea9c801495178e094909388d9ad408bb954808766c8c67,2023-08-06,2
SYN-5f72ee9b5e2df329,07eac8de6afe57b99fdfec938367eec000c2dd5bfc31f42cd824099b2f561659,2023-08-06,2
SYN-088432f78ec21767,07efa8f3d4fef8b5961409a08c626a8424fb98988b65b0de3507d7d09d55d3f7,2023-08-06,2
SYN-11d85e44565a2491,07f0bbbfa712cfb08f256130e634a939350c94d7387f7c8f10eb5b82d288923f,2023-08-06,2
SYN-6e1ede3e014b9f60,07f55174f0d632f1d95182e02f2807d38b506ccac85417aa6bd9ac5f59448bad,2023-04-01,2
SYN-0f40bf546a327b92,07f89bccc9542a6e05765b0ff84908bde0d82ee9d89031fb92a678ee9ed2f187,2023-04-01,2
SYN-8bd34018a4be3de6,07f8e5811a00847a10a1d0b68ddaece75458d9b6fd646becd9cf109f233abd5c,2023-04-01,2
SYN-a2cb4e5855fe0703,07f9c831ac42a1413430969c4dc2f2de4cf8d9b8b7cc411c375209830e739ab0,2023-04-01,2
SYN-2f99079fccd12e5a,07f9e3f9980a7ec385534e9c111245aef5056d87d82d9cbcae3d977c6021e34d,2023-05-18,2
SYN-32f0e238755addfc,07fb19749cc987450d5f1565e9d8615d13f5270dab4e2284d5d548b2c00a9023,2023-07-15,1
SYN-dfe1380708257dfc,08065e7733fe8cc99aae252aca55b7e3fb222f3d736a0de1a19b9e268e95b95b,2023-07-15,2
SYN-40fd1711532de1dd,080756754aef493b2b36f592eae744f2b9787dc55b635b1bec9e4079b359e6e0,2023-11-16,2
SYN-fe50c794e0543a02,080fd685ffa6047b87beb2bc591d06fdcea563848ec2bdf10dee1094b0abf318,2023-11-16,2
SYN-0349ab875ac4cee8,0814a0dcfa6eca9f99093b85cbd6a039919577cb85e9f0a6ebfb6058939571c5,2023-11-16,1
SYN-e85da4f9a73dfa2d,0819e0d621453a0e2f88b8b7add1d54c9a7ca857a9ffd8beff84ea0e4f33626a,2023-11-16,2
SYN-9777c502dfce8492,081cf27104fa174700b55525654f551c21ea43b7f41c1d04a762e8e4b9e8a1a9,2023-11-16,1
SYN-3bcab593cb4a8141,08221b5c97f1802dde6eef8bd6b0d40b47ef07fc5e73763cbf384bfaef60dad0,2023-11-16,1
SYN-86cda255a257a33a,082be29fac9f2b1eaa0e70166436a83a507bb288a006049d1961d9923254494e,2023-11-16,1
SYN-2adab18f1a11a262,082caf669f6e20aa60548e8e781c96a7344483444ef29327676ca24440917623,2023-11-16,1
SYN-59e7d920f1e80117,082fa45b5ed4935d58b92bc9044e5a249772a740d9d2ccae83e9895b5dcbe453,2023-11-16,2
SYN-88b121ddfdc37f61,08365fb7b4480c801622c5e9c9cae8c25acbc08ccda71d581117c1cc69d9f5e7,2023-05-29,2
SYN-4d56f48ea91ff247,083d2acabfe880a55bc9a6f8a1ad89790adf8fe170c0c2a016b64f96324adbf2,2023-05-29,1
SYN-da3ccc8372ca8643,0840c0b6a0180c71291f562271d77c1a7bc0e06070afbb8ce87a41b0f93447e7,2023-05-29,2
SYN-2420d80b37da6aa3,0843d9fb6e4f3befa53ff3a8447b902b9f75bfa955a0f9ad8b9cd106d9dbd934,2023-05-29,1
SYN-0840fa521b5c7f08,0849f9bb66e8d4695a790cd2170068ab4e0ed74e44dd26095fa558e2473c6495,2023-05-29,2
SYN-b27de60b937c33b0,084cf84a3e0161a9249286b5a81f119cb8042dd183e06d46fad2cf27f4d6c1ca,2023-05-16,2
SYN-e293b003364b6a53,084ee6627aa6c8160796e6e842564b8cd8d5855e090b655ea0c1d04b80ff5c30,2023-04-18,2
SYN-baf743c47ca485cd,08519dc5924824ca78ad845bcb7f29b16c280885cb00f277b72e9847bb70b218,2023-04-18,2
SYN-089b5f6f071daf06,085b8cdf4101b203cb49898f3ef927cf8e9295192e574f1b6e2273dc7bfed6b6,2023-06-11,1
SYN-df560d969b15b9c9,085ce93ff6b41a755227746898ca5e3f3103f00e50bb5035f86d7400d427c8e5,2023-06-11,2
SYN-3db3bf2b0d4a9efc,0861afefda0a15fa68a30009cc089b0525840149642f403d10db64421d8478fd,2023-06-11,2
SYN-cce662b04b763b3c,0864c58e052b243273d2ab33df294f8e03e9299f84a925f88bb39aff84e39ee8,2023-01-11,2
SYN-726053d069785e41,08756b815d9428ec24e315296000e5eba42d62db83fd6079ac9415a33b832af2,2023-01-11,2
SYN-5469730acb48ad70,0875f7ebd30c39bd353aff589e4044a273fbb92bdd1eaefe01fc7f23c5a561d4,2023-10-25,2
SYN-d5023b98cb7e62af,0879ff001414c84ccf99281c05a532bd2ee3936b679488da0de88a61cb35c1d5,2023-10-25,2
SYN-75cd53254b272ee2,08806f5a332f72086ff97a1ad05008957797b83f5033b99728312b9cfaa34b8e,2023-09-01,2
SYN-f2910375d2f9e96f,08834cc37fb79321ba4c7adf643d452faa7d287694a048879ed5a616b76e318a,2023-09-01,2
SYN-806d728141c5b006,08886a73cfffd8e49e35b14b7857b5a8f298c7123fe09bb2f99ab5dd635c24c5,2023-09-01,2
SYN-ba14524b2848bf8f,088d6cefbf2f80cbd77073d31c1e1c16428dbee7c92a47c241c48acd87069e7d,2023-09-01,1
SYN-4782f3ba0028969d,088f83aa6a75012411a60f02a4a9193a2c77b07000423cead93d9a7eff3dd3a8,2023-09-01,1
SYN-fae362d0e3f4ec0f,0893ac2d03db752369de29889cc31adbd856952fd981c1c0fba18f236bdb1ed9,2023-07-20,2
SYN-3ec53f6d67599f9b,0893ad45841b8e6e4b2c9c67d6ac98e58c69cebcf219c4e2aedfacabd0b24783,2023-07-20,1
SYN-eb2d95c1decc4369,0897fb159ae1ddf01cf4321f36afbfb43b91d9aed1cfe04595039ceb361da3ce,2023-12-19,2
SYN-80775ff0bcc173f6,08a4461b39fc5a7679cf50aed6f8bb69cf8affeb686e0009d30c6296d86131b2,2023-12-19,2
SYN-f1051d2782907791,08a465ab1fc16b517543dc5bffda8f30344018408f28ca2a72b2b980547bf87b,2023-12-19,2
SYN-d3eac35871d2fe7c,08a68e694e8471bfea69afc29b7ef882b699317dbad18be57eb7c5d19a677242,2023-12-19,1
SYN-de3ff068331c0f45,08b3ba44169ddc27eb19753a9afd78ddcef298b0e421d38b296dff8fcf9b06f8,2023-12-19,2
SYN-eefa4c9ed1312915,08b803b33953910b012dcd5589a432b8d9c241c118da360908be04deacd79471,2023-12-18,2
SYN-1dbe38321ffeab84,08b842be94d96d6345d1063bb6f614b79bd891ac01dffbd410397a8ace50e6ed,2023-12-18,2
SYN-76eb86efe5054782,08be865f1bdc96e0d27d6ffb13fa30ab3da847aa7df914fa27a8a1ed11e51bd1,2023-12-18,1
SYN-a92fffa6e4719d74,08c2198f987453e8432c230af2260838ba369c980e7d0dcd563db86bc739f5d2,2023-12-18,2
SYN-0aac1ac7c0454acb,08c2ce979fad01b579c5a648c37d0bdf1164c1ba2c29a7dd901d99f563407b84,2023-12-18,2
SYN-0a8fc339df41f4a8,08cd4e749ffa2b091c3e77d1508fb5b46c6ef0ba5ca63970f0162d2917e997bf,2023-12-18,1
SYN-43406366a78b80bb,08d34196c0d3838ab70571dde8ed2e191b90fc5a492ecb06332f24b398c49034,2023-12-18,2
SYN-dafac3dc3882eee7,08d5c6f7f8b3583393e8551cf5443132468a0b482c38e6b26996172a722426cb,2023-12-02,1
SYN-659713d98a12c174,08d74a19d684a38b549007f9f0f37721781d1fe001a1ebf88e1286136787617e,2023-01-08,2
SYN-f740da63814bb3a4,08d9e901566cc6c178118acb035686c37251942329455164e6484ff7b5f47606,2023-01-08,2
SYN-a69c564cd9d50344,08dc704fc579b154838922bc9b3a7e34a7da76ee7ed82c21969532b5972b3241,2023-02-20,1
SYN-067833e994f1e01b,08dd794f7916400e64c38a32c7a0210bf2457e21c7f5aa8210917117900c03ed,2023-02-20,1
SYN-98984a5ab720be43,08ddd7be3e60252d2cba9dd55297a6ad0bdc1f4e244a16a8ebf61b73c56557c5,2023-02-20,1
SYN-4148457360a1f491,08e5a409b104a26b85ed957286de5bc3ff21aea5e12f6c6ea3f1af6f3e9c3f14,2023-02-20,2
SYN-0c1ba5279203d698,08e5ec1f652c85fc59be204b60f262b6d1f45e4ce11872090061c8b7815eb32f,2023-02-20,2
SYN-4c2d0ab0edf3dfc9,08e7c8cf470ab507f4f43d384cd1c291f2aa1cc2e7991d583d10b7f9be78bbc5,2023-02-20,2
SYN-26e50f2235a396f6,08ef984221fd7b8d9d903c991eec3cda5a3af7a82882c82dc9030c4d536a137c,2023-06-03,1
SYN-3d34c26a570a6f7b,08efb51bd6a41dd3135a3c548e8e1411a36b688a4a934ba992bfa8c6767e2e44,2023-06-03,1
SYN-f19134c591384ce4,08f364834f28e1e9ea2135e0d65c80c4e3bd2c1132e1be0eac2dc71f0ea3d690,2023-06-03,2
SYN-a03960868f68ee17,08f60b0c07fc14fffc8983aec045c80ede7a419793046375a7ef75b6a18afdf0,2023-06-03,1
SYN-3c0f37fb9bb834e1,08fad9d33abbe48e9c1208bd723819c3bd7a3b9b3d55928dbec0866dd603878e,2023-06-03,1
SYN-a22c3eed176c7166,08fc8fe60d90f7edb0fd9379b552c80298bac94b67ad9c95e08cab18042a99b1,2023-06-03,2
SYN-9b7fbf02963fe79b,0904fe35649db0cdccf0461834bf950cc9451cc5a6813faf5a6998d33868368e,2023-10-14,2
SYN-f918f4a2f80b5659,09075de893fe19d63fff1590da9c53dbb04462569610ed9e49c0ce1e0caeda96,2023-10-14,1
SYN-0b92f23cf094c678,090ac65ad7e08f3c38bbda53d3524d6cb34e07d2072c5b0ac9ce5a17215ac6fd,2023-04-04,2
SYN-8efd91b375d35382,090d64e1a38b1732c5464a1e67bdc2b77a73075bc3c4274d54bc30ced6a75481,2023-04-04,2
SYN-09fca807a34e7e82,091510ff88e01cc3fb0ccc521815928ff966dec16cc9863038119b05d1838cfa,2023-04-04,2
SYN-673987770324f0f3,09265f84d3413a7141de0abe7a5ddc5bacc5c5d073219ff3ef4b003242050088,2023-04-04,2
SYN-d59446ba5978386e,0942b84e4d9375e47bb506553f8f2b51d01ebda3c6b85598210f2908f6ebeb6c,2023-04-04,1
SYN-234a8972959f275c,094695a22b0b21c94ee35a200bd4a63c38d394ccd895663359b51c4a489689b3,2023-04-04,2
SYN-7a21e20d8853749a,0960d621697ca8d22e8d1e943894cd19878b01bbca6407c7f9bbd830821c8bb2,2023-04-04,1
SYN-7734caec08301459,096c49905e2f1b7be6b1457ad13cc37498446659da9252c28957b65316c4a78d,2023-04-04,2
SYN-4fa68cbc74e7e86c,096d594d0d29c00144f06a447138bc97235aebc85e6c31b93a0d2d20368db3bf,2023-04-04,1
SYN-b5dfb935bcefd9a5,09707bc024daa85b17e2d3b8f300a2c586965d0b29225fa43ff51664f4ddb5d4,2023-12-21,2
SYN-ec08d380501cc1b8,09744834e18b2e27d0411455b351d275c30b607fee3520d84b63c42debce8e6e,2023-03-23,1
SYN-5e0400b668b06f62,097bb656033bbd015b1d10404284073cd63346a2c779af9530cb52ab0e3c10a1,2023-03-23,1
SYN-0df0ee8ae59d72de,098698fcb57f04a4f56ea038fcedbb660c44947e5484fe3dee8048949d4c86a8,2023-12-27,1
SYN-7b31afcdf98f4dca,098ded5b021a6f1407bf72eabdd13d339c698c739065e00007c3f1c92fe3b642,2023-12-27,2
SYN-901eef9c6b3c855d,09941f34675d187b9a321d5198f402581f9bc7b2d497b84ba7cb17c331132f0e,2023-03-27,1
SYN-2f96e9afd7573556,09bca14258b7e9b9ee968adffe54d45c1e370e8ed79a228cb36d37a9718cefa7,2023-09-04,1
SYN-1852067adc1abae1,09beaae79c084a77a139c271e14f6e977d2925909ca70e28611db9b03012c767,2023-09-04,2
SYN-b93ec3a3f321e67c,09c86aa5236d49033825fb902f72b10bc12fd8d20df0b911b59ebc3544eb31c2,2023-09-04,2
SYN-d0b991e413a3ecfd,09c9cd3e4e39e43723935c0385cbbd5fcd31f2347f28000eee6f47ae7e28fbb1,2023-09-04,2
SYN-9c9c4967b3d2e161,09cb6c35741dd4859e37b8b8706d0c50a26af3ac2ae1808de47e654e9226395c,2023-06-29,2
SYN-610611f8aaf1703c,09cfac7236d4f661fb1ae7b69a04570d7706395ce8db582b729440f70adcabcb,2023-04-11,1
SYN-736f4c8650e3af91,09d22218fa51c2b868b933d0f4580e26161388f52daea983b77b875d02863c61,2023-06-15,1
SYN-04491f3673825ddd,09d32e749a933eb1991b2c74b6d6e0fcec1d186e6809deefa663ec14dda16248,2023-03-31,2
SYN-2ed5e2f2324ce685,09d8207696c1a76af2eb8fc1b1b84c3b8ca4bcbdcdbaafe0f4f16aae525d8c9c,2023-09-24,2
SYN-92c9f4b9515dbe86,09e1f56b250e4a78b8c080f1eb78c80213e969ba0d5e43f57a2c9353c90c898a,2023-09-24,2
SYN-7239ceb57c93f3c2,09e64be15c8aaf54f8979de0626dd3e02f425aeac11d53afeeeb4ca00dbff7f8,2023-09-24,1
SYN-e49e42730242f83a,09e679a1e2a388cff8ce03ddf00dc69a4352b68a5240c90c8780981016687b2f,2023-09-24,1
SYN-05ae4056aeb81334,09e6acbfa84d227058b28f92a58045c399d07826053aa88c9a1271a6bff4f2f2,2023-09-24,2
SYN-bd684627cd8a49eb,09ea4d2734b06097b3949c99bde7447336c6f40c1dfb3000bd8434abd7f929bb,2023-09-24,1
SYN-f508b0b1e723f4b4,09fa6091bfc3e248f802862594732c509e6554311b3b76a03b548bb565940b32,2023-09-24,2
SYN-6b05c7781650b75a,09fd6b9eff09d6437ffee8c15a23debf7e04b004904df885094c72d48bc01cd0,2023-09-24,2
SYN-34118dace867eee2,0a037d44d2d75699817b9f3792a93e99bd56ab7e5485d629be271745fe4ec059,2023-09-24,2
SYN-5bdd69f024a6e383,0a0463411e5d61ebc6965aef2e89917dc6dcb33b5e043c93602f8642d312d09d,2023-09-24,1
SYN-b5c40e99ff53e72d,0a094c0fa049b78d047c0f5de572ba89e4b6828840386fd16677d7bf85d1fa4e,2023-09-24,2
SYN-91475211598ceba2,0a0f55cd8e388ee869e79fedf7ca4972a14fe7a8f32672e9b31483873eca9761,2023-03-25,1
SYN-d5786485d560ff4a,0a111f5882ba8402518b780e00fff45e478f70e41d4a841f6dc1cccc35750aaa,2023-03-25,1
SYN-a2836952afc4b8b4,0a13e9a780aece27ca142cefc0dbdaf4b190f3bfa91e4467122d5e00360efa13,2023-03-25,2
SYN-d2c5277f7000d4af,0a16a3c8c96d17ca6c6d2c53dc06166140ce97b864dde60328d169e38d6fd453,2023-03-25,1
SYN-15919766272c5ba4,0a17e8f168ceb893e5431585f0cdb00e93e25c19426bd5f7be863f46ede835f1,2023-03-25,2
SYN-0a8d51beca9e3e1c,0a1c0fd5b3ac76f84c5702e4ad6976d0fa4b386ff9e6f7d06be3ad86f5854972,2023-03-25,2
SYN-0e13f5975307d57b,0a23929642941f7cd92369103c8e630bfad0c8ee0ce7443a783157ee9413d925,2023-03-25,1
SYN-40955c28f0574fc0,0a27491e052956c71218af6a604fa1f578ffd0c2e59a9d81078da607171ec274,2023-03-25,2
SYN-cdc82da5ede7d6f6,0a28af8f75ab2b12811de51a5b29e9c3046012193bcfd52af418ac7107f425d0,2023-03-25,2
SYN-504dffe8b2ef9a8f,0a2935f4817c66ac9eda0b930034027b4b8ac03603ec24fa11cb9e23870f4c46,2023-03-25,2
SYN-40df9a9755175843,0a32916968a8893bd702eb1b5322ba51352df95f894db79b87bb92995a6a3e12,2023-03-25,2
SYN-0fccade0c9606ee4,0a33eae9eeef93a613fdaa03cc00baf90b559ccaf1d91e7036d2e0ca470f968c,2023-04-01,2
SYN-ba9cc9098e55457c,0a36feb53999c27f29811410c200425457fdf666938d5d414c3f9eae497428c9,2023-04-01,1
SYN-2a031b3a21b928b5,0a3d969f9d990f20c038ad8a1b3e4a172e862717f3c992b4d6a8a7cc9f43ad0f,2023-04-01,2
SYN-c0382cc6079bb204,0a41bda492649a5356e4d35560b0972c8bca6ecd9158d27a8074657333eaa323,2023-04-01,2
SYN-91ec54c4b6eaa1b7,0a45168a9fdde35557e23ab2663ffbd0d565ac380ece7a3b09e7680c2a0f94be,2023-04-01,2
SYN-94c5c9b2ee716e71,0a501f0923a283d8868a58f1262a6965b1cefcbb47dd5593bc16cf170732b7e5,2023-04-01,2
SYN-fd64bfaa5223f25f,0a5199de325a3b8f0d5c49fc84bcda6503b08da96bf20a2337f052af01ac91da,2023-04-01,1
SYN-5db847b960586946,0a552cb2fd184643f59881c3ef27dc8c8bcbc0f8db777975197131977ff6c654,2023-04-25,2
SYN-b09034bcdb6bf70e,0a5a49aa8767c2e039b8ee393320de28453be297491ffb5e45016ca667472d8a,2023-09-18,2
SYN-ebcb267aa97c8c9c,0a5a706ba0317067468a64ee426644d438b513f569ca2926ffb63bf2829e8afb,2023-09-18,2
SYN-74fb3adf462ee2eb,0a5ab3a2e7fdab89e142f2de3ec9cc57cd97c718f18322b971f45f81da1a9f13,2023-09-18,2
SYN-073035509ec424dd,0a605fad76d6f9076b209561fc339f433cc0e691ee013fb751e136890a8987d4,2023-09-18,2
SYN-7ee8760a7f6e29fa,0a61252f43c2d222310ff4c20feab851b8aeda8d2edec29fdb8e9871370e21c5,2023-09-18,2
SYN-52d9dbc2fe0f2e6a,0a6823e56068de75095ee51f65644286090239acad0c41a539f5a5174a18b0e7,2023-05-22,2
SYN-0d4e0490f728c752,0a6986383f37d69f5ede49342cb81eda2864f23cb6caa5bcb6faf55923c080ba,2023-04-26,2
SYN-ce92660e87155496,0a6fca360823d35b52e9c890f39f039e60d7cb0c79fa4d733ff0dc6abaded6f3,2023-04-26,2
SYN-72cfabe581a34acd,0a723e885fb15d2cdd76df0a0819423c6ea5f2c6860931911ea85e6b1a299e78,2023-04-21,2
SYN-83df8d514215726b,0a7b3dccc185012b89766b0ffeb21176f1357a2c3e88e5a0f6939b77a0702e50,2023-04-21,2
SYN-0afdce5fe82ee2d3,0a7bb5da1fd40e4980e1a8aac8c6990a0e7903079ba70e36af3cc42f25c7d42c,2023-04-21,2
SYN-4d17759b15011944,0a837ebeffdcfb1ed0f32f37be8f4625a657d421e248c13b07018a7633747c5f,2023-04-21,2
SYN-06beda434b16001f,0a8420bd6aa81062b366d22234725e6290941d16c2f3188121270313f88af81f,2023-03-09,2
SYN-d61eb83ed4df7947,0a845e18ca57a631fddaafd08150ab0740cc8276c709c0ebe3ace43570a97d1b,2023-07-01,2
SYN-fe94a38efb67891d,0a865c9cdbb15a6d543fc049467aa997cd679ef35366cf59b7d0e176fcbd4bf4,2023-07-01,2
SYN-6938221787f26270,0a8b1ca2bc43008e00d86244890f4ae9509d2b9240ff37a5fa469623d1c82ded,2023-04-26,1
SYN-cfbd9afadaf07dab,0a8e062f9162d6babba5308c20a14d754674aab4401238e4280d7593af611c1e,2023-05-23,1
SYN-13963a0c530f0f5d,0a94838f3a60c5cb3c00f5cf4a63e668551edc49cfdfc4e4cb2856ffcf40f467,2023-05-23,2
SYN-009bd5895111fc46,0a9e04a0c4552b4be29c88820fe83348a44858a37fe7a1b3392b9b1b57886d89,2023-05-23,1
SYN-a555fef5c084d58f,0aaa9683d5f45b85d0f9a81e2f4d4ef774fed43339fb75bab45673c6a581841a,2023-02-20,2
SYN-ca88a46087de7eac,0ab8881d9998b0801aaeeb69326f7e3c763e09004125bbbe43d17d7431305843,2023-02-20,1
SYN-315f47e8f52961cd,0abe6682b7e054f9c8ed79b2e0f3df9213e09c565ced9d92ee5bd38daafc3c8a,2023-01-18,2
SYN-b3e4515345a77f70,0ac150e5b482191811bed2bd5c9e006cb89461ed7625f8f961921df6214e6a46,2023-01-18,1
SYN-263a9b73e85d672c,0ac4ec4bc53057de7498c0b1baa276bdb23fb856177490363be048d3d8d85ec5,2023-01-18,2
SYN-80933f9b13ef4c51,0ac70534a4f8e556f1fee64b6c2178743e49c2f0794078d93fb5d4b7e3d71476,2023-01-18,2
SYN-1959b45f80874022,0ac8e0e6aed4aa2611870161512de9646086a4c1198392d68465e6835e431884,2023-01-18,2
SYN-682132ffcd275b7f,0ad2442835e35557fb2d1c9eab5dc6c7e150a96324e1d387cf2d7aad5df4c2fe,2023-07-30,2
SYN-83614d5ec47bea37,0ad5adff9f0a07ca4547ba3359a51451375c2389217eef0a03eaf03a60c95536,2023-07-30,2
SYN-968a8f2e3e365779,0ae14ec796c207d313ae1bcc4a4691ef1d89a97b3ffdc69628ce6e538e08db6e,2023-07-30,2
SYN-f81c51f4d3307d1c,0ae42b67634ed2bf19747ef54994207dd3c73c8d58f9c9417201bfba5b169ac7,2023-07-30,2
SYN-7808cca283af9842,0ae7bf71155b3de14ab392ccedf8d11520b8c6f463bdf96264a4614e9782448e,2023-07-30,1
SYN-622a5b6bc4a9f598,0afdff92e8cd2608d9b1ea7ab3aa100844fa03e9396ff640d7615694455a26af,2023-04-05,1
SYN-c1b76a6d548ceb37,0b026732d189dfed336f932f50bb20a985a061bd5e8ce26220a02a32139da702,2023-04-05,2
SYN-19aa0e5a4fa1238f,0b0523a1711eca0fbfe8acee47efcb1c95d8045d46acbd5090e1858d50c0f884,2023-04-05,2
SYN-fcfb9cbeddb1739e,0b0cb4cc917134a9e68a3fcec439b77fa708778272d4f59d6f3ad155f332494e,2023-09-02,2
SYN-db78e5bc207e7c8b,0b0f558a5c071df8238d8a02b8a5264a827d98a820d5b995b84301463609cb44,2023-04-26,1
SYN-5593dbc83d5db07b,0b104d397b1bbf2c6b221beba26273790692c12a029fd02edfe60021f551e067,2023-04-26,2
SYN-f9177f354199ccbe,0b19646eedcc9544fac9ab9dc12a5b4efc923913316f4a1bea0498087c2ac4fd,2023-04-26,2
SYN-1451d288e5046424,0b1d6cb4da19d29815e6c8d1547a9b51a8f18f0401ace39ec0a4862cf0d9ded9,2023-04-26,1
SYN-c47dc9c9e8333f69,0b2592d9c790148a6f8de1ad507321f0e179f35caeba32b2db1f63e18724e38b,2023-04-26,2
SYN-03d0eb7c91b92d9f,0b31cd3370e392f66ee0967ed8e3b1d33b9e39309ba735a3ad4a23f9cf3e0d33,2023-04-26,2
SYN-606da22381419c3e,0b324180794a34784ed485f99f3fc4b7665ba1450e82a5236a36e7f14016c5d1,2023-04-26,1
SYN-2ace711f5c37fd89,0b370c3d2b6309f93e14e9b0f7542d53c7451549a284e2f9c690eb7022eee598,2023-07-18,2
SYN-9213749a77209bac,0b374e930ae43981049da81dd63ede048d12d7ee33f4a81dfb48ab8a3bce6e19,2023-03-30,2
SYN-ba1f05a2925bd368,0b3b5434e7ba7abcf926a8e60f413baaa55ac5c0fed32dd27431c0dcd37a729d,2023-04-18,1
SYN-31d6ae7257f7d178,0b3f05c595415d62edc1ebdb8ce55c0d27f4a448d3def3589c30dd83043ea10f,2023-04-18,2
SYN-af94f4fb80dfb2ef,0b43546c379f53b3ae913b27d4bc796a4ae68d2c1a0438ba5361fcb9753f96f7,2023-06-04,1
SYN-09ec70ba1b4c2e8e,0b47efc2ae474cd18b8d71ff9180866c24b1223489fb19aaaffd608af247d12f,2023-06-04,2
SYN-57424587200c058b,0b4806a8231343b1683dc9f034a65111746162b3f619308aadc8e7973f5beb3c,2023-12-05,2
SYN-82cfd977d38a73ed,0b48e3368b281265a32071e3a407aa79f986ddb08d896a70282cf8f58df38a0e,2023-12-05,2
SYN-a62bbed9e4de398f,0b5cf455d050e3d9cd9e4d784d83b7974e6e530b4abe8363ad352f5c3c5600c5,2023-12-05,1
SYN-2c3ff3121b6f47bf,0b5d3d1f217c88ef590f9634af62302e4008f1f9d3df3456301d46dfb9d85b83,2023-12-05,2
SYN-b4e6c7efb1fda611,0b62dee344a0500f75bd0912c3c592c67f828d7bc489d7de66b293d428b57f8b,2023-12-05,1
SYN-f1e96f55f41e04e5,0b65de5a523d81dde146fe630fff378ed7abc91854189693984ab387769033a1,2023-12-05,2
SYN-41183ec683392be8,0b782e3165166ed21e80723ceab1f23ae9efee0f0c4cd2d31d7d972e406e1f8e,2023-12-05,2
SYN-1dabf35376a55fc7,0b802718f09b6690287479fd16d4e19a2db43fb76bd0a716271db9ce3221740b,2023-12-05,1
SYN-77fe3431d49dcb05,0b83fe87221a7b86a04487a117e1083c6b442bea46c58bdf92809da73f0a22bd,2023-12-05,1
SYN-97ee9acadeda4f90,0b841f8baf39a4fb18ca9487497620ef72c20341eaa4b85afab1a9c1b3cb9da6,2023-02-21,2
SYN-b2d4ef1038ddfc0a,0b8d1fcf2cb53aa802bce8cf4296447577a78745eb02a55a3709022f44f1bfff,2023-02-21,1
SYN-b1574c784b1679a8,0b8eb99cd260f6499653eaa4eadcb5b01ae85f3bfb677ffc634c526d6a5d2634,2023-02-21,1
SYN-58aea98594a53de7,0b9059a62c2c75241fa078e18da4eb6ebf6a64c983880e32ffdee32d0970acfe,2023-02-21,1
SYN-3c110d8fabcb32eb,0b9f5bcc7e34f1a85d662167acc9c1949152c789e0f73e2951414ecd0eba4ac9,2023-02-21,2
SYN-cc027b986de7e48a,0baaae610c532b895162b187428ef6689b4b3e941ce7f5876b1fc639566ec55c,2023-02-21,1
SYN-c8882bed18ec35d1,0bacf12a280a8e58c30eb3772d65027e2c6a35e96a9acfcef6874431acf8aa67,2023-02-21,1
SYN-dbba52a831ddbaec,0bb5bc49cdddd634a40b0ebb98397ce14ba1f623bf28643ee43ab2de8d74e3cb,2023-02-21,1
SYN-385eecf059af5db7,0bb8564c8b372d98c3ef8eaa40589f0656ce4ae7a78e6f451b2c0af2967346bf,2023-02-21,1
SYN-6fb25eb51d8094d8,0bb8f46440abf3d28bea8702142f5d06e4e4dcfffcc8248d764adfbfe918fa3c,2023-02-21,1
SYN-d8c2b573a3893e4b,0bb90665088cc97cdbd402c25bd34ff6711fbd8a631072757309ff30b92eaa4f,2023-02-21,1
SYN-22ebfcbfbaf6e22d,0bc155f8eb4baf4c25e48869ee4e40af43baa0c77cb50f97593079315cb21e8e,2023-02-21,2
SYN-91507091151d5477,0bc20f2b424e6ec7e9a9b87518a655cdff84547f3f4044c473d4ebe780756de7,2023-02-21,1
SYN-2ff632a53607e9b3,0bc884bf89707f303f08d68d0d3aa5a1492b245ca8caa83eaf63383915f4f60f,2023-02-21,2
SYN-7b40c82a905a6b06,0bcc07f9a39fe21277d8ca70eb03208f34b9b3bb994701a023dd7bbd3d008daa,2023-02-21,2
SYN-e455eba580e91d7d,0bce3b47433cee86f67e5b625e2b66966ca133cc3ed71662cbb891207bc56280,2023-02-21,2
SYN-b6c879a1188060db,0bceff6b0574c6c17de59510ae0decca310be1e38c319641f2febb88fa9d3206,2023-02-21,1
SYN-827f3aaf5a5c9980,0bd235001307bc6118c580dbfa02df7808c323ef65c8de0abfaf9cc02f4b04e4,2023-02-21,1
SYN-631b57bd7c5c2846,0bd7d8d3d8518c6a0d10af99bcdcd33699b1d95460f021af98f38493b7260148,2023-02-21,1
SYN-360e47201a413a5a,0be4f7729847d8317706043d9779fb6673a1baa6807071efde1ae13a2c47cc58,2023-09-22,2
SYN-aa80367d84070563,0be6e832341b3a76ba410f3d47807e5bd81d97f2f2b7c45ed424ea6c42dbc45a,2023-09-22,1
SYN-0aae19f7d3f79cbe,0beaf6fdd7de8d6c6bedf2251003fb0b07a15ffb09c697b745ba5874819fc353,2023-01-03,2
SYN-620e60aa06820630,0bebfab5f0f938f7b81b80926b48f65faf0b744147b46669409e50d8ea013583,2023-07-18,2
SYN-c43ea50a463bc07e,0bf8773788f87b0d6631268e18582268b54afbf2079d39705181239b8429447d,2023-07-18,1
SYN-b4c11cf5f247acde,0c05d8754b6ca4d5ac73790ad9011d6b2dd578cc6e989aa37468e317b32a61d1,2023-03-07,2
SYN-d9284defece92d58,0c0e0d4d573c6ecceb341e57521ba74441bdcb73e7d5c7fd21c0e29785a6c7d3,2023-03-07,2
SYN-fd06bf9053991506,0c171b6e0cd02869fda7ce9adac5e8be3d021fff052b8c6f43a877e4198c001b,2023-03-07,2
SYN-0293f999c045b67c,0c2536c823f0feda84485994c941f3926ca10d9f5b3dbf2990eecd9736aca5cf,2023-03-07,1
SYN-786b255060a152ff,0c271589672055511cdf6c85eed118108f460d3da9ef31b26d261030c361bd58,2023-03-07,1
SYN-0a504ecd6b413ba4,0c27ea2a61104bc67c6a2b85099f0ff46647c57cc2b837ad02bdad21b2a5d8dc,2023-03-07,1
SYN-8662b7e2991e214b,0c283e444eee4e2c0c9e0a0cf1de3fa3770d8f2590d5215a31c8fd8c16af920d,2023-03-07,2
SYN-25ab2a691c95f809,0c2fdfed3d65bba63bf5249908af727533bc18c1b951938fb39d48908a9d4ca7,2023-03-07,2
SYN-f9d08fb1e9eee2fe,0c30ef0fad7a62b0dcdb98bcc9701242215d9545ea2f1dec7f9b69e2e6223843,2023-03-07,2
SYN-cf3ee17d4f0ca32f,0c31911acb7f5c13ba754a1edde401d9314592bcec539350603adbf85daa35a6,2023-02-12,1
SYN-7c3fd010f4e3c804,0c35b9983cd3d2901cbc70dcae0fc868c71942ad5d36205c6726defb646d6131,2023-12-26,1
SYN-9e9894d93cfd42e5,0c36a2427278335a7e85727d8ca69e65b75d4f755bf97d51633d5eb84586c018,2023-12-26,1
SYN-14ee4172b3eb04f0,0c3806e12b1b946b3cc851a27cbdce3e75b95640405fe3c1ccbcaac79aa84f80,2023-03-13,2
SYN-0621acd055521679,0c4611ebaeab7691a2677e826992d27c9f523078777be3b7d664a2601bbe0f71,2023-03-13,1
SYN-fec5b9d998ca448c,0c4bed26d668a494eb32f34c2a824a9dc21db3c104635199c700682d899949c2,2023-03-13,1
SYN-37204686f34469af,0c4c518e5d1eaf3fc39f93463c2406ad8b659d6c22c9107179e3992f647b12aa,2023-03-13,2
SYN-542329ad5e109eed,0c51ce365aadc7dde2bc410c324283d6c84775d6f9f1683168cb75099e766a61,2023-03-13,1
SYN-9029f4fdc1a8c598,0c581ca895e566c64700f960f1b202fe20555bc7268f101f0fefe2145928057a,2023-03-13,2
SYN-5890e6c60f6f078d,0c5d98d1bf9a00ad5c863d380353ab900e6cad36fc8d809254c64ed9a6cb8456,2023-09-17,1
SYN-c3aa9a548fcdc89a,0c5dd6aa71b363ce73f7f7b4589211574dc8f87ca6b25fe5b3fb697d836a543d,2023-11-11,2
SYN-9a0f8adf38e3ec28,0c631a706869dde70e854dae5c22910453a05a040d73958fed134362ef69f353,2023-11-11,1
SYN-2444844be2bb0191,0c66f6cd64c93b8ec7239cc05fb84e964955b823d9c208a18842f4cbb954775c,2023-11-11,1
SYN-c2edffc55ace07a4,0c67ab649f2ead6eb756acb5fd3fca71880ff7a31190897430f48cd286100824,2023-11-11,1
SYN-6b32dc8c85d026f8,0c6e6cd5f8ec0c407cf0b1295e963ec59f0595156e7d02510e1ea77f6527b0ea,2023-09-15,1
SYN-4d5c82152f9377f5,0c71fd69b30da5165e9d1a39d17267d5e626eab6b5db12e850cab2ba443e9090,2023-09-15,2
SYN-259fc9b2a32c3df6,0c8a7d43af58f8edc40f291f580e15111be5b962412c2d1c2ab20813200b0f48,2023-05-19,2
SYN-f7dcee4f27e4585d,0c939a707227f8fbe2acf4c9e58f331f564c377ccfb58c4365c73542d95a5655,2023-05-19,2
SYN-cafd2ff50ad378c6,0c9c0e1a6d8e63951adef3ccf4091ab10c38517344cb9344026f48e94c6edef2,2023-06-15,1
SYN-a48caf2caf6375d6,0ca63913bf53028b11ad215f81135c8942dad688a074dd1ddab787ddad0188eb,2023-06-15,1
SYN-0d48f62b5e40a17f,0ca67ad1a46ac7024b0ddb1ea0fa244182c88de877abbdb5da6d9096ce88f713,2023-07-13,1
SYN-b9540f6735c0af79,0cb4669541f2a045f79802034d532406788caecb9661cc9bae78ac81f72dbd03,2023-07-13,2
SYN-83702127f1ce5a34,0cb7dcbac84cef651ca78a8ff84bb89f3345ae742040cd9adde336e56cf9ae42,2023-07-13,2
SYN-163aa3831ef5ba72,0cc673e4da5e7d9d05aab1fd6f338ac61958fa4411a3cf70aa3d1d35db678ea1,2023-07-13,1
SYN-474e7e45e22aeaee,0cc7a1fe773643e290f8b21e1ad2cb50ce874c7d429440dcf750606a58e92f0a,2023-09-13,2
SYN-68c6230d638e4182,0cc7b8b7d5bf39e539a2ae2f8685287f3648e5b1ffca4a68ad4e5c78735c7aa0,2023-09-13,2
SYN-c8ad6620fc9850a6,0cc7e8c8bcbf1aade96932a0a5e0ce0efc37ee82e17c63e87bdce5283935d8a1,2023-07-19,2
SYN-b1862716812dafee,0cc82ebae4e0e50bb78179242d10f44e120e3bdb694b91334c34491fbfa06432,2023-07-19,2
SYN-c48b92c8ddd0375d,0cce8a571b4b95aa17e1d9b389ca49b937ca836798c5756c07657bc4a8aef5a8,2023-07-19,2
SYN-d34517ab6baf6967,0cd1f01e77528936789a8385bbe26b4ddef8057ca96a5226dbfb601e54f8a034,2023-07-19,1
SYN-a8bfa239a82d6e56,0cd83cee87a41497d85c2d56c05b52ca80ef8d049f8dc0a015ea0fca088f3f27,2023-11-09,1
SYN-751cefe4d71886e0,0cd8b08fdf0eb0c8108dcb257e546dea6f7720e7c2273bcad45e314628c02933,2023-11-09,1
SYN-f23577d364365c28,0ce6ca7f19c9c56a36be719271eb6e63fed07fe1259a1cec7f48f26f5645d626,2023-12-24,2
SYN-c7890ea6e5861d7f,0cfb83c3fd6e7ae336d441fd7c63593eb07bf1a119cde9cbb42e92a29e049722,2023-02-12,1
SYN-91943907a79a160d,0d095dae4ebc6885192f31ced67dff5710469e4a4cbcce69f98df19938369e26,2023-06-19,2
SYN-22c8c891c05cda6f,0d11f9dac42550c2c48d213bd3c1882c06b8668e7bffaee2c115cf0e2977b3e9,2023-06-19,2
SYN-d2e0018818716bd9,0d17501b09341e1609c66b8762aca222d98e863af07579722674e4de443186dc,2023-06-19,2
SYN-7ce3ad9bc7c71844,0d17f80365b357f776acee2e67f1d919bead467c0beba92ebf981939978c68b3,2023-04-23,1
SYN-7a6dddbc6304a8d9,0d1a261c2b26c7a7d05a599bcb31778e0d1123e3baf028723153cc21e8eb0a40,2023-04-23,2
SYN-f5cf3e15af307725,0d1e622bc8b7eebb3577ac9b00f921cfc0fd31dad82c057aa34eec23368325cc,2023-04-23,1
SYN-b9f1e8a67b179f7e,0d20efe89ba19f4dddf7b3fc5fd90eab27026e344488edbe7dae3a4726054bd5,2023-04-23,1
SYN-c4ade8ae371a3391,0d251c11c371ec84e0900f3ddb5628f785edf1352e4573f157f7cf8a2353d714,2023-04-23,2
SYN-bfb744ee07c1cf97,0d35f897ccfda4886fac9c0f4794976b61ff0c8f879a76c253340b7e27dad0d3,2023-07-14,2
SYN-c98e054747131fad,0d383b296962b98945200b8699f7c8110f151e0321382cffb5164894e113ab2a,2023-07-14,2
SYN-fa3b82326b9bc2d3,0d407f91c43e757976e9058eefaa3a8e0e580c025ef5bc75c0558eab071ea130,2023-09-02,1
SYN-daf543d78fb3f131,0d445169560693ae436f796fa1b2cf84328146e3628efa5cdbe2d771ca4ac7a5,2023-10-28,2
SYN-354ba9ca8af3def5,0d463be007c5a235578c44c7f25fcd4102444a288f0cf51cb1eb2909394da8ca,2023-10-28,2
SYN-8d46afe979bea23f,0d558d8bdf047da73cdaaefe113ab4e12200c89fa3f804d98a99ed34fe81a4cc,2023-10-28,2
SYN-d95543750d9c688e,0d5754d9d29e8a7d647d83e345787e8af54d6d1b371164dab999f4f4e07d2826,2023-10-28,2
SYN-954041e075a49463,0d5d8ff8ffec1f82813a94e8e9c98289350d7e9bdb0818ebf86c8f85d1b4c3f5,2023-10-28,2
SYN-0ed4f250039300c8,0d69ab478dae8ea5de39d121cb81745c476cc202ea83032e83166c6a1da3a394,2023-09-25,2
SYN-9ea421b59668fcc6,0d6a651e8a9d451d7ae94fffd5f91f708a9682a90576b4e8e94b35672704907a,2023-09-25,2
SYN-261c83bb395dddf4,0d6dbef7a6e0932af3bc7b09361adf40e13c5fa766eee0e525ee83e1b1700023,2023-06-16,2
SYN-226660406c5c0862,0d726f3764814e293259e3f0d82b293a9ce2fab08ef97977662a026a37bab561,2023-11-17,2
SYN-bdd09b6400594752,0d7336269f7459c495589ef4dd6c900ce4fe79b7fb4402d7deaf73988ebc4938,2023-11-17,2
SYN-73b4a4f92b53e91e,0d742cb2cdd7d4f7708eb9b6b3e72ca4b8d1688cfa350a6dbfed383f3db7d2eb,2023-11-17,2
SYN-68f1e5325ea78690,0d784dd0de0aeb1e23101e2bad64b54ce6411a5ceb6d280517aae2b8b45ca54b,2023-11-17,2
SYN-2ca728aaf859526b,0d7b48b60121ce3f9bc011335167e5f8a26692e1ca5b4436336ed2cd22ba5ab7,2023-12-22,2
SYN-4e84055eae78f0f0,0d7d79173d08657e34f2f19e545f66eebc9a894856a056ff6555785d1e042d69,2023-12-22,2
SYN-e509daa74f2c9c80,0d85c62c90b562c25347bfc7b85d0e42cfdbe66ab2c23f269754c892a12449d4,2023-12-22,2
SYN-a457ca4d0224445a,0d885e774450afd654ff216eecee6ba109364dd54c388022209c8c0c7247fb01,2023-12-22,1
SYN-6275e46415ef6238,0d8898aa0d4563d02f4aeda2cbec0b4690191f7bae17255dd6f85e9989b08f8a,2023-12-22,1
SYN-493633f8d74e480d,0d88cfe322084c95ab7946bf8dc2755b8477e6b8a0ca2fb99ba0961e05619599,2023-12-22,1
SYN-0fdc15ef4a15612e,0d89a36320936084db478a0c038c4b424070da63abb96e6a7fa7acc2f2f71db4,2023-12-22,2
SYN-cf13ed3459699c13,0d8e938ac892ee9e1faaf0e6c15a666196014da48c7e051e9368a33c9d68e282,2023-04-13,2
SYN-edfb31ee20dde9f4,0d8f74345c51532364a653002702d60bd7826b62ca905ed009260bd3adb1efce,2023-04-17,2
SYN-70accd2c81a6d7af,0d8fe212fd4e1d2d9924cb7892b9d4bad9fd84c1b4fd1bc9575176d532351eb7,2023-04-17,2
SYN-0b5763753ab3eb94,0d9206fe34110ef10e44c7a0c27f45b302197ac15f859a24c65009b5ce7802b9,2023-04-17,2
SYN-98573f840b62bf54,0d9678fc011c9453c1f8169dec2081a55fbd13504c92686ede8b909181ef5c42,2023-04-17,2
SYN-dab36c0149080275,0d9d15801221b615d08731fed081e60a61aaa0b1b29685204295cca2d13c1269,2023-04-17,2
SYN-e184b47910e70c82,0db0e84d95165c5a6dcc0e64759470ae32ab438e604bb5aaa26a95aeb82eb797,2023-09-11,2
SYN-9d28efbe8621e55a,0db267d869dbea1f43a98e311ac8b4242fb0f6b11806d8597f03502128563361,2023-09-11,2
SYN-8810df69542c51f0,0db33375001d80c15a9b41364dd0b404d8675628544eaf90c00ee80d845e12c5,2023-05-02,2
SYN-9a602abb9d025c06,0db7e2e301c3fad2c9a6d29216912b4c65a545a50e96b994486b4c7c1942e363,2023-05-02,2
SYN-09752c963e56528a,0dba802c864d703be53c3066c46049e73ba1829ab194fecc6b3b420001b73068,2023-06-19,2
SYN-c95d7023b807800e,0dbb863babee1c4cc45dd5cb4e2304dad7fd806e7b1df7951334a4f7d4d58519,2023-06-19,1
SYN-260b9190efd1e8ad,0dbd0a8d5106aa931a820f78cebcf8c062657014740b7c27f6046d260350ace1,2023-05-01,2
SYN-a7cd5396c5f61ad5,0dc155eaca134b6774fb973d030c43e37f8fb074accc7bc821c5527d7e26d717,2023-05-29,2
SYN-8d7aca13a92616e1,0dc6df3e1eebb41d33c6f7a2e9a8957604d7e16b57f5f850e9d0b34f1e05ed90,2023-04-17,1
SYN-c87e53ac6641e74e,0dd21e8354cad847479a2815661b39d5cb5804383acbd4587b36ce4b6267b4f7,2023-07-23,2
SYN-bcd40d63875d9f63,0ddbcdb56f7e67437ab2d0a9dd6bdaccceb9d1c46a70be7ad1c42fb47856c811,2023-07-23,1
SYN-87454bb434d6b314,0ddcd6055c5830c1fda493843d051edb04ce1bf888aa4becf5b839628396541d,2023-09-07,1
SYN-c5ed6373ed25cdfe,0ddeadaf72adc0fc30a66dcd82683dd747123ea7f36f180fee9b93aabd24e6fc,2023-09-07,1
SYN-f1a65125c9814d10,0de2d501f058ff81b8dfd283c3082a97a63fbd4fa1b3dbd7227868fa3b8482cc,2023-02-28,1
SYN-36f04052fa7245f8,0dedb245fedc7dcbdd4a2d21b9d01caec8d76b8fed543f9f61235eaaaf24dfd9,2023-02-28,2
SYN-7aa22332c7db3eff,0df813645d628eddced39032ba8f1ed0a2f369f8619cad11afb782645393ed56,2023-02-28,2
SYN-273df21a6125cee3,0df99ab5b356e5024a57e3f27607cd870fee41d3d98603b8f53ade3fe9d2645d,2023-02-28,2
SYN-d332fb7e5799b0fa,0dfbe8513c84406814488493c20a51c7635af0d89b37f96f77b207d64bab665e,2023-02-28,2
SYN-011af909b0785ee1,0dfd4f1aa8b724e22721d8d26cd6b2e74c1687bdeb024455f3f8d6d1a2a4a337,2023-02-28,2
SYN-fa69f6c5ed4a3b9b,0dfd804c283ff9b72f438c741cfe6791f668391d27d319d73c8c5c5943ba6214,2023-03-08,2
SYN-0b14147008d5d7fa,0e044cb5ba6b1ef57d26ca6ea52914c18e6e6da35aa7b5f3a1720867e3723420,2023-03-08,2
SYN-f6ef3c0d4e0bfecc,0e051f89a30e41120135284410cc482ea27963e31fb6e04118fd6d400d972289,2023-03-08,1
SYN-ce7c026b88ae45be,0e0b288215fc998d58bc372ef0f36345831da10b589ab0c77d91492bbb84bcc9,2023-03-08,2
SYN-b100d8a9a1890dc5,0e0b38e7f1094fdd7a056353d2b993930ffdbd789295bb31e75fa7b9f7deaf27,2023-05-15,2
SYN-16401cdcb5288cb5,0e129e8643d295d3f00e0d57f55d7d8dff13b82592f590a3233a1b27a3783ab4,2023-05-15,1
SYN-3f407ddc7281aa1e,0e1ca3cd38b0fd1727ef7cc963d8f5ac1f37617593d57f1b497ffa74b0937c2c,2023-09-05,2
SYN-38bbe32dd735221d,0e1f1948e137d304626c624c60558afa24d4f2690b16c0f45e918372123810ad,2023-09-05,2
SYN-4277693125e8e8e9,0e230d363f8f7418d5cba209bff7347c71d7c9c0cc96e7eee34aed07129ecd85,2023-09-05,1
SYN-c51ece7c7c4d80b1,0e2680a609f861f7ed2991d2fd653f4194bcf00413f362f672dfd83a9cbd02e4,2023-09-05,1
SYN-2a4606e0f53c6650,0e2d2c7ddef3d3feaf27f5379b53352e66c3d3b7901c48eb10ab5e9ab6c427c1,2023-09-05,1
SYN-4e78c775f66c0d2e,0e332b696b33cd6cf1a826fe37b3ce779bb99e1602a07f3863ddfb92f476f65e,2023-09-05,1
SYN-e7650dd53ee6d3e3,0e33ed4785a7d1a4998e5ab088901d9da73ef54fa0e1ec11b7b6c72f7da01ed9,2023-09-05,1
SYN-4d9e1eaa1866eb18,0e371b2ca86ff3112d67da14af88dc8d2dc50d26fd5d863b7a0c638834e502de,2023-09-05,2
SYN-0f3a3031c03a1af6,0e38068f1a3580f6c428561acee9f06d5ea539ee7abcd3f476462c32dbd7fd03,2023-09-05,1
SYN-bb398b55244aa281,0e40e910ee40ab79573527f0085d9714414da8de7d6ea84e6d33bcda7fdfbc4f,2023-09-05,2
SYN-f82ddcb61e1c3d1f,0e414411c599c3fcfa8e26235991a498e731672b71916ec8d819523011ebc273,2023-09-05,2
SYN-d4e994b667a151cd,0e481ee93f9e30083f152c0e5d07183539b983d1443c5b851fbd8cda4f6c9ab1,2023-12-18,1
SYN-c70f4a964934fecb,0e4927cd95f3fabd15a85cd1552172fa34af9fcf58e172e4fbca60ade32e78ee,2023-12-18,1
SYN-4e7bf9896551920b,0e498f4cdd84ff8a2757b5c00d60f7ab1bbb36073c39d916d2c6b07142fce7a5,2023-12-18,2
SYN-73bebf998c601e03,0e4d986c7b54788b33e9f5959f240bc86d5a9bf4bf087d948457016bc8567184,2023-12-18,2
SYN-78bb4755a4db7713,0e57601de55b78b8f6f6de13db3b7d68c3fcb209505f77eb376223ed54e873c9,2023-12-18,1
SYN-8b5298df4b2b4298,0e5c200873968ec299c33f41f00ad1da25b91cce52b4adf4d7725575f27315b2,2023-12-18,2
SYN-c893bc56a69be28a,0e612e751ba18eb3cb7463199f6a071301c212c93b95080e1bb8c0dfc1befcc3,2023-12-18,2
SYN-4444423382d70efb,0e694a5d4c7397bde75421b8e6e1c00a15a6bb7e320436a01668cf359a35faba,2023-12-18,1
SYN-3cc335b982b02c81,0e698d790d2988f458343a33fdd9cebb82f04eab17386815f88241e4bab39ef1,2023-12-18,2
SYN-aeabe84345093c19,0e701adf516c70441ef1ba26760791c02f49a00cdf0f7eeb77d0321128dcfe31,2023-10-18,2
SYN-9a5862e23824a9e9,0e70221235e4ab78e2e7191b774b9114053618e70d00be38b1f358a010536088,2023-10-18,1
SYN-893a574d0f003c38,0e7864874476b44f2a1f22aca2e5d9ba1397da4ff9eafe52f4ba2a60774a0fcd,2023-05-28,2
SYN-347a2348d0fc1a52,0e7adb227657cb54524f815440a73d5cebf3da3871dbdc4033797b774f8a30b3,2023-04-07,2
SYN-c3082951ba740200,0e809c8be2b15b7ede6db232aa184a0a1145bca0264ae9868c13aeaa70f35430,2023-04-07,1
SYN-15299f7a798cb69b,0e8616eb89b65b043aa4f8ab1943394202535a1c274b7ef7ce68d5312f339002,2023-12-06,2
SYN-479aa0ac15d9c6f3,0e8daa21791f4e32521cf9747be221e553c704d6a054713d6f21da15291c9dd5,2023-12-06,1
SYN-5fc6fd1c5b03e0be,0e8e2c9cd7fe48765892e7764b57a86157b3cba0baab394cba5e93587e55e4d7,2023-12-06,2
SYN-698ea4c61bcdab3c,0e91fe351e35b58a23faf8a9e1d486e9c254c044484bce94457ecda2462766cd,2023-12-06,2
SYN-6ddff7ea1480fc0d,0e9714e1c8fbde6d0ff1375d72ef2e2c56d92fe90cd5db29e92429c04213abe1,2023-12-06,1
SYN-297a3316c2a05423,0e99537ae704b2024cb9db134072397eb2ad8c765566b532219d3f91e86939b5,2023-12-06,2
SYN-79c6f60e1f761e83,0ea3deebf9f7b3816984b07c7ecc7cae556be7d7f2ceb7988013fd47f6241000,2023-12-06,1
SYN-50a2a49261406ecb,0ea46ef86160b604b8de06b202d57b926bef95eabdab6ab32cea7a91a7377c0a,2023-12-06,2
SYN-c9fb3826a696969b,0eabf0578ed2a39544b248a3fea2c14b0515fe28938dadcb913fb75a97e645ef,2023-12-06,1
SYN-53344023a5c6e669,0eade08320eed7c084a31a0fbfb1ad59924fdf91a7805f7f71c8a136add20964,2023-12-06,2
SYN-1be751f40a7c673c,0eafd19d6a3b703d109aff9ec5932624ab008d4a87bcc38100b39ba72b46ebdb,2023-12-06,2
SYN-bc3ac5c883c3c7e9,0eb32132802f72836950efaea77cd0e39507148ca1841ddfb1bd038c4e1d6b40,2023-12-06,2
SYN-c4f59b34aa4bed3c,0ed4b977235342d09deab7ec593440d32da4891b56fc4480da0060be21520af2,2023-12-06,1
SYN-f460d39bf268efbc,0ed592eb9f561ea59ec8914cac27790ef0317360d639ebca4f4cb29a1acc250f,2023-12-06,2
SYN-28a0d9784513af3c,0ee0761264fd191e4b9b9660fd101a9973808b55e395f4e6761f758a71b45122,2023-12-06,2
SYN-c79661090cd4e6a5,0ee4778c21a5376294f3becddb66ac9179eec3a29149e45df34d88c6bdb5bcc9,2023-12-06,2
SYN-c0c8916393bacfaa,0eeeb900d9de9f44fc02cfc235aef4095aecfff41a4fd6b84d282009d5509466,2023-10-27,2
SYN-159fed4dcedf6c58,0ef189528630d106d63ed7b50c19a83362d0fe8c436fa951c0370411a54d7337,2023-10-27,2
SYN-39116e744e609cde,0ef2e1c6040bf6cbc9985387491c3fdc6a838f408f1bbde97e8804543c4c9427,2023-10-16,2
SYN-b7bd0e5f6b7dd4a9,0ef34cc4808b8e82812e6ed6f75c9e1706594c9fa14be263beaf3e9690c67967,2023-05-16,2
SYN-3550fd9feee5c7e5,0ef5c0967e28c42d81fd6012fb3b4a223db775186572868e82194399da874a57,2023-08-09,2
SYN-04b0b3d719eee1a5,0ef6f1148272b654ee0979dd5a38c79490b2e5f577635209197d4e1df879329a,2023-08-09,2
SYN-a4091612b926b136,0ef90201d7fae0b2ee23e4c19b571320d8f12402b42bc37d682719da261b60b8,2023-08-09,1
SYN-0fa630b103da2b30,0f05d886bc884ce356ab4ca948af9e81d76550712307d0e9556acd32e427e89d,2023-08-09,2
SYN-566fea732a0ddb95,0f060a876b199258eaec48a905152576e44bdf6b8c30a3f16a60ea3175742974,2023-08-09,2
SYN-aa3ff07282a27c69,0f1296347a39cb36489e5246f54b34879abd3929317306906d1f07322cefda46,2023-08-09,1
SYN-df4eebe6d9937234,0f15d40a54df79e0c03417796b22d4a2bf0ee5612d7ff976ca1ca181a53e64d0,2023-08-09,2
SYN-91db66ce1cc5efd4,0f1c10837f8629bd3b6e5b81bf1bc62160dcdbbe6b99893809558339b51cf8a5,2023-08-09,1
SYN-d2e6ea8cba03f314,0f21b14dc2c617e1270bfa2547f116a7269bccaf30f2e9e1496a993534484d73,2023-08-09,1
SYN-72e8bcf53a50356a,0f25880d94e6fc59d790a873226f16aa0847262b53a0b0055ffe17bad781abea,2023-08-09,2
SYN-78fe326ffd5b3666,0f29711095a6a276a5e0c30c2f8bf8bbf4bf0ae845938afa6da9d34acd4f79ac,2023-08-09,2
SYN-bd7068ffa16d16d1,0f2c38259fff09a8484646370f99a831029e82b20c94ba525a3c702709aae633,2023-08-09,1
SYN-9cd1de5948e8344a,0f2d7ce9f9921257a37631ea9762696afc151a402a78ca0a0baa3f30029b818a,2023-08-09,2
SYN-d61b544f880b0341,0f2fa21108855cedacddf9fc6cfb20c50c7ca91412d0c2672edb7b6fc973f589,2023-08-09,2
SYN-5e03d76e91a55214,0f30ab69aec62d674fe799304a00dc862a12a2fabe6c607cb487e2ecd94f2810,2023-08-09,1
SYN-146e905aa3c301ee,0f3147baed721c525d6f3fb5cd632e6eb6c692cfa548030381749de761a8a719,2023-08-09,2
SYN-745694250b0d9942,0f32913a7535c630df49e19fc2e6a20fae16ac0b5745c86fe70e8c1d743f3ddb,2023-08-09,2
SYN-ce28e4d475246ff6,0f35d2addc119d1448bbad029206e2dc4e72ee0d5b74a5383db79aa10c089e6f,2023-08-09,2
SYN-b5ee06dfa18d40bb,0f42cf85647f4bd197d0738ff7b146a2c34fc0010ecbde620f8e3498f5bdbc2a,2023-08-09,1
SYN-d8ecbe4efc6984c0,0f4db308f4cca98c671403b4f64a8c197bfa36d51d1b8a328d02a438ec5cba43,2023-08-09,2
SYN-942b2ed3cc9a2358,0f58956948a4dd6e29df359b49fe9845db06512e3d9ebbf3f9a5a2c6620f2a11,2023-08-09,2
SYN-a92704b92c82cd23,0f595543c6ff3373d18a25746fc576d9825deabbb5dda04ed7f812937d90490d,2023-07-19,2
SYN-a5cc9c23a1bbeffc,0f5f834f2b5a220415b54b8bed7c945b7681033a96a13b11d11a82f3298c1009,2023-07-19,1
SYN-aecc6f028fc6bfa9,0f60bb13fe7866dcb80042be1c070e12bcf3cd638a2a92d9019cb635252594b8,2023-07-19,1
SYN-83ef780def314bb9,0f705534b5232fc4fa737b76c709c99e9d36f9d26de7ee4c29af83f721ff6df9,2023-01-27,1
SYN-c7b659df447c4e04,0f7a4b703e594f5a52c27f5e4bb8c015d1b6d2f60da759654a1f4e24713d85a8,2023-01-27,1
SYN-138d088407e6274a,0f7c23ef284b58a559595a93ed7609a84e1277cf52a2a27ec67f397d427b3b2b,2023-01-27,1
SYN-2737a3030aee9c61,0f7fee6ead85f0bc6d2947857c3549e8b0fd1ebbc1870cfe824ee152d9c1073f,2023-01-27,2
SYN-efb30967e6c0d5d9,0f812e9a3b4f06294e5d3fcafcb187704da9992819abebe366ab58ead48edffb,2023-01-27,2
SYN-ba59eeba5d79429d,0f8dd64476c5d7de6e5fb8a4ed9a484add9fda14492428d171251aae75b92780,2023-01-27,2
SYN-54b198b7f16df93f,0f954b6154cdd4640a7f4102a0463eef612883699d5d20b6a216e4fc7241bbaf,2023-01-27,2
SYN-4dadee1076475fcb,0f968a8c5f04036ffb0d4ef938853622661e34616c16458a9974a73e9611258e,2023-07-23,1
SYN-619129c04f92a37c,0fa593da23928fc57bd40d155899e618c0d549e1417ad2e590e4a3183758e57d,2023-07-23,1
SYN-b388eef482ace063,0fa69953e58a4b84ad466f4e10052324f811f3f0ee9174021b0910b9e1385e4e,2023-07-23,2
SYN-b45295ab4ad768e3,0fab3792599b59bf9b13c3d1d87c298665b2eea9a6e4c5a7f01aade5def55c61,2023-07-23,2
SYN-c0bd7990dcc780bf,0fb9fee6244a099ca3d16a7c9f3c1e42ea43c3ba0799018a8aba09e0e36eb5f9,2023-07-23,2
SYN-f7a5bb832d9bb849,0fbd6476af51c9f49a970d284f78189313dd5a05ce1458919f29d851e59d9ab1,2023-07-23,2
SYN-7916e7f6afa25745,0fc6a8c1b87b5a2fbdc64eb9d3d11d246ee55a22f408d104c84a61f488c4dbea,2023-01-31,1
SYN-ddbcf976d928f126,0fd04a758ace5529e78ebf6c68a21842223a9174c039b9b67121dc633b5abc18,2023-03-23,2
SYN-bf9e54c754f29ced,0fd4835666153d82838b3bccd0e9e73066e26329e455170b392915fc0a6e97c7,2023-03-23,2
SYN-6dc579afa4f39bc8,0fdacb710e103a338cb4583dd8a8e572fc654264a6ff950eb30ae25acd2d21be,2023-06-03,2
SYN-14ccf15826072ec7,0fdb2c90848901f1492b69bc843afc80ad05678214ae0b6a53dcf420b895fab1,2023-06-03,1
SYN-8a4f9d4d45ca8129,0fdb3971e382e3d237b3dd8761dc7026c3888bcea0068ae963e9cbad33cf8670,2023-06-03,1
SYN-ed5f09d8b9fa8c9f,0fdc6e3a5a583209e49fb1272c717a8079a36599c4936a24a2a7bfd5d3369031,2023-06-03,2
SYN-05af6248fd98e0dc,0fe2cb0f163e9d1b4bb9f703c928a2f355b9842a11f387321f05095b9fc5d0e4,2023-06-03,1
SYN-2d43b7a68e08f48f,0fe8454615db17404db3eed2ae4c8610ba1602d47e57f48e53af2b41fd388dab,2023-06-03,2
SYN-26d2d9a112ea1d18,0ff048c616bec8ffe32ed4909db101243c68c6450ac03941422ee1d9e85d9b49,2023-06-03,2
SYN-32d08df8fa3a20d7,0ff81aed33add0d2938b7339ee6c9bb8aa0e6da6072b82e15edc35eb82f8f380,2023-06-03,2
SYN-3134d9d20bd1c81b,0ff90030318cfb420c2ebe9e875dcb6c4bfb8fae3a7d1d517ce4a406e9dca7b1,2023-06-03,2
SYN-77000aa1919cedc3,0fff43dd7477ebecdbbe41c6c98f4755bf7a274a8f419a3f2fbdb5b4fcc68ea5,2023-06-03,2
SYN-48113188b746988f,10000c31dbb04865f2a2cf0ac4715129a7759adc4b432fc00a5e9b1c9aa4debf,2023-06-03,1
SYN-66d5385ef2d04f30,1006fa0cbd5d41beb2008d587efc4f5a13600f1bc4e98d3fe770b49271bd741c,2023-06-03,1
SYN-58e4ca6914fcbfbe,100a45be2f1c545c78193ba533eaceba12afc4ce9e99bf53041284e99452973d,2023-06-03,1
SYN-3cd96864df7ac13b,10112edae095691f69a9d7d8c6eea701aff3a91fcc441c9c69c8dd88847e28e9,2023-06-03,1
SYN-1881f6dd3a75754a,1017663e7737df3d2feb8987fbdb561612f7b44ef660701b3b11c37d0f99d446,2023-06-03,2
SYN-ec2765bbc2135156,102b78267df2dbc2dd72f5dbc682d9ec85afab660859891a784a8bf6e8efee1e,2023-12-04,2
SYN-cc38dea586eb4601,1030e8f0597ddc2162f1ee6f8525c675af4af63340685cb7ffd43dccf46e53d9,2023-12-04,1
SYN-f13c044f6b11628c,10314d0b2b68b1fdf77573d4f7b0a1a2336d5f26dc7414a50971f523ff6a5a43,2023-12-04,1
SYN-fcd78233fe1ad45a,1035a982b5b7538f7b6cb094a02f32a6822fbdcb5689e14d866f5e7088dc0052,2023-12-04,2
SYN-8cc6a52c103e1124,1035bd50ea1c9f9872c632e3c42c83bbb9f65e1764678b03b197212c5650cc9c,2023-12-04,2
SYN-3579efde02ffacd9,103ca43805d50c3684101c67a5fc1531f82872d732d2295ce4249ad4afe7bed2,2023-12-04,2
SYN-79d2e99633c6429f,1047c39336ba1e1205c108085d1bdf35d712a70a70dbb38d6e3c84e5d28be85c,2023-12-04,2
SYN-2fa25586c65f2bce,104cf4fb2bdf00c1cbd252feb71d85b4efe51a6d88df7b90dd67db1b37638e8a,2023-12-04,2
SYN-8857d1979101b62d,104dddd377a3542da33552b3a65752d03e196b4fdf8f3650974546eb449db0ff,2023-12-04,2
SYN-7cd7bfd32e8983e1,1062ef0b8ccbc2f7eddc045da996713b4fb986f45575096de63afe548962ac38,2023-12-04,2
SYN-eeb7f16851e4e0eb,1064ef2ddbf6845d7fdbf16d25326b1b849119aed6da24663d3c77e2d1ba3c5f,2023-04-09,1
SYN-33582f9dd42c3aba,1073a5d0cbb0f752878d54fefd734b3e146980b7610b35144cabc1c309d6f53c,2023-04-09,2
SYN-8f6777eb2ba202ab,10757a06fcfc2c8fb71902737538367d7f3ca5b8c02bd879e6e55c05a38e6724,2023-04-09,2
SYN-8a872946bb52d230,107b26eba2bdd09cab14f057f23e5103bbd5cfe75353280b19a08ada83b90691,2023-04-09,2
SYN-226d7093e7ca33a0,107b9803a3f38f5d197e9acbfcf81b5e88971bf8a5f4e3abb7fabd3a29ffe69e,2023-04-09,1
SYN-6a2ced5da55f5c54,107c18ba535deaf28deac1c6cf6d4ae4b89c2d2ebd51f37ec6d36d047569ee62,2023-04-09,1
SYN-eb7a7a2de1f8b309,107d5d1d64d4e752fe9e041aec2284aa3af285fa3ad7171a50270bc30a140c20,2023-04-09,2
SYN-fcc3d8836fbbaca6,1082a9c4f80003e52b94bee90edb3a6db97a67a613a6ae44f549249ba0b8e8fe,2023-04-09,2
SYN-72ac40909b20f26f,108735dab0b21239d38932cd401222cf799bedd2156111df74b61e48935f1a6b,2023-04-09,2
SYN-d029dd356c0fc1b5,108b0861179aba01b2c0b062cdc6baf96c98773549b8c5da1a046d18ea442620,2023-04-09,2
SYN-4946e108ad4bb947,10933a58d94dec783b786926f86495e8802d46dfb3180a8981af69492baac6f3,2023-12-06,2
SYN-6733d0ccc5f35989,109cc0eab4a1b993f0e9f0f59271d91c532536568a5f44989c9aa46489d964f6,2023-04-01,2
SYN-e7d6be1f50ffc13f,10ac28e8138a56d2824694e2b34b0ead93038c30fd2fa548a3a837510ef46772,2023-07-20,2
SYN-422afea7bc3d5799,10b1a09f8dce0dc27d64d35f368d57e3f914236b20b6fbab945ca3267a9aa4d6,2023-07-20,1
SYN-45fa28a346e14d0b,10b8f111f570087cd110593178e5915efc79e43029ca815e7304199e1e80bf74,2023-07-20,2
SYN-ad08e497331a21d2,10d543b288992007bc892f6ca6b9acc89370eab08698955a46896cb115c48830,2023-07-20,2
SYN-8345e65524e67a15,10d6277f4cabe3af27e48269c2e6e17c71bf3842889a107523b09d7df7f069a0,2023-07-20,1
SYN-51e8f5ca06dcd901,10d78bc2512d7518a508392a914047a365b202c883150832134505356506c96e,2023-07-20,1
SYN-1cc2c8b1b53f4459,10d858d0075132159eafd255525343f9704bcd8d97e75e373563e50ca846a7e3,2023-07-20,1
SYN-265b34c162c2bf35,10da7c3a35b9b883d218e54cedba17a2c8e21edd1192cf72b58dafb752cfe9f2,2023-10-22,1
SYN-16942a7de1a8b55a,10dd9d402c8a3e406d7c451bd7941ca288e5a3284ec264b5d96eb0032480322e,2023-10-22,2
SYN-2fa970cb2f495d14,10df99719e07470f25b75dee04bb8eb541398a680e57d682d2ed29d6c66a6dd0,2023-10-22,2
SYN-328fa098bc30b416,10e598e466994696932af2cf631bb6142b2d4d0f1e80f4ff98cd3ccf47d3f6d0,2023-10-22,2
SYN-8886f8171fd9f698,10eb8a377f54582a9e62412a6577f4ef8fdadff486c711dff254635e0aeb9ff2,2023-08-02,1
SYN-06ce202b96475689,10ee1f7ea2b5c8de6420e3e68bb875bdf03ba4ffa66e34bd6dd83a856d45db65,2023-12-12,2
SYN-1ed8fe13c461aa96,10f570ced909001887d33d1d01d8ad93f261a4c35cd47432b2d9ff7577996d3a,2023-12-12,1
SYN-85ed850d8ec5c438,10fe7979562711dc04350bbee22dbdf61d9af067c5fdf9aae2b49bdae9fb4dab,2023-12-12,1
SYN-8fe0ffcecd052bc8,1100ed19de794d34c469416cf7cedc7329d31626449669a4d2b24539749b47c0,2023-12-12,2
SYN-0365221354fa347d,1102f7621d82feb6eb0aa2445163796957ba7ea34acda8ec2a68438e21000356,2023-12-12,2
SYN-8b017be2787c728b,110c9c6bc298b008c4cdecc7790c6a6483d124bde650bcc90eda0b1d36852963,2023-12-12,1
SYN-32a4b5ca2c3b4254,110e589639176efe4e5dc84ebaad5097fdffbbc09e63f00d079c0b74d279e5bb,2023-12-12,1
SYN-95c03f06f57440e5,11125ce54c8f6e4f40fe15e32f427b27ffece8ebeda5da03d750cf8b0d0f723e,2023-06-05,2
SYN-1941bdac084f3617,111949c15e38ed23975231c77bb0e8940d7815d5e09b9cd4bca874d1534c2894,2023-06-05,2
SYN-4b92248038abf8fc,111ae0a7d93adb9b74b4bfee140fa91737db19f4037e16e2303a5596ab691d70,2023-06-05,1
SYN-3e61ac0d599e82ae,111aeba38e2da260d79e7ee9c80e84d9edafa136402c0cf6f735a1f5120726df,2023-06-26,1
SYN-fe8b975d6c8dc84f,111ecc687ceeac58a8409bf609992d17e9e05bee7ce4eb76437eb151b244ddf0,2023-06-26,2
SYN-43b1741af91f9c11,1128da42761ec8979c9369a00355cfeb3bfff483092ab628019d51011fec482a,2023-06-26,2
SYN-ffbaa8c7923eb30c,112a7f3b3418d23bc99a6dd4aee6a6972baf57f77e9b3c7d29a1fc359c09fdf8,2023-04-03,2
SYN-7aabd11f221a68db,1137f75b53f4652386109f02f130c1358a5b0e3861a8e84c83ee06d2c370749b,2023-04-03,2
SYN-9096137ddd08695e,1139b52dad4297eb85dbf17e066659ad9ee68684d71de2ffb303956024850cce,2023-04-03,1
SYN-e5f3414c975ec8bc,1143a7ee05a7f23bafaa0e838e7fb9ba66c905ea23dc1cd085e2bebc80fa3261,2023-04-03,1
SYN-f28ee507af19d5fb,1144ec0394a4c4a367f3f956e15f8855ad057cc7da0971c28c148791ec62afa2,2023-04-03,1
SYN-bdf6b223559e0a4c,114684006350ea4c88eb9045b5cda39b85b5b06b96419cb21fff1a3f8ce1e409,2023-04-03,2
SYN-e171670eb1130668,1148363b3c1e055f63436398546846e8745bdd391b39fb6f0a629b1079c4e399,2023-03-22,2
SYN-b71f7d6d8eb273db,1148eb42951bcb74b959d67ce3cfd81e2718f6384b6baed0c81804d0841d2308,2023-03-15,2
SYN-a9df56524f548326,11495a7c10f0c66b6360cf6b4a8a2f12b2889bc9066b286b62e779cbf0a492cc,2023-12-25,2
SYN-c3949e9418539a9d,1149f080adcb2a6a4789cf1a96241af3b690ba697d1e2132055e7c16c3478162,2023-12-25,1
SYN-91e5e99e1b9bdb59,11549f02e32e419b905c3289df226c26274631ad1a2079cb435df4a12059cb43,2023-12-25,1
SYN-547d43e453bdce5f,1161772579b6a0782e249535e84c7b4e7aa15c696966ba59f142447353719f4a,2023-12-25,2
SYN-fcf0a4bd8c07c9c4,1163430eea3fde97c78769b24b9b6850d3a3731c90a1e6fdd7ccd495686db9c1,2023-12-18,1
SYN-5533d95e892bfe64,1163e98a190ce19517528dfbd6916436a978cd47ce092674a13ea83eef0bb9c8,2023-08-16,1
SYN-4ba3acd1ed5fe96c,1173ff0cb30f5a90d1e55b4690a2d21f32dcd85d88fb599e25ee501a61360aec,2023-08-16,2
SYN-965b2f74f90ee314,117cd54bafe0d97bcfc87fcf84606e30dc2b4cec98e7916fc62d9e402f874b7c,2023-09-16,2
SYN-af88d56209bb4e26,11903467509ec975b4c4fe728d6b056a0a7767bf5171b2608aa9b122d42ade3b,2023-03-25,1
SYN-4d08c200a7f984e4,1190d09d0cb46d4bd840db10f63a0822eba24a4cd6dfa60c11ca0a8b83a788a5,2023-11-03,1
SYN-0b875bcfadce5433,119414502d7a5bc5f0ff82f7fb47b6a6bfc2e6b841fab4cee4cc1dfd2f6bcda1,2023-11-03,1
SYN-319f0a79747300eb,1196c1d96472fde01575370710565851196a4763f7fbfee281d58c2deb381086,2023-11-03,1
SYN-9559a0ff2ceb3b9d,1197237e6f598a2c23c90f2ddaa634664c7ce04514149baecd009bec906453d9,2023-11-03,2
SYN-553a21f1f32372bb,11a6cf446452404b1b695150ea7893124c67d9b24ca127c31df1cd72eb39dd7f,2023-11-03,2
SYN-b035bde84c419f20,11a825b286e8e6901261d8e43356f178f9a20ec9c8b9fea6445cfd4c3f46b8b6,2023-10-02,1
SYN-6735814f4195e707,11aba6ce0e9e987d41f945668e279cd0ab44f94822c070e229f4abcfe143cdc5,2023-11-03,1
SYN-8dc432236cd10efa,11b1b1018558ce62c4e8b30106be9da823b9be3c55a6d634e516409ce63e527d,2023-11-03,1
SYN-355929ddd7e26ee1,11b296788278be522b782e4b89ebaf7bb0f0f97623c89efaa8e37d415832d585,2023-11-03,1
SYN-5a96c3861d7f1345,11cee1f6616dfb05985205467e4b6d3674989726cfdef00ed8d0dabdb62c4748,2023-03-02,2
SYN-8324e7e62d324083,11d0a0bf5e7e9a15d1a9a642ded132de3e25b3ed89e6a66ab0b2c37aed8bbbc9,2023-11-28,2
SYN-342b497adda19488,11d1465edd795cd2c39026aa63629666ac73bca5fbe89ddba66597ab80772927,2023-01-22,2
SYN-bac5c88daf307626,11d9707edcc06404037385043253546b4d4f65963974f171ad74246ba8528f02,2023-06-06,2
SYN-5b3befab367f080c,11db287133614c0e96908071d01f1bfbee0c75cc6f848c9095b4c6d0ec8f21b6,2023-06-06,2
SYN-6a28538b73e74fb2,11db8becb055bef4f35c294117cdc84e0eabdd84ac33f583fdfe0e55b82ec1ba,2023-06-06,1
SYN-a79d2cb16f74a213,11ddc98c29417e023d820ba1a63eea995454ef986e11940e71bbffdec4f7d75e,2023-06-06,2
SYN-346ecb48ea6b6cd3,11e9b69f6792440da105a916b43d42daf7b0de7c060137033eda2a54fbc31fc2,2023-06-06,1
SYN-f175282b1d359bac,11eeb0f1bd86b5235c1645e0187dc7b3cfe549961273c70b9180250b2e774510,2023-06-06,1
SYN-09319906d5bb6ac8,11ef9c9522347edd4f364dff63ce9ee319a7bb75f4f7cf8aace314a66e920fef,2023-02-12,2
SYN-be4bb436709e8fff,11f43e432512cea4860b2f3bdb9870269a594ce231b84b20d3bc4488adc1afea,2023-02-12,2
SYN-c2eb31b71e9d940f,11f76650276df487de9834485217f74f41722a8a20e9743d5eab20c92bcb30bf,2023-02-12,1
SYN-9af0549d9ba925c6,120f25c7974e273fe9a656d5e9a9d0f77e4c259e56ba69d209e66c2169cf2790,2023-02-12,2
SYN-f3d262a9e4023229,12109fb2f83e4d2baa0971293d6d7808e29213d16ca885b2554f7109c451ee45,2023-02-12,1
SYN-2b7861aff1a576a7,1213e0350dba7ce0bc46915b5c9dc7b196ff4e936009dfa973ab4c7005f4a2bb,2023-10-26,2
SYN-e6a6eb3de0090874,121fddb7287ca55ed037603cd54140ac25874b4eeb82fb290695d0bf59d48e2c,2023-08-15,2
SYN-c157842f83d9ac55,12280865847aff902fae27ab5b2caf22e3d270bbaf9a13e3fcd5eed170b1a111,2023-05-03,1
SYN-7db4a82a4477f0b3,1228f2a745f2c40958a673acf7df965c35f9738be9007b68dbeaccb0a002a8dc,2023-09-24,1
SYN-1ab7378746266f5b,1229d739fa7a02201840ac4eecc4ec0be3312168687d4be761dae49283335e83,2023-02-25,2
SYN-8f04c594879b5d2f,1233e372c733ae9bc464e1a70ddf4f60002ff18a0997d3311ddefc2ee5fed067,2023-02-25,2
SYN-9c7c68bae02b7abb,123ac064f6379952c69bae0692ceddac6443944f26d46e165742d63bd2008c74,2023-02-25,2
SYN-3efccb9fc09ca866,1248d29d5813b4eeee8509d78789faf36145c9736f8dccd4e44c19736b166278,2023-02-25,2
SYN-8cecef758572c3f6,12492841970f327e6b8e5b4feee967c5938722edff4789375ad25937082404ad,2023-02-25,1
SYN-291edcfe3f5a4807,1250b1b7174d407c721fb53d0d305bccae71ba01e6faaedbc0da90143202c1f9,2023-02-25,2
SYN-3dfe45616b67d6bc,125bb79e894f4dad0d10aba7613be0477d3b34483a5637ba9d022dca8834dcdd,2023-02-25,1
SYN-aa0d9294df28fb3b,125d773fbfb8b1c0ee6561f3a454ae29053e19f067ac50516bece1b4e82150cb,2023-02-25,1
SYN-a81376ff41fab116,125ff2f692279fb7beab289fbeacbf2509f46f2778acad74af96ce6ea2d71754,2023-02-25,1
SYN-51fedb7154a6f763,1262e56a45849543a501e2e26e32e0508dfc0db91dc791081a96ce8ad9ce7063,2023-10-17,2
SYN-522ae2d9e8c41839,12675d8e009637d96bef413ca30ddc1225b5a77d089b6785f2808d19a52c05d5,2023-10-17,2
SYN-dd5ce7906c3decc6,12731fb627edb43e10085a43182d45472b60a47efafc60c9ae624d4dcfaeaa77,2023-10-17,2
SYN-c5b0e177333bc659,127909f4133b0951a5cf7c39952783fdc3963927d896e0eb82100e49de873282,2023-10-14,2
SYN-4b03f59af1e2317f,127a71ae8218806c48ca92f06d513a68dab941007e494970231c38988731473e,2023-10-08,2
SYN-3d104e567bcf74ca,127d4138cda68b5b7a14d9f1f927a55311c93e0f1978b12e8246d7aea47aecbb,2023-05-06,2
SYN-31699235dda1982f,12824f108d414b9a489e2e10d46a031374c972e0bd73bd04f8de7ebad03090be,2023-05-06,1
SYN-68c6a27e299bd5aa,128927a7f71c4048b883eb64054d100eb8ffe476fd236c9f1b158026edcd2c9f,2023-05-06,1
SYN-eb195b33c2da1273,12914596d63c0ec48284c481577721525c6cc74f5b934fec38a675dc30f81393,2023-05-06,1
SYN-83feba3a6fe77635,1297a1eba28727ea40a7c652d54edb570e5560742c143b9b1b9c3c3e3a850095,2023-12-15,2
SYN-633330cd40e9df9f,129deb4bde6e3c4e0ccfa0650d276a5c23bde1f3e9c568b1b65be5509bc013af,2023-12-15,2
SYN-e5eae1323814ebae,12a2239a34bb0e883c25d2f2f53084176bb8c62fae25284579f8b86be3b63ecc,2023-12-15,1
SYN-66b38d04e15fd323,12af9bea2ab0f706eebb1740f335ba6b8cefc7b4161f8977097e54576345d167,2023-12-15,1
SYN-a36837033bad78c6,12b87b3cdceccca01c452a04dba4b8b8987e5513c609c4b91208517e3cef9045,2023-06-17,2
SYN-3aebb98e3d3e1985,12baa82678eedda38ea2b0b739c050c0592a6bf0acbe12d5f6371b96a6478485,2023-06-17,2
SYN-82fedfa508019b83,12bd5dab7efdd9b39454402bbdf057309a3a6ac039c956f00528740176e3a78c,2023-06-17,2
SYN-02408ec4ae570d74,12c018f29ed03f0d3a6bf14d305c3d5ea6c0c7ef9e70433cdd03c98ded856f13,2023-04-22,2
SYN-47bdf1c1ce368f92,12c0c2cede8b04b11e695134bec1cfe4e0384225d0fac86c0be72b9925ad601e,2023-04-22,2
SYN-5c81f587dbb5432f,12d486758e520e2ae425a5f127d0f04dc1643b17c2655edf9c1591752ab6f0e0,2023-04-22,2
SYN-ff78b5bcdbc6d933,12d626b0b1faaef8519f10a466b3c3a07ef667937c91468d893135fa596330f5,2023-04-22,2
SYN-521a3e78b9dde6c7,12d937e98bb1481a75ddf1c00c1828ae0cde851c75de76e292b8e8dc4f95b6d7,2023-04-22,2
SYN-88969a9eeee08da4,12e8e666a96be70826054b1307825fff8c9af2caffcb80d1d0838829c6993d48,2023-04-22,2
SYN-f97113109e115ecb,12e932c113d9860ff7f06cedf93784d5782feb28014a4d103f4ee5efd3e838d2,2023-04-22,1
SYN-e05e8ca988623dab,12ea0ff450c8b8151d191d6b89723097f99316ae5555f7cbe3610a388e1fe0da,2023-08-12,1
SYN-4b3651b7a46b3c62,12edefb1c3465468dc8f074038d824df183f847a7d1bf18da04e18e549abcb43,2023-08-12,1
SYN-35bb47307c3f022a,12f0b88fc40174d717b60532c930f87d474741e0cc90bb0ee070abdba3a4a312,2023-09-03,1
SYN-cdffa7d4c55efc9e,12f1aeb1e24b66c36f05209352a942b7218c0bf78a8742b8278a5bb8eb5023d6,2023-11-13,2
SYN-d77382eab126d942,13038eb0005c0249b9feb8afd89778ef5fba029868d824b77f3d55ef0e497dd2,2023-07-12,2
SYN-d37f71880298e249,1303a60d3f64d43e3d4ce8d71ca9605f4ac81de03ae624192b4181282c7cd429,2023-07-12,2
SYN-22b6468cca2098a4,1305bddb0fd602f1ef20f1df52cf2420fad7d206909abec7d787a27c1f2ae2f6,2023-12-23,2
SYN-14fbc2e9f4df2802,1309dd5576251f816e2f42aa38d6f8c7b33431222197f226eadf227034c61c10,2023-12-23,2
SYN-4af37ce73b562907,131201102eb0777c5bf1687db39a0d9f203ca970decb8a6f45f2fd2b8737f6bd,2023-12-23,1
SYN-56c4bb9339ac8768,1312a0c5dff8ec8d5a05a5f6223b5a6830ffa647e858c444b6d647d577323fec,2023-12-23,2
SYN-b0f7706a778ea859,1317cd10b446957c16d04ec71cb355441b7f08cd0014f9ca69bb872e9c5e7dcc,2023-12-23,2
SYN-8c93db3be85af8e4,131cd9eb33ed6986a0d3bba1bae39ccf96c6955bd524ece6d25b9b8bb188ecec,2023-12-23,2
SYN-c05f4a47cd24a98f,1320d4b3dd6481cde05bb80fb7ca37397f70470b9afb96aeca5d41175acaf836,2023-07-11,2
SYN-abed3b919bf5abc4,1322547834a1c55eb0a53679c09293cfbbf2ba4a02d71d573cc77b5de4cdc0d1,2023-07-11,2
SYN-57568c8dc544c941,1322f022b52e8e8a092a1b66e2e25002fc5fc547a082b6df919846d5e3b7aac5,2023-06-19,2
SYN-a50aeddac9aa1eaa,133c4c14211613e4e3c4ba87370f366b05fab76260b1489d43fe72c4f4b97d8f,2023-06-19,2
SYN-1020af92a7801a2e,133d1acba01e6b9deaff84d244e0cee10b9e7a8e06a521d7e9b3a79373fe65f9,2023-05-29,1
SYN-97a1abc6f4f95ce8,133e8f5b5bc290d063b1cce066d6769e8a1f744d430ba1f8ee05547dd0d98adc,2023-01-12,1
SYN-b5c3c8ccccc400eb,133ffccbc4f8619d46ebf5fba7a61e07ef6907ded7a4a37107c80a226f121eae,2023-11-16,2
SYN-3a33786dc9c30d28,134ba9649a005eab6e0aec50bc914afc34f45ca5d01fb392e10ca6beb51e0ab5,2023-11-16,2
SYN-df713121beff8470,1351dd509397a2f5fab50094de8b84a6c23fb8786f88d26af0ecf013255afbf0,2023-09-05,2
SYN-cece50dae89b20d1,135459233bf96586e9e484de5a00f45867378880f79d5f1109e980dc073dc507,2023-11-27,1
SYN-2fb9daf4f035b66f,1355a55a4d1cecb858ac173f078f83bea8495a74ab5a783d9d5c80ea9e5e9f78,2023-08-28,1
SYN-8e9ad7084aee6fdc,1364e11007bc5725159754d1f80d824585e386c425d2cb445722f4b6b3025a25,2023-08-28,2
SYN-a35e641e47361814,13677b468ff1fbcce0c9e713daf1d2fcfcaa0f5c72e4abbcfb3e81717a09d290,2023-08-28,2
SYN-5c70a702d3f3ae70,136b7a32b0d9c57a9090456791338df145de1839bb37567a1794ac69334bcab5,2023-08-28,2
SYN-5f4a0b51cfcfc1db,1377fb57d04ea62d10e1cdae0c967cb9c686d015acc11bed17917fbe731aaf0d,2023-08-28,2
SYN-08c23276984621f2,138172d3f085e39d9a5e5b0707a59ec03538172164c6b5c2fc51f5c5aaaf8465,2023-08-28,2
SYN-5794fdf4bc6ffc3c,1385e5f3a2d3dbd21237f91faf81254a6d96de31b07b0ba22ee7ac2c4eb675c8,2023-08-28,1
SYN-ad9838a81762bdae,1387d1e69c055924b1382aa1b563fc4b9c8f9ecbf59493bb6b145ae878707d39,2023-09-24,2
SYN-8da53e4f16f6fea0,138a51dcf92b5e8024ca9109677476a45ceb20602e5a0a43341c6769e207b6de,2023-09-24,2
SYN-615a0d78ce4a9613,1398b2ea4e2a434922b5ee4b9e97fea721b0abc44332436c47b8ac2dfd90ef17,2023-02-25,1
SYN-b69466bd95585bae,139a832009073344646c17267c69232a779c0d80b7537330e4a5929dee10ef4e,2023-02-25,2
SYN-3681a87322c3a443,139ac90f2ad31be75778eb49ff5ac671464e0b846982ea3e6f312a7c6364dd5e,2023-02-25,2
SYN-72067f0a9fd30bab,139ee0b2a12e287d975ae634a2ab98b6601cc2815708ca000378133a4c00e3f4,2023-12-06,2
SYN-9b852bf5a30fc49f,139f6e5f36eeb06bf5ca883aec2e289005ebdc4b287da8b913aed9d2c4b577d4,2023-12-06,2
SYN-587586074de2bd2b,13a32dfa7c76e7fb37bc5f0ffc90601fb6dc82db9efa005b5fe9c5ed0c06ceb7,2023-12-06,2
SYN-4cd70e20dbaf4a5d,13ac5a2c95ad967afd803adc4ac807d96085d0cf2ebfc9c7e47ed808a1cba3e1,2023-12-06,2
SYN-a3e5884297453885,13aee2eee5fe6baead94ea071e18ea1e69f6a1b0e5cce83309cacbc1d23f45c2,2023-04-04,1
SYN-60344de71b6a4d5f,13be5c80b127f566b344dcbeae23ee679dae0c88d51a6271a1b57ae5f6fbb860,2023-04-04,2
SYN-da9b3087702831ba,13c82a9acb69f186491ceb15e64b537754aae96dbac2efd7fa176423d519c9e1,2023-01-26,1
SYN-f55bf7bbef2d6d36,13cda96b9e0aa39a10a58a8daf586cdd5cfe3055eab37826476faf32fff9c80f,2023-05-31,2
SYN-a25e9182fb043df2,13cdc85ca856a68b10f8419f675a751faf3521f712dc4e9a6bdaf57bdd3782ab,2023-05-31,1
SYN-3c1a91b19ece9752,13cfe4acf7b58b2930a7c4befc7cfd46c21ff8505afb557fd1eb8e1b99689447,2023-05-31,1
SYN-cb711bc8ae5af599,13d844d322dd8faabbdc7ff64972efad7a35e354a255820ffc896764fc7f3cbe,2023-08-28,1
SYN-f75595811ef4d505,13d8b314abfa22a2ffcebc6423cfa3d1ee2250c64783a0771d5e9a14e28b2ccd,2023-08-28,2
SYN-ebf3d468480bfa72,13deef6dcffd2c1f27e11c9fbb8b6a3cc3aee525d6dc1c7e498e57ddac124ca3,2023-09-25,2
SYN-1dde474b405aa1d0,13dfba1cddc0c5ac93e1596a0c2bee60c58e809b2db8ded3ff234e6f36ef7520,2023-09-25,1
SYN-3dca85f2864209cb,13e31ca3e1e8cee4f5e995ddcd8bc9bb3e012b42da9737954a57e8f5a2f3c602,2023-09-17,2
SYN-4f605b115c70f634,13e533023d29d2085062bf8f46fc9196951f0c0ae3807bd2c23b1123f27e9415,2023-09-17,2
SYN-5aa2623a9d84f18f,13f508d45ffde2a0eecd67df883465fe27888e40a426f7ad54514ada28591f12,2023-11-18,2
SYN-81ccbeaee78f9dce,13f6f4e433e6769909cfdca3afae6bbfdec2b50d885ce9e97d8628e9108abd39,2023-11-18,2
SYN-94a55f73d6dcf53c,13fe5dd07e6e9483465ed2128fcbcbeec166214715d3848ae17c7d630891d30a,2023-11-18,2
SYN-a86036232ad73ea7,140206abb3bc287e0e9048ba9dfa03c24d780d4432407b2add2fd7895de310d5,2023-09-03,2
SYN-1dfdbd4d9068a03c,14089bba6c88da6e6e199328de56dc110d53bb9c95f36aa210fe3e12f419ae85,2023-01-04,1
SYN-172c5a0ffd32be9f,140944ea549226492cb3950efe3846e348e3d1a8e95f514b0769a7832e3510a8,2023-01-04,1
SYN-491a86c37057d9b8,141f3db038713d41f5458ccd55404d5d29a7132fb1d85f7a101671cdda477609,2023-12-06,2
SYN-54aca6f9edb365b6,1422025b312f8f2b29dbc440fe5ab88151e99ba0937fcd88ece0c9b8e0f111ad,2023-12-06,1
SYN-358e7733db3c2ee5,1425a36b7e677b9bca71394177d8cdac8680a7a2e63b05c89c72981e7d20d4b0,2023-12-06,1
SYN-d7227fa3adedfaa1,1429ec480acc4abfaaeb6976fe6cf78711f157930f75e8d8b6dca7c525ed066d,2023-01-30,2
SYN-53e67922094e57f4,143393e7955c6a234a402e6591b8ecf498e38759b134d9fb5c67d42a9c9535db,2023-01-30,1
SYN-1dc4a1fac0f0b56e,14359bdd28a9e2d1175e792ac64f697f4806bf6a6bac5d6916a0d844a075f04d,2023-06-13,1
SYN-14ee9e491d12500c,1441cf103252cfc8ca8060d2625ad19812a19a97c35c21f875d5a8351dbc6bbd,2023-12-04,2
SYN-fbdec39a0d93e18e,1442a3b2f992707eccdf20d750f498b6950436885dcba4f4e334653a7f6efc26,2023-08-29,2
SYN-4e7c4976a8c9d6c9,1447ef15bda8e722f0989b63b3c00044334b6acfde4602ead411033d6a20aa97,2023-08-29,2
SYN-d7b8559aede68cc9,144c06657da2a0061286a67df8d048760cfa97f26cce7740af4b7aa3f53f9898,2023-08-21,1
SYN-a6a5a82be2939931,144c77db119f14756097a551e1c11b404395e0af1ef6494c259bdf2a1c91264e,2023-08-21,2
SYN-d517d5ed81e56ce0,1453abb1a6a4fdb07e93b7cdda719cb6de86b11e0d43397d1867624329920c6f,2023-04-03,1
SYN-ab3545fbda778a7c,145568f5ec0bf17fe6fbff2df99bcb03421530786d0c268cfde148105c1976d5,2023-04-03,2
SYN-bee95a1ce15e48f6,1459f88b21f4d4c7080f7c3e803c7a02e4e979943ba2959fca5e692c13cb0388,2023-12-03,1
SYN-74ea94ac9b35456d,145c2d35a61679cd1496f43310dcf174c41c9e8668c5f8252d2722e855d746b4,2023-12-03,2
SYN-97d060ab77dfd544,1461890e23258c8e61ec85970e3242a1f8e45c8b93f8613419a29513d8e35dbc,2023-05-16,2
SYN-c69177686b816511,1462811569a7ffe148b8943aaf5b15f914ec9ebbb100adac720ed815f64909df,2023-05-16,1
SYN-f74cdafc3149240b,147138036bcda0d0ff2a5c95caff77b2418e8110407d86915506ac4f830a4bfc,2023-05-16,1
SYN-3939a73c729accb7,1476c181141e0f05f095ae465c7f118cfa8d43b59a4a2a88c29b292570d58fc2,2023-05-16,1
SYN-20f75385a470201b,147719bd818bcc0f1ccdd0d700e877f6523cb95b2cb47d489651a557c8750e69,2023-02-02,2
SYN-939278af998d2dae,148201f23af5c22438fd62595954cf7533773dbe5cb52b5e3f7a7503d9241c87,2023-02-02,2
SYN-d012dc07d3fa0671,14847b480b62b943874b7d61b21827846c1f1607248c5971801da5527d9ff537,2023-05-12,2
SYN-afca57cdcf66a17d,148559cb793a133f34a12fc2cca04f9bb3e6a431deaf681e767212e9bcf820f4,2023-05-12,1
SYN-305b89fbbaaeefca,148824c76d902944a792c906ef585cb9422c818441c038e84bc16e166e592298,2023-04-20,1
SYN-ad4ca6d1216ea152,148a729e82ee485852e9f16e1968c285c2bc2244debd57b7d060945712dfc233,2023-08-25,2
SYN-b36d6540e3592d0b,14929550a09440d845c101676152463bf09fe76cc046a14d9d247ca7163961da,2023-11-24,2
SYN-307e25b6bf8d6f44,14968892c976cb9e4e8bc92422910595edcfbde5aba805a038e8d36d5eff3cf4,2023-06-11,1
SYN-717dca5aa4853b0e,149f10999acbeda0aca1043960164f3e989401faf9e272abd5a84efc1be696fc,2023-06-11,2
SYN-e68982591ac86fda,14a1594414c10cc4d0d4dc0054d7fad60f9ce7af6dc5ba6fb4aab8aac8214232,2023-04-09,1
SYN-94897307bfd35c15,14a7dc40cd101e274564dcf29e388cee9edc892d65010761b174ce4d050628ec,2023-04-09,2
SYN-8686e4daf0c7486b,14a81b700221be325d453494ddc5155a9d1ec6224ad791608d2ac1974a54b35e,2023-09-15,2
SYN-3bd9851f5433a0da,14aa15d118421d2b962aa88ad48528142e313da140bef6834f6337bcf0d130c4,2023-12-05,2
SYN-3b49e8b74a873744,14adaf1b5a01b284a14c1fdf3c826af0b96de8ff159c134c083c28afd1d9bb16,2023-12-05,1
SYN-035ea00db3bd46fa,14b0887e88e6e676fe22f4eb3a45747536d41481fba1610233babb64c1addf26,2023-12-05,1
SYN-27a16592bc90f806,14b21ae157603baa031e9440faa98c58d0745025285faa21d127c6e116452758,2023-04-07,2
SYN-379643a09cdf2b9d,14b257930bf188cdd208a2bfe4e1f8a5f4f9284065b6557df482fdc5e7dc3e38,2023-04-07,2
SYN-f84ecbfb7196fc0e,14b560cb02a917382270b99acafd0471ab12ae576c4bd7c71ec5b1988d620c99,2023-04-04,1
SYN-ffd731a4f29d4e5c,14d03fbe3c88373272cc0d7d412202fcda27a16211965a3acbb1fcc539a28406,2023-04-04,1
SYN-fc5ae3d65c057fa2,14d8490df34e40326bff6e9087cc4b97f96b13bf88d9395ca34efbba34ce9ec0,2023-04-04,2
SYN-845b962a6450fd20,14db47a2fbda1a661492073741feae346a12c1b1b34a544ba8e205225175ac74,2023-04-04,2
SYN-28da07b75948b0d5,14df61e88e70860dbfa0ccb9928d4958f2553d0d0a160087148008db13feb3f7,2023-01-09,2
SYN-5c96ec127afe5acc,14e2803083654f39e71c600c31eca57fa37be2e22f3fb499b622304723937c50,2023-12-25,2
SYN-7c2cf9bd677f78ce,14e4255136299ec2872092ddebb531c542d9ce9515be321de2f1992bf2729e34,2023-12-25,2
SYN-410e6745283feda4,14e804593555a91adb775d047998fa3a8527c70e0fb850487db0293e79f3da3a,2023-06-16,2
SYN-5fdf9bad9fb64c79,14e861a5d6e002451ff51ae27cc8699faf108e2850fcf13f900f134c1532621a,2023-06-16,2
SYN-c3398a2cff563d30,14e8af6b07ea1b0ae9d882091bcbb89d90b26cac589288882dc0b1ed7eff6ac7,2023-06-16,1
SYN-1eddd1f3582c04a2,14eb64e0eccb806df02eceb6452f805b440f9cd38da422b0b16fcde4bda22dd5,2023-06-16,2
SYN-0e78fa1e09075b6a,14f2e03d719f0ee4e7b26df3fb4dc03ea4110c1482d42073f2bce8ee865f9705,2023-06-16,2
SYN-504e435dd51a50c4,14f94aa23490798cc2b3c2955ac0fc2d59884bf484f9143edeb15840d980cf87,2023-06-16,1
SYN-4b87dec65161295b,14fbb43f9e04b5dc046b993f415bef3427ca451f90acdc9d155cb3ec3186bde2,2023-06-16,2
SYN-d4953bc1fd4e87eb,15028ed387845388b6a5959d5f7b2b7c4da54608cd644a25eee39c12120d1bdb,2023-07-13,1
SYN-ea1bbfe4dd2fe0d7,150386b031ac8d4275a96438f73864cf34ec3195c67fa29d8ff52ec0556e80f5,2023-07-13,2
SYN-89791cead4048935,150dd543ff375d8637eda2bac52ddef89a1939ded8336705de816fa092a52aa4,2023-03-10,2
SYN-ffa5f08a16864316,150e3d09b926dceebb85dddaf506feb6cdbad3c7c8c5e0b8ac54e55730323ea9,2023-06-18,2
SYN-af94acceb8608938,1513522185243bf6fbc63cd640f6dc2caf3e686ea25872dfbe86dbf0219309a7,2023-06-18,2
SYN-8420b1ea1abb14ac,15135690baab7c9649a89328b00a6e088181fd6a0dada134c5894aa23f80cb3b,2023-06-18,2
SYN-44df695a7ecbf276,15172d00d424d70ea336392b2f727e9ff2b677367ca89e063a55314215cc37c9,2023-06-18,1
SYN-fdc8c501a35768a1,1518205fc7bf43d5b09bfbf3aec2a1b18a83903f381b74e8254fe8f56648dbc8,2023-06-18,2
SYN-58b9a9b1aa424e26,151cb5ed89f7df535e2424162ccf8276956a4bc3fcb8fad556ae0eb60d58e0be,2023-06-18,2
SYN-7d36a17b564f06a0,151ec849536ed49cd0dda70a8e7ee8c561cf85fe49f46ddd543ad6f1644c063d,2023-06-18,1
SYN-430a6061f3247160,152f4840a3a9eb0a63d22dbd72ce5f09c6147facf9a639de89fc1f22f6abcd6e,2023-06-18,2
SYN-0278870a0c15124e,153023364766aebe372981a70a4a7bea4aa14252cb57ec3eab4b2b117350e7b5,2023-12-14,2
SYN-4573a1c190839186,15354a8893b27651b23f67572050a7e7639609e2bbe51dc9786aad348f110956,2023-12-14,1
SYN-c2a784550c143510,15356b4b730f601663e9100555372658b43917b4666f0122ef80dbe90a907aa9,2023-12-14,2
SYN-048092729d271a4f,153d12a620b9efad6afe1e66669489733507e6592b14b12b35f73a643c4c0fba,2023-12-14,2
SYN-2db631f8308edd83,15411998362e6ae7271dc014f88ed042fcc69d651c5d1843da90dd184db8b803,2023-12-14,1
SYN-feefeb9d94a30221,1541d159fb05bdcfad65ba8760fbc13813e0f0e996f0b70ae4c1439bd87516af,2023-12-14,1
SYN-9fab3292a6cb1c40,15449b07ceaed6e4d6f098b53d76dcf2e46428a5bd69d9d4b1bdca7841fb0db0,2023-11-21,2
SYN-0ae65fed14c608dd,1544b669eb8129b4b47439e2d67a649fa98df3cc491951a982fd85ffec9a3345,2023-12-03,2
SYN-2181e381eba4fff1,1544ebf2ed44e11d5620df0eaea05e323e7218c9d6264d9d0421280b76dffba9,2023-12-03,2
SYN-a6f31ca006468ccd,154970634cda9368ff5499129eae04ac336c86f2932f2a91a8ba93722e8008ea,2023-12-03,2
SYN-258cebeb9d36eaec,154baadc12192d1ef28963f96b124c3a4600d712f14b2ecf29f0a2affc0f51d5,2023-12-03,2
SYN-1a1326bf1de07883,15560d5e80520db217780b04518be9395db270c4cbb606317cf6a2fba2843e3d,2023-12-03,1
SYN-9f975982ae387e71,155f243bcd6bc0d093525c14f334fb42b4f7753910aed8a7838d7e2bde5b700d,2023-12-03,1
SYN-c375ac02869060bb,1562e5ed5a1b532a4068f6fb2c54c09049f3111e863c97522bb1625084e4949c,2023-12-03,2
SYN-3aef2a60497da084,1566579dcb2b0679b29664e98d91103b6cfe427af22ff51cf80de79f4811e749,2023-12-03,1
SYN-ca7788388fe4f9b4,1569184a8177c4d7af7caec549dbc7e88650d96aa8098f59af8038e3ee2add1d,2023-12-03,1
SYN-8fbebd134b131b2e,1574a553f568d7e3287ab2e554f1391dbd3690e09c6cdbdd2ae535e4c5389e3b,2023-12-03,2
SYN-c7fcf871cf5c8842,157a285b6f033b6660ac06351bcc5e38930aba3b2afeadbfce0c4f934d14864e,2023-08-18,1
SYN-39745596873f5145,157b69dc188c5117b8437450c5fb1757ce74d6bc3b460a82876c462206d75fe0,2023-04-22,2
SYN-8039cea74f1da032,157c705e9ed5a43d2b9058aa06d8bcded2ad4d579df221a63f3932e208d3fb5f,2023-05-15,1
SYN-c31bb7d352d5973d,1584a94fe34f82d6ce90cd0bbe9766a01a31fa79c569eb16837e4262290d6807,2023-05-15,1
SYN-dc510269658904c8,1584ae52b2b8c3f2957e0443b3a1714bc2fd36bc0011d168a44ae00b49a215ba,2023-05-15,2
SYN-8d11535946bc6011,1588243e344d87d7745d7b96ec12ec06bdce53d3597e57c3ed0a94538b905044,2023-05-15,2
SYN-9936a25a9a9c6d2e,1588e5a3413911251a6c7395720720b58bc6c1f46a449859c097211b2614ad4a,2023-09-03,2
SYN-0cbe4459884a52fd,158c18d8e7255e4da41cfb5341b2418c208ecf76ccfc5ee8f92a3e0f898cf764,2023-09-03,2
SYN-73bb2788c19ab4e6,158db8869649c9f100f74d95a0cc20313d21a2a0e4a1ac8c682cbb18da26b3c8,2023-09-03,2
SYN-723756b06eb724c0,158fff29cfd568ff8484ca63fc778e9d32acff665fc865d9a597c61bce6dfbdd,2023-01-26,2
SYN-0532759f9388c96c,15944e45df4b6134d1920184780207699a337067767574315d32b58107342d64,2023-01-26,2
SYN-822d4c1d8a0146aa,15947a1649e5cc34a70d48d40be6893dcadd5b02958a5d425f1d4c3097600c96,2023-05-12,2
SYN-19ad081e1d8fa496,15a4b324f233c36f1830c294eae1748d8714b9978f85dff784353191500df40f,2023-08-21,2
SYN-237bd0d00e8b2d7b,15a7e238027ceabace61adaedda304c22aa03c9df02838e624334cbd54cc2d92,2023-01-10,2
SYN-1f2c700f4ea82673,15ab2340f21ef61475bb28dd062e47fd139515e84feb678175723850e69621d8,2023-01-10,2
SYN-b47d87942b8730ac,15ad2cb12f0ff35fd95fbc28a5bf820d2667a98bdacdbeb2048c22df52af2a1f,2023-07-05,1
SYN-c6081d522879d17f,15bad5dcfbdbbab83a918ddc20270c7da167008f346a63bed5c5bd5c63a56ad0,2023-07-05,1
SYN-db6c944d8242a2ff,15bc2b2c0df36196f537600ce7e7cb9cb3db90458549c070a6d938cf01954d2b,2023-01-14,1
SYN-63ea51b1406a3129,15be46d81065988d991abc9a7aafbc8b54991443d6d28c6c7145dad5e099f801,2023-01-14,1
SYN-8419e70ef1c1c86f,15bfcb692af6a6b00b711a53570f291f36be29a82fe7c8d48e002912e0da7317,2023-01-14,2
SYN-11f62b3b7496d8f2,15bff57b7dc12798b55c976257a1ecfb062610dc447a81d8c3a75994cb5a4e68,2023-01-14,2
SYN-ac217cabbf7bfe80,15c3fac733e875b5e127559054e0c1ab07bcc34a3354d521da77acafac97a5e1,2023-12-20,2
SYN-c5bc8311f46b2f8d,15c8590353603d7221f28bf2f74b22e7446f0658ab9136f3c6618598f72f7039,2023-11-12,2
SYN-e1a40e21844e1300,15d457bcfb1ab063fb7e4abeffbb053d7ce904fede88ef3f7719beeb3dcf035d,2023-11-12,2
SYN-40a69ea4f8405bb9,15d6085c41c3a8e6e5761ab02067616cbaeda794a9c211a559d6a4438a66279a,2023-11-12,2
SYN-10257c33e902b220,15d87121e44e54c3247e21850f1c91ea9a59e53785b5f8f2f3e4e28abe7c5d7c,2023-11-12,1
SYN-8f8c0cb5aa519690,15dbfcd1f9a19e76c4342f0d72eed8588b8fa3ae802659ceb4b80056abe00248,2023-11-12,2
SYN-d4cf6b17d5f2706a,15df33af7f2c00423ed2ef14fc09187b842c85c51b601aa749ed9678bfc80db1,2023-11-12,2
SYN-5e98d965501d73e5,15e6a875fe5919a4fb76da6d989ae48f2ede24a887dc7824220ef3a4803d7e7c,2023-03-11,1
SYN-9a0411a34e5af1e6,15eca4796557975678d3d387674d24ad4d30ab3fb98ed1be5136318af32c8fb9,2023-03-11,1
SYN-490f9e2cdcb326f1,15f180b1c5eb09ba98beda7f9245d546ad232bf7e03bf5e39ea1bd1e637d2671,2023-07-25,2
SYN-a1a590681cb47f10,15f532484c2db8d4a20ae937069aa70ec2fe4a033fa616081ce570a69ef80fee,2023-07-25,2
SYN-56e7ceaa8de91e84,15f8e6612331158b55733edd77cb4a4cfbbd82940cb5044a6ac28527cd162b9d,2023-07-25,1
SYN-685bf079d2315c47,15fdf0c9cc2bb5ddec8151466315237e1d2eed5e611eef58f64a3519d3110c6c,2023-07-25,2
SYN-9b0106eb86f8fba1,16011950fd5578c17512532383ccd11a45f96234a2731806ce4d407756473505,2023-07-09,2
SYN-7279d30d52f5dd03,161ac4bf462964a7334a94f239108ff312ad965e5c3acef3a3a2e66c2264fda1,2023-10-05,2
SYN-94a93ea5573b37b3,161b2a0a0f43edcc2f464b25cb261cfebaf3402e0efb62f31f4fe0a9b7564c2b,2023-10-05,2
SYN-b4a46440123634bc,162557002ce7ae8abe11e271048de5779ba6222cbe7b61ac4bbdb1b2356719a6,2023-12-25,2
SYN-1d86816fd9ff4b5b,162a65fce08e3ed189fb08be0d9cdd2ccec4469ff4751efd0cdd7cf30f7d1c77,2023-12-25,2
SYN-4b7027fbe43c77d9,162a97032b9a4a459b763f8a44ce47853f927a9f4f85534df95f3c2d37e51c10,2023-12-25,2
SYN-1bfcc352c1ae2d84,162e18295aec5b3fe1d7a07d9146b8ba3486fb8b59d7a912155e15360c7783ac,2023-12-25,2
SYN-6abf80d0077b9bb4,16345c8aaaf18e9afb3c66a7999b43c65ceca0d8fa607993411d929552d8a604,2023-12-25,1
SYN-45199f3801258daf,1636b39713b1be8e980542fe1597c79a49d1a9ed16d1a663dd7f8a6cb72ae18a,2023-02-09,2
SYN-856763ee2df433b7,163e0c9d16e3cdd3d78e945c2e7467ec40de92f527fb0da7eca35207f8400fb8,2023-02-09,2
SYN-92eba5d767e85a79,163ed3493f0c699729c9f292b88306e156a1bdfa7adcb098b37f7d6f7eb6d1f6,2023-02-09,2
SYN-b689fe54831cd23a,164251226edc068819aa5f9cbd6aaae02a2a60014f8b23d9fe894c53fe6db393,2023-02-09,2
SYN-f1773dcabddfa38c,16462cb58a4404c38a0e1d1982a1284ec44f1c20f3eb9e25d00bda7c28e358d8,2023-02-09,2
SYN-6972cc8cc81d477c,16501613daf68dad9dc9bd34880b12efe4f473196b9f331f87a287e4c698b0ad,2023-02-09,2
SYN-39a2b0f2622f4519,1654d5913e24328579b73b899799fc436b55f71e05a886137ab6c7a2911e90f2,2023-02-09,1
SYN-f1601dee04f3d447,16590a0f5d112222d9af7f327770d2d037e762b0e9f3a2fbb08005eaf6244b31,2023-02-09,2
SYN-cc3882ccde6ca1c9,1659948045b8abfa5e88524801be3adec72db61ca1060b8dc3e918df30048942,2023-05-07,1
SYN-9061593cf7d861a2,165a64b3768f3af9d9edca6cd9362cdb52a458ba9ce3ad742fe0ef9dbd63bda3,2023-10-20,2
SYN-d925ed7137d8eb43,165d88030588792414ccb4245bc15db703908f4cb40cd3d9ea6d7d6aa97e23fa,2023-10-08,2
SYN-0eb14e42ed50e758,165f511b6faacffcab1629257dc1ee53f1c18400695e0e582187dc5697c9eed8,2023-10-08,2
SYN-c2ee8fadb587e921,16605cf24def0ad4025e439442a06ddce57d573bbfb9c0be9fa7739404f4cec4,2023-10-08,2
SYN-d5be1c70e34d3af1,1667691a75c0109a4b21f8437869bcd7e056f7ef5238f1d54baf76d59f80fa23,2023-10-08,2
SYN-715293c48eb63952,166d52e135951c0b1120351897d7cd60b4a7c951b933a6f29c1336f90311911e,2023-10-08,2
SYN-7fd3e7017aae72e7,167190d5b03dcc370c71dd519e9ac52dd20eed660c52cde7c38c84b99ee13188,2023-10-08,1
SYN-b866c2ff50bede45,167e964b6d98fd251dd8517f84d1f0d1f67ad546ea3ea3563cdd02073cb5d5a8,2023-08-19,2
SYN-9c19c271c0ffef21,1681e19b38d1a1dea65528f258114403102a91a49465997eea3ea5b320d154f7,2023-08-19,1
SYN-b891c85ab9edc727,1681faf51127969e1d85fc7f50900aa76844db3d51cfb2b62d2d51c25710be72,2023-09-26,2
SYN-93b7c22fa476d863,168359c2603c6a201ca333dd5e10f9efff4c363540233e9a5af5ed33f11b9bc3,2023-09-26,1
SYN-e6c6013bcea53aae,16871bbd2ffa43535d4fbe2cc7d2973221b3487dbd8e72bcb79ca5c5f51caf94,2023-10-23,2
SYN-beec485903eac6ed,1688ba933249bd7f2c48686bf66d16233e5d886adeefb8675249f81509e14459,2023-10-23,2
SYN-c3e0e7a0ba9c9953,168b2f686f42cefc2b7f5dcf2c0f3f911bf3da042a5439909c067ffad6ed107b,2023-12-26,2
SYN-d4c97ec5f5bdb6a2,168de8217a740a9a9109d2cbe90635be78529725188821f98543e631c2aee7f1,2023-12-26,1
SYN-4350f40c6f7e0f78,1694878bcf6a3e12ba553578de2971793d928f16876ca878136f3fdb88cc4355,2023-12-26,2
SYN-5bd04b7a16fa0078,16969f308091b036136d5a7fd45c9aafeca1241087bb85f7fb2dfbb1d80bc713,2023-12-26,1
SYN-617f30585ee594b2,16a6e9738b0bebbaf091a6016cb6c41dbdf521a388b156ac0a0f221dcb4cbf04,2023-12-26,2
SYN-8939c38cdf75bbfc,16a7b7a5b67e7aad83aa876653aed865177130fb2657cd1351f27358afb8fa1a,2023-12-26,1
SYN-b4bf7a5b4a244546,16b25dd51dc66f6e708ae8440b27dbc4a638d2c33cbe369c2ee7ba86464ef107,2023-12-26,1
SYN-574e7501338af5dd,16b533f99971b1cdf8edb3a81dce1d3645aa8dc3d473444d5678461a0b090bc5,2023-12-26,1
SYN-11fca70d7cd6becc,16be227fe8238383235c8c6d0959ada84ead89a22de5ab34c903e852beb31f39,2023-12-26,1
SYN-106deca345ce53b1,16c9e6f189460a7ce7cafb4604ba0d9d0895f6785968c790e52e84134727fe8c,2023-08-07,1
SYN-1aa42591d6cabfc7,16cd1d2f69904d8aee43bb08a5ea03c969e694402639b983398c07ca39da0cc6,2023-06-18,2
SYN-a7114beaa19a4f7c,16cf23de2661c6493deb4f4e179f10f2be5f758623af93c0a31c75ffffc09610,2023-06-18,1
SYN-dd14362f71c9ad69,16cf7e8465a518beedcb5108cc713f547fe5640fbb09779337905a5ee052b5c0,2023-06-18,2
SYN-725e75b3a360753f,16d510073d43a293653b11f373942ed9a8b5c83444867fc5449b60492f92569b,2023-01-30,1
SYN-ed3fdd332399a7ff,16d5c13c736d32012214968d6745d2477142af9d1ba3667dfc46351b1d2f9c41,2023-01-30,1
SYN-ea89edc03143e6be,16d8ba27a38741a3bb3af3682d8c8e01693e98df522508e4a207b5978978fa61,2023-01-30,2
SYN-58c0421b32b215dc,16dd1f23ada31c14caa013242da91417ec8dbcbc3fd33967cb38d5b9a4b194aa,2023-01-30,1
SYN-da4962749eac794e,16de9256a1e37d2d55e8cf896586eb944be6d48ea1fd75a8685c403cdac73301,2023-01-30,1
SYN-b6d5d452a3941c62,16e06ac66c54de7787ca78e34269dd1c93ffe606f116c90f0605d4b8c2d52093,2023-01-30,1
SYN-173dad1731d65e83,16eb0df58a85b0e52dbd1bee4ab2f6fae8fe679524735ce3304dd8c18c4e0fd2,2023-01-30,2
SYN-0080e0a4fbfc5eae,16eb109b578974a762c2035a7e4c41bce1d2b9f56a6ef3b27f274fd3e1f1d883,2023-07-04,1
SYN-2fddd822f3933e26,16edb053b32a901e5efa26f73df904be92045f3e7019e517f866140c0633ba20,2023-04-06,1
SYN-143cabcb1d8af545,16efce9c2e87bbc68c388254639c29b96e82dfb60d336c2c225577b78d00a5be,2023-04-06,2
SYN-83c5ba5241c30e05,16f194cf5d2ffa513450989cca6a179bd668b92ffcf238d715fbbef167c66e17,2023-09-12,2
SYN-47b3ae60bb29e8af,16f3bdab8dd443b1a49cb7dd726af1f1f9fecf38ad5fb30409d07f82622afd89,2023-09-10,2
SYN-49f501d6767d596c,16f3c736956f198139011f4bce7e943b709275c3c8b34450c9c26ba2db14c538,2023-06-13,2
SYN-509e79ad537e9abc,16f7f66c269e810ab5ce79a2f9462af26cf25e5d8b5e60aed33a8121ae32d2e3,2023-06-13,1
SYN-26649faa8c60ad67,16f91941f5386f6fef42b5df98f87f8311d3bae8a8032a64caabd52af3bb89ec,2023-06-13,2
SYN-67ae17cd62114212,1715d5db1009eb6c2180800002f9b3b885bdb544de25aef981fcbaed8d9881a7,2023-07-11,2
SYN-cde1a2202accffd2,171732348cb7260e19554acceb874c14549e1001a947368f002220d1c5e3691e,2023-07-11,2
SYN-dc6d3a556cae7efa,17231d40883651b33982678b0d21a78ecf341f4b28f5db6e161fdb07f7a30ada,2023-07-11,2
SYN-3e97c647604f4367,1733ea2358334547289c634ca59de6eac95ff92efbffcbae17291beca55fbe16,2023-07-11,2
SYN-0284a7e551630260,1733ff4bc5f65818f8c2a7702335fd5cc45852818e31e0b0993ecaff3853044b,2023-04-01,2
SYN-4ad8fa86d65fd578,17347203a5986ffddca435d008c68bbc9c339d43b5190032c23f98d29b13eba5,2023-01-07,2
SYN-accb660c6fdec01f,173a208b70eb33cd8d9e6bd61bd8d885aa0367a1d9f6fd207deebac2fbe0b185,2023-01-07,2
SYN-15fde0cc8424c3b4,173c3bdb0ec538fb32bfa4ddb7e462e2318ada92657ac234fdfc21e98f7e92f5,2023-01-07,2
SYN-54b0164831bb1962,174ac84d4f700f8715553cebc5113a658a4ddf61d01389c98ab49f5e6a7b8c6f,2023-02-27,1
SYN-f4e64a346c94d98a,174d7fc6c1a39a4806087f68e4191e36cd9b22f251fde8ddf872556d19359705,2023-06-23,2
SYN-84334e21f2670ef7,175546ea6cf628d92ff92ac62aa0e4f04e2dd4dc0bca7ee06b67eaa558ca89af,2023-06-23,2
SYN-878c7d60993343ae,175587b1c147a55edf854f80ceef8492757459527c34d80d5063db5ef35243e0,2023-04-17,2
SYN-a8efec8973fd8416,17589e5cbf324cf0a4470b8937fd8a896dd331525c0dfc142f5f786e95f31f1e,2023-04-17,1
SYN-32a285b48f0254df,175fe20e3053f005c294ac2eaa8a23be3d79b4015482998c13e5a2afb6fce392,2023-04-17,2
SYN-8a8e68809deef206,17670a1906c6b8c96f230bd44c89a4632d366bf8e14466441a8ff3122ee440e4,2023-03-20,2
SYN-bdd97df927a95dbb,176c85b9d5a82cd58ee9a1d9ac82bb402f3d8a3cf00b9959df8160af617434fa,2023-10-28,2
SYN-e0455a99bf376d00,176feb62d7fccb07bc81486e4451f8fd24df11f7dcc14a18ebf7ad912d5bd820,2023-06-20,1
SYN-610fd876d16b84bb,177013f46932def5c88b310275536e5c953a2fb61626617cb56267c21c634408,2023-06-20,1
SYN-a65cf46b64a97d2e,17709cdab3cfd348d3fce58b892543de0c1034a7873de8efef9c4a9d8da73d4c,2023-06-20,1
SYN-788b4713daf50b6b,1777b1ced204b2f6975881f95ee29dedd52c947666bf8c01bb35a0faf20e0bcb,2023-07-07,2
SYN-a12d2b572d8d30d3,1779391e38814573667b191a713e67d79548b25252d4bc7248c3640135bf3089,2023-07-07,1
SYN-39b858f680630039,177faa1ce3ee8481109d4415be03405821ba690445aae227378ada8bb025d5d9,2023-12-12,2
SYN-a5e8da0bc31b61ac,1786270c0080b954222159184c6db6c38a4b11f836be8261a754d09e9bd85485,2023-03-14,2
SYN-7eaa306dde013155,178722fc8442786236729d9a62906748802fb3f9f580e025e7ea7f75ff4bf347,2023-03-14,1
SYN-476e1a227d8490ed,1787ba32cb5ba7e6c6435a88f2f50f8722adcd2be8bf4e8bd02a0f1c27e9fd8a,2023-03-14,1
SYN-9504a3a69140cd0f,178a6aabe3aa758c073edb5cd072218623d4135e438aa79d517aac75bc04be6f,2023-03-14,1
SYN-d5817245f4823943,178badbd2051a9546294daaa0e2fc0af35c08c5cf9c2ac1321ea71d8b9c38eda,2023-03-14,1
SYN-d133d846e2889943,179b1a06b94a219252edc635825e41c58f40585b824b213f910166ec84d93483,2023-12-02,2
SYN-d0ad48a20f672713,17ab6a082cc6d59e422d8dd90395145fd1c4989aa2c369c69144aa511d5cb08c,2023-12-02,1
SYN-7edfafdbe065e4d6,17aedfc27e97f04bd187c94435aa0b9dc09a0185b1ecd8eb546e78ed46ff4754,2023-12-02,1
SYN-e8b0fd876696cef5,17b203b3f5f5c702800583405a7c7aec714994200963707c61543fc53880fefb,2023-12-02,2
SYN-dfa8f3ce33fca555,17b5c3a2d6fe91b485f0f3f0e778468f8dbf11db2719b0609b7ea132cf42686f,2023-12-02,2
SYN-0f15a04abde4bf3d,17b68c173a59400ddeec7f86f8997b8f0fbd8fa482bdde1f6ea0761558ee113e,2023-03-03,1
SYN-8c21318ff626ea40,17bb7a6913f4e396f09f98dc9081bb62291ceddfdf24f86b4d47d35464bec770,2023-03-03,2
SYN-d869d1b083439f35,17bf5979edbf810696f37e3492cbed314cd47e403a256d40b428862b1ba0c9f2,2023-06-05,1
SYN-24e466aa733f94c8,17bfa1a50576c0e28db1f06c41442fb617090d63901094b08dedd2c28f2910ec,2023-06-05,2
SYN-dd73ce8052be89aa,17c255fb896f1b95a0c9c6fb3507c62c492db0edc37f3637e5724a916e771f29,2023-06-05,2
SYN-5cab9e5baa3ed5be,17cac3326c8a9acf439affcf6a95af18fd09a4f7d6a8ef61c62b8bbc14885f03,2023-10-16,1
SYN-46d2ba7279ee0688,17cc1c84c599decf7339635c005f874324210b3cf5c2fb8c87916e3882162d06,2023-10-16,2
SYN-5163dcdbd4b76bd9,17cc35ece2ef2e32a43538fb0af3fc54ad9f42181450f21a0de799173e96e1cf,2023-10-16,2
SYN-0a10fce0d8168157,17cdc9dc2fb2be15a47b36e626f838d4904ca9a3039104db8ce06f21d4b534ef,2023-10-16,1
SYN-984595bbb77946bb,17ce988b7a3d827fe9dde7c551377259d7b6f88544a2c38137aa13849c24057a,2023-10-16,2
SYN-f18762e856908ecb,17d3bf9e87804f81923fd40a7b4bae06b5377db55384f21d11189c5e9dbc7b9f,2023-10-16,2
SYN-7c1c4448fccacc81,17d5235b9efc7817b6fa6a52675f9030fa69639f76951053f6685049ac3af218,2023-10-16,2
SYN-b7f8b451b1df1061,17dbf8b53d3f372181379de38d532b1851928bae9b3dcde8836f3cd54603c49f,2023-10-16,1
SYN-d8c1194cb737de63,17dd77e8c178b59e7e08a847d360b606f8e3a69405749f3674e1cf60aa5bcca2,2023-10-16,2
SYN-42d40c82fef0d5b3,17e0e5de3689811246b0af770181b6ca5d941a3b2086ce616634476064d0597f,2023-10-16,2
SYN-b8a5f93a389adecc,17feec6c07f0b0090b65cdaab54ce409d87f5a81c3877b80d9c47ba89cdd9e90,2023-10-16,2
SYN-3e35f9f7d36eec59,1801cb2b17d5314c888b70e9f79fd01a433ce3589efaa8d8065ac18e2ab95fcd,2023-10-16,2
SYN-07488ce16faf3cae,180423f5286829b9f9a8c8520eded1f8deef3520aeac065e3b9789296562f3a4,2023-10-16,2
SYN-4bf77ccc634b93bf,180d441e4cf0b04fc646691857f77870831c5539d1b29da7e34ac8ce7a0d7a75,2023-10-16,1
SYN-ebb91f108aace489,180e8df0056d64f9956d009aeecf9f07ba4f822469b2e9a177b46519cd401d76,2023-02-02,1
SYN-6f7c39f12e3c803e,18105c1e5c3df552f340ce931f167585e1a46c68d375557caf098905f148d58a,2023-02-02,2
SYN-23cbfa571a9d5156,181df0e5082382b9b363affe3afd986e12080ea763d0ec77d3a9bb98210450bf,2023-02-02,1
SYN-29152ffd9fe99341,1821245324559e484ce0abe40d7004e3171aa038092b320f61157da14377c990,2023-03-11,2
SYN-023e6a1f6e00fc5f,1823746517ba11fc8e8cdabea24d2698a45cf7a2eae96e7bc92dfec56783bd1d,2023-03-11,2
SYN-0efd80c813a24817,18279f265672a6e0fd0059c9fb7bead338f12f57aa20ff8117267a8031abcdc3,2023-03-11,2
SYN-f340148b2fa1f946,182816b82a820be56c2524556e2cdd2beeeeaa3c7f94bdbb2473aec43a77ebc4,2023-12-08,1
SYN-74398d71c9cccc94,1828c1797e83142655e22318598bf66b549981f06c9e0305c48c302ae25745ac,2023-12-08,2
SYN-d127c000074ca925,182aea913b258a7b63b00eaa08144fc74886d4f510fb1efce842c7e8d9d023dd,2023-12-08,1
SYN-3473b902e688dd0f,18307e13a469f4392d2b8da2a0e3d8d3bfa6300e5160cad1591a502864ecead4,2023-12-08,2
SYN-b29f1a7704928fe0,183c939bc508ee9c530be249a4e940aace700cdc774e2c53b67d6ea09f6404e4,2023-12-08,2
SYN-b8c3d714c5c14c3b,184140e218b60b6159de7c1e5bc1f87766e560c74849215348fc5280ec4452b0,2023-12-08,2
SYN-0e00fdcf082462f8,1849b398b364676bc37a30174a5eeaa657b03ec21f1c31bdb586b56633ea6266,2023-12-08,1
SYN-ed610a845ba3a80f,1857109caa44c090c37877a1019e905f438138113e87a64207fa253565b9496f,2023-02-17,1
SYN-44b35ccb05928666,18576f8ab5b0e404fe65e6edaf29210a565083659e328b79defb1d26a34959aa,2023-02-17,2
SYN-c0b7299d4d0bb030,185ac8c058850c221d809c201cb4caf57d580f08436aafc08858d0f9501dc465,2023-12-20,1
SYN-df723fe95e13d0de,1861828ab284399531d5c16db87023ac6a5d143eab84aedf66c0f1d5e9a25f29,2023-12-20,2
SYN-27ee95da187d0569,1863c2b3621dae6bb66428094295bb5882cb6d3bbd971c6a24721ca84a3023dc,2023-10-08,2
SYN-235351c802079e2f,186b502c130ab089d0d006f76b692c787a23a7ef565015972ef0bca4ff528392,2023-06-25,2
SYN-345186eb2cbf761f,1877fd819faabee1ffa87c58fa431168b11b92576d7f8c4c31f515485fa462e5,2023-06-25,2
SYN-10abf291e54c23cf,187a5178f9e5e30cf0426b7a7f68dc609b667669e80e5594926f19c424e3c177,2023-06-25,2
SYN-808d40a3211ba6fe,187f04e33bdceee20bb18d6427cc5524f929ab3dbebc0afc8b522b343583db9a,2023-06-25,2
SYN-8eaee1f402a2f914,187f13c054e64d354087823a65dfdc93058d04ceeee7883ab6dd93d75e0f3692,2023-06-25,2
SYN-4e3e0eca63c658f1,187fc67453bb8116516b2243c05c35cdc90f67ad99fff240f02edbf6e0874a6d,2023-06-25,1
SYN-f74849ced8f68104,1883113cd5440f290d292cf4af84e51c63032bb9613463d12723113dcae7e16a,2023-06-25,1
SYN-82cf2b1664cacfb4,18880241f26c6669a203ebaa9d7e90f43681e64578863a6fe2e48345c34b5148,2023-08-31,2
SYN-3a3c6fea127aa3a5,188a757e79d3049743f9521fc430892f27430470bd5cf54cb3623fb4dae1dad9,2023-08-31,2
SYN-2ee2945e50dc51af,188bd2054fcba781978783daa4687c5cd5a313975c7a20a9b0743d43d7ad9447,2023-07-14,2
SYN-c2b77a808003dd7b,1897518a4499bcace646fe8e7148e980f5f67caf489b89726c70e209d0e6d337,2023-07-14,1
SYN-e6fb7ad5ba05c618,189907d432068b9646ca4f9f7dd25d1a2f951a24e276c8475bd77159756d3e01,2023-11-17,1
SYN-da83607aa4140a46,189c716beb210d12cdf05e10937369c93a13dbd8a52f524881e47f420e307c98,2023-11-17,2
SYN-1336f8abcc541da9,189efaedae7027b3a0174b32a61d82998bc9c9ae4554225838106be0930f47fa,2023-11-17,1
SYN-14afe99f99cbc43d,18a5956268ccde3ebde34058e07cc3f597813844d011ce759d805621a9b8528d,2023-11-17,2
SYN-f9bb8d96b7d0fd85,18a81bd6464a3b749413ea9dfebf01437946c0e8801e449d71089283befd19bf,2023-02-02,1
SYN-c3b3d6d5c7ac2bfb,18a833cb1de09d5e6c831c0af321e7beb4285906171accde81985438be765683,2023-02-02,2
SYN-f510287e0dc8aabe,18ac163abcdbb3cbec6e68f267fa4fd256e95cee2a01c924f2eee19ffad89360,2023-02-02,1
SYN-1a04906ef9a6bbcc,18ad3e2db8c9d4b70570e0d21b12625214ea49cac74c2ec5d197d21b3d422393,2023-02-02,2
SYN-656376eb5abf50a7,18aef06db8fce03ae00751572b1eb63cf1348b643b2d99ff8bfadc9c0c4a502f,2023-02-02,2
SYN-fd6e61c26fa08b15,18bb8e539bff87d67a093a556c1d6a08b11032e081a60698e32825345beaedbf,2023-02-02,2
SYN-10a2c0114b53893b,18bf20a8ce3e4a21b9c34daae7763cb355be5e97939090b87b22a03de1268748,2023-02-02,2
SYN-15b95260288da892,18c0cffdaf75d19794a17dc67099b37fa048a37560e2bd6424b70365e0b1110d,2023-02-02,2
SYN-2e85405c30d6330f,18c1ee78da39380c5ede57bf4722f480c3bf4d3022dcde46b98768533e738892,2023-02-02,1
SYN-beb9318482397a4f,18c933f03c5449fa5c4b50232797a69e63083f097df77ffb7e343347428efbbc,2023-02-02,1
SYN-4ee47e12fdc449a8,18ccc8ac669fc2c407680c13d196b679e45c918d5e267b671021bdd36036c957,2023-02-02,2
SYN-c8ece7bd0b29ee83,18cfbd899a5f5f3b4bc0a0430104e0fd436c9fb10402eb184d95582a9f59d8b3,2023-02-02,2
SYN-cf3c1551eb1ae472,18e0e14b229c31bd5dccbd0364bcc2f900e61b1c8037e861f325776b58198f4d,2023-02-02,2
SYN-5ab9a92e24628948,18e0e34e050db85a9450dce0dcd34f1d6f73a08f8b3ca1c98c5d604ac9a84ae5,2023-02-02,2
SYN-e1cedbb53d991ce5,18e90312afdd150f393696711b4ab7ef778a878994ddbbf84e41d66bfeee2642,2023-05-13,2
SYN-2ada00f1f60ef049,18eadc6cc96038779656c52543ca348e9d6ae3fcd1f955ae134b2356ba398281,2023-11-08,1
SYN-fc7388e686e9cc10,18eefe968351fdd4f642efa9d61a4e22bbc1062090d4a26d2c8586003e988622,2023-11-08,2
SYN-d9f3239b7b9f3be2,18f248be079b0641cfe70e03ae1889aaf843ba3093f0c5287da83b599263a337,2023-02-25,1
SYN-e524c06f0abc3384,190a0f0044c6b1d554dff08a544a6bd41e70b0086d9d66b92b7ba434f53c6070,2023-02-25,1
SYN-57d8589f0235795d,191020c64be90e88ccd217015fe5a8e5c667a33d0f885aff7acd4bff191ec5c4,2023-10-12,2
SYN-c328b0b26f837e6a,191074678c2c3a87d3cd2bba7231eabbf44c586cb959f71c599118d1ac931783,2023-01-28,2
SYN-20a57968546c8923,1912faae3189413ff9a63566cc9eddafdaa3f9a7860e3b1a6b77dfbe08530632,2023-01-28,1
SYN-4f2a6737adc5d25e,1914b23f69ff7479fe7b0b335c05ec1cc4d17dac5272b6ef83a0d1fe85d7a3eb,2023-01-28,2
SYN-a8f7de732268b503,191ecc191a6fc0c09bd0ba276ebfd111390ae43a5a571202062019d848783133,2023-01-28,2
SYN-478a948cc14c5234,1920cfe1b2d75952621d1c848635c9148ec4e26bc2836f7ccc281851e1f8a610,2023-01-28,2
SYN-0ee103edcdcb3f78,1928af420dbf458726e003caf4b74d74c350ab064f11e346de169718e47da7c5,2023-01-28,1
SYN-0d6ab1e2381d7b6a,1929f41028b0ea66bc7289271979915ecea11cc68d12569cdfee9552edb36c21,2023-01-28,1
SYN-073ad6c30bc37ccd,192aaacac2079f917e89025f44296b49c4f11b0ba62b29cd18b976b9efc5e175,2023-06-21,2
SYN-3cb9f3363098d3ed,193077085f022489917add048e5b3886ade7a1d398365ae32cf0c470da8004c2,2023-11-14,2
SYN-e2ace847e5393324,19355620c4243ef359e007fa8caa59954d554b11e8376cd20d195456cd40f7be,2023-11-14,2
SYN-0d9d2d6665630d10,1935e422c406ab54cb5e607f766e73abd8e3e32477a3d51d0f198356e074e739,2023-11-14,2
SYN-5925a6e4e09ed96f,193bf318b5126dff0e8d152e5a12b28ff6b128c9ea187c6219bd2bd4ec40bba5,2023-11-14,1
SYN-555dc2646479c68a,193dac6221713438ad9f6af3d542c658d32659ef58b619a4d0fd6147b38ea9df,2023-11-14,2
SYN-e4cb81a3dd02da07,19427af52f1c859b05dd8583dac71896c247f59a17b238a7c632a5c1efed1095,2023-11-14,2
SYN-21eabadb36992a59,1944ea4e8fced6b321420b04871146e8ccd3a942f8c9903dbc1120d930ed1e42,2023-08-01,2
SYN-23da73434f561fea,194c9b4ce8c06a91bb0083e4f21c0228cd503e34fdbc2c8bb103298b0dde1fc0,2023-08-01,1
SYN-8197ce8e9903adbf,1954d32d7f103e23ee78776c7adc1cf31b4d6545d068b11d9dfe7c43cfb9b657,2023-08-01,2
SYN-f13525afd31aaac8,195d813d47ae0f8d1b5e20eb076a26ea14f9fb4fa0dd7674103cb73fdd98205b,2023-08-01,2
SYN-11110361b17167ea,1960a0e6adb9a06d81073f7bf6eab719769b7beeb459dd240778996b7fedcac1,2023-08-01,2
SYN-dafbf427af0934b0,1962e6fef3ad09a46071fb9733b4dc116d19782184d1eb536cc627d40297869c,2023-10-22,2
SYN-cb92849ec5942d81,1966c2c29ff7c59ffd90e435a8c808926c788e94eac5b376b300ff13aea383fb,2023-10-22,2
SYN-f4520f2c8c8828e3,19731203c73488184456549bfe4813d69ea3bd003f1bd18822ff003a28890d97,2023-08-01,2
SYN-be72036c192d8c6d,197498c1658ab4f49b35a1f68f42b725c8ab1afa002759f2d9ca3c3c1884559d,2023-08-01,2
SYN-fed3f686ed0f0d50,197f42c3b054a238c093dba1717f1a5ab41df19c72b17e6f5f6bd3411d4e537c,2023-08-01,2
SYN-0bce3fa96198efde,198283e9983c9257747407551439eee3642c77cf3c52ac7de225da9825e61f8b,2023-08-01,1
SYN-0f70a4aac8d3c7de,1987cd1d9f8050e04a30ebe1e8e978716897e79c4ddc92532886b63cad199ec1,2023-08-01,2
SYN-6e4ca3be9c281744,198884dd6ff81ffe24d593420fa54b5226a8a19f19d0e2efa71107d95b032bff,2023-08-01,2
SYN-9ffcac3008106cb9,198a606719e3502953cbefaa7d9795c469efde28404bed3115a7f70ee39e4fc6,2023-08-01,2
SYN-2ae0028a048be6eb,198b6d5ff268abf66ad0c6e4292bc2810d36390897a22fa7638b8888cdd77d72,2023-10-14,2
SYN-331cc982cc3d9200,198c76d8a22c3348607618aca281022b0b76d878e994a052254ed47c7c3b0553,2023-01-17,2
SYN-a84b3417c2e8f12a,198c8b00aeb9080286133ea08c4b859419d83e27286e4676fba965a0121c2cc0,2023-01-17,2
SYN-1d71db4072cbba60,198d979aee43ea32556508139f3333e878df2879d969e71ffa46708937415930,2023-01-17,2
SYN-efcd93c58b0df35e,19911201a6d96b4cc76d7c26a9362af127387aed79d27ae544d29338ef12e237,2023-01-17,2
SYN-6e15df79422f0df9,1993d0dd8fff7485c517a2d3bfe547be002b9ce895d9c035167d46bf7645bce5,2023-01-17,2
SYN-a9dc0807f3b1aa0e,1995d06a965d33ce2e0619ee32eeb4ab77570d8406e710346c10d2b75981fe80,2023-04-23,2
SYN-90a70b41c187c7ee,19a0aebba8149508c08e1f1ec1133d6cf648a3e1def06a5320f275379137ae24,2023-11-05,1
SYN-8d5527920c0c60fe,19a3276b34a4054317bb06fc970cc497d626ac202376b9824f03a13f9ae2308f,2023-11-05,2
SYN-2dd600adb5264478,19a79c2c4cba2ef769e9ccadae34fccd0f8c39225b8f0a031dbc467117522653,2023-09-03,2
SYN-db66002a0e0857eb,19a8c3a0ae738e4f7dcfcf88ead3fa80b38ba40c04ccbbd505b7e3f9c837ccea,2023-09-03,2
SYN-7446c3eb737bbc8f,19ac43a577ea46f6704bfeaea3f1c4824d8cebb6be4eb35a621bf1c59eae1f46,2023-05-17,2
SYN-1a07525f24cc6592,19aebbb4ca18d95bebaa4c2f4165869bd021b95ee7255921905f320501c1fedb,2023-05-18,2
SYN-adeddc3657090f7f,19b2b5fb5c70ced770507c66fa5c7f41f489403b9e3d202264a545c54ab29f3b,2023-05-07,2
SYN-17aa9f9266328632,19b5f11f428fdce68052ca0b1dbfe4adecae9e26ac5a4401b51c623ee5c11f18,2023-05-07,2
SYN-9fa94abaf45919c6,19be5afa47dc2ee3dd920e7139349c020482bb62aa8fd0998b7b4b91da30c1c0,2023-09-06,2
SYN-fd7cfdd9a48d2752,19c00929cebf971c736077c43ffb07d32f35fa024d8d08fa2c5d56a2ec67b0dc,2023-09-06,2
SYN-10c84c0dcdf1f682,19c83b646f634fd46146cbd1dc8fcdaabac2e4d140d54d88262cab0c4ca0ee4d,2023-09-06,2
SYN-ecbc282129f05a08,19cd2f1ea9166b47b537535e961e6148519a71497baf22445f774f1d1e06205d,2023-09-06,1
SYN-4e11a58b4f58154f,19ce62097c4188f15888c9b8ef21e977195d6fcb510e4de3579853b51392ecd0,2023-09-06,2
SYN-5e46f5cb9d421843,19ceafda88892e2da94a5bebd7fc3f6627b0516a1d95f4bca9720c166ffd6297,2023-09-06,1
SYN-a99c23261fac4534,19d0db7510aa4783a3a4a32bf5356e96e96ae43ba40e15c4d0b514093c9ec8fc,2023-09-06,1
SYN-68c1f2b154b27424,19d44cf9e1e1b4e51cdb00572a4f0bd539bcccd14e2e0703a9f87f18cc8ef457,2023-09-06,2
SYN-056d7000340b2e98,19d7a1ddf047c132cf9fd6d8d1a83b9aca4226b4b39e2d84fa6fc9e7ea6d67a3,2023-12-08,1
SYN-1bdb19c17d444aa8,19d9d1f8f83a9aba5cd1ce11d5beacab17641312e8764d19bb6877a81991093a,2023-12-08,1
SYN-a0e3a039b6df007e,19dc208bec2e6144c016532a3b25981b8bae08f41cf683e680caa72826804612,2023-12-08,2
SYN-d1f1dc98bdd89585,19de9bef98e5cf74ea2d3b4dd8dd66a3837a74d033e37c2db37ce68cf98bd8cd,2023-12-08,2
SYN-b15a2b0b99041a62,19e0e4e03a89e80d69abce1d258eb0b1ca81f685233fa5af8e00040923fe7a56,2023-12-08,2
SYN-8d5f9e822672042e,19e75441a123723f2f355b645fc90f1e7d66a294349e44c60db9151c7d226cff,2023-12-08,1
SYN-b860426de785db7f,19ea1a179de605a76c8ebb0a82cb6f16f651929b21291d7c88525a9fabcf4121,2023-04-18,2
SYN-3f314b2a2b57ef1a,19ec8b377bf51919cae18dd59e0a4b393455f8de60c7080992f82962d006f76c,2023-03-24,2
SYN-847a569b286f7b01,19ed2a95db8d346ca97c1fb99df9307f10abd2b23dfd8029271ecbdf0cb7bd88,2023-03-24,1
SYN-d582b23c50667830,19f14653883109fe44e32ab5a966235f2e9b6b8b41c220241fbacd628f746d5e,2023-03-24,2
SYN-40c3028d82af5049,19f1d3150fcf86c9c81f4801ce06f7a82cf4ae2bafcd5ea5a81e4b607bc94461,2023-03-24,2
SYN-ba0cbdae3f745012,19f585b77387a40aa129c1a206ac8428a6ec05ea6434b10a700cec7006a71ddd,2023-03-04,2
SYN-96b13af8a2c37799,19f5fc0cb6240b4ed2dead96e6e466cd272e6de55dd9ce747698d6c9dca35447,2023-03-04,2
SYN-3b0b10365fd594ff,1a03e86917617a289e62472fb117451e000e17549d2bb05e76d8802f0fcfdfba,2023-12-18,2
SYN-dd036e8d6b272aff,1a08e2f6c4e4ef99d00096d7678ddd59c4733942648a49bdbcb29e05eb7d198e,2023-12-18,2
SYN-65aff9060c0971c2,1a110f9321b131996f249c95792140057b572a9672db423d3e43764c4fb4773b,2023-06-24,1
SYN-45cce41fb29ab118,1a11c7b714a04b23dbeeec21ee0ac9bd730e983ee881f822716ad3a18b02f2c5,2023-01-02,2
SYN-c68983792144a7b2,1a1213edee828225fe588d7f88164ca4ae501d03e3e016718053d3897256df62,2023-02-11,2
SYN-1082eee544145c9f,1a19dd74400e819a0ead5d8cca39a152385921d6875db1d9a8161afa340ebf55,2023-02-11,2
SYN-7563b321f112863d,1a1d2538c8ee7298e9cfa0fea8399ae3363932e8890cd7575bb531b75b715e2a,2023-04-23,2
SYN-05e27e4fae0c3958,1a1f574d3855637efb46ced8511d3bf50a0bbf865ca1f8a2954636986206fd20,2023-04-23,1
SYN-ceae113c19c034b1,1a25d0c766fa6cf24911b05d5f57000a0837f9e552ee37cbc44493373389b515,2023-08-20,2
SYN-92ffc0c29e907c78,1a2903b533cc1afb022e12a585af1d01fe179805afaacb16a02a634767166ce5,2023-08-20,2
SYN-49ca84f6dc2b8754,1a2a5f33483554453242f7969504052afa86e1ed02ad6ce7cb0584b1b534bea0,2023-01-01,2
SYN-eb2cdce87342e204,1a2b2a6c18e889202811586ffb325a4b6dc48e5d19e749ce77d97ec6ecc8084d,2023-01-01,2
SYN-bb6e28127c10f093,1a2cd307fcac1c3a82ea0acfed316493e026e19afa8188290706db8815d5f01f,2023-01-01,1
SYN-e684179df79025f8,1a323419ff0799b4ec35d1762302939d2736207b0ed27a91b490119fae3e58b0,2023-07-13,1
SYN-6bf026df4f0bf02f,1a337d0980b46e983b1d7bd202aab0d458081946fc4ea30c232c2fdb694a7975,2023-07-13,2
SYN-156da03c3d586e0b,1a393fa84e5e43a671c5d5e7d73e8e391546397d270dbcdb5c99f3d777ef9d2e,2023-07-13,2
SYN-7cb3ef1743902079,1a396aff079dc10354ca19ea4494068892a5f95347a470924b724d599051003e,2023-07-13,2
SYN-4c1ba72424301628,1a3eefbd919fcc48258fe5c23d3762d9d03cd9cba621770ddfa614640fe7ce7a,2023-07-13,2
SYN-dc8e812a1e89a9f8,1a3fa0fe078fcd49a2a9caa9006e746e00349b34c4d0af888a05aee2b46fab7b,2023-07-13,1
SYN-ee59c6688a684c53,1a42946a42f5be800df9c263ae65dc12eaafa003e7241f6685ebedc4c0fc73ee,2023-07-13,2
SYN-ec49e793877f9d1c,1a481c4a70d154c5f58b0610c232815de360d3c2e000e88aaf0d92586843b351,2023-07-13,1
SYN-caf1d89b098832a9,1a538bfeb8412d851b639cc80199ffff91c777b53402a8a1817294237e664c76,2023-09-09,1
SYN-2a91ba8c232c65da,1a551908db2b1adddbcc66eccd3d65ec930f8258e32776a8197a09d85a4a1d78,2023-03-25,2
SYN-91c5bb2babe3164f,1a578b6bfcfc56367fed874873959b3192d07d832ebbc9249238b99bdb1e8e85,2023-03-25,1
SYN-a4e6dcaeacef3c59,1a58a3fb74640aad6ccd8ff99028a6e8cca45b8ccdf0f2feb8803d66f558badc,2023-08-30,2
SYN-040808476978188b,1a58e4aa0c4b6ddd5679646338600c0ec55d10813a36ca367f6f454eeaa2a1f4,2023-08-30,2
SYN-9767e548ba14ddb8,1a5d362953aacf0a52fcf21eaaefda190403cc8866f56f02049c7e4d36f2ecf7,2023-08-30,1
SYN-4d1ecc30bf6deeb2,1a643aa4502babbef9b2540e735a088197ee131320e059dc854de9d35a5d92ac,2023-08-30,1
SYN-5867235e745a6799,1a66371a22367e8118f8a149db8323a72443ca7911224b8649e7fcca8a022f3c,2023-08-30,2
SYN-fa939ad4c00db2b8,1a674938eb6b4f9b3ef35eda901f7c8a319f2666b182412685fb4785b22d002d,2023-08-30,2
SYN-9c3ddc4673ee84bf,1a6d5d0adde736e0b7c1f55ba1ee33b09fa8cb316e2a747177adc1852bb1000e,2023-05-07,1
SYN-9cb0845ecc43d258,1a7285b4e06a6abaf420380da4453529a8e0c1ef00f7aba0340d73c3d515ea8b,2023-05-07,1
SYN-b46aeacd9110ee78,1a7df69081e37526af54c6a40613088fd416a0205298774c15196fd0c488cece,2023-05-07,1
SYN-b7e02833bf21457a,1a7e7ec48f9d4aeea7338fbbd7f4be83662d18a42566116d7f58d35fab396e7c,2023-05-07,1
SYN-51be8ad8406b3559,1a83e52ca4ab5fb02d5bb47c27fd6f1e622c02bc0acf1c0f8774ead35ff8f98c,2023-05-07,1
SYN-bfd4912923760452,1a84c873471c0e6e64ff0b8cdaac0630caaba4d9d41d4e03dd4c5196e7dcdd45,2023-06-02,2
SYN-1fb3e069c849d2ad,1a8e07d56287d5fcbd30d81c0d38e97a2dc139b0ea94cd2cd427ea161602c02f,2023-01-08,2
SYN-668d8f07aa78add6,1a8e58ff1904c20c6ceb9412533cf64dd10a7647a41591cd149f81b1cc8e314d,2023-01-08,2
SYN-9b5042b6fa19ab38,1a8ff5bca9a06d93488b597eaba364f4d96d936a3c96b6c6d696a5445b7dbec0,2023-01-08,2
SYN-8b4c23d8ad8d3fc5,1a9294f6d8459b9055b82241f0fc401b92b627b947d5a2bf2df9c8b99e6555dd,2023-01-08,2
SYN-e2f24be294d83880,1a932896cb9c969faf8953736e5b617283cabf5811e649a925a580f4d34bd3e1,2023-01-08,2
SYN-a622ae79b3e395ef,1a980e008fe4cb1ad601c2ac7ad1b8fe1f2000ccb9e36ab30f56dff75f50bf82,2023-09-02,2
SYN-fd17391dd25125b6,1a9c9e0e72cd4e233f9e542d5b6fb68e914189fe0c28435e26ebca79351eadba,2023-09-02,1
SYN-ba49c2c3f7495df8,1a9d9153b520f1b22d99364a5754799a84d7aab3428c7c947562b9bdb0d96b8d,2023-07-31,1
SYN-1b80278fdb68d065,1aa1dfb041052ea08cd666e5509de21bf26efa6406bfd2fa253af9dfa35cc8fa,2023-04-01,1
SYN-cea3d1995062d589,1aaa2237aeb1d445b331f371e6de664a18354a69bfb6a95d8c419dc5f74844cc,2023-04-01,1
SYN-e2af259ecb336ad7,1aabc22e2c81e5ecdff93208e03b74906224d27a9f0516cb8e41e468c26c6f07,2023-03-17,2
SYN-22b61cbabc8f8b5d,1aac60363fe4f1e3e91a14a4b12994b135df651e671359966f7d8745c48b9dee,2023-02-19,1
SYN-91df0e7d0718ee1c,1ab383dea25836f3fb8d5d65efd12d57deeb4f1d75de63942f7191951947829a,2023-04-09,2
SYN-24812fa35feabbf1,1abff699f9a16c3db54991c34b5c113dc4fb97af7a2a403e041e95ee465c7926,2023-03-21,2
SYN-09302fa5af0a5c45,1ac174f7e61ce13e9b110ab6d6dc2283c80f40515f0857ad0d9669d26553e3df,2023-03-21,2
SYN-6c1064169cfb4a84,1acad3ed3245e46d45ae5713c7548b2bd172341f8bdeb97a124c1e76bb6ef43e,2023-03-21,2
SYN-134d11d1675d25b3,1ace7905ac682f9dec0f8d37409684b5c946d026d22c61943c71acd027cd6cfc,2023-04-16,1
SYN-f6ab9da45d421d74,1ad4f4382250f7667f4a7fa4e29bf414f2c3f22f36988c31c6f92301649f3832,2023-04-16,1
SYN-14126bc30b9b386b,1ad647cad02c69d73e593d3844ddc1a6bcb009f3e93961882bfec1869c1d55b7,2023-04-16,2
SYN-17b90c68aa7939b9,1ad82986b914a3bfbaf440bca3dcb603e02f46c6d6bba3be2b677e9638fc4d69,2023-04-16,2
SYN-de0d8cf88ea4a062,1ad91b5eecb050b849cab75d0580aae68b60c26fda4145d6c1a184570a8c1842,2023-04-16,2
SYN-79ebb7b67b4e9962,1adda0b8d225b3f3dbe67cee500d4b2c29dff643fc2fec4ef3a563ac81f9ecc3,2023-04-16,2
SYN-3f36809eaccbd0bf,1adf0329011804da98887734baaa35df21c209a68ddf3052e54f3bbc963e0458,2023-04-16,2
SYN-352520b6bc4a7119,1ae10829e2e41ce6dd006cfe8f76b0fd0c38de485b9aebac87f85d69a4c18829,2023-11-08,2
SYN-94c28ab068035254,1ae210152b51b9990ddee32cf436b42a8ac009a299d0cbe190c0180b0f6da4bb,2023-03-12,1
SYN-7d2de68be3053c40,1ae2d3132b4f1fbd8ac69285c6de9e8686a0eea795aa944b6aef2c307597f0ee,2023-01-21,1
SYN-58d832b76af3c09d,1ae3948335af96c11695b7d88dd01edf086a3d0fc5fc1f41a3405789ef044454,2023-01-21,2
SYN-d9852ac77457ecf3,1ae55ed07e1c35d7f1565965948a63241e5cfc3d8779d267668a661b80982545,2023-01-21,2
SYN-1b8e08aea5b247c7,1ae626a057d3ed8b1417c90d4cc341301b7d7ad0225e8d4f01711404addebcc6,2023-01-21,1
SYN-9e6c910c710367a3,1af697b59834423d9daa24a0193bd2c2b0a16c2ffd50132d9fc9029a83a7b63e,2023-07-29,1
SYN-6ebffb43fe37998b,1afc51d105572aa7309cb22c483fea1e3e5bf03d4615342e3602beebfd841c5a,2023-07-29,1
SYN-a13aa3a7e1bacca0,1b02601522b562eac611d297424d5e64bc2898d4aabf9171867a7fe715fd531e,2023-07-29,1
SYN-f401f8011312530e,1b03949083f73eeb3f22f85511f96f51b66f4c2ba56be5a6794461d7262f35a2,2023-07-29,1
SYN-343ea23963b53885,1b03e2e240f48c51f782c0012974dcd5bb27e6237944c75d231fd356e932160b,2023-01-09,2
SYN-c222e1b488483320,1b08369a77a9a1cfed4790817c9d17c089a41e28137cd7984e4ec6bf882e3674,2023-07-10,2
SYN-997aefee66f63995,1b095eb04d37a138ac16d6a96eeb3c0022c798d94b4af45ce54a8d29371a322f,2023-07-10,2
SYN-fcf147aeae59358f,1b0d82881e5dacce207e6dbc0fb31afb20bec9d6a9d5757556d3334d239e2359,2023-07-16,1
SYN-0885848493b68172,1b0f02bbf931f6f8ea450e47cd069769aac76d529696bc1efc7f0777b24a73f9,2023-07-15,1
SYN-96bc4120ad879e64,1b0f2d765a958550ce7d7f74022481a65b9b3bd99c1c9e3a7701f7fb57a52ea1,2023-07-15,1
SYN-cc8eec4d04a82de4,1b10b858a5017bf62de9d00d240f6e7d721fbec2e1cb9b02f3f7812bac80aa9e,2023-07-15,1
SYN-4ba3825769f8ba45,1b27e9fc527ccf90789cc0fe4aed674a8a3902cfe107451d47f2c7b29c57f438,2023-07-15,1
SYN-2a5565b9611f0079,1b291588ef8570d77e354d045dc8041d9235f2437c3d1f9bd3ddff487e20fd64,2023-06-27,1
SYN-1cd0e3657707584a,1b29392ac39dd36d2cb56b81941087db6820e5b29acfd47a2dc71932dda166a7,2023-06-27,2
SYN-fd86a8b458dd6b20,1b2d1f456eacb91f409b1d490988c26786f9be731661edab6890c73edab2223e,2023-06-27,2
SYN-562b296bd50e6f12,1b2fb96c64463c7a910495d9a2defc36ec67a2e2fb9cbd63283ad54ae7781c53,2023-06-27,1
SYN-1a7fd76896117e3b,1b3423d23c5f946b4f55b8f436e8804346874fe955b977b46c1d0ede16ddd886,2023-06-27,2
SYN-a851d3c70f0501e1,1b391d78294e94dcd332d5f27636588935c100324d29f09b0556342fc2c48045,2023-10-20,1
SYN-2b62f102517315d7,1b3b62857f0142096da649d2fc0ff045a0dd8c0ee76b45ceadf22fb762612a18,2023-11-06,2
SYN-f796dc26d4dac315,1b43bc392c4c1b2f898709c457f11bd305313ccd98d9fcb5ad134c1d58bd9230,2023-11-06,2
SYN-afe6b97ad8f706be,1b447476c38882ab38e598b6ffb778ce64ebbea88626d271ede8f303498323a1,2023-11-06,2
SYN-93892aba480cdce3,1b45c0377ed81cb18ec2a644168ed5957070e9b5b6881f70731b243ada1a43de,2023-11-06,1
SYN-b13bd1e29a044f92,1b4ad1bb792824540e946a0b0753732b12a4e093838130fa44a37c625dba7816,2023-11-06,1
SYN-48e26aeec5fbf7e7,1b6096b97d1014337a0733021211ef095c2f71a1668ae7224a3b58ed2d470d6e,2023-11-06,2
SYN-58d904edd2d4c3f0,1b78852fbbb8d3808a8394c0d0559db36d451287d828a8420678cb627ee9d555,2023-11-06,2
SYN-18e27af6695d4eaa,1b7e515943116a6debd27af41d5111b14956d72f1680fdd968563d2c62f3085e,2023-11-06,1
SYN-b7a8b0545c79151d,1b843f20fbc81cd02f6b12920a8dbfc646e214caaa6d5e05ee0f3552afeacb39,2023-12-03,2
SYN-5d9af460e5ed4ee8,1b8e0ea28df34063d828a671dc54be013da3d4c84257529cef06f6d80170a807,2023-12-03,2
SYN-2952f16b7e7d8da2,1b9496dbe47dd45ffff1630aa2b532d1a5c924c6104d6665f532d6f4e4ff0a73,2023-12-03,2
SYN-526ed38c56e1fb06,1b9504e7307a5338b8544b366342c4c1b428c77d98abcbe05f21c9dbf64759f9,2023-12-03,2
SYN-200b1107840cb5d6,1b9a542c41cb83acb21c68a4a8c56e8ba44b42bd4fee48eb76fffc75ad3102ce,2023-12-03,2
SYN-2792073faaa1ef0f,1ba59f8222cfc9d6b0fdce8b894379c858fc0223bcfbbb422a41f369a12a87bd,2023-12-03,2
SYN-e47447169cdcde57,1ba6628bf59c6c5c643b4f3f749f04017d740429d6c338f89a058e3b55ccfbe0,2023-12-03,2
SYN-d717d59bc1545a17,1ba81f80da0316deafc86db01a7c9602e762e1f777177252b7438ff07c37c9fb,2023-04-09,2
SYN-d02a3fdbcca46373,1bad4bfcf574593b15d4b057ddcb2d09c143888bfa5e8b8f956e74b51f1c2da2,2023-04-09,1
SYN-c52d0e3b34c2d3c2,1baf119fa41e95a914bb2d5785f08f466578fbe5147f718f39f197f0d81c7c06,2023-04-09,2
SYN-7e013e9eef50cda4,1bb2414f98a05b73e04740db88cde7c8b733dc8eb0b7ecf19f82eea663dffe04,2023-03-30,1
SYN-9399ad18a5c1940e,1bb2c29d8a7a57fe3dd70db19ae2fda2753a4061c67bf40ad3b595c5f6ee946c,2023-03-30,2
SYN-7d656f7ecf6256be,1bc392c4fe10ed8c5c4d910b9023ae2bb5179e0037d7a7d8a3d02f961c8f1410,2023-03-30,2
SYN-f135f5d8692737eb,1bc65b063d79932fadfe5b4219dca6deaa8e43c4b93e8061fb45b3ec72128f7f,2023-03-30,2
SYN-7d799527aa15015e,1bcc89875c0d869406dbe9a031667763ab4d7e4d99a3939d66a1b9a9a94d1935,2023-03-30,2
SYN-0ceecd7e7fac300a,1bcd1e4726bab9960b985818f423896094409378891dd64991cc526c06363832,2023-07-08,2
SYN-70b4dc8be6e5d80c,1bd5fd0b45efe91387bcecc3e664a5627e18b0f6edc330e536ea88c89d79b576,2023-07-08,2
SYN-71876655877371a4,1bd833fe475d7bb58ce52abdffcfada0a65bcd8375eb2ea11818db578b651638,2023-07-08,1
SYN-d50cee784a47cf0b,1bdd19c7640df940aa0a5856ba8d0d6e3d2280b838c4ba960f5f436ca305d477,2023-07-08,1
SYN-0d35ce2440bfa704,1bdec165ff71bb0b8c7d6bc2a06b6778f7ef840df5dfc8122992de09ad725739,2023-07-08,2
SYN-4a53e67ccb14e163,1be95d6d39e8e51e7c1467cde795fc4e81ea444e7b9a934cee512916272074b7,2023-07-08,1
SYN-320f1ee5177e9490,1beeb0fda0fdc5ff5760c05a1b9dfc60f779f70ad59251a6c825ad2884aa3989,2023-07-08,2
SYN-2261e48f3be6b214,1bf36a93aaa818283953947d56266f6f039098a38f3779fe9818d903e3cf771e,2023-11-07,2
SYN-1d864fd3fdfdffd3,1bf7e1284c0e024e9ac2815ca99cab2666ddfc7d786290d29195aee2c067fa1a,2023-05-23,2
SYN-0223a677b10a404e,1bf824adc9bdd34b5cf6c7fdcbf40bb81bb29309c85aab6894b07e01d16f7773,2023-11-15,2
SYN-0b4d2f4803f669d4,1bfc4215455ae00b4185001828ce2ca6d6cac7c1ef69d6ec998ee3c4c066c194,2023-05-06,1
SYN-e358b646df0f8279,1c04358adc0463c3aac0b6d06cec07ceb8a353a35d1748a6062a63437be1efdc,2023-05-06,2
SYN-a8e64a188cd3180d,1c064380233ead7fc7d3c7a77e1d4cd8440d331c0938809c67f93b796bae408a,2023-03-13,1
SYN-88fa93774cc70535,1c0778dc21c28d1c1ddeb42ccb7ee6782329efbd27a8812c199d4ef5b44e75ed,2023-02-21,2
SYN-be2801e7806e25ba,1c12579d3cda47a6d173dc2eb5c6d3cbeae4852b5a1d1cc6eed268a594ee3c2b,2023-02-21,2
SYN-c1f7e58d98f165b8,1c1a0113e8b1fa3196aa815a75ee6fa190b523d614f36df6129ab0397ca9ce29,2023-02-21,2
SYN-420d32920b64e1cf,1c1b85902983e8a4e84ceeee35fd4da25378f1cfb745150d0d07f03b2881b31c,2023-02-21,2
SYN-01e13cd3689cdefa,1c1c31e5a6c7378e689f4efa451d661cc2e3eb016c8cfa0ed3229371e56be08d,2023-02-21,1
SYN-27d2709b94d48bae,1c2fe793511aa6ab32225190167ba82d3f24b470a4e669b3c3b25499601fcd00,2023-02-21,2
SYN-5f5d8043a969d35e,1c3803a351317de8fb00f28695fbf16319bd049511f318b14e393886c4ffa96c,2023-02-21,1
SYN-c1b05641f52ad9e6,1c3b99da29aa2460824266d8c1ae6cfe078a14f0eae2f6c0eb8dbf4a2ba35dde,2023-02-21,2
SYN-6d0c2d2e063bda3d,1c3ba7ee0819e0d7a8abae331fce61ad8198be0bc3e1401c3d6f8ca017d86103,2023-02-21,2
SYN-3881287c451a8c97,1c40f0b8cc8d2515f371a1038394bd3a53c948df7b78d463d5ec89b426708472,2023-06-08,2
SYN-a1f1733c394412bc,1c426a12d3d19028d32d88daf6cd5a01e0a36e079f9ea1e9c910db196b005fcf,2023-06-08,2
SYN-89e639ae51523251,1c433f05701a2729fbc5948ac0acad9ad22091cbf1e7a7c72f5d74ac69c3727b,2023-06-08,1
SYN-b1f3a60b6e6f3cc1,1c4bab127f0e06f8a5e7941b989664a236ade22c39e2fd5ec67dfb6ca26eb7f8,2023-06-08,2
SYN-c703054d4c090bb4,1c4d87c150d5e6a0d9de1c939793fa3b31f1104c56af0d870fca2c132e17408c,2023-07-15,2
SYN-d0c8e04cd55b733e,1c5d0bc73d468d71a4fa11856df8b2414d09d53b6721f82e89cc64e5c0b284a1,2023-07-15,1
SYN-f2df558c5dba8151,1c5dbcafbceeaed190d81aa9b41c9c1897b87b4fdbbc68997e140115ca8dfca5,2023-10-14,2
SYN-f240551976c5fc2a,1c64a938e13b6dc590c71ff2afee38688f08ea2ec281403c3f0cee35a392cf7d,2023-10-14,2
SYN-ba14ee65b91f3b16,1c64e7d2778518547403cf388b8bb9a696fda0cbed6f4c3cc5652e1845836e3a,2023-10-14,1
SYN-7a6910a2d5c1c71d,1c6509b2504635d7e35f0bdb33df2a6b22b5de7abcea332abb480b2e7ee8414e,2023-04-02,2
SYN-09b3034703ca4325,1c67ab9972bbe195cf0661a99a973308d65b43709cce4d49f7c51f5647a61bff,2023-04-02,2
SYN-e8240eabaaf2798a,1c6854d35d04f3066b2c1922b131ff76947ace0d3ededf4b76dde04f6ab8b2f1,2023-04-02,2
SYN-7eda3232c2a3163f,1c6af3d771cdc9471f6214c4dd623f1fae7a680e0ab9c9d0e7312f2fff8d0a15,2023-04-02,1
SYN-02217ddb90bafcc2,1c76dc25dcae10698985f9c703b87d22bb05b96f63b8fe45c26544a509391e40,2023-04-02,2
SYN-26b5b9ae4003a26b,1c7be9fa0ce0ea49ae7f3e22f95ef5c42ad849b84fd0ff7833c4568ab38c8fd2,2023-04-02,1
SYN-25f2cfa872459054,1c82544b99cefa972e826329fba96b62c40d4dcf43897fe06dd2e793705eddb5,2023-04-02,1
SYN-f6a3f21870c0b3ce,1c83ba692ae35a2bb30e1552983206881f5d61ac8412d11d1adfc8fe30f5a6a0,2023-04-02,2
SYN-d95b80902f997f4a,1c87750f59913492f873d80ef08023203514f2e04f6f1c94550564c5bf9065b0,2023-04-02,2
SYN-7b87859db18920e2,1c88cee7e4673687e990251491bbfc9434b02063a7bc589844f94b98996e4201,2023-04-26,2
SYN-c141b900b8abc722,1c8af1fd25b72f4089a79f7314661a5e27e286888b50f4116fc6103bd58c974c,2023-04-26,2
SYN-5df4eb2feb767c7f,1c8f04e2819c3b2a1ab2c58865b4aae0015329852607305b5df9d4b39d700384,2023-11-08,1
SYN-b6f6e2a212df67ba,1c92ba8fcea419f7b0afcfb0f68b04d287c91dc4eee158e689ed0ea5afb69928,2023-11-08,2
SYN-556ce053f3d908cc,1c934445e74dde23cabe47301734946dd604bbdce1d7cbf8389cba781b3c5010,2023-01-18,2
SYN-0a45ee0a0e22d5df,1c9ae3b4bafb70afb65f3721459a6581b087cc155c27bab136ee2194ca04f5de,2023-01-18,1
SYN-cecb93dde1015c51,1ca088dce700e95a33db4e12da6853eae498d37f8a680747e943b8c8a25b30ea,2023-01-18,2
SYN-243dd68f0716683f,1ca787f98bd3da4bab0f694209e69dc35cfef9769954300e9bf61c445ebe7439,2023-02-12,2
SYN-fafaeab9ffacac4c,1caa6a9ccead7385a5bf3b9616b909ba163077aabdfab6536d50598f2dfc84b6,2023-02-12,2
SYN-6b41ecc4e016c642,1cabc7b74dbdb09e6713f50dffc0342f5867c849270ffba709de4f6f77c33a90,2023-04-01,2
SYN-9665d0f183057c33,1cacea6ed29e8856d37d6e9951d745ac7aa7e21050d24c0d6712101d30656fa5,2023-10-25,2
SYN-12175bd0b43e4e6f,1cb06a12edbd972d5b3342313c21b585554e90ca9116f96a470c1b2bb97721e9,2023-06-27,1
SYN-6b8e3e918efae629,1cb4a3160af8058627bd12c51b85527d18c2dd68231e23e03224b379865dcab4,2023-06-27,1
SYN-e11d385543ccb7cf,1cbc83a7020019ee8accc05f094374d26252a7a9994cd73db1979043080cf71c,2023-06-27,2
SYN-a2388c080b75d6c2,1cc91c3e40b5330943c466925b4f29693fc7e162035f52fa40403c9edb59e340,2023-06-27,1
SYN-1fb71f529bab0359,1ccaf2ecad178bb622e4bea8acce4dfd694540010298d8c9b62bbc865a277b56,2023-06-27,1
SYN-a1c6c47d0e7abfb2,1cd1fc2226bab1d599a7a5eeccb0f6a2ed5fcea57db162a4c7aee82266553ccc,2023-06-27,2
SYN-3b100fb681aa8519,1cd24884226fa47f02640073ceee7171f79cf7c17336a6e8362aa5d720972dcf,2023-06-27,2
SYN-e786483eca5ad0fc,1cd6045dd1dc843f0b0946e0198ef03cb1ed0209d7645bbc53d093e13198f783,2023-06-27,1
SYN-81539275e990fa14,1ce508ef78ab775412ca1d8a83db029bcad789940a964590f89d8e3b22c9c99c,2023-04-22,2
SYN-2f8fa4068239f3b0,1ce9653c919d6f8372a53e04286c850fd608793a5525ff61ecee506563f685bc,2023-04-22,2
SYN-2ba189ab0c7560e2,1ceef1b035e61ff60c1da8e39816ad891109a0c11808e9d8f4fcc59c967ebeb3,2023-04-22,2
SYN-ff5a1f5769fa66be,1cf72681c5a69604b9ba0790f166169ae81ce5094eeacb004ff8fc994b80fd83,2023-04-22,2
SYN-0a8296ecae177806,1cfbc9af113428d4d1c55d5eb217decb0439eb4d681f9bfd57dd02bfeebdb16b,2023-04-22,2
SYN-5679b08c660128f1,1cffed75209ca6a4f215f34bb86fed0901ddcedb3e2dfa347d69f652157cd789,2023-11-25,1
SYN-29689a3456d8b9d3,1d05761718f0b260ff32446557bdf0bb80983be2dace95f4665a147a0fa6e0c8,2023-11-25,1
SYN-807a428574833cfe,1d05c5a417587b138eef5349ca8ecdc1782953bf07ae672f731526af009f8d0a,2023-06-01,1
SYN-2b86191015880b94,1d12be3f9d4a5169271d7e3e739a5b4b2609a0b7126d22ca42b36b2cf62ea16a,2023-12-21,1
SYN-35b58be5a811d77a,1d19deb3612277feb282ecc08b90496e4624d0ba67754d86f7f9a6633bd1c46f,2023-12-21,2
SYN-1430d280e5768b9b,1d1f6f9b82b593e2891ecd96c5abda7d495d8e81222429ffc8e2c18172022ff3,2023-12-21,2
SYN-e187ff08f9a624fd,1d1fc1b8aa6825d76877f448f9ce5b9a7b704d419231433753f4b8e55b94ae4b,2023-02-09,1
SYN-3cc13687d0d2a818,1d204e0be0677298a9326a458b6d89f36ecb584f17e2594a159aa5769e49f174,2023-01-11,1
SYN-43fa35ee7cf42e48,1d234630461c06abe15c746ee460ae1957d1f5742433c075cd24ee9d3ef1441a,2023-01-11,2
SYN-5fed6790bbca0f6d,1d282bfec4f22d99e0725d35213043586ece44dbfb3aa0303cd58c10803e4116,2023-01-11,1
SYN-50f9c43a5e4ff09e,1d30cd7fe23e348425d236ce2bdb6e17399558147f1c22a148488f45396d7495,2023-01-11,2
SYN-a581c8c49ea02d47,1d33434874e69a43158d65bab6a19aa6ef5b51c9a41de7fc630c8e67d85fcba5,2023-01-11,2
SYN-7a17b05234734f4e,1d36460f9817e8aa9e8c9589e7e106b8e5cb51def5c1d0f212fdef28af1b6fc9,2023-01-11,2
SYN-9ff9b35279aee2d2,1d443613997ab4b732670c39d871ab04146c8a24d435f5dd5adb60005fede05e,2023-01-11,1
SYN-25677dea8f0dbdda,1d4a53e08a8fdf9b793c0b30653637fc3b6f501d22dba00ce9277a37867eddfa,2023-01-11,1
SYN-ff7954d015e1e7a1,1d4c24be058ec9aeb4ebb45df88b8e6e032762a49b667babd1de5282d2cc52db,2023-01-11,2
SYN-d48858fe4035cfaa,1d4f6d38aeff804e6d15a6d2ac9df27add0fc294f911b803ae5ceda1656982da,2023-01-11,1
SYN-3634de28b8b9a195,1d51071ecf78291da3c2d8a52307b715c3b53674be208829b02c42bd48c68340,2023-01-11,2
SYN-34754f97165cd5c4,1d51ffe2ccfc903e775e09b48380b5f48d8981ae220141061889514426e64fe1,2023-01-11,2
SYN-1e184c889960c0bd,1d60cb7b08b6776c106c29098626282448b33ee848a93c5bde347641e42a14b3,2023-01-11,1
SYN-70b07a60d016480e,1d613a2c7659ea58a367394f90d9eb437184fc34491478f8e6be4cc7ef7055e9,2023-12-22,1
SYN-0dcc06892069ebbd,1d668c910fb7ef340de4725f6ef6f974f90b970598143f3d38a9b7d0d537f4ad,2023-12-22,2
SYN-4c4cf1f06183b55e,1d68aa673ba0a4bc628d2dd3a06614223ba7456399b184df7e06b5aa52ca9ccd,2023-12-22,2
SYN-dc6288147d5bbea5,1d6a14e67f57668e950fc1746d80bc52263a341f1e2428e8b814708056e45259,2023-12-22,2
SYN-359b29199e4b9041,1d6a6b87bd7f970f6d176b8e0d48384dcbb1f30cdd84b483fdb0a921eb6a4f92,2023-12-22,2
SYN-bf9f3f0afb99f249,1d6bcaff835e6ae7a556dfd1edd5ee65987fc283ddeda06b66458e5c6fe4bbb4,2023-12-22,2
SYN-25ffb3b3b3fa2db8,1d74d9c0a9fcdc128a3169d347b83fb221d9051e16865b3b62d941088814f9c8,2023-12-22,2
SYN-c9f57958ba5e7056,1d7af2d925af1fdc00038f31a6f75268c4fc0ee92d7d531e1984136e26553402,2023-12-22,1
SYN-02f66439a2e336c6,1d7d7df2a687bdea01c151561df0faf3a39e3cebbf26cd3bab73f9ef51d5d321,2023-12-22,2
SYN-cddcc6cd86e6cbee,1d81af1dadf258fe777a1c4c1376b56d8d455ad103dd28da8a580783b445b619,2023-12-22,2
SYN-237546604a991f34,1d8343473025c814243df5f29e5efb499a2dff740b2eceaf336ae5bd2df80a46,2023-12-22,2
SYN-d2f52771256e75e0,1d8950d19cb5b90bde86f794a9667619835c5c167ae61adc08b80ade830822c2,2023-12-22,2
SYN-fd43103827f2f8bc,1d8d79d58aafeb489ede2d3022394f4e85ebc3f04397529adb96926abadd45a3,2023-12-22,1
SYN-3625471f050ea2f2,1d8eccc7950f158fea23aa8e655e2ffc1b8c50c5402326388f7f91be7e95cb81,2023-10-16,2
SYN-518e1e314dd87e49,1d8f38da7a432ca33b546d45b61bc18d13874207e6c62b1a1f1df45edeb0463a,2023-09-17,2
SYN-4736dc67cc079941,1d910b4796fa9b39002ea4f08066d25c1a6fb4e891278853fe6d1f61ce26edd1,2023-11-28,1
SYN-a56ed9cd5150396a,1d9b5f776e39735e5f1ad046be5413179504c1f237cde0c449f2c0b46e506aca,2023-11-28,2
SYN-8820537d6947f85f,1d9c51b3870adf6337468567cca075772c6ae4f397b96be9bbde0d0267d52afb,2023-11-28,2
SYN-2cb1e2ba749005d8,1d9c7a93195caefd1e4a6b7af8f21c37fe9ae90658a304069255f15d7a7e9d1d,2023-11-28,1
SYN-36ed7f48af79ef19,1d9dbd4a621d9e11845f5f5cc6c6ffcfd12d2935d1b8aee2e844ffb9d1819945,2023-11-28,2
SYN-3d7ec0be356b0ff1,1da05afcb30fb940c774f1d075e48885a71b0da3708de029ad59e315fe651da8,2023-08-10,1
SYN-5f6784fe7b892b31,1dadf6f680113dc68ba34bccbf41111e5f92ca38dbb2e6bf92139fe61ca68124,2023-08-10,1
SYN-a244c9754c39cfb6,1db55a6570fe06c1eb55a89db606749e60a9009fc5dddbf22d42bde34f36f727,2023-08-10,2
SYN-6032f230f0237309,1db7740ad829045a7a84298f767a36e6a6790270e1f276a3848f33a60d9b84e4,2023-08-10,2
SYN-3bb076bdcd77d4e5,1dba844ed54508f6ba80b62c3c06f1e20bd69e31e0a0a0427490202d4a7f4920,2023-08-10,2
SYN-e9da03f579b8341b,1dbccb968b9bff4a7a6e55034816215930adf0cf5f53685ee1b19bb8e01c293d,2023-08-10,1
SYN-ddebd813fee1efa8,1dc3ff873934e848cdd8b35900a3c94531b1c8beca9ee25149944294f0a26fd7,2023-10-02,2
SYN-2849b945f3924757,1dc4029d8db576f4c280a45751d07b21cac5c1ab9e4df577f72d6b4f5b095227,2023-10-02,1
SYN-9aadd36bbc29a65d,1dc5a502ddc5c507ddebc319d570e72e27aa3b0cf24ebdae0c1f6cb5ccda2b8e,2023-10-02,1
SYN-b94631256dd55f3c,1dc5b8dbc4268ceebd234f928adc308cc2cef56f5df1bcc8000760ff23435e3c,2023-10-02,2
SYN-4ad10151f6f9639d,1dc6d62966dce3f80f38af94e2135beac9be62a95e11e2d0b964e39aff0599cf,2023-10-02,2
SYN-64fccc27175b7eda,1dd12e83428ec9938378b6ec2af4bb8208dba4b934214cd92cf4a1ffafdf25c8,2023-10-02,2
SYN-4b10e60c9d1e94db,1dd8f1ddc652832985dfbf0c15a561cd4cb1d7e64701d2e7218587d4898a31d0,2023-10-02,1
SYN-93715f78a3836e47,1ddbd4aee17fb44361f192c21fec9410e292f5472579b09e8491751e3e949c9d,2023-10-02,2
SYN-84b04f498518a0a5,1dde5b2fc72a424f65097fe7436f414c75b7659d5cf0dc06ae2308f8c04d30bf,2023-10-02,2
SYN-8d9390aafc44c1fa,1de87318baafea4da0f39ee90334f7b06339dd0daa0c95f50edc5aafbc4a7adb,2023-06-29,2
SYN-3b2a15776f5947ae,1deeaee8704556cfbd46b47d3bb553096cec190c05dbfc887ee62f63a0082354,2023-06-29,1
SYN-1e941d9baf209542,1df4e6ee827a56c9383913ff5b4db1286065ed5b4ba2c05521b1ec9f36a67de1,2023-06-29,2
SYN-045a302bcfb83c9d,1df54639e0f4779984849971cbe5de0bb968572af86fb30531c20882d7522f25,2023-06-29,1
SYN-b183702e888ebcb2,1df66db5879e417a7fc536e7002a100ec1a4c673afa290b9dcaf56e6d28473a0,2023-06-29,1
SYN-145c65bee2798948,1df7b69bdc62c9fef49fce09869a668f7a2b21eef355e5549d667b869fc14945,2023-12-14,2
SYN-a147fa9cbba2c40d,1dfbd9a54ce30140736292516fb1200009fde217c6b856eabe4cf8e68759d3c1,2023-04-01,1
SYN-b33fed70f59a1ec9,1dfe375876ff85f0a0d47a5080a7ea91a5fcfb523bb21154a0d822946d8e8777,2023-08-21,1
SYN-d7e947ac24102957,1e09bb9742d732bc4622a142da1d1c65ef4466ffa44fc27abdf91ccd79f9c602,2023-08-21,1
SYN-ef13e533648ab83e,1e0b0259d07146e4849bd76619454f8d963c63033609bdcc33c1f348ea126cd3,2023-08-21,2
SYN-14177a134eef68a0,1e12b0ffcf97d06ba14d39b5b9329b12a6ae31c47323a2639459bb8095d26902,2023-08-21,2
SYN-62fb5d0c83d3be83,1e14352c2fd3e2c082a5948be6010e224fb401464387858f0d997f419277e0ed,2023-08-21,1
SYN-07521e9131cc47f5,1e15f82946baad176cf1efb21b92d6da84fca3fc19f2434678d508a3e8354656,2023-08-21,2
SYN-e18fdd64512d1be0,1e1a70d833490b113b8a663080601babb09577eabcf12d0b7188b27138edb063,2023-08-21,2
SYN-1ce992a37e1402c3,1e1ad683a92b6185a043f8650a132ed7595442af7609e4677e2d8230654098a9,2023-05-09,2
SYN-477d0fc5b3b35dac,1e1d26de2bc73ee3225a29a519d9d8c9923875c4345558c25ed922e0b1441372,2023-11-09,2
SYN-6251c22219746b1b,1e1dedd982a025b3c6d9f1c78f0785d8f21f1834db9dee8a6bc13430c5ccc75e,2023-11-09,1
SYN-97c27d30cd4dc8bf,1e1ea92318cacede571fc4e4a9bf9bad9456379c4d47017ba557e1f39510f06a,2023-04-19,2
SYN-1afc3aff1d116040,1e2393267348ddebc0bfb0300158781687b63a0a587a4f74352239c3267fa9de,2023-04-19,1
SYN-e871cbeb08667d19,1e2411913a301e167787267eeb1b3ae2f289b65a904d94afc48350f3ea7ec87f,2023-04-19,2
SYN-9a1cf03c87b04ea6,1e2979185d9d14af8cd25120a75e853e0fe83355b7e175c795b048986d1a938f,2023-04-19,1
SYN-1939ec96e14f9872,1e37e7b72996545dcf74d542822d097bf4a4132b7929456318ee36c9c78914b9,2023-04-19,2
SYN-1991eebd88ea602d,1e38128955ae8128244164370e74a987cc0d141fcd9a355ad917d59885bdf730,2023-04-19,2
SYN-10adf03e2951af87,1e38a6a08d8db7831d9486bacda24dcd742d31377c7756e69bf822c2f29107e4,2023-04-19,1
SYN-4fd8d0e962b7d403,1e39cda1078b01e6a8b836bb461fdf5cba324a8f64bb28c32f917831773b3938,2023-04-19,2
SYN-2e76978e69e10862,1e3da52aec36f32a1681981d138c9d80debafca158c385b39d3d3030a9f52bce,2023-04-19,1
SYN-b84fa579995000c2,1e40659813cb9d6f3369d79843335e8e42bd403bb6eb3cfe9ff942d9a840ed32,2023-04-19,2
SYN-0c3d0bd0e4c87878,1e4b08b6f52d06f07f75194d7f982a4ac71df3b7f6ab8df3355862a4199435f5,2023-04-19,2
SYN-b167625a6a7231bb,1e4cdc07871599661d5ae112d84ccb5414022083c5dd3c1f109ee78a59e8c4a4,2023-04-19,2
SYN-9f04d35c90d6abb9,1e5008fd9834596f7e4d83defc440cdd401c1f4d9e76f824d610ac26ca790c9a,2023-04-19,2
SYN-93deeed8fa5fbfca,1e56a30aa0b0e88556768ec06543dc325ff082fb6f1dec169f2a4d02318607d0,2023-04-19,1
SYN-779b49ef4b0dca55,1e58eb051d4a9921deab8a932014be3fa97bc0d8b96ec6592bdc403f2b45c0fc,2023-04-19,2
SYN-48db006d17a84e2d,1e5954962d6ab3cd1ee91838ad58d22ddec923cac4420700190f88163e617b2a,2023-04-19,1
SYN-e72aefdfc827072c,1e5d176b5194f19ee702c2aabf548167927a58900863de4b2404927d6b175b72,2023-12-05,2
SYN-4de4f24ddf83f181,1e5f7e13e5fdefcc25c7d3672d4cdccda9edf9274051ee3240422d5764e3f8e2,2023-03-27,2
SYN-febc59348c0b4a96,1e6173892bdb9b7fdaeda28968fa2031a5271caa7661a8b84114da65c1fa7428,2023-03-27,2
SYN-cbafb4fc681e2d38,1e636f1817b15b27b991e7950001ded66cc4eaaf090be997df6d0b04932b9182,2023-03-27,1
SYN-cdfe4a85dc12ab36,1e641f27360facc431cdd7bebe75c79e1201eda10e2c48d31caa4752bb8cb514,2023-03-27,2
SYN-e1519bc701d4e783,1e68322b0e43d47c4fbaaa36211229185abd65f816fb6ddb00f2193fc3f79104,2023-03-27,1
SYN-77446a91a2846238,1e6f38a855f8ab01338799d8806e0ca07543360aad7bf0e230967b601a33d919,2023-03-27,2
SYN-44bd3b4a0dca5c32,1e72a447d5d600e1c13a21c8edb9e6cc8bf0d11623c3950b605f137813824235,2023-03-27,2
SYN-6dc057c4c0782fd5,1e793ccf85fc38581703958971f9a08862f8938e028f5d31cd8f3f0bcc80e715,2023-03-19,2
SYN-0300d604fc794214,1e86e04b5fd08e6b3c6e420416b3f8abf4a367bcdcd464768de73ca8562152dc,2023-03-19,1
SYN-0856d2dba3e6d146,1e87b23ae47be7de70c141f2f39dd3fc6a69c9999181d8e1847f60777c67e1ed,2023-03-19,2
SYN-63ef1d9d69b96d2a,1e8fae471c865fc98aaf7489611de838b9adba9a18f0140c48b4d8f69c9c7e49,2023-03-19,2
SYN-23070243c625f62d,1e925d67c61625b84d05809471e34605c1c3c9200a07009410f1d9c199243f1b,2023-03-19,2
SYN-d8e80e3c7c4b9a02,1e93a1eb9f7d4d4350ac7de30110b02a488dbf74594b99245a6b3a7b1ee4451b,2023-03-19,2
SYN-1d9f94e4080df43c,1e977319bac63406f0c3705d85a97638d59d6bed8587d3df8773b31aac220a30,2023-06-19,2
SYN-398e2a7e0fa21500,1e99857473cd6492688588c54ad80559819faf9607b433e692389493ce67aed7,2023-06-19,2
SYN-8db625c875009d16,1e9e401e2d9d8fd1e701860d520eab092788e904d55036a8bd09404bf7cd5a25,2023-06-19,2
SYN-d8350c44f9591169,1ea7d8c7c50aa82a47d7da589dd7433cebe90475f7820644f07139c76d79e601,2023-06-19,2
SYN-b7880d416b82528f,1eac023013c52e55c9df7978f1bd7f970f64c9bf49887ab7a5d13353fb0f591e,2023-06-19,2
SYN-a53943b1ecb2c7ef,1eacddce0e5ecd3a945b63f7ded47d2af4471ed7a1d75e0e276b760701c7e60a,2023-06-19,2
SYN-9eca3f9fa85a1217,1eadf21591e07a2cfc919aae279fa149aa39237d1d505a871614e0edeb8e2a13,2023-07-15,2
SYN-0fc4d5d379903b21,1eaf8ec04e28d146df917b48a9c06c566e76ef5eae583d506571bec24c31ca9f,2023-07-15,1
SYN-8ce0b5fcc41cfabd,1eb08ade8e761914c4b8d6ee419a5a9292357c17ae07d73dc23a035c1a6f633d,2023-11-07,2
SYN-db334d45e628ddf0,1ebd7c80237f3610df887b1e31d6ef70241d087cd83740e082f621867ef0eaea,2023-11-07,2
SYN-e1f38b9f6cc53cb8,1ec421a0802ff0a0dde23fd9d0520f0a75ca2fa25c05534f3e94ad7953626ee5,2023-10-22,1
SYN-6463995bb0caa5ec,1ec798d70ab36bb7d78ace9523a28870809bf466f23972cb26a7ee89e32133c0,2023-03-26,2
SYN-6f45d2cb13e59164,1ec8d5045c9b0b499a139a0e12f4c5e261f5ed4cc6d263c71652ed214b5d5a7c,2023-03-26,2
SYN-0b32e1ff198cdcd8,1ecd40b4f33824f8cc06980c19c334a343c9a8d61a68781aee94b3d590c0bd88,2023-03-26,2
SYN-851e555df2b9f839,1ed61ed2fcc412a7bb97a555090fb908b9f213c60be77c94474b1976678c7c49,2023-03-26,2
SYN-cb6fde63c38ad67b,1eda7e372de9cabad2e4040332621ef0aba8d993c006a5b3e8251e7b4cedb27e,2023-03-26,2
SYN-f1da780f57075be9,1edd15a7b6d0dbdf3acb2c6552f718d221c64ffad2dc59cef32b60a7c3b5eb28,2023-03-24,2
SYN-11af79053061df68,1ede1ef02603511b8cb09bb5f84c52483dc468738e6c30eee27360e7b0e3480a,2023-09-04,1
SYN-3a932896bda1e55f,1ede4027ebfa9edc1ee3cb97e710d977f84ef09a85ab1bdae8b519b6ef4267ae,2023-06-29,1
SYN-499f308efd310940,1efd27d779fa2a5dde1b77d7913c1df9636b301708af944d46f7205553fb5282,2023-06-29,2
SYN-cccdc5ccfc2e5e05,1efe01350d52d9fa0c03184ffdabf8decb976b523d3b97ee7ca685300e0e814a,2023-07-29,2
SYN-9e37ee427b1dbb17,1f0027850802838c8afa1667ff7061dc27e1f27b3a620cfef2f331d884bdd79d,2023-07-29,1
SYN-ff8acec6004333c5,1f0101ed239100e96743030ed9a754a81dfae45e06ff750b48625833227c27a7,2023-07-29,1
SYN-bd8bcca6ca74d6e1,1f0297dc16f87df724beb686ae7aaf6e23cd40a72173a6f0cd18dceb939b8ad9,2023-07-29,2
SYN-51df07ebc6566c03,1f063772fd0a46e3dc03b9eb89cb48ec87772a80f9ecdda0de66ccb0dc3b12c1,2023-01-31,2
SYN-e5fd294b8ed81577,1f09f1593c106b2b171e201a79e922f83ddacfdb690a0d8d382c2b7d03d0a5cb,2023-01-31,2
SYN-2611998b7af80405,1f0d76d49aa105400a0ca02b9b97efd08386d69019ece6489ba9e065cac9fa71,2023-01-31,1
SYN-39bea5afe9b62a0a,1f0fc12350d4789853db998e6d3621a33dec0a50096cc77623b4d345961457b3,2023-01-31,1
SYN-1eab9802fd5aacce,1f1146a4f8277dcba0ecb052e43e577dc0353e0fd790cd6f383fc4b001ba6728,2023-01-31,2
SYN-5585fcbbe2cdc3fb,1f115c3a14c8434167d789719457b5cc9f6d1cc2bccd06f00378ec2ff53f8e7f,2023-01-31,2
SYN-5ebafbbc9178dbfa,1f1365567099ea749302279d3cc68eb2b044539e32130fd4b0675b2ea262a2f1,2023-10-27,2
SYN-326e0efc5afccb41,1f16fe36a7b56b2612485ba80de819fc3c557dce02858c876924bf47c543865e,2023-01-31,2
SYN-b252e7210fcdf7b0,1f186cc4247764c9f306fadf09554ce73769c15662127382237d22c2831994c8,2023-01-31,2
SYN-aaa77fdd69adb50d,1f1a73e48922be34469ae5406f1489db22696d96b1dae919682178017d64be48,2023-09-21,1
SYN-ab05c4466303672a,1f1cf26df911719e4197983625a278e3df799f1c334849c75a31cd1fa4fd87c8,2023-09-21,1
SYN-7cc9c62c2e75c9fe,1f202776ab91bb48b51a88b779b2a7c8cfbb1e73d95d8dfa890588fa5237a396,2023-11-10,2
SYN-1bac864124e24ea7,1f2266c3d891dcf97a6de5e9e90686e5eef9ca4142ae8215f561580abd2b128a,2023-11-10,1
SYN-d4c65f94e59c7824,1f24fd00ccec58fa517cf9be01037927320d7e7196d5c6ecfb43752b08f2746d,2023-11-10,1
SYN-f8a9f2ced251ffaa,1f2aa570632c4e3991b4af3d44522ff62cc178590ba47012b06e6a4917ea3246,2023-07-22,2
SYN-3433533a2e122cf8,1f2ca80449ae44bb8ac8422278471744dc8083651b0f71f92b5703b4f6ea684d,2023-07-22,2
SYN-6b102141e7516249,1f3115ec7e8974d528bcb914e034a8c7be37141e72b92b8035344996b9f379d2,2023-07-22,2
SYN-9357b3d22611386c,1f320aca606ca7901a7f69981759ce8ed768368dcf8292a4a0325207012ce616,2023-07-03,2
SYN-69b6b9dfd795e331,1f32c6325bab1924b88664f34153af917de0cf3188a66b619b93ac70469bb006,2023-07-03,1
SYN-e8e10a41b1e56b31,1f32c8f37b6ce749a1044d089544ca40f8b6fcc0e7e7c6c9ee8acbcc5de0e25a,2023-11-17,1
SYN-3972e10e88c5bd23,1f34bef751d0ef949a1845aafc9f0be3b32d58cbf7c24da545322f007f02ce84,2023-11-17,1
SYN-470f57b130abfdac,1f3806ec64e2cd44e5c4c70ead7832fe877a2daea117784a8b1207fe41af9cb4,2023-11-17,1
SYN-aa74d22a635a081b,1f383ffad500a7dc151b329bb648a88275bd1b1b49388c91d698696c42fb44c5,2023-11-17,2
SYN-9a1c6b97fe201043,1f3ab052d8e678e3bb80a605cd219ae1970db340776ac6b50e79cb807fa9fa63,2023-05-17,2
SYN-fc43767d2a617131,1f3bc1c015b0f41b59edf6b294971061016fee7d4533f10a2922192f45b03d63,2023-12-17,2
SYN-943bbdb63ec64762,1f42676c70f58e1d24ee9a16f1e806a397efa6b939fae3e7d9c65687c63b297b,2023-12-17,2
SYN-9690fdc7f6675b97,1f491ce29188cba985ec9df75dd6584d9078a48058501d75f5ce41fd62701d28,2023-03-20,2
SYN-19afc59b6e0ad728,1f4bfb313bf69c2ebcee95e4b226af85d9857da736e799fbf254f68601c8c86f,2023-03-20,1
SYN-14fb7ad585fbbd8a,1f4fac36cbae42bf927c001187c9cd46ddb757f33f31cc1d39bdd00c04a93231,2023-03-20,2
SYN-032844a225e88794,1f53e8d699ed6804627054a3f89c14e72e3b73767d066f75ec1b786efff29455,2023-03-20,2
SYN-a8f18853b7c54a15,1f57b1fb9b566a1f704c0cbe063cb90ec91276f22eb80b5b94ba3c4f283b8b50,2023-03-20,1
SYN-f915825c3ef99cfd,1f58e8b3be25c4ca4bb457902f911cfbd4ed3a3f5026854721b6d1b80269c513,2023-03-20,2
SYN-c5769bbbda3a85ae,1f59cacd7faddc9f8084102bec80230bcde9bcae46e8df3abc9bbe88b773f344,2023-03-20,2
SYN-72284b62ca1d22a0,1f5dc0b0f41070e49f55c465318791158aec6dd85b94ebfe12d359da3c74af17,2023-03-20,2
SYN-90009c7878c8092d,1f60d0f7b7373676716ec87c8c3775a30832d86c29b81d4074d4eb781763d35a,2023-01-28,1
SYN-1f0000cc757c2b03,1f691a74423e2755b7e3492caae2aacbf6f8b06459e7881f0fa300559c4d246f,2023-02-21,2
SYN-40130d793273698d,1f6dcdf2ae86bcc67eafe4fa48aec777c4161ae34bc7ae797644cd72edaaf542,2023-05-05,1
SYN-1ca213c5e2ba3600,1f6fb6bb8bf13ed472cc73c71e8b165019cf295fb61e33a112fac359934427cf,2023-05-05,2
SYN-d11de4a203a859f5,1f737aaec396f7d1186571d9fb4e28c2aaca592949a8c2f8d558aad95dc00892,2023-12-06,1
SYN-52b05ef63c2fc530,1f809d81c8f313435353edd5a91dd57a3d1c90025378484d470c9f6669ce6787,2023-12-28,2
SYN-01d181685ad60362,1f835ec44e1b93e020da7db6a06f1a5515ced6a018201d1225af8eb580d59e78,2023-12-08,1
SYN-56101b277e8d8430,1f853b4ca5bdac0b73188ea737a46f25729644d8e5219918ed6a2e0715d47b7a,2023-12-08,2
SYN-247934b34ce5558c,1f8bd0d309e2ca8e0ee9ab335b3155a937aaa54923c6ec9d56b82e14dfd211a6,2023-10-09,1
SYN-fa7333998f96610b,1f8d21fabfd19355c8dc776aa227ee50985ac8070fd3c55ed369d41452d4a372,2023-10-09,2
SYN-fe034e23af57240f,1f917d8f3d49f49ed281800416418e6d853b17d0365f4245f7f25c8a601a718b,2023-10-06,2
SYN-c76416e63383422c,1f9ce3a1cfad20f49fa1557e2ad6ea4c32563d0a6e033d86c2a8be43c6ee36ad,2023-10-06,2
SYN-f034cd5456d48fc0,1fa166621b6c4dfd1b247149d852f36c65f61e66a09d16a6426ae95a3eeb5168,2023-03-31,2
SYN-ccb604acc3ad58e9,1fa261f66d086ec620f4c376cd944f0796c5d728547399596c88c3a7c06baaa6,2023-03-31,2
SYN-ea08fe26a0dc6ddb,1fa3651b6e7dd137cd3f6cfcabd654a5377614d924c7fbde3fa263e44e0389e2,2023-10-27,2
SYN-5cdfb541f4c9eac9,1fa8aa4107528ff63ff187001ea912b72b3b53b825c927bae1da785e42bc8248,2023-10-27,2
SYN-2343fb869be293c1,1fa930b39dd101682cc6e3532ece9ae6fc382152f7b3414c2722c5daecc24aef,2023-10-27,2
SYN-f117faebde7926dd,1fae3e0134069f937b6edf6a2fd974fd2f70bcda4921a622f06cd4ce605702d5,2023-10-27,2
SYN-8b2e476743877b89,1fb049721851f598606aae740a3e2c4c2f2a133b2c7539725f97e86d486b5fd0,2023-10-27,1
SYN-2fba07c8880c9c2c,1fb42a88235cb28a940cb35f6221a801d5f2286284b41288a6c6af8d9aab2d77,2023-10-27,1
SYN-f7ad7eabd3fcaa86,1fb56d2d0b2929f0830cfea7134d9db70ed0e93126d16a61f874806b8dd4ddb5,2023-10-27,1
SYN-7eefe90182ca6fce,1fb67588c65953b8b6465f0c858b8eb3b0a98e44a28e18036bb25a1c3cc950db,2023-10-27,1
SYN-81afaa90aafcb6ff,1fbf7005b366970686754cd28009ffa55a6dca5ddc8b0657c092957ad89bb3b8,2023-10-27,1
SYN-7ca49aca0ddd2a65,1fc04e8e909fe8ee5e73a12dae4b4585109c6364e742e9b481c732a24c118638,2023-07-04,1
SYN-24694c9269029524,1fc6854887d081bb7c6a89b59d09627b2263359f4b844a9cdee205f6d3fba30d,2023-03-18,2
SYN-e0fc4789475b41cb,1fca44d84e7949930c3ccd462f0a62bf178da7a898a6e9dc13e3309065088114,2023-03-18,2
SYN-346ff113e288597b,1fca95b7419cef39360a799584bad14406887eee11ea4b123aed78c191eeaf16,2023-03-18,2
SYN-f326817caa4243bf,1fcb0fae25abbbf8b82473587d4a66ec6ea716091dcec747d694757bf0a6e2ac,2023-03-18,1
SYN-3649ab2eba92666e,1fd5571becfb1a1702f2352339fe4f7f1b97909e1684b4891c76c0b9992e6d9c,2023-03-18,2
SYN-6b2daac12585f532,1fd64e37930324bb150ea495a768d8d064d100db4a4a9b34e95ccfb8449bebd1,2023-12-14,2
SYN-ed26b54a8db43e45,1fda16d185d046b7f7dd2cd79fe3432cc16a06f1b4e35cae34a1ecca23fa5122,2023-12-14,1
SYN-e70e09db952f9c8d,1fdb3ca9a33a6afab1a437289682e01e84b1652a603e42005fe78080022ce012,2023-12-14,2
SYN-6c220d68eed50f52,1fdeb0d7ad644b45fd2b90483fd5c734f0da5d62e2950a4383ad3f22b22bee30,2023-12-14,2
SYN-5fcf2ca865b026a0,1fe384ef8f11f6ab691d526db2e2582e2a9e04b8db08ec3794b4d7ef3a695bda,2023-12-14,2
SYN-dc900ffe1c9319b6,1febfdf07de3992aeb3ca0be442aad42e53e1b7d821ba0f05a9389474d4ed1fd,2023-12-14,1
SYN-e62434f72f35ca36,1ff2735a2b9b6e807b653d20d1a4a7ae3a526c558f016ebc17ed5d98db545fcc,2023-05-30,2
SYN-d70a59689fdc65a3,1ff97594e0621bf36c5e2d84106d8936b39f199fe4d46f8b37e351caa0e8bf7f,2023-05-30,1
SYN-2b67a80347865d73,1ff9b6a8c535196b4316645b5f251aa02b697cd155d40313dc7e6e2c92b546df,2023-05-30,2
SYN-812a2a0bc10bf73b,1ffa107b2a9bf81db993afaaaf6dec1d94bcb52d8b1e1e3b824dee9d30e0eed8,2023-04-10,2
SYN-4979adcd0f2cad5f,1ffc28b666243228c0fc47346c12be16d2e0dbd02c1f46ddb86c1aadf6be49a1,2023-04-10,1
SYN-8de716e575cfcb88,2005b09974a6aa1b99a554a355535dd9047f1789861d8fdae8fe1b1095d35855,2023-04-10,1
SYN-1afdb9ca90cb65ab,2005c195802b075e300d133c700f80459ad17386d3ec4ab1ceb4816ebf878a22,2023-04-10,1
SYN-58ae91c42ce8356d,2011b3136905e1213fa6a30fcb71e97564f3077dad671af2b83985f42956c71f,2023-04-10,2
SYN-2d2c69cd19c67cde,2017c101b77b83e02be5c71262eba96835f3ceeb9338e887d394c1fb574c34ce,2023-04-10,2
SYN-4be5522e2b8e5dcb,20206e57d569af0431a8312f4ce98345071b1b3dcaffaf01c35718b5aba219e4,2023-03-01,1
SYN-3b88f05859cac386,20224495ef145b5acfa52158707c6652c2263137e8fffab9ee91ed51264fcf2f,2023-03-01,2
SYN-b4d407436964707c,2023d4d3f70e03588f4927d00ec0ab090d461ef55ac2d207bb6377187eaaafa4,2023-09-11,2
SYN-398a90fad2c19edf,20312fad45f05d23988f259132c57a260bdf0ca106e1bc15f443e9badbb8687e,2023-09-21,1
SYN-3936bf12f60a2906,2031fc4252c14bdbc82d7769d89a1e84d3cf83544ffaa6ca4415aa9e3e90e4c5,2023-09-21,2
SYN-b47c87b6965df634,203d9922098be118a61bfa08492e2b01536fb97f9c416e61c79d7dbca3a1d1d0,2023-07-28,2
SYN-1c7ef87bb9fe5831,203dee75e745b98e8cf9f35314b55be0d0e3815c95424e702ff7223621f112a4,2023-12-22,2
SYN-4476ac0afab1ebb2,2041b2faf2a963f3d55337db0443c7edb9a5be7747eaa16b8d1c3c300c644716,2023-02-14,2
SYN-ccca66d4e6794a52,20420fcba54dc19ad0a506e538354817da97cc3f246860b50ff10c7a0930c03f,2023-02-14,1
SYN-e0be330216e47e52,204348f90b0e029d6eb099c24f1bc4bad9a0b54e773ecf3b0bc77e031cfb1713,2023-02-14,1
SYN-3986c9604b7578e0,204848ec786d946e977e2bb4852e7068b40cab06a6a60641c1be12240fdc1d19,2023-11-08,2
SYN-7bda19844a52cd1f,2048a4de73d159341d7b0ef5d9a9121a838fc7d2d24184440024959df53c0ca5,2023-11-08,1
SYN-5412f57157c6b3b5,205115465ec79c320694ae5931c3e2759c8e02f3137b7f62289a9f29b8f0a032,2023-11-08,2
SYN-c4b302e7420878e1,2054df093733a26b83787b8443a975579ce6f2ed5f6181f5da6b25800900d973,2023-12-30,2
SYN-355d87bfdb0a0de1,2057cbe35870723373b96d4035ec7a3aaa263f66a3e0ca8408ff1b82aee5ebd8,2023-12-30,1
SYN-614774e1cf7aef32,205b2efbf6e52f54d9324d2491259bedbf97e7b434d14a7ba8440adaf8a40d8d,2023-12-30,2
SYN-43c53db60aa2cb16,205e5d21e80093897e40b90faad4b228481aa6f929ba8d252bfbd4a07bbf2b96,2023-12-30,1
SYN-cdfdb7c7dd13059e,205ea04a33054b8cadbe9e45943d40134def30146a87c3cede6664a03dd13aca,2023-12-30,2
SYN-bf21dd5d0089caf5,20620244d6d62bda904a0e62b7a5b68c200026969468a1aa8d9f0d28fa4450fc,2023-12-30,1
SYN-1b260990c587445a,2064102ca5a0d580633616d31990bdd982acac43f01ec74d4402c6785cf4a862,2023-12-30,2
SYN-8f8ed33f287e90a9,206505b5ab6dadff4d4fa991daa0a5e3ad9b51bbdcdecfcdbb8595459e835d27,2023-12-30,2
SYN-7bf1d2acf2648847,2067ebbafcc5967c8ed8122adf60c6725e46fb5f7ab7426a74a0e1713bbc5eff,2023-12-02,2
SYN-d7a39b8aa8b4d273,20715ef3b019bfb97281fb710c7e2d94ca2c8fe3e35c139252487081b3a47959,2023-01-16,1
SYN-980d3691f2b00629,207b5296c72bb4782cb9267c78f20000dc12a807ac403a483970c60e0fa184ed,2023-01-16,2
SYN-843a126cbf29612f,20849827537d9e27b9e79a967443f1f50b353b026b1e1786e27981836cd9e03d,2023-01-31,1
SYN-6c1cbd265b2be567,208846984081bac466de6164ed67f23399982d7fae5971a07ea866e8858bdbf5,2023-01-31,2
SYN-2ca8a4d78aef0eb6,2088ed6deb63e312ed4e25ace66feee0d3b02a634bdb3e6bfc611c6a290a3e10,2023-01-31,2
SYN-4f5880e2cc647333,2094562388cdeab31a6d2a372151f9645ae55dd37ccd34cee40078dc29123cb4,2023-01-31,2
SYN-cbe3c2f2deffd61f,2095b4a003697a8fc06363abf46ec1e5d187b90cd80d78c34bd29f3e9686cd9b,2023-10-02,1
SYN-e5611215e037393c,20abdb4b1cbdcc060d58c2594afb24e9bbd0fc92008eab771a71fcc79f793159,2023-08-21,1
SYN-7524920a399a4f34,20b0497c9fe55a0524a6efaa9c6217150a53197de5971b73795ddcf8a1e353c6,2023-08-21,2
SYN-84e22d57f56a2150,20b5456fb2a6da33e0f17d94c207c4569fa6558c27c296148d5f90ada0f36139,2023-08-21,2
SYN-bce9841c82972fbc,20b902889bc321d67e6178d5a9ff52cbdfd511e37e3faa49ca93066517ceba53,2023-08-21,1
SYN-d5c542036575187e,20b97948c6500da3ea6244b5712abc7d089d535926b74946bc04fc5064ea6152,2023-07-29,2
SYN-453644329389eb8e,20bf21dffd467b63e266a5a4b46b334f79466b7302030f3b536893c6b8351667,2023-01-16,1
SYN-cd35262b8b74adc1,20c0a3f06543e79eac24843613146ba4e14b646561d79b993527149c129751d4,2023-01-16,1
SYN-df956afdbe7e33d3,20ccafd82d923baecf1fb8705d459e243c8ca9c74ee24e4adf0cb1fe2ae4a13a,2023-12-05,1
SYN-330f655fb3162cd5,20d2eb77a20a1050dab92086a7c0663fc4719d32da4decddc89f2fbcf1d12684,2023-12-05,2
SYN-1f3f2bcc981dac0d,20d79df962142ef92ca17d3ca4ad8c9bf3f987f1ce19dd4d10ffb5baaaaa8e1f,2023-12-05,2
SYN-1dffda24c7bf0752,20d93be8dd0aefc96000faf2785f638b35d80e7bd64ce083ec59182f88f8380f,2023-12-05,2
SYN-0aa26e61ea190607,20d9fce770b11aa72abd4b84de73be403f296fe2e27a72df9381df1d600c8da8,2023-10-01,1
SYN-ec63f5712938af9c,20da86dbb1ecb721d4760be26789f774f072e3d22dcb54210ab4db4d3baa71b0,2023-10-01,2
SYN-a787923d0147d263,20e2c7e2fdbc7de97c76d3ab4d2e48eb3197f3f315fc10794e3e20bc75c02958,2023-10-01,2
SYN-a927bc15a325ea8f,20e4b51a26583dd5e56467cf5965b33689af84eb8e199af08adc71052e659b7d,2023-10-01,2
SYN-77ca57a0eb2802d6,20e774d06bb95caafe51436ed8b2d97e20f182fce5ea96c06c7662eeae648cf3,2023-10-01,1
SYN-344e463ebabef354,20f34cbaff0c91dd8888515ddffd5c6d0650414a196eb8d109a98a1c049ef2ea,2023-10-01,2
SYN-94ce8914c0b1bfff,20f7638953e77b75a15d7044ea24ead08b7e52e2d77840af05dbdfcade8ac36d,2023-10-01,2
SYN-5cb9b65ba51d11fa,20f8f65ca35e6050fba01393923818b9d40241f1ebeceb8124a09525e3295080,2023-10-01,2
SYN-d7bc55a0941ff593,20fd5d664b6f4561d266a5cb834934ff98c8be76da76c56319d539cae28adc36,2023-11-12,2
SYN-d133f65be0d6dad4,20fde54fbc465b3711ae49f23361fc0913bd95b60ea1b16d96f45a38854da31a,2023-11-12,2
SYN-ff926856e92cec31,2101eb13e9ca22974c5388aac4ff12d595b63b8b5df66026872cbc35650f619e,2023-11-12,2
SYN-30376d51aafb089c,210352dd2757aef312d20a376ccde2beb4a3b80adb122e2fb43672d7134e2d3f,2023-11-12,1
SYN-720683a27a22133c,2104358c23a16f88abdebf31bb3fc5aedc2c33038d83e9a5a8b8d3c2a6d379a9,2023-11-12,2
SYN-e2568cdfb355082f,210444cb43cc32aa12c1b5f7c8aef336ecd25e132364c1184e5f9516b2e9694f,2023-11-12,2
SYN-ef116ee59d5973a5,2106e9541613d75ead6e176830ed843299cf5e72cdcfc19af2435793a6fb5d3d,2023-11-01,1
SYN-59ec09f1cda272bd,210f113fe87db5d6391e986dc06b8e4369e46284e3b98964bf41ced4199a551f,2023-11-01,1
SYN-72e27c8d3764cb9f,211603ca1a320cc8fe546c4386f96e59922701d44fdb3132ba3326826a792316,2023-11-01,1
SYN-41f68f611469baa5,211a2ef477fcfc8fc40a63ffa70bb41086dd06ca85d4af83875485dbdf3419e6,2023-11-01,2
SYN-fff0253690161610,211b362d4e1ce40c740ea46933ebb4ea969540012f8d42502a0fca60bcd38e20,2023-11-01,1
SYN-31bad2d9c8759c80,211f30bca7522a030370c9d055fd6711d42ee99666f56ad04cf9d4121bdae38e,2023-11-01,2
SYN-0e1e18d720521549,212297f59eb2cddce319bc160b5dd6d7af872c1196f49eb709e56de182f144f2,2023-02-02,1
SYN-bcd6c9e322145b71,21231988f05e1880567f13369869e8cd4837ac6686d07300f5ae5f20e5e56adc,2023-02-02,2
SYN-503c397b69eefd08,2124e12d7a216b4116b7997ff21672010b9c87af34beb63a54f27a51bec7e0df,2023-02-02,1
SYN-ac4fccfa4d5b6261,212c72239d3ec5b5140d1b7f711d492eedb2328f849e17574d059525fbf1f0ff,2023-02-02,2
SYN-5b012f1b7876da28,212f66ba8fdaf149a9eed402d0a76879b9d11cfed93253826b27034a4e66b669,2023-08-16,2
SYN-149872a529d1248d,2131b87d6cfd30e86311ee0133a0dadd7cc86887229cb8d4cbc1b29ee8f73f85,2023-08-16,1
SYN-d4ab27fc2bbd14ab,21349794bcc2b95f01dba5f0e5579bbc35f0de367462d6d6708b9012ac4625ad,2023-02-24,2
SYN-0379884cb998cdea,2135790e6b63d10b59f9d8b84a58e24328b0f5ed3a48f15c0a29d4832fdcf167,2023-09-22,1
SYN-2a4c9b7406969c2b,2135da1c8047faff4c02029c78cbfa71c05e55ee32161d76e45984e9aca55d11,2023-09-22,1
SYN-dc3a018de63693cf,2136a5f98687952557f6f6d8c5ce6eee60aaa1b8307becc015987a2b8fa7eeda,2023-09-22,2
SYN-c258fdfc2e7d7999,2138ef1ba0c149f417b87e2d601fed40318797cb5cbb19a68dc8ba6430b15cc7,2023-09-04,1
SYN-65c353a4addcf00d,213f51154f7a0e522e6c6db93a8b3569a59493fc09f2b4759dc5e13fe650b0f3,2023-09-04,2
SYN-4659667237748c26,21447997ffb96164d145468d4df4f49865fa2812ef537e23f75e3211e7b4299e,2023-09-04,1
SYN-e674abb658115b4f,214a111d066e8169c6752174d57b4134ec067975c54089a3c001040cf3c18584,2023-07-23,1
SYN-bd250aa7807f3fdc,214a44c36217da5dca146a66b4a658a70be609c0ff9bc7f81acc7c7560775252,2023-07-23,1
SYN-9a64b7b1110ce2d4,214dec8f8e76371d2519d3ee9625b4067a008d1206f060330308c68004fee4d2,2023-03-06,2
SYN-078f819e7e9429eb,214e5eed787ae065e681af5f032f38ff00d4ceed04e0b338aeec07e83eaf389a,2023-02-22,2
SYN-e30a833cac835bf8,214f4e5b08d3d26dabaea0f5800580aca55671062f417a210aabb86de7fdd681,2023-02-22,1
SYN-545f6b337b2cfc4a,2150576f876bf7b12c9eb0e5f1db1f99713dad1fcd14054e8e7262199c1332f1,2023-02-22,2
SYN-e30ce9849f4b0ad9,215a8b8374d0c6389b17160807fd70838802d5f0fc2c6af48b2d05a5626afd91,2023-02-22,1
SYN-8b92c902deef20b3,216257b6d6ae49a91f68adabb7906913c2814b2b9ffba64766adf17db63de53c,2023-02-22,2
SYN-e13f2fcb868f449b,2164a6e1b4cf1f604d2c111614693b5b2a89a805397fc057a2c8644a425b968e,2023-02-22,2
SYN-8b3e288267c56e95,2164c87af9c3cb88b2aada335bf8e3f79747322fe36ee9c62350ab3926e792d5,2023-03-03,1
SYN-50ccda772507fd2a,2166c7adbbc5c062aa7231d8adb2f460fa629e42b28d8d3c3196297177221cb1,2023-01-28,2
SYN-27e784e0a4f21f26,216859e07881c6c2dc494453468a125afbfbb479ec3b46f4761ac9f8e321e04c,2023-11-07,2
SYN-4c92f811f35f9f3c,216eb4e371c85b42b748fcf829e1715f4fe6f2bd7fa56d83c179cbb775926059,2023-11-07,2
SYN-6ba71f6315b51ba4,21711d7fa23e96af0f30d6c33ee344249784199c11d76610b9603272e055ecd1,2023-10-20,1
SYN-2a0737e0c9fafc9b,217977ee5ca3f9c5f59282e6742005ac6703c8a4e69513c1eda09efdd645e44e,2023-10-20,1
SYN-b9a12f11706b726f,217bd772e946a013afd4482a4faa7bd1949c1b4b9a06320a07039ea3f16906e0,2023-03-30,2
SYN-39e6b2a1630af7f2,217df6ff88786a784cb74535dffbaea09bbf18e7ebcf69f84047d21f898afc8c,2023-03-30,2
SYN-b93cf3f2d7fd77f0,218656826fdb283945d00c7a24f36eebc6979c135f28aa0a2f55e6bf461bbfc6,2023-02-11,1
SYN-e6c913f4272f60c8,2189014daabfce70d3e2a05b250fa8c6a64f01854269315bd18070d65205e086,2023-01-24,2
SYN-a99d40b819673cd3,2189159f4fa3671c304187f333b106e863be7b2b961135a8276d980d8902ec5a,2023-01-24,2
SYN-c1f448ba21320c98,218ac1868c2d32afaef201253b270493d27728ec4c6b001e7535759fb998adc6,2023-01-24,2
SYN-8456bf6043bb7ce4,218fa4d5a7bd76fb0feecb2107e6103e9991e87afca2efc477e44cc185d8002a,2023-01-24,2
SYN-423b05e8a4dc5315,2191e8e44678b30aa862df82bdf32add1fa26e100df40998f7a98601bcf7a141,2023-05-15,2
SYN-0c462e437ac522c6,2193cfe6d63d5747d930f0c5d91757050e54ac2828bf146d9d0614f4f08865eb,2023-05-15,2
SYN-969f92947942fcf1,219c33576d989b6bc2fa1a8e157a65453f57baa946b638774ec579d71fe9a928,2023-10-09,2
SYN-18560a6d7f733dcc,21b5e5ca5a452e20e3ef23a921c19f6519412d48ef490855d024199261848493,2023-10-09,2
SYN-5d517376951d5966,21b6307439acf1d89cec488d27ca11c9bec6c304fd7e3e955a0dca92a73a5e02,2023-10-09,2
SYN-8be59740007237ff,21ca7f9bf177da5785c7b466323a9259cc64733ac0627b2f1b60600552b8e2e8,2023-07-11,1
SYN-bc57866cdcc200c1,21ccd7d9a7547c6392132ea175d0f767d01c9465cf654eb33b15786223ad83ed,2023-08-28,2
SYN-47da05f22c78732d,21d5200578780a4e48b7409af645832d873df8b35506be8f15ac5778d65143cf,2023-10-13,2
SYN-fcc9b7d0e54cc1af,21d69de761c4974995d11ae7615949848f552273695c48c8cfb4fa7db7180ff8,2023-01-21,2
SYN-129bead592ddd0c3,21d8521139ed9093f7d21be09109f697bc6edb328beed4321ba1ce1c8bae3373,2023-01-21,2
SYN-02707e606ad98cb5,21e2719df922b8c57abc528fa3a272e492b2693f704875b5eb2d0af05f7029a0,2023-01-21,1
SYN-73f1b719fba389ec,21eec97cd117fac3e4b325040d5bbb99b47c2cc3ebe0aab56f591e0c669a6cb8,2023-01-21,1
SYN-695c070a79a145b1,21f0cd38e44d8177d0acee95cbe92e7eb33f9d4e86e3e508f692840bb1320bbd,2023-03-20,1
SYN-f3b01286518d4aaa,21f189aaf57ef531a5882c4c38c730769fc8306055d63c26c9dc7df6d9b9ff72,2023-03-20,1
SYN-8c9c2e42f94fdb4d,21f4db3ec608294f34217de76b7ee03e83ad9fc651d02f3ed5cae68399c03df2,2023-03-20,2
SYN-a583c536e7b246e4,2205cc01b9f0dff64514b280951d90fe82be8a2a7a198da1e995806194a70a91,2023-01-25,2
SYN-135d95551c5439c8,22064edf77dc304600d21425a8b0e44a9980f3298826aafb996f8fadbf3ef380,2023-01-25,2
SYN-ce2823053eeb620a,2206fe21bfae6ff421a6f1e118af5ed77a3473a4f1c39e8ac6925d878234104d,2023-01-25,2
SYN-fbc3f7f089cfd668,22105ddb46a5511e5748103c567e78f445ec782027feea20adef41f6ddf14ad5,2023-01-25,2
SYN-e025e32b0e76b8c4,2219f8858bd424275172b7c58fb98b3c8aa2a59513c0471e6476ababc1c67296,2023-01-25,2
SYN-3c0ed3f57c4abe13,222279a00d34464d2c108950524202f153b24d64ddda73002090a2760b1364bf,2023-01-25,1
SYN-329d8a5570eb4521,22249919e4335db2e6f3cf12debbf728be23f5e7beb4df7391dfb3efb7302d74,2023-01-25,2
SYN-bb771d40da0d47e8,2224f16315aaee2d5a739d30e316c01f97ce68db0c440727a5392469aec6f77e,2023-01-25,1
SYN-7270c60ea9fe7ade,222c48aa000519e7dac02c1ae0ecaeba91f682c0f357fbf98d9800befd838016,2023-01-25,2
SYN-f822128e8b764d56,2230ff9098a6e5debfa87c0bd8fc5847e14b37c2232deeecd6344f5b61458268,2023-01-25,1
SYN-8b50e96906b94109,2242c64b2e268b62a0d3477dd372c0444cf3b02d5123b7a1147c55c468339dc3,2023-01-25,2
SYN-eb8fcd7f1ce37c73,22461cf155dd6b4530e740464f4fbed513ca70ba6d28663e20c39ecd043f8713,2023-04-05,1
SYN-a53147b025f48f27,2249230304eaf95e4c1bff4dba43ec3738668b1c875791b887e21952e8be1d74,2023-04-05,1
SYN-9835b140ca96b9f5,225a94cc6de126caa2748a94a8178647e86924eca20c5be08c8718511d251101,2023-01-29,1
SYN-be3293cd58635df0,225c68c19c4b452227d49ec31f9f1544fe1828b36b888700fd7d27b0a141c510,2023-01-29,2
SYN-5acfd58631ca230b,22602a4440d2451642d207b57b9e7677b43471bd1c3da5084c4de6e1587c824e,2023-01-29,2
SYN-d2ff8db7572b89bf,22615d1b809c5bb3c8fea304cc9ee38ee67a5cd6b1fda49b007c7bb90d429f9f,2023-10-10,1
SYN-f0cf518636ec283d,226245096bedf66ca3ee593a1478e809c83dc7e3485303c2eae47de120a75e66,2023-05-21,1
SYN-3925fb41ce0e22f9,2265d1ad30b0ebc0a6082f513688afd1f4e8552267467f4de0a8b6da91731cdd,2023-05-21,1
SYN-39f2d61928fba18c,2272858fde521fbcecb686c3d53886eeb76fd45dc63bcff04721302c25005291,2023-12-08,2
SYN-0d5175cadb4e3114,2274464b241b2b0fe970fbb89dbcf6127935fd95782436c6a7b2f87c48e33f1b,2023-12-08,2
SYN-1a1aa750bc5a9928,2275a97f36e10c0847776d3efbe9d7e769997869fd8994446d2859fe20c47419,2023-12-08,2
SYN-a21642be486a7d88,22780eeab198e07ab3090af065d3cd60298d3ebd163fdf6d1912ceee1b6a8054,2023-12-08,2
SYN-af78b53fde4c3f17,227ef504441859480ef96f3ad702c3013d1e039fcebc923570bb84ab3a17c460,2023-12-08,2
SYN-a2f1dd31e3366ae3,22871a50ec8b9a3e2261a696247208ab96800dbb6406be97cfce103c3ad4a547,2023-12-08,1
SYN-2f6c89fc0ada1e6f,228a1149d4ea4111fbd8f4b67288acf416b9050dd25e06315a5231c97ef7b546,2023-06-02,1
SYN-be530d999bb21278,228bff3259c087fcc9084c9276052e052d7cf0b803e39a5dccfddf2dee580425,2023-08-31,2
SYN-16d1e6960d5530f4,228d1b2493ef5f6ed9afc92dfe4ad00ec885655aa757047108a8732c55380b5d,2023-08-31,2
SYN-37e42a270340041a,229cf32692fdf471d824047772511e5d3c2b4602a5e9b104e5509ec73d7c70cf,2023-08-31,2
SYN-b8d9e9895c5abe43,229d987ef960f63635c63adf2e7409762f2876469729f3285ac219ef759fd887,2023-08-31,1
SYN-690dd2e0dc508e78,22ac01cc0c9576e503de52493ff1cb6ecab84be2ba6823d6dd2882f63a7ab56d,2023-08-31,2
SYN-905a009417c06c15,22ac479e6e77ab0ec28a452fb828e1e9b269684f2f3b0c120bfc712eadb221a0,2023-08-31,2
SYN-9c9bbf6c1fb4e8fa,22b262ded1eae067463450cade13afdb12b8dabdd5107a533c7c46cc4e3f4f0c,2023-11-14,2
SYN-15b713fcb9e39e90,22b8e81adb7d1c7ab9b33bb70076c7027fdcd6f6da3e35570eb1634dd8630f8d,2023-04-02,2
SYN-6d24a68ac5f589e4,22c30b1e549fa0f216d48301df8094badb1771cd8f7885714132a0ae1cc82077,2023-04-02,1
SYN-2571cc9f7bf6bb71,22d04d58aa569ec36c8edd09292a0649e0f3c0eea8bb5481b23b80207bd337ba,2023-04-02,2
SYN-aa8b3342fe54c54d,22d12782a7ba26e06e0d2f11fd5e89822b809434d37f2b9d2273b2542c6b73f2,2023-09-30,2
SYN-e6c3be41e394b259,22d30c46ba7f6790725fe718a16448384334dd577c84271124e6d0e0acb9bf7f,2023-09-30,1
SYN-31da43df38b411a2,22d51d633a7fb511e00db50e76e58bc4acada242509a6be0f67b3922ba02cbc9,2023-09-30,1
SYN-e76ef5b21754b6eb,22e0ec7097cb29288af949e59a96eccea65534d7e63acfc9a76613e6978d4ec6,2023-09-30,1
SYN-ffec2e4df3054c15,22e7bc66969fa33aa8b95190ff42d752180e6c1866cc58ecae1e7390361793d8,2023-09-30,2
SYN-9a073350eaaa1d1d,2307be467e86888263e06c6e592d723eb07341053ff1c0f46d02c614a8586fcb,2023-09-30,1
SYN-fb330125405355d4,230c5b0e1109f135401f913b7d2aff61d82dd6f45052356f25d719c4bac961c7,2023-09-30,2
SYN-8bfb6bcf54fbf9b2,230e42ffde1da922cf2f1879c31ce0356d4a0cbccad1acc8116f70ceaaf99f6e,2023-09-30,2
SYN-fb006295679b02a1,230eee111c05f8038ca74e16d9143038ccb4c1faccf7acf8e3d897365ac0dccd,2023-09-30,2
SYN-ecfa90ffd17abe79,2315ffd5fb72a24a884049928867ef36a258d9d76c4c0cd4180147f6b9834b67,2023-09-30,1
SYN-9945342702b59855,231cef52edd61562a1d57169d4f1452cc79114ca301db500703f824da49f5f93,2023-07-21,1
SYN-4602540d6ac61662,2326f2bb3b893ea5c31094d301f242af5fccc49a29631543205734c541784a60,2023-05-10,2
SYN-897e7ad4b49b97b8,2328f866369a05364f360de84d74edb3fa4a836ad552a19284d02a94607dbfcb,2023-05-10,2
SYN-76cafccb27e1f62a,232cb89e4fa53fb171540617f7fe0d576c319af1026ffeb5ed98f821bc240487,2023-05-10,2
SYN-b8934f7e00ff4c25,23351604faa269895cdba177f91c982c1e3c426de421e5e103f66a69fcdfeb21,2023-05-10,2
SYN-be2a41bed39221df,2339307295c8bb3549013eded2b5dd51aeea42621ff72bb49486b85afebd4e1c,2023-05-10,2
SYN-0c840ec91ea7db64,233ae92fe629e8edfc9bf3f0cc7e70fc7b2117af82cf1dd4f7dd9fb071221476,2023-05-10,2
SYN-cb632f857e741740,23400944764d2fa15370ad13e14475e21e226bd13075caf0d120eb7bfac03540,2023-05-10,2
SYN-51526d56a5145ac0,23463fbecd6dab26a3193a17a1c02944d6132fca00c8299299b8e495685cbbfc,2023-05-10,2
SYN-2269abc01056591b,2346d71f3621f797a0b11a35b3cf31464932578e469c4c9796d9bd30e8c9b094,2023-05-10,2
SYN-b8c9a0af3d396aa5,234bda7de877c82464f99938c154d6319d29e77068ac3770eca58c5db772098a,2023-05-10,1
SYN-915881515a83dcbe,234cda2cb0cd4a2d09e436f11fb5469952522db9ba43369f7a10c5bf307b8f3f,2023-05-10,1
SYN-5d9fd388f01241b0,2351a15f09aded69ac774c6bc97b7f43d6429f90a0bab72f22b363b3a47f8c65,2023-05-10,2
SYN-1d8a560de5ff3077,235843d50ac43d9b9cb529d5954e281bd1a97301414cae45ab45bd663ea38713,2023-05-10,2
SYN-0f9582623d1fb735,235e27c36725574d8a1d230d4912ac446731a68f65d8efcfef1ed7d61c8694bb,2023-05-10,2
SYN-e3bb822ab4a2dda0,23608c739192db5b509827b0ab11710f861da512cda34824193a790aca47f5e8,2023-05-10,2
SYN-b59543a4a53aa4c1,23627a79f6252f9f016a637c4726e56fe5d89f63c4d9a85c0c6e3d0cc1f58124,2023-06-04,1
SYN-8299e976909f34fd,23689b3a908b520ab7e333683a6b401b5a9fef889aabf3904048fb2d03c2245c,2023-06-04,2
SYN-8e96ddc78f4d46db,2368effea52464dc50dca47f85db896b43615b74fc0beddc02e602fe3461b779,2023-05-23,1
SYN-5c887471d1c6bc49,236f5fa4dded085ecf3b71136b863ca297b2a153a0c310908617a868a5893e0f,2023-05-23,2
SYN-f4c84dbf459f52b3,2371b60deb3c96549101db8e075e01aa9b20a8e2d673237d1181068c467d4233,2023-12-10,2
SYN-83066bc010d961f3,237377d1dff53cc6563c107151637ff975ec2fa3c655682a3edbf323305049f9,2023-12-10,2
SYN-f6f903b5d3fc941c,23765779bc38b15cd80fb61f69beb6834486498aa66f1a92ffd7104a6be1fb07,2023-12-10,2
SYN-c98c0b8abadad602,23774783e63a42c92beed7c8d44c257caa8b8ceeff7efcaf0fc2a661f1ab38f3,2023-12-10,2
SYN-bc829144fa769403,23782bc8456e5b34b2d24008d82d7106f778fc216d2bce2f6b95a0de752df1fb,2023-12-10,2
SYN-8a19a82351e96085,2378660fd9d9bd799d2321cbb89ef08359840e3a6b10563d271ed4e6caff7be6,2023-12-10,1
SYN-ddb0e6a2cc322644,237dbfc5311581a8179df354ac25a98f57b3bda10535ee2f1c38388159d63503,2023-01-22,2
SYN-7589877c75a32be9,23843be994eebb046c70708390e027159fe34dba902d9e8910db556336d6bf0d,2023-08-28,1
SYN-dcbcae66866d7548,23889b763fe4a892c4564d074703fc988766eb488ab081d7dcd0e2376e0f300e,2023-08-28,2
SYN-eda610ff069266c5,238c68ceca73d1d6f3f1f51428ba77764740189355ce643e8da441e557be9648,2023-08-28,2
SYN-444eb43aca69cfc7,239655158fcbb3e4eb43c7cf8b5fd0046ade79560b51aa7b1a7f8d8f5bfe86ad,2023-08-28,1
SYN-fdd7d14f60df76d0,2398727e011f3165c11bdb912bb8379d123918614960a2c7eee151f1ee9ae68a,2023-08-28,1
SYN-c2e65b79f5f395ed,239add3ef8bcd373530c32bf92632586dc49a3bc81535a6d6b15be0ea3d1862c,2023-08-28,1
SYN-afa265943f736e69,23a042999cd1acacc9c48a96f40fd6d272ceda720a8502a53a38bfeb45908647,2023-08-28,1
SYN-ed9953fe57d09676,23af7e7d57ba98180b460c96e1b49c9d9feffcbf86a02f3ce8fa6884cd5e668c,2023-08-28,1
SYN-148fe1da53008c07,23b1f7858432cffa3130687990c0a7fb09f73badfebf3c7f353b23d51de2edb1,2023-08-28,2
SYN-5b3ca27d1d8c6de2,23b3691708d267ffc3b99e3d4c090de505cbea63e629cf23f54a31cdbe0ec149,2023-08-28,1
SYN-b154e4ebd493999b,23bff5ee7c94ab5fdbfac3024fb78b1f0cbe10579125297c5411cd113758b7ae,2023-08-28,2
SYN-9d8edcb205e2962e,23c8771a4047ae35d07f4e6f677af4236873c7acb1679a1374be8cd3375c2c52,2023-08-28,2
SYN-6d6d5d140a88a6e2,23d1bb371ac75bc58157daa98f514c04d9bb8ca5e322cd616b9b1d71ded8f75b,2023-08-28,2
SYN-817663d6db42e924,23d7d3d6c7b036d4a1b3cf4ac612f4b31b62e872ec68dd1a84b396a75daa636d,2023-08-28,2
SYN-fbe9d12e1a4c0bc7,23d9e9315f7071d16b460ba0df1a9022f395e76680422afa3ba87649c9a8a3d7,2023-08-28,1
SYN-e915ceb6a1f14ac8,23dadf9c9ae31290f92be6310549863980e4937da061d64bd60d3a257ddda4fb,2023-02-03,2
SYN-79a27aab1a193609,23e3d7d0501a3ba9ceaa4f9943d86e041778b248d45e15798d982dcd5687bf9d,2023-03-06,1
SYN-1ad20c65380bacc1,23ec8c1994b860534123cd8e69af1bbdfbb55996ef4b53d5d6c42c1942b69313,2023-03-06,1
SYN-f0a99ba80ef828a2,23f1e98f8465a8e696c47f7bac665021bc156c6058fb1620944e0b3a9d75b456,2023-09-12,2
SYN-5b3a938d4d678cef,23f37e31b501bd3b5588ecd2f81ff498f2b6ef360e1693cca52b06ad81049544,2023-09-12,1
SYN-85aec38c1094de6f,23f51c30d7615e0f806de86804026cf5a238506a54824b0c5e08593c94856575,2023-09-12,2
SYN-a632f8995b5e717d,23f547dda0d1bd5b222a050c6768394f89cc89f387d24e1843d9e84d9333d8f3,2023-06-25,1
SYN-2c65e6c3a001dd00,23f5ed34c18c38302615035f3c5869a852af15ce8b9bc10530060dd263fbca8b,2023-11-13,2
SYN-17240f76aab7b24c,23fded85c54251780a047d9ae094f760ed1297fb69b363f80b92618453d8046a,2023-02-06,2
SYN-be06ff122cc9c6ee,24032dd34beda5b28d42f4493478d2a5b33604bf57219aa9a0938f213678d6a6,2023-02-06,1
SYN-b2d5be8eb16db9e0,240380728ac8af7da0c297ce26729b1ca31bdca06b7ecfc74b9af43a262ada61,2023-05-23,1
SYN-8838dbeb084052d6,240fbc6d62fa10fc607be8bb659bbad3e3ebeeb85a184a8d630f9bb61fa69397,2023-05-23,2
SYN-95a72e7607431d87,24120cc116b26c55d853ccf54159d632b11c04dad7b92e298212982c6b2e9533,2023-12-26,1
SYN-f7b0b3da3d1fa922,241609ab843277ee1ee2825de2703bf6cac3d0be55d71287d4fb04fe0c7c2676,2023-09-12,2
SYN-7dbdde20454a2417,241741fac7c365490b3456a7b335b06dc82c4300d7cb66359060b5544120bb33,2023-09-12,2
SYN-7578e60c994b13b9,24195de231d10ca4d2b46f28b816448979f125a896aba1e0b7ec0540dbd20c2d,2023-09-12,2
SYN-08a1426f41c9f4a7,241adda4fffc2e1e3b41c1b936983cb0de326ca7e1933c397b02651ef7733383,2023-06-20,2
SYN-671e9b02cea0adce,241caf4000926efd1732ccabac33dab8f5dcac27088413d1f72576cfae1355bf,2023-10-29,2
SYN-9a661560c05ee74b,24238f806fdd15615b47a86bafbafc8ceec6337714d87455d86f9136a337b5ad,2023-09-09,1
SYN-d7b6f2a37ff06139,24248ac2d7f1f0cab1eb74411f4953493b273bdd294c4eae6a506383f3529623,2023-09-09,1
SYN-cb3406d011f77540,2427a1e6c33d3c9c47c53182d39ba9dbb68e59f9a146d49335a425cb2ca8bf22,2023-01-04,1
SYN-c0e8986b49fa772e,242f0405ed61c1537aad6665ad17076eebd997645b578c13ba0228e7dcaf9568,2023-09-04,2
SYN-50e33b2be306705a,243e87d2436bbc663f95e25610835633f2d745d2ed5e9a13e90086e018ed6a8e,2023-05-01,2
SYN-17a9fa504c2581a8,24437b698022361afc6666b311c4c086eccf17f490f45e39dd1dab0c79267091,2023-08-05,1
SYN-706373c7f551dfcb,244572e6949f6f600eb0e9d8fa11710f3d577224e9c93384ce09a6f9dc52b840,2023-08-05,1
SYN-9faff484e38182e7,244a028a2d07fa36786c25d67c665e9e1f46b7a8c11c5cce6742144894be7a41,2023-06-17,1
SYN-0b08e9d34f67c7b2,244a45706b937878e2d00b53db14961bd10978744c9f28e2d09247eca43e6a69,2023-06-17,1
SYN-117f4a1f2a51a0ca,2452714faf6dbb66fbb2dfa043d161c6ce3ab39725c192cebada5188eb0aa2e1,2023-06-17,2
SYN-086e7a82df46305a,2452f252d9ddded26c848008d7af7cf9b92af4ea5c6284a0c5d9cd2567325e74,2023-06-17,2
SYN-431f8fd86ea07e9a,245bdbcff6004705d180d1323e10ac08df29c807c50979857a4bd46b8400bd91,2023-02-04,2
SYN-66137fcd3580b518,245d50e2ef281bd6d61c10a0c3aaee2c3d352a94743e35fdbd00945f292c2550,2023-10-13,1
SYN-dd8e904cfe867fa2,245e4a673ae4e9d44f4b62721e9d41010263c812ae64f1b3a381567b1807c2dc,2023-01-12,1
SYN-282d3dc5f02ba960,2472fd9e9e7f9c4424db9b5052df80c723b6af6a5766d7bd9467d75447128590,2023-10-09,1
SYN-f2922818400c040f,2473a2b6eddd9b9126358e0b77faf3784ef5aaf698f5eb69c89eb8ab443fcc92,2023-10-09,1
SYN-5573fd9c31aec167,24772cf4549bdab77eb5c781a675c0d87b7c2fa3ce4082e1432dae4d626a09d9,2023-11-24,2
SYN-77de088add9f6a5a,24789ba09454729206b74a7c332d7e191df1f0bf1676b9e2abab466c4a41cfad,2023-11-24,2
SYN-d29f30d36f29365d,2484fd331e5e1a63b521f4f4e250ee1388753d1e31c07648ae2e9b83a885d9eb,2023-11-24,2
SYN-f30146b3fad9dc9a,2486280e8f22fa58a7486104ff03d6726e1a4fedb7a848a596686486e8ddecab,2023-11-24,1
SYN-870d9981ccd58a12,248bd3defdaac9c2e98f8216b017792a39145365f5d2f78043c9cf361b470dda,2023-11-24,1
SYN-bd3fffefb9bbee72,2490c9534978c0df03da7b621913de8042bec27cb06462e5af433cb393cbc15a,2023-12-04,1
SYN-52c9adacf09e5a32,2492347355fc7e58394ce4df00d19ab3c1041b2426a0ee18798f737a4f33e523,2023-12-04,2
SYN-d9e4d556774d5229,2492b3e00a4dc8f9f05405af354c5aec341bf1596c4844817c949fbfdd789b74,2023-10-13,1
SYN-6d18012688f31463,24943460171ad8cb9899d70361f3719a1ff0974c86731fa1e5bfadcfd0e435a0,2023-10-13,2
SYN-897b385bb5ef2da8,2496b14f3d3753c754921ba95b2132e174883292ef34ef062e04c7e8a9e365b7,2023-10-13,2
SYN-8d98b2a1e6ed2c48,249edf49bc0a278989158d6d25028835cb4cda1365efa2bd3c6d1ccdb4635e86,2023-10-13,1
SYN-3b2d293717b44960,249f0ec07bef57d0d3f03a52c60649b2fa1595bea6c5669a4215b5505daa95a7,2023-10-13,1
SYN-a4eda1a8fe54e6b1,24ac76d53595a83ff70a0502892a66e4af8b165a3464447b3c1e09e4a93f1c71,2023-10-13,2
SYN-b6dd108dbb5a309e,24b1113c54b6c1ea5ebf62b8519af67fbf47bc00c9e7c8a8eacd02d7f80b45fe,2023-12-03,1
SYN-9cd6e6d19a4804ae,24b7b9c3530b89cd3488e2d04287945e7ff0246425cf6c1455f15324e4a247ad,2023-02-17,1
SYN-f7b75d15330aaf60,24c3298ebb67c74d145ceffadb4deb22df6fd60d03e7ffae35fc24c8afffb531,2023-02-17,2
SYN-63021b64c8b7190d,24c4c981e6b5ef16b57dd5a6745c7d55108be71eaee497b9989aa1b68a731988,2023-02-17,1
SYN-b40416eac889bbea,24ce67c8dc8a96554ae6023d6ddbbc79889a013ab3cccd1b4611cc2bc9a71945,2023-11-13,2
SYN-c2d3532c6be00a98,24d928c49d215da02cdd48a92d09cd2a40d316d64558591e78af0564fe2d74db,2023-11-13,2
SYN-4755fa170a98f759,24db72a1245d378439fc84438045c4b993e47ad995161a55f01313f4947d04e9,2023-06-11,1
SYN-3948daaadb983adb,24e2726dc47feec25328ec89d69b416df2b6bcbde3c9d077555ff764399d00f0,2023-06-11,2
SYN-05756d2032e6f968,24ea6549c734f64b6092839cf966b8ce97e7d47eee1b34e32ba25a1633171736,2023-06-11,2
SYN-f5935775a086d4b3,24ea87cb541ef8467fedabb958c7e5ed9404b8c47daabd85964de803e9ee3c4f,2023-06-11,1
SYN-4506c3277643ba1f,24ebd0182fc884b3248e44775d590189780eb0ddee7fce0362ffb4afcb404e70,2023-06-11,2
SYN-633b919d450a70f1,24efe19428a3efa622b1b2a17305022a23deac9316d6d2a24bb855dc77012d16,2023-05-16,1
SYN-35a1cd9de59e0bb6,24f493278174cab731280def6a0b38443e89165acb96c012578b0efae52b1bae,2023-05-16,1
SYN-3e0788fcee2ddf92,24f5c2154c68a461608eb009d7cfa59877f629363f0e3acec161cf6f2e4c16c1,2023-05-16,1
SYN-e898b1f27a70816d,24f79cb7f6462dc476a1760eeff6e7472def325bfeee8b2cfd4d7d81259dda3a,2023-10-01,1
SYN-f3b0a1e896fcb65c,24fdfc2f78921cedebe5c2b28342c41e70ae63d8b56e5eee0a78a90902cd7e61,2023-10-01,1
SYN-d314d6dada432360,24fe39660982c74d35d0a5f9ff94cb4797af9e2f866edfa32f7cf6307af685d6,2023-10-01,2
SYN-09e45d0e7b23fec2,2503c39ac24a6060811c1712ff4dd6ef370c06b54b632d06a3d61e8136bfcd54,2023-10-01,2
SYN-90569d32669a21d3,250c8b136811ea884f5a58370d3d053ee7da32fcba5d1ce3fea6b47c340a8d17,2023-10-01,1
SYN-3ddfe27401308721,250eb355159c7a124293e7686fe4a96c87e0430df1f5cbdf39b2b4b7b7a4b218,2023-10-01,1
SYN-d4df53576951c62f,250f2daff9c4af9979b62e1f9faa62f58216f2796a9fb19e3f09e8d454f20a22,2023-06-17,2
SYN-25d1379f5b202c0e,2518cc4a9f3f343929ef2f1e2d1ca7d9662522891316f417db5303c7c2c3647f,2023-06-17,2
SYN-b308bb53e8968f41,251bb02b0146663b26101f0f22cf9968a3103eaf38432c11c81ce95809613e1f,2023-01-18,2
SYN-31c32139b7fd45ba,25254254a75255569c5d7f1bb497030287a868369bd0904cedbb12c13a3f7fab,2023-02-04,2
SYN-e1af186a0a24d0cf,252a166f6834951cee9a67793a33de9cd360efd96f364ebbfcef6f76e3573d0a,2023-01-05,2
SYN-7243c6b768d0df77,252c7da234d1d3d4be71dd0381131700ed4f15e12c25773ed5c728b4475d8acc,2023-09-08,1
SYN-2cdeda9449c941af,2533db9378f9f3ea9a26b72963af43b9a179551d940e5f72f550aacda639b16f,2023-08-08,2
SYN-a689b636434072df,254e744c27dc7b65abdd153e9ca2d671beb0047344ad14c3b48116584445d6c4,2023-08-08,1
SYN-3765fcea2dee4e8b,255aeb738746a3b4918c98b61541d168126ca02c8ca05ad6589d3c6743f29183,2023-06-15,2
SYN-4a083ebb8d1742f5,25655570579244a19a6fc02160cb448c268dc3fc1105028ead23581a050e7a55,2023-06-15,2
SYN-3a525838084cae66,25684df6fddfa3db03b53cbdb0935b7b650c11d49e6633fae3f0c4ca1db351b7,2023-08-16,2
SYN-8a92dfa872d8cd56,256b81e1d9c2b438fc3e5e48a4bc14ae41ee3783c1adad61d5dfc91e822f8bb7,2023-08-16,2
SYN-d63d64e3c6160016,256d0217cd3f1cc0ba8e1c3f8446399b99decb7dbd3771b30f1d208d22a8b4fa,2023-08-16,2
SYN-d618fd962f2c8cf4,256df92b89c2efc758bae5063c98cede3a0d7cda3e63b62a49fd053857bc90e1,2023-10-18,2
SYN-6485b543975ba177,256f38e1989fe18ba3ba5058f899753f180427bcac6fea5bc4783ba7e0f71169,2023-05-22,1
SYN-8c1e40e839db780b,257919e972ae7cccf1e7aac662bb3487b405fb75ed154254811790a22d134204,2023-05-22,1
SYN-275e6586fa304356,2580c6e4d015aa647c72dc0afcacfb48fdefc9431023daa6102cce7298cb8c3e,2023-05-22,2
SYN-32a7845223629876,2584b40ee3d0c99b4cd21d28f08d7753cc54dfbe9ed0acf4686aa7f9a2dd6b6c,2023-05-22,1
SYN-6519bb693fefaea6,258858ecb03aa559f64ec85c3feeb3c3be22f69722353cb76b300c23f3061700,2023-10-03,2
SYN-7f3181b23b1c7a41,258c24dd67629e1a8bb3a37e86ab48dffb612d30050288225f4fbb95af4226cf,2023-10-03,2
SYN-51d2f32ca86ec381,259123aa6775c07b640d677fcc6f492bf0709aedda9d84feefbc2950158d4f71,2023-02-01,2
SYN-cbbcf0cec841a56c,25918b4e325fe56820bb908418eeabc2561f4df4e43074f280418a4bfe79c682,2023-02-01,2
SYN-f814613358cc8722,2594e6ae5c5aaa2b95cf4d5d8e9951147f57f433fe470173b2765ae161f0b574,2023-07-29,2
SYN-fbb5290293d1639f,25952508d3a9fd13159404c54d7b9d1c656fdbdbb5d2e1f61b04fdb8c30432ac,2023-07-29,1
SYN-a35a8babd3d641bb,2597b8ddf4bda09de3026c9005a3995e45d2db652eb7ef7bac083309cc73c087,2023-07-29,2
SYN-b847953a4b3841c4,259c97bde696a77385222273c9102c447577110821912598777712114ac61148,2023-07-29,2
SYN-3742f36cc435c7e1,259eb887272d7f04495ed7bc24e327705548f3573f371f2745d098297c2d134b,2023-07-29,1
SYN-1546e9adbef0d279,25a63c27ba113ec916cdf3f10c9e078e85499240a8db611b342f955a32659958,2023-07-29,2
SYN-fc9335a1fa4a7c35,25add38a9584701b70fb355aabd2f416d270c3c061797f07dae7ba0c0a43be54,2023-01-19,1
SYN-5116ca0687df0f9f,25b9416d5c879b83e95b15d751f47be5a356719e0ee74bb0076d687297741f58,2023-11-03,2
SYN-4e29aa24139a7c41,25bbb28e01c4827e285bb26ee8373627e2f1b756725f155957d53d4c277fc948,2023-11-03,2
SYN-830c525832741a61,25d811c56e49cd207e9c0fc10af44c667ebd7a8a7e224d2f05e05bc4abb4ba4c,2023-11-03,1
SYN-5c7d9c9fa7241cef,25da27733fc26c005c5f292cde4634f7dceaf35716fde00dfd8521f13c9e7d07,2023-11-03,2
SYN-90be61bf8b27d92c,25e382c4c4904fdf0aa3e33fd4cd9dc4956db6661425b5cf3a3768e5a06bcd28,2023-09-23,1
SYN-250fb0824524f848,25e3854277209d9565dce604d7d2a84d6b78cd106a3172218bc0cc271a5b3e0a,2023-09-23,2
SYN-4e72efcce8201243,25ecd18bee9bce22d6358608a73274c8f782c04bbc5e82a291419de8ca29068f,2023-09-23,2
SYN-4dfe83d308ddc2da,25f03901e81950924357c8b76400bf37af0c0a2eb3a67357139ad8f4c9fd5af7,2023-09-23,2
SYN-6911bc414be30364,25f0bcb3b9e6fffee7541b02d21e48ba012e4538130256f64d99a608f16c475e,2023-11-24,1
SYN-a2f1380937ab73a9,25f155d14a7f777c91bdee313ef65bafbe7d89b1c8b39fc07b574e900fdc3ad2,2023-04-14,2
SYN-466ff01faca56799,25f4ae496510b4fbc391d83c3cf1a93b28b749f37854e420b53f37bb3f9fc84c,2023-04-14,2
SYN-986184e632e93db3,25f5f98349ca2ef092adf73091ec104aafd042e13c3922a34b32ecb45648ce53,2023-08-22,1
SYN-f8413ee89b8d6dd7,25f84b30146077e569fbffa1e65f088c91d2d05fd5cbb2f35ef3a01d9b0269d9,2023-06-10,2
SYN-9a431a71812ab7f3,25fb71146f126fb92eb8e14114c81e7b30042fc5ed9cbd8587017930063735a6,2023-10-20,2
SYN-aaca2e1ad4e0a997,25fd7087fa563e76c6f1b6988d23d3b03e105f7b3b9fc3e97a9b356a6f199082,2023-04-08,2
SYN-8038bb83434e5747,25ffc38933ef90660d7dba694e51f00b2226ff31adcf4826bbb4dd0d2945e4de,2023-02-23,1
SYN-b3abf82948e5d86a,2605f39c501b99938ecd81ee36d038bcec35d6354966bf70970b60961b8d67a2,2023-02-23,2
SYN-13a789add26ce933,2609950279bf6556a24c2278dc847d7104096b49212724760fa26ac6dbbafc7f,2023-02-23,1
SYN-fe3c11040b22b0a4,260a4217999b204407dce4f0a7dc6755c17cd392ee14596b94358adb71bb5106,2023-02-18,1
SYN-c963077ed2dee6d6,260de395f367962f10095eda4d5a7327cc96ce54661307a93af7a9518edcd60f,2023-03-15,2
SYN-87c9c6265b6b58ea,26101b1efd281edadda2f3e071b6ff3fc733639631a942277bc8cc30ba74f646,2023-03-15,1
SYN-d6efc1df8454b282,2613f5b7e94678619e8b0b5678eb316c6b7c1082cfc4cbd362a15df6067d8860,2023-03-15,1
SYN-afb580e64d1340af,2617b1b122cdb688a92889d5bcea46cdb29444453296b6fb41f73167abf0f8f9,2023-03-15,2
SYN-ee5ba7169786f6c2,261834292691f16ea0ca6d517ea26e115d4b7d4b5308983fd4b9feb74015fbdd,2023-03-15,2
SYN-953bb50eab2c4b91,261934d863a8300bd820b0d2319b383e0955a2a1ad02a5905caf4cfb83e12f89,2023-03-15,2
SYN-c747277498b43fc1,261a903fb89ae6a10fc3ac9cafbab7f336060ecfa5fbe3dc4c11735c175d257a,2023-03-15,1
SYN-a47429c01f841dad,261b54f176cba0469c36e8535b53663ebdfe13876267281e1edc871768412b27,2023-03-15,1
SYN-73eb1b5a85034891,261d3cc37608d8a566d7052f49f2ceb9126fab632de7ad0aa922f358c7e7843e,2023-03-15,1
SYN-1ad47e13b9dd9fb4,261f7b09f0ea422e296f079bf4ae05b700488953d385bc30699f83a21535c4c0,2023-03-15,2
SYN-97fd63766fa16b29,2620017f87d675235772c711e777f416d7bc717952f5bbc44b6f95317f7f1986,2023-03-15,1
SYN-d81cff7fdb4fa6d8,2624728277dde906b24e40808f4faa6619766c9b87a23287e980ff0bd2eed561,2023-06-27,2
SYN-e9dfbaacf2870cd7,262dc258fe099bea0e51e2335272073b4ec9a1f5cad4cae7abe929065010c3a9,2023-06-27,2
SYN-29246c79d94ae818,2637fdb8e7c7694e39fd6e671a9075e0d89935a0f591ca6f7cee0ce2c2596272,2023-10-06,2
SYN-fb35a2fd99fa70b9,263bea052a409ca30cdd31ee9226054e7936d259412fa8d87121d6d3bb6b584d,2023-05-23,2
SYN-511fc298c48261c6,2642269b3dc28e4a073c0153d0259afe3f038c8dd7f4fe933c3bc45724cedc69,2023-05-23,2
SYN-e6ef9c67a0e9fad4,2648daf1914c9ab1404629a8dfe1f9e58ce5fdd3da5a0d00816c71ea70999825,2023-05-23,1
SYN-3289e6a1c41dda3b,264d40d05007edf76d0891c834f38d91c0af5f2f1f933eed6fcefa9c141495ef,2023-05-23,2
SYN-7419b15815c49123,264dd1f980c8a9ab8fe513a7a852ed28fe9ad3fa6b194b68e51d415786b7935d,2023-11-15,2
SYN-fd91a9a31ab3234b,2650fab7d7982288c7277c48acabe789e2855d1fcda929c080b62460fd71b07c,2023-03-19,1
SYN-a97ad441438fe136,26548612edf28087fac1207172f9e63a836db48c822c60abae5dca8d1eb8445d,2023-03-19,2
SYN-08d8696b170fd5d3,26602276a2d34817305649353f547f703e3b62018467639538f5e3866c0b4ed2,2023-03-19,2
SYN-7274cc9cc9a4aa1d,2664c9b785ee7e699c29b7785f7a3491c2a39ac8d9a0876be979b3fd904195fa,2023-03-19,1
SYN-43cd4a52b3ec8363,266eee974e444be57074353a3e7ad92fec35c8f62f7ab956c97894a7e200eb31,2023-03-19,1
SYN-a9201c9cf5bcaec6,267f00542553643dd6b7cc4709c712cce5fc26e2a421d5d6aa0011d3e869d65f,2023-03-19,1
SYN-b5ea62b9f37b3b50,26808aa32a720f055ffcf51efc1f7c1cd8d50a8119007657f85eb7a135579c70,2023-03-19,2
SYN-97d4e0454bf01cf5,268199d5f4b3075470666b70897e257895980927d708fe75628cdf6a12fa3fa5,2023-03-19,1
SYN-2d226ee5c620ab05,26845232083f6fdd6ab21094decb96301e9693469f325ab6686cf4c41e124a00,2023-08-08,2
SYN-815072519ff2e6bc,26851cde0ab7486a723834912fa9d32bda415bab077a13ea11f5648241c9e0d9,2023-08-08,2
SYN-66b41eadadc0be6e,26854ada53a371dd8f5fc44aa1f78c5019a3688fa796d5811d66d4253dd4af48,2023-08-08,2
SYN-aebcd2360dabaf45,268663a47e22c3590b4bf13dcd23a961a3180298487f698629360961f57beb08,2023-05-08,2
SYN-d5abc935f3817568,26892a75e456883fa4f2f3b818c21f859cf07f8040d5a1531879cfdccf755a9a,2023-05-08,2
SYN-b289f8fc374f882e,268c45617ca98e025aa3deb6ccc98974b5a40d9313fadad74e59dda66b4bcb10,2023-05-08,2
SYN-0d11f1fe668f0fe5,2696e69771b50e6902908647cc915544151554ca38c6935fcd422b191e647831,2023-11-06,1
SYN-b700f7a9fa5019b8,269ef8e5760d3d36fc0b0ed3496292d060189e220d54abc15d92fdafb05dc4cc,2023-09-06,2
SYN-9ab1976fc7faf5b9,26a83fd2a12340d6fd2d2f5164b055abfe76db72806d57b830251846a3719fdb,2023-01-16,2
SYN-7126721ef4ddb767,26a9cb84ef147e49b4b40b7a2b06b92fd2b6dac223357d50437ace4194e64acc,2023-01-16,2
SYN-65a17ff58c09a7a7,26aecb1266663ab6d34501442c49b6ec74c8ddba571ee9586ffe92d192ea60ea,2023-08-14,2
SYN-97f2ef623cbf1176,26af6ef2260c61595fe436bb1963c693c0023f0bb1983071044d0371bda5d097,2023-08-14,2
SYN-adb88d46a52f1934,26b0399e9c2a5ed361e23c9a1b6da33695930c6c4b87d9916785d26550831189,2023-06-05,1
SYN-c58e8bbaac2ac997,26b089867187861607027c63053a9bce76c2c1bef837c74ae34c3257e385ecc0,2023-06-05,1
SYN-dcbbb4106a41111c,26b2f0f6a70746a7258385a45f66cd9191a5a8bfef297dfe4e5406583d48623d,2023-01-25,2
SYN-1a23e18c6e129c5d,26b40e894f88f6aef6e24f87d5aef431d42224d29f25afaf63ab117c32860ba1,2023-01-25,2
SYN-eb7ed994266f6c57,26b4b844ff4ce459bc3a54de2bd48d536134314ba706e173446b370f931faaaf,2023-01-25,1
SYN-2987da53cc1e45fa,26ba9985a9d91a1da5ccb6a94c2df9d441ad6fbe6d97a5a89a6a61c0f2d1e547,2023-11-22,1
SYN-c741f89a1ede1a96,26bef0107dcec1eb5d839318b946312ae3fb3e913c424d928710ef05242b4c7c,2023-11-22,2
SYN-2425d5e5e36d8880,26c26185206387fa41c410c5f78e140eec4305e8cc18d83705f54a906a3706f5,2023-11-22,1
SYN-2000a0e68d2e9590,26cc4ed150c2f7ed29e8aaff46b5f7d99a40640113c3c2b6572944c73d653745,2023-11-22,2
SYN-86cdbf31a6d165c2,26ce31714dd8946c928e219d2ed654580b6b45c8dcb79a4def113cc9a3df878d,2023-04-09,2
SYN-068f9253ea63bd14,26d4c5b021ef162c59cfe996bd909d91f4116b59abb7cf662822fbd1f5d8e385,2023-03-24,2
SYN-ceabec9b44d2723f,26d4e4aa3a5023b1ccd3c5842815d09bea85bcf38002948ebfe037780fa45d0a,2023-02-21,1
SYN-9499921004565e04,26da3ae18ca735db4b13c9073f373f4669f1c6b7559a774889322a7f94ca5906,2023-02-21,2
SYN-cb6afaaf091cc0c4,26dc68f3f2252f4651b086740ca5efe6630ba8406b48545e0f64dc1e624262f8,2023-02-21,2
SYN-224e0f8f931b5604,26e237aa2bc47082d06d49af58bbd65785cb979daf3110313d1484b95adac609,2023-04-26,1
SYN-955fcb6ec9dc8a94,26e507939b86aae086526d0b6cbb1da18b07b775102fbabf5b2df110f7582d68,2023-11-01,1
SYN-175205cfc5aecde6,26ed5afcdefaa39670172d9a9cf3ef8d1399bbfcdc475bc157d60bc2ee0b3e62,2023-11-01,2
SYN-6fb5792a71d7d958,26eed1ca1f92b91d867f4a9cab3f1b300cc5505fdada972e6ab4883b984820da,2023-11-01,2
SYN-0257817e0d709118,26f736c46c7fd6c6929068f0f7b45d2444f2e1d94be06506b542ffc148f5488d,2023-11-01,1
SYN-bd237b7d47e974ed,26fa7d1d5e43df00831fae588630a367cd6efe7127fb69bc3632335ea59490a5,2023-11-01,1
SYN-4ecab28b5de38519,26fbefade38616ba4910248bfe9dc93f25b86c91db5e2b23b427f90c58868f37,2023-06-27,2
SYN-526a79071408dd43,27024a189077f4381a33bf502e7b5d7a506bc6aabe84ab3a02cd9f9f1d6028f1,2023-12-05,2
SYN-7068d9f8b470e50d,2707700c614496d8af2ce10f7c9a295367f5c95ccbfff14b9076865ebbc8be62,2023-12-05,2
SYN-0586aeed46f87bdd,270be1637d5f36e72590556bddb0721e897c38a029fb435cbb8d4ff6fef9aa06,2023-12-05,2
SYN-40975f025d328827,27109ab1a95db0a9793b77d601bd0cb372a699f71bbff7076bcfc1f0c3118c45,2023-12-05,2
SYN-68f084fdd671c078,271b1efaf2cb909d0ee618de1a7117d10022d60e0ff9e0c0c4839dac11d66565,2023-12-05,1
SYN-fb05bc18056ef136,27218e5126f4b83c30488ddd30d0f11abeacdae509a1e1bc9863304f5d9b54fd,2023-03-24,2
SYN-329e01284e583f14,272617d7ffff349ec857032d79490ea1ab2c87ddf5ee226c32b01be17a061e2c,2023-07-08,2
SYN-8d5000f32dd489fc,2727366656506917d7bdf64ced5e8bb1b9ded1eca8334b34e602b9936f736580,2023-09-25,2
SYN-d8aecffe2d2a1c97,272b6b04bf4c3b5373e305c3ec5b0059432a8b61c774c439ee3ddd2e9eee1ae0,2023-09-25,1
SYN-ec2935bf8483b5f4,272f64de34ab01e6710055e586626324806959d931dc5be46e414cd4b50b9377,2023-09-25,2
SYN-0833b328808d2e3b,2731add9bed5a320b5c59f416320da82ba2cdaa9dcaa1fcbc37efe2da02144a4,2023-04-12,2
SYN-447b27438962d285,27328b1105664dd6531660cd2f5f5b381030dbffa1bdecc85e30f7ebc0908d56,2023-04-12,1
SYN-ff1d964250529301,2737c13372eb2709337890bfd84fb6b893f13daf59bc03a0f9ab290d7939a515,2023-04-12,2
SYN-b142c40ade1d0731,273b86f5333a2ede293be2ca98265b27dc69646e4767ad613b5e8534cfd4a93e,2023-12-06,1
SYN-69742302633278f1,274f1fdf98accc825a4ea977a601faa39ba243caea7f178824aef85d9b57ef74,2023-12-06,2
SYN-c545b79d0abaff7d,2750be680f7161d58ef30132e35c8f5fbcc2c8369d10c28e2f0a9034eac00d04,2023-12-06,2
SYN-5656c9189b2b9f5c,275c079f521c9a5774a1977a2c90e6774e27da1199afa3d8989695d2258594fe,2023-04-11,2
SYN-d7de0fd6ea7d80d0,275ddc0f0e566d4cc9f711cbae73bdd1f5fd02298e9019525b3b9ee9661cee68,2023-04-11,2
SYN-1664c0959d51db4e,275df53fe34fbbf34b5945a6e305e53e132e943ff34926fa57718a55373f54a4,2023-04-11,2
SYN-181ba32bc9885b0c,27632c728a322d5b77b633c4ce4d422706bc2a4d333e1580e45b4a0ccf4cca9f,2023-04-11,1
SYN-b5d1f707a6191d8d,276f1403ac5689bf34d35b93ef4e1d7d8814760d424cf37ca7d60764a58b74e2,2023-04-06,2
SYN-d5fe3d21251f83c6,27714e469810fa719de3a35edba1dcebb2eea8a1e85025bfea0be9b773bd623b,2023-04-06,1
SYN-a37b0aff123920c2,2773128b49ff2a4a47f6d7cbbc02b820dfb4f9144d49ba6863492c6e20c2968f,2023-04-06,2
SYN-68f651509ad6b207,2775bdd78b77e7d8bcab5f2cc30c0a7ced3f3d1712974af4221ce0802a147bc8,2023-04-06,2
SYN-db2c49c4e898030a,2782ac57be33e78da06d64f7108c7134b9ff424907ee8ce399de78fd3989d8ae,2023-04-06,1
SYN-921b6d83beac5941,27840c27aabf6fda2ddb0bf7168103f826dc0b188679e256d2ec3945477cd805,2023-03-24,2
SYN-958c39d1911b0672,2785bd4e3d1719433408483797696af87bb0d703b6fb4088beb2a8f8bffa77fe,2023-03-24,2
SYN-f61618aa90c90d99,27933198e2980ba5bd7bf137713c6bf4c01ba01abf9314c94be29088a2abd0e2,2023-11-23,1
SYN-6395bfb5564497fe,279bf070637ce3bf0d30b386a01a71ec4eb9834064a4a0a274414bd06edff250,2023-05-16,2
SYN-579a82f58a14552b,279cc785b9cab384c33c1aacc191c548d4d39317702548871b45bd87472966e8,2023-05-16,2
SYN-bfce82013a3908ff,27a8834606c71a8a990ba7e42fff4b1e934d56e388aa344c255b45770156e4dd,2023-10-22,1
SYN-e9d559409d37ff70,27aa6a0f00858ad118f55fe771b610064ce11e0cb6cc259da4195bf8292fb589,2023-06-08,2
SYN-29be6d0fc0042948,27accd576785639ce49d73eef633d748e87bb06659b3c03573ea3a4f9f4edcec,2023-06-08,2
SYN-128f3d79438ddd1d,27aef962ca03264eabbc4bc268c17969125c61aadc147c52b7a6271f351eccc5,2023-06-08,1
SYN-2b600006707c88d1,27af9ac1d15ec9424876b99062ee0e7c4f88224580527eb7071919d242ad10e3,2023-03-14,1
SYN-f0ddaca3c71345c5,27b0de7189b2bed56d108990048c16f529ba6b093a1a8ee6863622439fc27a81,2023-03-14,2
SYN-eaecc25416df58c9,27b25718c4b7322fb3d354d974afcf94467e6c5f7aa112f8b82e6392da57ded5,2023-03-14,2
SYN-459388f02ec45d8d,27b4398ed463de4e02d909e1def095da082697b0b9370e66d59f4f999efb4676,2023-03-14,2
SYN-37ed34efe2e21a3e,27bdebad9136e6a31e54615bb58bd8790f79d55ccf4f53a36bd5010c6f15345b,2023-06-13,2
SYN-6214f88d4909c934,27be15b1b313e382bf4fc8d5fe822031a2070b74e7bb698051080f7ea0321560,2023-06-13,2
SYN-ae0e76c2b29a9ab4,27c273bffa5d3b2558627f2bb5d8de121e2530cd7e2f102f14255312642cdf22,2023-06-13,1
SYN-cc7d01d6b868929c,27c2cecf24fab7138fce4857896f00af2c628dba6b7431629d88b075458662fb,2023-06-13,2
SYN-72c7260cbcc2a8bd,27c7e859b3492ec3736fd1a507ac5a8c82b0b680e0db3fead0e22217b627de8c,2023-06-13,1
SYN-6ffb4e0ebe897ced,27d6a2af166015852ecb9b37503803a4358a542937f6b80115efc63cebcc22eb,2023-06-13,2
SYN-2d9e7637b6a28349,27da601a322560e34ea0051ff91867a558be3586d34b485514948e8f0163495e,2023-04-28,2
SYN-9339baae3784f4d7,27ddddebf2e2a4c8bbee3a4d9a16f141f547f64f4323f31a619e332bdf1236c0,2023-04-28,1
SYN-32c81fdb7cd43cf0,27e15c3f111f091dbe7e14ee03cf0fc7d3517ed1d1954c6ed92078deb35a875f,2023-04-28,2
SYN-3fc584c1d472a785,27efd8ab13b8303cdb1fb0daf18c3b43e43ca6c81c2628f828b38e2171f19bad,2023-04-28,2
SYN-067138e13aa0e388,27f11828d3efcdee8060d42273bb8635a8f85cf647aef6bec38ce0fe0d6d43e1,2023-04-28,1
SYN-1cd1a7d26e4b0cf5,27f3077f9406a8f059e92bcb6df38f80e3b7c0ac4439ec72ff43944f5969b3fc,2023-02-16,2
SYN-a4f7ef4599541f03,27f780edcf7ee71c567283188d640674c4cbd56b3a7e5c6dd6c3219fe410364d,2023-04-05,1
SYN-12fd8531ac5e4825,27f9e2c2a443223f5f981e9f00a1cba3e4a4a467ab7a2513b92da16b4e7c6e56,2023-08-02,1
SYN-7874257366f93c7d,27fc55e6ef62eb169ba7f31130ce7954342e83d5d206e32fbafaf05c20eafada,2023-08-02,1
SYN-30a933e0ca062054,28005372ac6e377e7d480eb9987c2e13403c20f49b700f1166ebcb2bc080d179,2023-08-02,2
SYN-4b1e311f768164f7,28046451678c0fb17d2beaea5d9a723016666ca511aae352f29069702b4661d0,2023-08-02,2
SYN-9ee5abc5ae8cb97c,2805a6d1f530d7c24cebdae3c1ee1a6fc9c851fa77ecc872122c65c972257658,2023-08-02,2
SYN-59faf12c0f804e18,280c5598138843eab75fc760fbbd21eca2cd99194f9f9b257859725363df608b,2023-08-02,2
SYN-264e20065407450b,280ef12619a13ae676dc73cb84e88dc060a585c5241fbf01754bd12aab09b43d,2023-10-16,1
SYN-45f7b207dee64742,28258ac5dd33d6bdbf81f57729846a6d32d7343d2725e4e28619ce2d3dc2541c,2023-10-16,2
SYN-cb8738610a72f4ae,282cc3a352bea53ccaf14e44ab3533b5f420787710ee557651dbed9576308f09,2023-10-16,1
SYN-53da5fc91a2a7ae7,282e297288569082c75caecd4abb01ddbd4a23a5a79370638d053fd0c242895f,2023-10-16,2
SYN-0174c5727a9b8d35,283082e0b6283ecbda0c0902a933975fb73c56134a9ceb1a358a12e7506fdc4e,2023-10-16,1
SYN-ca48b5566cb817c2,283180cfdf2d545d3fd35d2b6f08d549aeddadf30ed2e830f3db9ba2cfc3506a,2023-10-16,2
SYN-f7144292a9f1e0d8,283c637fa4d07eaa21ebc48fcb89c64e6dbde6cc9dec8fa8b7fb74ff310bf643,2023-11-16,2
SYN-fea1d7102a7dd83b,284090ca7a276ac61f18b0d9ac1117d91e7ab9e8674a129df2676905568d47dc,2023-10-23,2
SYN-a90f8073962d4694,28472f7279e274fdb7dba74635a0d574bfaa930306ea0b3bbe4720194fbafc6d,2023-01-17,1
SYN-94f8505d47ba1b09,284ee55492442715c34b5967968435e44b7270c3cb86dcaaf5bc9410591cad5f,2023-12-10,2
SYN-686b7d91575e414d,285206693b25ab86b39c4ade0ad4433e0ddc20a24e5c7cf472d7ce4da0e4f483,2023-12-10,2
SYN-e4d9451a59dc7b48,2852e1452f8aff12b9b3c224f6f08fca79525c402aafffb695c5bfac809a998c,2023-12-10,1
SYN-f59c59bf0be106f6,2855bbf0ac39b6f4931cc67df4e7ad1a0f4934dd1dd9adc82fd7bb725b435779,2023-06-03,2
SYN-5de14984002aa348,2857a90c25f3417e6cf0bfa74e0baa1db35fad5fcbd1c86c5e364db51b0326bd,2023-06-03,2
SYN-702b108f662239c6,285a184aeb395e96c5c139085edb2db998f6b0d3319c7b6d006b04047014d668,2023-06-03,2
SYN-7abf995b4d9bb220,285fd012858652ed283beff5dedec5540e169d5dbc3e768548f5625b117e319a,2023-06-03,2
SYN-5a7d4e60a42c19d6,2861a95d23f08a376ff84b3b827fcb71102c554748fb7307929f72225c47589c,2023-07-14,2
SYN-22985238142f283b,286978e9e5c959c6f954028aadd6b40432e029b676d855e1dff9fbd28f153298,2023-07-14,2
SYN-962042ad2bce7824,286e3466ef24794f7e8ed30183c78758ad41c058da5c7ad72b0e482f115bfa0f,2023-07-14,2
SYN-5fc69845a84c27ee,2870b90b5fef51b057221adf4353e0eeabab018ef8debbe2fc5ba604439fabcc,2023-07-14,1
SYN-817f64d6d5be6bea,287944fa58c2ac646a902936fbf0122b0ca40ec65b13b138b419b824ed836338,2023-07-14,1
SYN-eda953b611e7b137,287acc214cc627f991f3e6f3ac02ab3e190a3cc2a3bdb562bd9be02ec6da2848,2023-09-26,1
SYN-f07397b1eba6cf56,287d84345a352ff7e8306813b6f6a7eb26680432a09f922c05cedadb73ba1755,2023-09-26,2
SYN-2d25e45c98b4be30,2881a085346f022e0273cc39c4d7559b271af068c5a71d2bee05bf7493bc94b8,2023-01-21,2
SYN-19b568bb4ad43efa,28837987080da53c7221dd319ce78ea814a1224a3b87f8763857aac6ea90c55b,2023-11-10,1
SYN-b39bf920006fec90,28863b0c9fd3970c71f629d8613d83783a6a950551e56a9e9f72b6bd6f69749e,2023-11-10,2
SYN-15652c56544f0560,2888bb960e6fc6a54ae12fbee62bea3533fba91dd31b563056ded4722b513faa,2023-11-10,2
SYN-cb74fe1362d2bd18,288e4a3d770309132eee4d883c59b290fc2fd1840168b8e6bf6ecc20ef3ea130,2023-07-26,2
SYN-6fb12c840d1cfea9,288f48d9075d57367e96ccb8930ec68389373dbe56c8b4439dda6f707c026fa5,2023-07-26,2
SYN-65eaba3215e8ddeb,289176783142906ec64011dabc1a129bb4b0bc5f0bcb876e3f7ff3ead62b42d0,2023-07-26,1
SYN-b1de7aa065e43090,289580b05ff64bb842568f360246f2cb1788ad4a59a6af17d36bbebd24d7f1ca,2023-07-26,2
SYN-95a46bffe764f82e,28a1386f52afb2bf7d5fbeb7a38fcb42da02919fdffac89286d9dcb50d9964c4,2023-07-26,2
SYN-37a36ae21f019b32,28a5da5001eebb17a8baec3c772f5f9756d3ee19263dd723414c8436a9f3fe1e,2023-07-26,2
SYN-d61a71c1002bc9e0,28a6c44947d7a5aaf9e3d3269a184da167f5ee4c35b69fb3f96e705edf2663f6,2023-07-26,1
SYN-b36dbe68347e0075,28b46214f66bde10f8e35277eaf4ecb4a6ca1af6672720f5b9fa4bc58ce943f0,2023-07-26,2
SYN-f981ad52bb746463,28c8fe0608ada65b9d7225c766539d43655b8663577e833af2ee2eab254feb3f,2023-07-26,2
SYN-2ee945d94cf0ce84,28cc1309f6ce2f77401c3f3c4141ddedd4657652716785c46deca00de9b07606,2023-07-26,2
SYN-6e818e492258cc39,28cdc9206988d1c77faec67dd9bee122419102260ad79c51fc4a313b1e902f78,2023-07-26,1
SYN-8970a09ed194e05c,28cf067649ffb443808cbc3c66f5e6ccfbd19706a89c41a37b47a13d0ac66e5c,2023-07-26,2
SYN-914cccd3be4ff3d9,28e09fe5657bc5c394f151f8511d1ebdeebc11217e0d564af4230804fc5c9cf6,2023-07-26,2
SYN-d80a24f4c75c5326,28e498abd021928b7897ca27cb3c0a7c2e55621afeb29203a7eb4a5ffea5afcc,2023-12-05,2
SYN-1edd87268d68090c,28e53729ad2ddc7e99f941def5d6b7a8b4e1835c2ea95d5553a75874a721dd0b,2023-12-05,2
SYN-ce9c79bb03c63824,28e6b819843f04ae33f4b96b39b375164b513342e687937a286189311bd7ded0,2023-12-05,2
SYN-8269b5ac454cc80f,28e9f2e04c7cb845484f20d4e5d062f901b5473956796837a57a936ade815417,2023-06-09,2
SYN-4a04f0e198bbfc61,28ea7b6ef703a42a180681657b7aa537a7d79da8e35274654be14398986452e2,2023-06-09,2
SYN-f2fc2b32ebea26d7,28f1f39ef7bb6f64a1b08f63090978bcdfbfc91d6d0d2db7bdab3b5121150900,2023-02-14,1
SYN-9ca5c5524beb8b76,28f4c3f52c56a73de24f052c528661733d01e263ecf4b4baef214f73b2f2c946,2023-12-12,1
SYN-fe474ee3d68a8d40,28f7f6c353a8112a24947702828882db4bea8ac0bb18acb9f48f90237dc4fcc2,2023-12-12,1
SYN-21912abca7008186,28f992484f710290b3bc1f17719d0905e24d0aa6159afb6eff4f686eba4d1adb,2023-12-12,1
SYN-938f78b147ce8ce9,29042bd63bc72342100304bb8ffc74f2a2b20787c8f69af9a2d8137ee7e58277,2023-12-12,2
SYN-84b5922de67b86f9,2907d379a7ef4afe109352567337ca53eb142ff901f54233ac6441bdfe070dde,2023-12-12,2
SYN-02065b46f887c9f4,2908403feb79818737a6d67f2661f06860548a0c97cdc63853bfd21a2607df7a,2023-12-12,1
SYN-037e7f1cece8a937,2913e9747a1dce952c67c91fc44d3a589f7d1bf07932886b80871a93ccc3d17a,2023-09-18,2
SYN-2f5a903df1294fe1,291516caf0af647aba5cc709ba787f4059660a468184696f77069f2ea70f0011,2023-12-25,2
SYN-74d1a6557c8b09c2,29176df3a015f98bc24af428ddc2f869b7e97eb1f02656186de91b0bbad9d822,2023-12-25,2
SYN-4283f46fee054172,291c1a6b507f2776070093cd891b7413652e486c17e830aed78955954bbe6b3f,2023-12-25,2
SYN-e7f46386ebd70461,291efe85ebdc4d4d93fe2bb2e91198b0053a0189edce18b79bff4279ebacddcb,2023-12-25,2
SYN-4cd007b6687b107a,2922553049ebe463af69bda74ab7bf468a63c40cc36981f8d704f8a62b162c2f,2023-12-25,1
SYN-072e7a0a5a338073,292ac1815409694cee520a6762dc697d002b65836a8c052bac36d5f8d62ccfb3,2023-12-25,2
SYN-7a722d15898c1423,292ea2aa8bdaf336cdc84b89d64ce53e3f02922e53863a587cc196d0b7ddbfda,2023-12-25,2
SYN-55ec33a02c49e919,2934e7bd1071894afbf3578cfc98359f02512d028e57301aef21b070daf30e63,2023-12-25,1
SYN-e248455ab3b1c711,293ae439c0bfd19c6e883809eb86bb5205d27de61d61177a92f17d9859a29f3b,2023-11-19,2
SYN-99e05098df114477,294e2a89b2120c17f94bd03e604b1f67094e0da7cc04691779c3999ed0f13e78,2023-08-12,2
SYN-02d6ffb620ded077,2956b1d70bdce1ade1f6753e0f0e63cef6d9645b453ffdc4d4fa19ae60b15d73,2023-08-12,2
SYN-18f88994a0e6b068,2956e0efbc1d582183684538575eb9f5de4fcb1f5a1656e0f0f0d96a038c3fc6,2023-08-12,1
SYN-2ae7f6ccc304cd08,295ec091fb9a2c2d794fbd762db9ffa4d478d2105cb80c1abff005b1787c34e3,2023-05-02,1
SYN-3003cd787008461e,296d3750311bba6191047fd975d117fc0b0504e36faa656943b5ab3bfe2dcce9,2023-05-02,2
SYN-3db849ae4467f976,296f315c2b96c3b6c3444c6bafdbe6f971d951c447795061e393e046efa92f80,2023-05-02,2
SYN-6eaf5e5813a340bf,2973d7cf12aeaa603a9eaf50adce540aa39361d2fd475ec41845652f3ddd198a,2023-05-02,2
SYN-31c0e2430ebd7fe1,297cd1069f6b69aae639b1db95d104792a98e72acf508af08cb2d7ac8d0fe989,2023-03-13,2
SYN-da305af1d596ba30,29800c8c56fe4a340a1062200ebb2ee5dbcdce85fb3d6ac64f4c8899fc295e1d,2023-03-13,2
SYN-251bcc5960c5bef7,298e7cf0a2dc389d28eb70a93b0dad3aa3092b229e0dfbf0a9458301150b59b3,2023-03-13,2
SYN-6789736a9e47dfae,29a066be7b6947601e642578650e3f846fce88082e31ec53c937ccc014a0bdbd,2023-06-30,1
SYN-41bfa5806f3d3003,29a7df89330bfe438ea3398e24b99945181b7aa761c716a0b2954804d4f2a776,2023-06-30,2
SYN-44a3454771993d5a,29a7fc56b4e70e6267f159cca4969ef67d1c6010b0a8c9e61611a42e2e0bb6e3,2023-06-30,1
SYN-559bc909b4b9992d,29a89161033b965224797ee6f370f9a16ade47fc8cc836a2f9569ea4fb5c5b0f,2023-06-30,1
SYN-6f7a5ca8eec68bca,29b6df031ece049edc6ac80c7d9fd61ae926a8e577a077e2455571adf3ea9bd6,2023-07-04,2
SYN-2bdb524903d83975,29b74ee0bf05158075ca07bc54557e00869ff951a6389455f94d32014b8a555b,2023-01-20,1
SYN-c48c9db7ad465138,29b9bcb87c193c47c8eea1b1646652ca8696126620b3a5b71d64b2e1bf672427,2023-01-20,1
SYN-4f70175021ea4b4a,29bc556bfd9a898444bf9101347ebeb74f05fb4a173e86b0dd3a1c22ef53f31c,2023-10-07,2
SYN-eba9c8cf539bc81d,29cbf72547519e683280ac628eab3f47a5d3411a45daad8c65976d577b761431,2023-12-20,2
SYN-667dd0514fc3e857,29cc6c757e27ed052a1e3f0afab821f765c8644de45550fcb55dd13d8ea99185,2023-12-20,2
SYN-b47d2f4661497e5c,29d29f9a40245098735aadda4f9c621329b5b3562734efdbdd8bc51a10983978,2023-12-20,2
SYN-30921093a7bee964,29dc65502614edc80d2d6a34239da2b0ccabf28f1d3ee9f7d1288f3aedd60589,2023-12-20,2
SYN-650e19268c019f00,29e023c8189d99b4d54e62edd53403ee2de161181fe8648231768837211afd2d,2023-12-20,1
SYN-7affdd308b2d9c05,29e3c027e73349f529c0e32729158a599003a0048c3e2c89b041381c50201b50,2023-12-20,2
SYN-ce800cb7dbce9ea1,29e56bf87de24446d789a6b70e7da6609afe942858ea631b70090e88a1169220,2023-04-07,2
SYN-cc7ffc7a5750e36c,29e5dbb956e0a27c64b7aad7a6895f4f6b721d003e8cc0aa72e35c2d679f051f,2023-04-07,2
SYN-1894d672a81467d9,29ec6b760959b79c9e50443de07464a300439e5b9731577b14b604a0bd458f02,2023-09-30,2
SYN-946bcc16dc3ceb15,29f85008d09da634112a4f49add29c982989ece1eb7a0d0d285e8f0d1ab7c11e,2023-09-30,2
SYN-a948c9bc42b130fb,29fa1c132794dc2c7c6e22998f3822029bd2d7669f093d84b14aeb68b91eec6e,2023-09-30,2
SYN-613b9e06ad159a34,29fcc7e1b986be220c791346106a7b05dd4a016eda7f162b16975135487520fa,2023-09-30,2
SYN-8a76daef241fa844,29fd3e52dd2f5a9f042914105e12abc12a46a5569365fad3865c37777067540b,2023-09-30,2
SYN-7e2f9cf97f222a8a,29ff1b1a51cfae0bab126532c32c69725bb91b310aa16dcaaf4ca49425d72811,2023-12-01,2
SYN-1d8b799e35656783,2a09723f2fe99830b1721594c331a0f1740fc31d48d4d137af8a35c766eecc08,2023-12-01,2
SYN-02d126b583598b06,2a0f68ff6c9c004d1df60a5793bc284cf43e4b2ce429da564bf0e68c2132e642,2023-12-01,1
SYN-581b7f78e389c0ee,2a201fc0c16f1ffde6a500a7fc68519df43ecbfc2f6fbee6d309333ede280549,2023-11-05,2
SYN-068bb9755c1c71f6,2a215bfd9ccc9a330eb5593b3e05394c0771e19a824186c9815c81910714dbc6,2023-01-11,2
SYN-34713f395096b77a,2a2705f29efb00f748b8366de72c36ebf53c986388780dae16e0918b461883b4,2023-01-11,1
SYN-6e0528924e7b9ca1,2a27e4f65c307dd1ee19beecf16e634218584cb4f7312aae02dec985514e1788,2023-10-03,2
SYN-b975d9c2157ff0cb,2a2abc10328220ef8ab49b57092d8597b394be3d3da9e06cd6b082b16d740e2d,2023-10-03,2
SYN-e1487a6077974655,2a2ca4a4df222ace4ce9d507e5921bf76aed84f0261a9c5fe7d90ab3ecd1c4f8,2023-03-04,2
SYN-a97da471a7e9d285,2a2da95e50793a82f54eb556b2f74105ff8b4f23f8f41c3a7aec3d8f54f87b80,2023-03-04,2
SYN-555a0123085a8eb9,2a3597e5c1ba24def5a97001c7e57413b6914582d7341d86df5bdd8ffa9c9734,2023-03-04,2
SYN-f2730874f09e1f15,2a3637df7c9edf90c9d50bff687c593d19e8221ab84fc9b9a3dbba9f8f17f553,2023-03-04,2
SYN-ad1ba4ef56aba75c,2a388a48f923bd840f986891e17e82da279e21e567b30460d722a7c45c5fdb98,2023-09-17,2
SYN-c86bd54b74462f9a,2a3c2fd2ac0bdcaaf458672ba4e86cc89ebb42afee3b2c0fe83d1728ee9a3152,2023-09-17,2
SYN-35e499342dd363cc,2a3c5b17d75284b6d8a68d47e7c6e280b641629adb8d1d0843abe807e44a6765,2023-07-28,1
SYN-f8907631b6f8894e,2a4003804e40474ee90c1dc6c8cccb87fc764ea46d48f0df332c4e576cabc9d5,2023-06-08,2
SYN-56cb754e9bfc963f,2a44d12aa77e37402beb326b8b49133b15fc13737403760be90cf6e176f958b1,2023-06-08,1
SYN-5c1a05ef62730b67,2a4612aa2dad08f41160a4b46286cdc02d010f7ea0d045c96e5b3dd4d0e123b8,2023-06-08,2
SYN-5750c402da25047b,2a468db5f93078b0c6bf6f52bea8b5252d236b7e0930ecc69e2444446fac7653,2023-06-08,2
SYN-3f0f7af5ad1084ad,2a4a99743dc7f9be3cdcd4ec1619a37dc8c4127781ea4e8c2f91ff923a9a4702,2023-06-08,2
SYN-0a24ec45e9b37b02,2a4ac07b83e9d9941ef270dd54d6b7f88b0589ee7e13356568e147e4d4a245e8,2023-11-18,2
SYN-a9a6fb38a6c7e091,2a4ba8c3565cb4d1ca926111cfb6f3aecea880a6b650d293547e497134db7a0b,2023-06-21,2
SYN-067fd691c229f2e5,2a53aa24cab4d68592fadd87ece4de012e290d115a48287a83fcd093be52f4af,2023-08-17,2
SYN-7a22bff85d3db0dd,2a55ebfc7d91dafb5d75d32d4027ee99005d2c98b40711e9f3ff4b9ca3a68d7a,2023-08-17,1
SYN-ec678e1367fd87e2,2a6a078b136931de9936417f3a9d5423dc0946041978b69c71d79e66359e147c,2023-08-17,1
SYN-70049a466743ae14,2a6a1e858c5332ebd802dfb2f25912c7b74a62f3bc49ee43490206b31914dae7,2023-08-16,2
SYN-a6ba75d8d88bf4d4,2a7aa1e09c84cc7634b7e32f126e1ecf395b505c8c0605d7a013019a835b44c1,2023-08-16,2
SYN-3850b5ce2b3ef216,2a7c7937a1f7c5550ff1520d617e715520385b5151a15375322ad1c011e8f097,2023-02-02,2
SYN-f8830e8e674eabb1,2a816b69d9711a4970b8818c9b014697d634f6b7e6a5a560cd348e80ff33be32,2023-08-01,1
SYN-8b4c33d582b92164,2a83ba7aed6f41ee6e81d195b11660df643a128a0230a2596d134c2ce6285761,2023-03-02,2
SYN-ffc5f088da37aafc,2a8e028c102aeeb2238cd0d541a70b059b26207e62b2a08819d495fa90ecf840,2023-03-02,2
SYN-9b6d82e3db3a842c,2a8e0bb0838cf3520dd883a3f84bd8512aff5c8b8c1677ec641e4a298e4f59e9,2023-07-06,2
SYN-58aeef5192537353,2a8fddc9bee99be10b16b032e3e5c230de7588b7e4a163b658b47d56054a18c8,2023-07-06,2
SYN-d01acad026c79cf9,2a912a1863ca529466cbed1b1d4315c12e9959f4d7fbc2c5eb8a7cfd03f5f8fc,2023-05-02,2
SYN-bb6aada8229b8353,2a9159ba7ab5e3a97eab84c0b20898feb6978a9c9d12cb22e24e32c1c87f8a1c,2023-05-02,2
SYN-9851b3ab8ed9d035,2a91d642ed0f8d3415e1277848b8d28e111b0738e2f8a06a452ddf99e24377da,2023-05-02,1
SYN-c7d1194cb375613a,2a9b247a2bbee014c862efef7ec5927dd4aa93e43f8397ed217faa689ea6f9f4,2023-05-02,2
SYN-23e19998b7a8f23d,2aa23bd3babcd389a413893fc7848a45eb58d0e45bc8abb42d15ba65a048719a,2023-10-08,2
SYN-b57272af8d22c1c3,2aa44accf39c0b03832f8069c72e1380d00c73ac13929a69ab1f4261520ec1f4,2023-10-08,2
SYN-33ed5df30aefc173,2aa5e56cf4779b5b530c13df98d26d26bdfd14044211cd927c1838dbe8d57fdf,2023-12-31,1
SYN-f4b887fcdfe38936,2aa869f797c79392970d18bc2a9ad64c4b95d44d9f268fa4a639d44001d421cc,2023-12-31,1
SYN-7d436c698ef35d4e,2aab3aab7571b962a7ca9c827802b42ce7d13cdbfab1e338f92d0409bbf4dc23,2023-12-31,2
SYN-f1a558dec4c52909,2ab2e0ca5448e839309f309a80a6e889f0a42e2c59555ce0619e8e9996107ec7,2023-05-15,1
SYN-97b78b756674eebd,2ab88c702265f0b335539ea1ec8453bb0752df5e76ee296545b83b5c221d167c,2023-12-04,1
SYN-2f3744b2dfd76c9d,2abf5f8b41f09d4dcbd4ac54f9aa0b6a469765db2d549a0fb3e872d0fa646f4f,2023-12-04,1
SYN-e514f0bf36cd879a,2ac2b22e8aa022a0c518edbcb3c1cab877b7306f8189256ec1f66eb229fa8b52,2023-12-04,2
SYN-b109af4c19754374,2ac37f33204198413107090595829e8df526347049a200e1a345f02701879b82,2023-12-04,1
SYN-882ee904acc03d91,2ac56ba5cbe279c99811dcf0d78a6f1f8d9e499584a4f183b8f3ab61da9dafe0,2023-05-23,2
SYN-983de60007cbeeb5,2ac5f1429e9a7d3baf9ad6d4ee98cc9ef633c5d077785d1f4d37b7c98286d34f,2023-05-23,1
SYN-1c9647da827b509f,2ac8c2da832205590f6746a611ae13e0a0451c877021dfef5fae9401f0f2f3ff,2023-05-23,2
SYN-19f49a370dbfef1e,2ace5413fe337cc589be7484384c9249a9f04d2e892a664eeb7bc76ac4cf3584,2023-05-23,2
SYN-aec0196505765df3,2ad6f8e231b6a81d42c7b609a63ae6180ce13da2245978471e2439316236ddc7,2023-05-23,1
SYN-7487bb6465156a89,2ada356c0bb9b6773834489c719e0f94e00f72dfab5f2d9ce1f3898a744f5f24,2023-05-23,1
SYN-70def9a9412fba7b,2ae7c4059534149cd18e98c146eecc9f6205d607692b91ce389c124360f29445,2023-05-23,2
SYN-12c860ddf4ece37b,2af5e43122973e2de0505c3b84a019a8f9f3ebd64926f4a835df83b1146694f1,2023-05-23,1
SYN-7e29fd0cff946537,2af61a610183e721944cbc577e8e4a1750c6e0709b7344949585b5fd503f664e,2023-05-23,1
SYN-45ef23915ed03589,2b02d26a952ca69ad4abb294564a6468d90d91adf0d9d02d8292e360d44b8d9a,2023-01-12,1
SYN-4b46101d16497a0c,2b04b2f52563ff75e84866ca0df108a368fd213e21712f44fe1db0c45dbb470b,2023-04-04,2
SYN-36e3f6335ebcef97,2b10bd1690b393bb42ed5649bd3e43d92c500ad9ed3094d899e746d68943fe67,2023-04-04,2
SYN-a0a7447c0840e398,2b14c388234ea191ae2b1534cd242d4a87efa0b3fbccb0598900544ec71d951f,2023-04-04,1
SYN-514e1f4be9e3c42d,2b159bd56e31b0083a1fa0a2fbf08dcad51babc626a2ba5a84e21c95497f9097,2023-01-02,2
SYN-654b548ad04be198,2b183d8f2c1afab81e44f365d5d3802d3172921ad4013494706d514978d190a3,2023-03-22,1
SYN-bf3a5d9dad504fb2,2b19a3c729bd931b4b72ffe7508bbfea8a90c88c4a642eb234f4c690f3006756,2023-03-22,2
SYN-00c289805d32fe97,2b1b5f7beccda2bb5f3f205e0bbd5cb7abc4d526f529596c392cf32fd68c2ac0,2023-03-22,2
SYN-69bb313adc6bc0dd,2b1da796fc11a7e473a10f9d81af6fa7e1a188405f9f0a2d258365cdeb0a1fe4,2023-06-03,1
SYN-0d484aa98811b4ee,2b24029861a1fa632b685cf3d81342a8d592f5fb9db4175a685d4d89c0dd2199,2023-06-03,2
SYN-f0515b86341d3e1f,2b24b3c611b0d9c5d6ccb7501518c958648fa7eadf42327b430c884159a29cf0,2023-01-04,2
SYN-e04351b1f81b3eed,2b2a4f9830065972d9c84b2599b7002724d0d8cb1840bdae261bba413e537f7b,2023-01-04,2
SYN-5b6a7bd56c8b8a3b,2b3726323175d9e832669d5ba7db4241f790cd246cb9f074d3bfa13c5969e06b,2023-03-11,1
SYN-ba6165762ad8c9ba,2b389ca7b889ee1d597c22ae8dbd99640be4b97a6cc8d74c12d3cd43fc98d77e,2023-03-11,2
SYN-301487f79334b7af,2b443c04b70489358a84a9d8f5eb117550c2a708c8c5e42a3e3e859717d815ca,2023-12-02,2
SYN-986464baa3f7e948,2b44a8cd27f6943098f6ce0ae5d9d443d3a05673bf60df9ae17277576fcb950b,2023-12-20,2
SYN-0b728f72232d41c7,2b44ace0b1a47f214cb644cf1e700841fdbb168ccb2e4cb316f6b1e8fb23a437,2023-12-20,2
SYN-726dc8fca63d72b4,2b4c95909a17d986ca891219f27f0139bb37e5be9a7bc40aa129f3ece373984b,2023-12-10,1
SYN-3b8a902226c78cb3,2b52188513ec51921047f0a9aaa3ba58c69e17f2fb2d754c917ac4f7ee95bbb7,2023-12-10,2
SYN-e7e1303277abc54b,2b55449d83e362035e4d51e6aae44d6f83e65d73263d19d16c90235e6b4523a0,2023-12-10,2
SYN-e8d205d08e61f27c,2b5b55b577f7106bc8dd8e3340382d1f28797759a521a9b2e20d0267bd229127,2023-10-01,2
SYN-4a102f839f6bdb42,2b5d14ea938aafbab01716b3d018ace86179e2411c65ca954d9907897c826fc6,2023-10-01,1
SYN-74c344eb383cda16,2b5f8785919140599f437edd43f6e3d25dfabe76e48a9095fbab07e31ef7cce9,2023-11-26,2
SYN-42d834d05fa4f7ee,2b60ff785998b020351a2b220f8dcbf390ec71fc26eee83614c78670312df239,2023-11-26,2
SYN-a7b1de718dee74e7,2b626c0f994286eb20423bfffa5dcbd54699df64e477b3ef257d93eb3ba4c8e1,2023-11-26,2
SYN-71e83b6776371357,2b6368b96b70d1c73eea7a4c4828c3ba45bed3ee2d82b7f60b24f0a3801c49e7,2023-11-26,2
SYN-345e3b645a33e100,2b69628292307403b6c0c9a14947e92910574eddeccb614302c66cd1ba4bd2b8,2023-11-26,2
SYN-93720cd249f62022,2b702fe0e99bc73716d8f68784827dbaa4718628bdc84608beb249967a300ee5,2023-11-26,2
SYN-cd1398b66c017c25,2b712ce5e6f6c373b3f55e5a8e9af3a2778d7906614a8cd9ceed0d61ca3fe9bd,2023-11-26,2
SYN-dd8e77e19ed9179b,2b7c55d527dee8dac64a55a22d8bcb94a42309717a505e27eb841c6001f62a16,2023-11-26,1
SYN-4d9cf6e44bac9811,2b8cb3eb41ff78e233d689bec0f5cb05ba4c4aa90e63f0d5f03ac6add8d01aef,2023-11-26,2
SYN-9d924411ffd2d3dd,2b98ed87ee55ff52419b3f5c5488116ee96c8e888592e3a6339ac90f2b5631be,2023-11-26,1
SYN-d45efd479c75b1c0,2ba61c551cd236db2f21842df6670abc16c1c08320ecd0cc35e6bc0dc47b8b74,2023-11-26,2
SYN-af032bb245eeb1aa,2ba65fa8b2c19ed5a1f1b28bf89e8a2a6372768e2351db214b2d010e467f099d,2023-11-26,1
SYN-f0973cc525599d5c,2ba71c5b625e8b680dcc73427a29141ead2213c66c196b2c852508175a7f6e48,2023-11-26,1
SYN-de0e9c96215f30f5,2bb14ee2c84347fa745bfc820adccbe7def1db5f0bff6a9207cf1470583e1831,2023-03-06,1
SYN-8a8c16a33ea782fe,2bb4201b6044e5960c856dc631e61339fdeeffd3f4c3ba3d70b65453ba6a1271,2023-11-21,1
SYN-7060e2879f7e5fc7,2bb538f59da278a7d9f6b7aa6d67634ea524b64285a00c24b29fba7e8afa1e0e,2023-11-21,2
SYN-5728c8b71653c6e5,2bc55784973a40332ecb621e142debdb88621628d8b5232691ada39bf9f0f437,2023-11-10,2
SYN-266dbc0851d10410,2bcf1dfe38d48dc8bcf45d6dbd86c8a0ca53a9cc6066538fad1ab5851027564c,2023-06-21,2
SYN-4e7929267dc7dd0c,2bdcc4b0ceb67b5c5bf64112fa11ccb70b3021b909b44a909fc277ec8b06a496,2023-05-10,1
SYN-1eb2b4654f379331,2be16c94bff5862575ce2578b493a664659a4b080cc7523eb4c320bdf6f0ceac,2023-05-10,2
SYN-fbfc339cd1d40d37,2bf036d2ee7bc40b8f1fe06f370b0e12bc452ac8a8bf0879faaea8f23d2e59bf,2023-05-10,2
SYN-ba5b1cece4dbbc28,2bf68bac40e37b09ceee67f1017d31aa8858a3ad6368c63801f8801bed5a260d,2023-05-10,2
SYN-dabc82d59210965c,2bfdfc620643e8428efa6d1658122ea82c73d9312a0bb71130b9ec61bf101164,2023-05-10,2
SYN-60e423daa8c416da,2bfef3e13c9e02c3331136538ad6ce5c437108f490a544856ac58dfd58e86b49,2023-05-10,1
SYN-846190de0fa96c63,2c005a8b5a668a754b5123a00146705356302459ca5c8be376f616236a37cf28,2023-12-10,1
SYN-6930a837439d1a12,2c0983660bf72886f551748e715fef94e781dfe8b4eb0c8ceb63f55c6c288986,2023-12-10,2
SYN-9583e83227d09956,2c10a5006470c187597d5c442a263ec88742204743bd328a0e6985372dcd3bf1,2023-12-10,2
SYN-2b7ea99cef69ef49,2c15c520212c2ea12da28b296c55224e5f94b875e7038b0e0f17102d248f763c,2023-12-10,2
SYN-74dff2ca476eb0d5,2c1a90983888e11518a9d56e331e1ef17f026f190573938190470f1b78220119,2023-12-10,1
SYN-d76ba10cf720a004,2c1b4a0a366a3360c84ad266f2c72758a3100a1492882eea816af9e9314c6969,2023-05-28,2
SYN-1082cbe6447138ca,2c1ba8e2d355d3eba46938d188fd0de5b92050e260543487cd6d83829c22f752,2023-05-28,1
SYN-d8a64ef7855e4897,2c1bb110d5728dacf162d3461d74838664c67e19a446489cab1f488b8bfb79e2,2023-05-28,2
SYN-81c97852d68dc1e6,2c28dcfb4246e2c693e3e05c9b102a17b80705d8d8ca0386699332d92b47bea2,2023-05-28,1
SYN-2c826b732e31634d,2c29253b0aee366036f677106823372fd1988a94f2543e4bbe0afcf250155760,2023-08-23,1
SYN-c2320b36d80a41e3,2c30e817177afcfea2d17153e9cb91d9d9aaf3d9dbaafd5dc7e3978372974b75,2023-12-12,1
SYN-067b0c6cdc27691a,2c354179ad98e863d02f29ccac09af66b71a1a109a520701b63ebd7608baa699,2023-06-06,2
SYN-4019e2151db0120a,2c3a512447c4a374c5c13e1553873dffa0d296e1856eb2a9895f637924ae0ea6,2023-06-06,2
SYN-fb790e77f1ecdb29,2c3abfb995a27353ee78b15dc15ab1459c61ac052b1421caf5c5e75a5d6d347c,2023-06-06,2
SYN-e14b7ef0b31142d5,2c4544f7f80cb444522aba83b2177b8c4587e585e597d306ddde7e5a1afad7a0,2023-06-06,2
SYN-a04633bef5b62e0f,2c480b8d78f5c45a1933b30642c3b5b467e0f85d76ef9325d2809c8b97f1e60f,2023-10-05,2
SYN-84f3f2763434ca5b,2c49018d03eed6d0d33e00882da054fa44801b91abad2d3f09b80b4ac1bac1b5,2023-10-05,2
SYN-5ff870d06ecb2fb7,2c4c839a6576a8b61e6329ddccf7e63f5102cce428a17e09ed6c8d89e9ba10dc,2023-10-05,1
SYN-6b8ecb5007ac37a4,2c4ff81589b8dd304ccd5d7aad33cbc55d5d4f5147c74fd4bc61b499c207797c,2023-10-05,2
SYN-44e5429186c32e35,2c54773e8d14f6f38be424907b73aa80a4d88a3bff8abd5dd6d9eda4640a0767,2023-10-05,1
SYN-683e346ac3593eaa,2c560eb536d7b73a7d1f7142173ef71abec311f9a4df53fc16fc43c57d272ce6,2023-10-05,2
SYN-8281f16c6cd683a1,2c5a6a9a0d00a5bd354413a1ca24e175253b28c151c0aacc8bc391519fabe281,2023-10-05,2
SYN-7824294fd5d25aa6,2c63acc77276983b1336b45d06fb1f1daf7048dcb590ed6bb6ce74e92cf3a501,2023-10-05,2
SYN-21fe29c62932f526,2c6409f02c401f085468c6bfd4cc377ae3e5c0b1deffb48ff367a11550900be1,2023-04-13,2
SYN-6b734403d3154477,2c6a130315d72240065bfff1c8b1a61cc8a63e339013941f91cb9c72d5b1e385,2023-03-05,1
SYN-3060888db767067c,2c6c4ccac15f0b53c9aecab910c31180f1b7484f74da533c287e17057ee951af,2023-03-05,1
SYN-14a3234c25a583cc,2c6f49c840051dd015750197cba87ea6185bac8146d5e28b0430df0161a3c015,2023-10-06,2
SYN-0b63772bbee93c0c,2c6fc037e3ecb9cba99b34737f9ebb5b07f141e971759be56b5ffb6018e2bf5c,2023-10-06,1
SYN-e8bbc5c5d4f5d9ed,2c75d52af6b56625479d2374e3194fe732721e989edff1753be09837106ed776,2023-08-27,2
SYN-df5c280d60c0c8c9,2c7717decbd7a2a4bbfd4bdffd355ebdd0e0695c261fd09b1790f44183b95f91,2023-08-27,2
SYN-831192940db2d717,2c792115ce52afa9bfd97f2c04a7399238591bdfa7e9773a9e6e7e626a7aa74c,2023-08-27,2
SYN-3f567c065bf8ef9c,2c795d5e20a2b3c2c6a29ade04b638011f9100ad284bc87c95f0bf36b144470e,2023-08-27,2
SYN-f663070cf40aad96,2c7d038eb85fc44f39a3f0d62ae059e03fd2529bf1e1b1465c0a28738473ad59,2023-10-31,2
SYN-801111fad50c56ed,2c95668561949ed155c72c4922232820b0f40f85b70cd613889e5f82711e6b88,2023-10-11,1
SYN-9eefe49f3cb71abc,2c962de7f0050946481df19b540175d9750944387decc530b32aaca4f019bd0c,2023-10-11,2
SYN-72a400f9fb30bf6a,2c983c7eb5418e55ef8a1044dae2de8d07589c9bdca6b1aaa7da94b15243ee15,2023-10-11,1
SYN-41b62e46cafc2833,2c9d07e86b7494f28b13dbeecda0839758e74a07067169ab4ea20ee93ec62e42,2023-10-11,2
SYN-fab40ccf4c8a7b24,2ca0701bdb8dd1a0cc77fc03ee85c067d19d43c106be15c912c1c42b77f6a024,2023-10-11,2
SYN-e31c0ce2c077785f,2ca0dedd9f0aca3982b0801e1c3520f68bbbc3f314914d85647c3d6819f9bd12,2023-10-11,2
SYN-5368a7377d3fe374,2ca83cbb6a552579159d1eaa33cc97546f538fdf20d22baee05c3ca0fe062992,2023-10-11,1
SYN-76677cca38b27aae,2cacb49bf82c9266777f4c4c9535e47837b409178c29014828868eda72f3f052,2023-10-11,2
SYN-a8c5cc90bac9147c,2cb23f3fe5d1b78345f1473d4de71e21ac893411f505ec08ad99ff8d70e4dc96,2023-05-05,2
SYN-d96513d513639e51,2cb2b3c8384f7bdb5e0ad806ec1a3d3d304a7b709d65ad07c80700d97c887916,2023-05-05,2
SYN-e938a10e9ac370e2,2cb95c188bd81a6be00637d91eb7f90a6b3af1f4178b93a77a885f82bedef04e,2023-07-23,2
SYN-34b39039668564a6,2cc5b5c4182e79ea3f759e81b2b431210b810fa29195f21687991bf638de87c7,2023-07-23,2
SYN-10e2fb53688809c9,2cc704a48490784f330c6a86f8304b1d3ccc4386eba9137a3777040903f9c44b,2023-07-23,1
SYN-125dff06cb9e09ab,2cc9c09c7e7a6fb3e69604f58e956b2489a0a6483b4b280c2e4b21f6dccede1d,2023-07-23,1
SYN-bca2eafdc2cab778,2cca48714c75049294b36ba40e410d77c694d5778966cad68c1e2d0faea38dd7,2023-07-23,1
SYN-4f422619333b4ad4,2cd130a6474d65f7d560f1574edba6863c2350121c495870c560a32a0c10a3cb,2023-07-23,2
SYN-6b831a8a49baa2b1,2cd4600a36b5bc3bd9d068c00b9f030dc32d4e75cfeb9c70505843ce81ec853f,2023-04-19,2
SYN-a38950b11d455a5e,2cdcb0471fd9089cee0f98caa3f0c27831e538ce180f29d1f5b59dfccab6772b,2023-03-23,1
SYN-52f3aed6bcde6c44,2cdf4478e158d3b9791d89f3aed7a270a0b45921796a8dcde90dc79f7f438937,2023-10-19,2
SYN-2024bd495704e46e,2ce1bac00fe60cf6e6e703e31b62b1d348509808ab42422fe4c97e349e6f3dad,2023-03-08,2
SYN-1e7e3f82a1bafa41,2ce1f63368b81b036c951e2124d249876f30e9030377a6e681f4cb1a7d3527bf,2023-03-08,1
SYN-902e7788c9ce0138,2ce23229c610af63330771444b006141b37d6a43eb80711b517ffc238aa14ed8,2023-03-08,2
SYN-3402953a7c92d0df,2ce4722f8e5ceb26b3ce42a45ef3f62768a58b78cd5d665b271b883a3fc32d2a,2023-03-08,2
SYN-bf410940898417c7,2ce745ba94f00e4a016cc15fa3f4ed955bfdb2dd9e5e4b11cdbc79a53fea325f,2023-07-31,2
SYN-2fdd16ae0469b070,2ce9ebe090330dbf8dbb78fa64b0c2d809865852159be983d24daf2146ed4431,2023-07-31,1
SYN-2372bcd451021a5e,2ceca225d672f8b068c1c7b2bcd822cb10ba7a36f13eb72fe9a7bcee0e05eb66,2023-11-01,1
SYN-696b193d471c6eb3,2cee51bea7f8c9bd93eec9641d0727c71bd7dacebf2e90a4d769aaf4d3428e51,2023-11-01,2
SYN-ab4be14ff72c54d4,2cf3d5a427ef0399dc3e749cd0a2b576031c651eb705e5308f7b12a314f9362d,2023-11-01,2
SYN-cacd7108fc6c9f77,2cfef893e5199025a7561d957d7a3803c26ba4d526e0e05f45c5c58bf48e735e,2023-11-01,2
SYN-24f3d16df0f67e37,2cff8f656f70633a79628402504ee87a628a4d174ff8d9a2716c1eccc57cdb93,2023-10-08,1
SYN-05a038aa34f71d19,2d00a86258b1956b7bb5ae548aae8a0f63c3f63b0166448f76f9dae8fa31147a,2023-10-08,2
SYN-7fa7ce746642c1ca,2d01debd5c4d3102de7332f01e8000918edf6c96fb6a315391d309cbe5943e3a,2023-10-08,1
SYN-f866caeee900a924,2d02731549c283b2d2ed9698012d897b72c5cc5c04ce696e1960408ab40900bb,2023-04-08,2
SYN-eba7456e7e169df4,2d040cceff152d755390d90c98e96f2c60088236f739960f10134b0acdb5726b,2023-04-08,1
SYN-5a664f04ff7a385c,2d06502abb6c3960daa00cf49b3a5870fc10393f15a1c6b8f5a5acefcac85b4b,2023-04-08,2
SYN-deeb7b1e9013d655,2d0b4c2ae84f84b9fef9ce7a0dc8b029c0dba1cfe8fd4afbd192d8fb3d854159,2023-04-08,2
SYN-ea78f2c6b2a61ff6,2d0ceb3af2d78b459aea060e4c53e9925c56f944602e9f30e52383dc5f055ead,2023-04-08,2
SYN-71841ec1b71bf809,2d0e43e7766092066c4e1673f06cf269403586a3bdf0d5c24e7a3e31dd96cac0,2023-04-08,1
SYN-b3867599c83f5817,2d0f53fd6c6d47073446bd7336904fbb1b1f1a099d6fc53797aca620275d58f1,2023-04-08,2
SYN-e0de77642d203dea,2d103d7901c919e5be932a8e6a8dac4511c343d4e9c2ec92783d95c6bcb31fff,2023-04-08,1
SYN-83ed7dac2bb9d538,2d104f516dfe8b8a44903753b707b0f12d63d4374399d57cb67479dd9b4d293c,2023-09-24,1
SYN-e5ed6c3a14677202,2d17eb6bc25d969da89b83e3d446041c90bc99789998a3069f7cee42738c9c8d,2023-09-24,2
SYN-729e0f22fef8af95,2d1d9df17226491ea2eed03cfb78f07450a8334bfb45ef5d029a4b01bd58e960,2023-02-18,1
SYN-3057e0ad3ee0c4ff,2d22ba6bde5cedd0a636cfafd6bcc02af648646bed575757c509174d04a8c12e,2023-02-18,2
SYN-c620612583c575f1,2d23b3904e8857f3246024fc9126f86e9bd18086a4b28d640f5495eadb43bfd4,2023-02-18,1
SYN-6495f9e693264083,2d2acc1ddaae6e49751fc8bbf9e52666f73a766a58553effef226c52f94f7d4b,2023-03-15,2
SYN-456e809a04be7300,2d3597edbec16563210e485b4fdbeae11fa3768bd6ffdb974cdb526ec2558848,2023-10-31,2
SYN-88af9222cb7a4bb3,2d3a98ca7cdd1f8b8fb0f4b5290d78db984df98ed187f245e4e080cb995a6a71,2023-01-20,1
SYN-ac871fbe81279c52,2d3da83ba855677263a80d99789b931abcce9fc0817db3c9307248d65034ae3e,2023-01-20,2
SYN-7e370b3e775bd9c4,2d3faf2393a62afebdba62e01d0a9d6793f298bc26200f07e1b1b608e6251db7,2023-09-20,2
SYN-fc61410b67a4d04f,2d4053ddf1c76ad48e77eb696635648f1699bb2fa34839987c5c867d04f9c149,2023-09-20,2
SYN-dfa47ab4fca17856,2d4a67f2af69adcf76c08d9053387e0af7d5f405a96020e530125a0d3bd746d6,2023-09-20,2
SYN-5c126088ac19de17,2d4ac1a55d449a398aa3790cf1bbbbaa6d10925268e35af772878e4fdd13daf5,2023-09-20,1
SYN-0655c207901e900a,2d4e2425458bf97676503ce907ef5ee22bd84fb1f7999f508000199e1ba6021d,2023-09-20,2
SYN-e487a87cbeba07de,2d4fb80af30f4a4d1f97755057c90eb9e2d14a2508e6f78e3a0aa6a636bbb517,2023-09-20,2
SYN-bf2fdec24af77def,2d545e697d8cf36558c81eb56c1776cb30f893585ed21aa1531863c727a42fbb,2023-09-20,2
SYN-56355f74b2072bc9,2d55e88d797a0eed15190b0ff111caf900dd68706adf315e4a133881d3b4ec3a,2023-09-20,2
SYN-0817aa566034c9af,2d592eb90c8c0bbe6c9f8929a0a2a609bc064e37a1531276545130e8c76e4093,2023-09-20,1
SYN-d11e940781df4257,2d60d8c20f29e36361d71d13241f418d14be482bde1da59eec68295f62492757,2023-09-20,2
SYN-258e4257e039019f,2d625cd8a4622bc1715cd8b16a77781b2a8c55bfa23e062a84c6b7f6242b4efb,2023-09-20,2
SYN-76d4cf8d41a941c8,2d62935303033474b898c5f9aa078257bb8c04e8c5158770fbdacc37124654d0,2023-09-20,2
SYN-0706d25bad04a0bb,2d63b522bd268991ce0d6c67edd6a7ed2ea309afbb62f0c3280abae2160867bb,2023-09-20,2
SYN-2683b1613498adcb,2d68c939ea0a881d5141da23b0f6547f9624626af9c30f4a2a9c2ec1be88aa54,2023-03-23,1
SYN-ea94e3eda13c8bb1,2d71a400edfe84fe6d3f0c6d38d9ef1468514b5210d2257d28215d8b7d9944b1,2023-12-12,1
SYN-821e2f9472f7ed1c,2d772e74b959ff1fee15765e0a3106cc73153679c77e1637cbc7552799a1d577,2023-12-12,2
SYN-c32addd322c26d34,2d785053d807ffeb5157c6a7f4b547748c2faf5acd7a34cd76ee70645090fdbc,2023-07-07,2
SYN-b2732e93c18af317,2d7cfa7d8a79d3ca27e6d3e53d491a91ba9820cc86dbe990d0c03f3fc8450398,2023-07-07,2
SYN-676c68a9fe8561b0,2d7feb99c65750e2d09d9f236f8ca8d823e34f530b952f7d2c0e8298da7b0b7c,2023-07-07,2
SYN-b77ccbd9bdada3f5,2d834418440c2ff0ae007f479da30b63720de5589a2f9fb236068578c09bcf84,2023-07-07,2
SYN-51a7538d3f200c27,2d86733ce3ddc3ff4ddcd459af5bead1c63b58743cb72cec81589deceb94bfc3,2023-07-07,1
SYN-df7095b8d97604c4,2d93f961d6d14ec62b0767f5da2d6450095e455ab21de7933d2968252d817533,2023-07-07,1
SYN-96c4e5f663f81505,2d9468fccce6891d940ec858cba4bfa0b1eff0e164701542362d24c1d87b5f27,2023-02-15,1
SYN-ebb136f52a01ae5d,2d946d71c658b7fee51a47b87968edd6d551890ec76ddb6f21ddc6b96334bdbc,2023-10-17,2
SYN-f3463e08ca44e59b,2d97f80604f1e99dc947bdc4549c90ce5da0e7b1bc094d74da4e490dc2af5100,2023-10-17,2
SYN-c836b821d55687ae,2da18a9026baf2c56283d93e89c656e01fa3c12e34f198801fbd5dee3ac26066,2023-10-17,1
SYN-cef1d24aad064c7c,2da400e5b1d28f4609b03b354ebfc5d6d020ef880f9c7a8ceab9dfc0e36bdaae,2023-10-17,2
SYN-8ecd846e011b4df9,2da6866c461336c6f6d14e443629e394065e325ff5ccf91447575d292d59195f,2023-12-09,2
SYN-306abe5ab030aa33,2dabe62f9cf0bd1062916da80a5a36d4db7f58c72696c143e64216f11022cb20,2023-12-27,2
SYN-4c38f7affae08920,2daf4d8195e1f419a01c5a9d87aa788110e3da98dfbf5ea46fae0e51e1e35549,2023-12-27,2
SYN-7eea2b2cc4a1c201,2daf93b3a3316005b6f52629079be777b6f216950af2487902a4cb8f19eab8c0,2023-12-27,2
SYN-000847cead240080,2dafe92f0ce59d49b838a9217ab8464b27d7419a33e915321fddb8c950e7f72b,2023-12-27,1
SYN-c2fe5f35eb48c0bd,2db1196130e26be09e34785e9b047dec4eff7e86201f56be2cd2d035c1c1fbd6,2023-12-27,2
SYN-d8444ff66921b2f7,2db156bde089122083216da139ee8a619f7f14abd71f66484f94e0aff1df58f9,2023-09-09,2
SYN-6d8b48bb1833f37f,2db3d0a4b52c1c02aa44ccbf401f8e0e3738c3994bf0a58ab968decdc72c257e,2023-03-07,2
SYN-dd2a637381a18cba,2db722e7da2cdd8b47b4f3bf27cc7464322c7fd061cfbee130659a7d8ade14be,2023-03-07,2
SYN-725477d3536f95e0,2dba3158e22a4a5f6af20087e41d54c1ec4cc755e894538e3352e8e20cae2f27,2023-03-07,2
SYN-5c3f6ea23b2ed2be,2dbcf7dd7f83cee1c2c7b1619362b7ddc0c66e94620aad22b5df0212069cb63b,2023-09-27,2
SYN-fe00662bdbaa134d,2dbfde80cfb16ea0f2d5741d27b95b554937a4cd28fe1303e2969a2c51c96233,2023-09-27,2
SYN-8d4182687b75bb4b,2dc64918ce8a145003191e336f4316b203669c8854dfbfcf00e629e48439565f,2023-12-19,2
SYN-c139cb643bf131d8,2dcd30afca3ec2fd2e16024001ba7a8920c77d526ab592f3e5a5818b5c1a9d4e,2023-12-19,1
SYN-ebab98be6edbb820,2dd3dff231941b9823639f83aca4a491ba7050f30c820f68b0ef2ceee92b0599,2023-12-19,2
SYN-2a523e9adbff5e5f,2dd3e5763fe18b8df51d2f915f985ebe10f1e1c062b92a50001b5410a5f127bf,2023-12-19,1
SYN-d8d019c072845d1b,2dd6cc418b23aaca6c2bc3a082ae7b7714f6501fcd9104ad352a0fc9cfb14020,2023-12-19,2
SYN-396f60393b8a37a7,2dd7cc4a246c4c9dfa78b40a6b69a460b9a1ed3aea904ee2960909d31edf164e,2023-12-19,2
SYN-0a37e111b96342f8,2de9d065b29a736930fe40759d09f31c4ddade8b871004bc2528a24a771d4d4e,2023-12-19,2
SYN-3fb0422ac7332791,2defc4967ea2949636a587fd153b5cbe4130ff0dcd582ef32404427c49badeb0,2023-12-19,1
SYN-e6d8f7088bfc2727,2df3a80e25f2a660eeb17e5da4227c35270b7bac5d3d208409bff30188003f11,2023-12-19,1
SYN-1d57264f133cb657,2df5337c50ed37dcab23e018e9bf9b966409a3e81a5998d8b70dbfa8a69d64cb,2023-12-27,2
SYN-29ee1cd30666ac1d,2df54919b1165066a8e19131a866c68727ee6b4576198d072a5a685e8685dc95,2023-06-12,2
SYN-3f7c08ba6089198d,2dfb4ab69a268e1e611ddc60fcbe72b32aa4dc2f3a4e740a36928554bdb9ebb2,2023-06-12,2
SYN-468bd680b89269e8,2e0cd6275501914b12f03e296f4ae005151809bcfe23ed53cf0fa0e1b8b529e3,2023-06-12,1
SYN-d36ce9e7e2d1da83,2e0d3c6971620e348c3ca50868af6289333d382bf9f24adab64d1a304b49317d,2023-06-12,1
SYN-efc3add956c74967,2e0f7c79a6221a361002a7b596f0b280549aaf5406e38c1f8814f70199bd814f,2023-06-12,1
SYN-26a50089f01fa710,2e13e81c9e2f1c06d67ac35164f7f9a04ba1940cba26a6a6dfbc38a79e7c6414,2023-06-12,1
SYN-e2c38329f98703e4,2e15c7ba8daf3c8f2b215fcf79267f7c292eebece8440e80ef969af8d8e53bd7,2023-08-11,1
SYN-ed7f518b4525d1ec,2e1822bbd10554d454e09261a4ef51e8b5bda54fe1e7d28b2a6d9ec6d9044b0b,2023-05-09,2
SYN-a618498cbf9d90b7,2e1b30663330d512d50e7e6cf53f90ea3c915e4ff0fa6138b778a0fa9c770d63,2023-05-09,2
SYN-25d749d41edf219b,2e1fc5c9fe78833aae925b3cf737352e0d319ff422c983977d26973a167be8f0,2023-10-05,1
SYN-61eaa5760b5e5714,2e25fa4d2cc6d730255215690fd7767b1aaac3ce6719f019d93c0baf13919476,2023-03-04,2
SYN-230bf43543ab6230,2e2658e8f6806bd44fd9d45fe91433e69afd61343f3be27e952d0b48d432b1cb,2023-04-28,1
SYN-8212104c3a7fc522,2e26b643828b73b5f339b9d91e8cb80906694f95194868324a99d76956feca5c,2023-11-27,1
SYN-e8d068fca1f1836a,2e291ed5d1758c69b885e2187236cfe1658e32988b48d307baa60bb8c6edb4e7,2023-01-24,2
SYN-e2906b6ef027d497,2e306035270bd10f9483d5036a35292d3d77bb379454caa44c8e63d151ce0ae2,2023-01-24,1
SYN-95e3b47ec68827ac,2e36046bc8f778a1d874ba6c0d0b29a2a70ed54c5f144f840e9882ebf7494c50,2023-07-26,2
SYN-e89ae107799d8088,2e39d54a2b42e7033a51fc9ad3d01a41c5fbe5db664130cdee1248f426fb9883,2023-06-21,1
SYN-8facfb5bb0b42617,2e41af0e5fec36aaa61b6c410013bc143ff91fcf545886fc23d32b98672fa958,2023-06-21,1
SYN-ee6fd16c292d0bd2,2e43e887928fcacf87a60e31026c87b6f316e508917b72f3bb29b2a1c84e0f31,2023-12-26,2
SYN-611b959571c5b2c5,2e4bb714d905763c53e63947070a9bba3074911d8829c2cb3f1844ea9b2db560,2023-12-26,2
SYN-154b5b289cb801e0,2e4d9161e9648e8c1bc7ca969825068bef9231cb4761b9417417c6dad7d13734,2023-12-26,2
SYN-4a30dc93aa9ce7ab,2e4f1111b1f33950e2db1f11f703928ba6b3fe5152ad533cb94c9bdfee756873,2023-08-16,2
SYN-0a8964fae8e6410c,2e50a35485613ab376d1d1acd3a1efef779fcfe80bca46ad7cff69e51271a8ec,2023-10-29,1
SYN-93eca3ceb2915019,2e534e6134e2387f1c56c628af33361da28fdb41b1e1f5e0b5854225516e43e5,2023-10-29,2
SYN-7e704a914368b0a7,2e59c773e3e92cf4c22f8714e41af6a3a0aa1d198821340b0c73087ebb5a7bea,2023-10-29,2
SYN-5843fdb29023f15d,2e5b8a5117c6747c258cdb49157b05bbcbe53a1bbed7142b5466a906f0d4ebec,2023-10-29,2
SYN-523f0607bd6959a0,2e5e07bba14aec9420a8566ff7980517ef0f44b496bb2fbb3a049d1c2b1c86f2,2023-10-29,2
SYN-4626fd47f126529b,2e5fc816e73a330cdcfc60bd2c763016969f3f2603d5ccf0da532f122f2d21d9,2023-10-29,2
SYN-78b54e3c869e815a,2e66e9a5ee397fb85645f4e49fbfc305d026900f0820038d6e5c3443a6ded31c,2023-10-29,1
SYN-5c05022a047aef74,2e67a7e2c4760f03c07d45c1c4a4edbf05e8d48fe44a34fd7f3339bf0922bad4,2023-10-29,2
SYN-39bdd40c7d7f4df5,2e68b358a9cdebc5179b3df26537f95b844575dbb41fad1407143f66426b8905,2023-10-29,2
SYN-caf62ee723a8891d,2e6aa23d2b1ed5580f3f4b061e023ef21d046ada45c321ca7372f007bb46ef11,2023-10-29,1
SYN-d74ff8507426264d,2e6df5e46e248d898cb9f5047d9ac4002579de70ee3e0b58ce4a7c97c366ad52,2023-11-28,2
SYN-4b5fc51f899c196e,2e6ea7c80bf503f53e9d9518353cb47704c5b6a4d69632a4fd14f52e5945700e,2023-11-28,1
SYN-32c09b1558f2f6f8,2e7482393116863840cdcb01e9f9c582a1815bf2e3ef735c6a6f44e1ecbeca54,2023-11-28,1
SYN-f5db9d0234a2fadc,2e809c816522bc9c88e029e05a874838c4defc331f4f3e619130b9f3497c8c19,2023-11-28,2
SYN-9d69fbf7b748dff0,2e878a605a4d0a20f07eedb146c8c9198f195b6a975acf309f3cf7947599e0bf,2023-11-28,2
SYN-a871ad55ba75c460,2e8d5eb034ce0c597ee52618513780e283ecd2a889019943e8efab654089e130,2023-11-28,2
SYN-ddd9c16cfabf3799,2e9122f80bcb9c850dee01203c6a6c505445b157a5541d917bcf05e15da8331e,2023-11-28,2
SYN-27bb7c42b1629a2f,2e92e09284188387ce89fcb88e9b6954810cb2592ddaad743117f5316b4dc1d3,2023-01-10,2
SYN-bed1adab86105f7c,2e95069377f65cd750dadc9895e3b11ee64ebb5851059ab4a6bc3a60decc0867,2023-01-10,2
SYN-6d4e4f6441150013,2e9636a028ce665ac407c152075c5f45cc83e30eff7692aa29583d1e7d848cf5,2023-01-10,2
SYN-fcf7642815710b82,2e96896089dff42064c0e830e7a606639f88e79dc2dceca9494ba7876fb49d7f,2023-01-10,1
SYN-7fbcfcb3b0d11951,2e9b3271ca6b8f770bfb303494c7df3fe0b0dae9faeabfcf2f07469e7bec1486,2023-07-27,2
SYN-afbcce6c4003c69e,2ea867b5fe0663722fdbbedb608c86bf824a340e87abf294d36e4afdbba0c237,2023-07-27,1
SYN-754e9a565ee94d71,2eaa0c59307899801f62921d64aed93b5af746b7740b5d52051a8d0d752e054b,2023-07-27,2
SYN-f39e63a0d19e9967,2eafe5ea5dadad788935ec01842a6b39dadfeafdf0bc71124f363225b8d0f564,2023-10-09,1
SYN-57895202d51dc106,2eb4cd00b3f2be284eafb9d1484a4225889142e43b44873b89bec03cebec0171,2023-10-09,2
SYN-c170a1a4376298d0,2ebfca115968b09e1f4285bc2a208a11ad8957617bf44db33d659f85b8f8dbe9,2023-03-15,2
SYN-2f0b9d003f409467,2ec0d8f8f89d1447b3c8419b4ab78d3e830b46c916ad20482c44831b5920ef84,2023-05-06,2
SYN-661556ac0d64b371,2ec115a8d7d2a0405a289401cfe4e6e460b72f03618ccc6e27f6871278b8c2b4,2023-05-06,1
SYN-0ab7e12a11e78995,2ec2ea3e7c6c02bab8314f7eceaa08275928737f87ae362c6abb7c5770d238b7,2023-08-14,1
SYN-f5f514539be1dbf1,2ec92c1b0e12d2e42f271973f99f8db8ec98242f6c7e1235d53fb56294d51f05,2023-09-20,1
SYN-e2b8b80737d5d4f1,2ece3e8c8d8eb98606d918b607e727edb1634b182e1cf360888e9667a312a728,2023-09-20,1
SYN-2e716ce5111a1dd3,2edaea36a3881f16a86505a73c736ef60fc4f6fc38653079259da3c51a47394f,2023-12-08,2
SYN-106eccc9a029744b,2ee397e08e126e879541a87b8ecd620ccc876f8eacc11f990ce1e0fca5822de0,2023-12-08,1
SYN-23f2e761f645e7de,2eeaa5fb04a8c50943c882085a1d0a4f530952e8aa0419e599d106d372f90d27,2023-12-08,1
SYN-4bb31240374239fc,2eec1fd7c1b5bce278e447835873c62e662fa769a8d916bba2f084b68a24cd52,2023-12-08,2
SYN-717c80d28deb72b6,2eec8915078effabd2435007aee10e9bf5f8cc5be047e6d2e3cdea8c7a75285e,2023-10-24,1
SYN-53b8675f70f295dc,2ef40a88b17d7014e934de0038a18bcb21a7c8bdd0ee69fc2417c1af28367f0e,2023-12-04,1
SYN-d8d407ce5278c51c,2ef4d99287d0a915801007ea3dc9b631a160f40a7d4d3bcc4f263222447075f4,2023-12-04,1
SYN-d06a841cdd9327bf,2ef767312f3ca44c0813f898de21e3bc21c158d4264d322f2cac9a86bb629a1e,2023-04-02,1
SYN-65de4549784b6d53,2ef80af5045c57b32077df179ea770f94e939c1d9bcd8d697433da400149b889,2023-04-02,2
SYN-02fa850676b45269,2efc525b46fe406f0abdb4b4c5d13c333c524a2bdd2e5950af8e3f897645f1a8,2023-04-02,1
SYN-c7b5d0ae27209301,2eff272a77e099bec5f1d0b75ed8043767c525bc093db4bb69027d61629f7912,2023-04-03,1
SYN-54c803e8ef303acc,2f05fad865135342e12b19b69e3992b3234086245f28f461b8916d4fac8907dd,2023-04-03,2
SYN-130f76e29e0247fa,2f0f5004d9f93df0bd4c8192fd4c7f7a49e090bb8ae6743ed206b3f3e0e0f44d,2023-08-03,1
SYN-68915c16dfcf98f7,2f13305f9dfdd93690b9ca5091abb3ff1570ca0e83c55019a4a2ce339f73ca84,2023-08-03,1
SYN-42dcf4cb45c189ef,2f1ddb9e2aa75f627bc39960552abe17a0ba53731a3e247b72352358b727c458,2023-08-03,1
SYN-432e2e69eae4701b,2f1e55a793b7814dbc50c924854c720bab3c0eba745d0b2c839f854093c260b9,2023-08-07,2
SYN-94369fec93dc6f99,2f20d7e2f517fd6512ed9fa26fdeac1385e7749165b9c00ceadcca8dbd9fb4a7,2023-08-07,2
SYN-2cc48e9f024abb50,2f226af6c00cfbabe02197703ef9db77fdef3de97d1134eeb4d7dca1c0232486,2023-08-07,2
SYN-8b5e27adc163e7ff,2f24e535f275ec0fcde0ba2d91f81143df23e91f8025004ce9097460b989f74e,2023-10-19,2
SYN-d9302470f5051d2c,2f260a6af85428b077098332e44fc3e9e87d9da07e7bbc9d6f0e56aca40d454a,2023-04-12,1
SYN-03ade5cc9d8b0ddc,2f2871d34d18a47a397c5011af351a37f985128a4ff8d7cac9523eef24ad687c,2023-04-12,2
SYN-4ad86d21005258dd,2f31f11ac4b7be5a212eedc5b1b07fd46e3520b7ea57e0b2c0646aaa846d719f,2023-04-12,1
SYN-c1109cbdfa9f4ff3,2f34471878e4581e74297ec1766148f8e184657c36d941f491df3e3d44905666,2023-01-10,1
SYN-7a597c7b20429b09,2f3c5ff055f6c0cbaf03f4fe4e12b3457a9610c59bb86c4ddb838e4d6fb179f0,2023-01-10,2
SYN-a19208f20a8f6e14,2f40c97d2914a228390667a63e9678b5bfe537f2a45597840bd64087a16f67d2,2023-01-10,2
SYN-7314c0d05c7294d5,2f4da088164a0bd9ab25e944583df6074c82b3d7cca9309c5ed2bfc80b03fa01,2023-01-10,1
SYN-42b6a0f94081ca32,2f4f69675fea45ef493e3eb381cac2d6e8b79de5e0d19120c5b9c094504f33e8,2023-01-10,2
SYN-b16fc40d63d08ed3,2f5200fe51c911670bd13b41d4666e7f92d0842e806757883e4f104fd5039de1,2023-01-10,1
SYN-8040480ac08a6be8,2f5363b1bcf6a3cd2cbfb39ddaee421e73f734e03cac17875c2e8870fec04e62,2023-02-14,2
SYN-5d72657536a2f4fc,2f5816ec913dd48021a74a120720f925fd2e6136ea67185d3a74e038c0005f90,2023-02-14,2
SYN-acc58224ca05c8c4,2f5b29720c44cab29bf12d9b5868c80dc22c921878220fc63fac685a7ceee6ba,2023-02-14,2
SYN-77611fb2ddd2e52b,2f5cf7a0f2dc8343e522db8a8e0975397958e993faad290e0ea520bbe2e181ca,2023-02-14,2
SYN-3d9698867b05670c,2f604e98447ee26c96c7c8abfe72458059273a418e9451652b1603792aa209df,2023-02-14,2
SYN-43fa13881ae182f2,2f6d448b356d229d7529660ba3965555ed32e99390ec7d5e2083ee110cc69652,2023-02-14,2
SYN-8da8908710540158,2f6d5c94b6dfed0b72f62f4f48d01db1f7b8da8807763b4a81b227994c1ac1aa,2023-02-14,1
SYN-2c6986602f139e18,2f81ae1be74dd1aa423dfb478602e874c3388557a9f0175fc80a7ac3a54a734f,2023-02-14,1
SYN-97bc2ed9b93b641a,2f851227d99dcc5eaa9b1beedd4122c83e4617ada4e2d9812278dd4312e2358b,2023-02-14,2
SYN-2690b3e32dd04353,2f88f902de84bd3b125a003b114a569a627b864c3a1c767d7a681162b49cc006,2023-02-14,1
SYN-ff54bd7731155ee6,2f8ef42908009a6fdfaf9e98da70e6b912daea2e3d14d03d6c2c88e1046b41e3,2023-02-14,1
SYN-5962bc65fa88b679,2f955427950dfa89d80c0ed967cebe7025bf45aaa991d356f7f4241a7322ec2c,2023-02-14,2
SYN-9a497ab14c3ec907,2faa4ab53cf2c32294a8075a8caa0b6e47a5172677772c5fba9e1b4957d5c0b0,2023-02-14,2
SYN-33b9b2da6c1f3b50,2fabef82fdfbf0238021e1d02a6369d66826f4b8e3f92512deb3300916366553,2023-06-18,1
SYN-5691569e666f5bfc,2fac0325f11de892b2afbdc8432d401a34e4c78f5626feb28477dfc28eaa9d9f,2023-06-18,2
SYN-5c294481c3a420e6,2fb4e54c06b6f561bfada83bd1a8a1cbffd838fd2f42a7d4fb370b8f881a15bf,2023-05-19,2
SYN-47e19a098306ea4d,2fb76c758594c8afae095ac7b5834625433c65d6399b6e0b3a94a0c39e217717,2023-05-26,1
SYN-7dade151f4956b63,2fba8d792cca7edf6015850ade0208328b9c9c82e0cfac02681390bc83bf6e2c,2023-05-26,2
SYN-3c3d5d2920981708,2fc7a015bf0a5d61cdd90417efecc17a69a85b6187099d9878c5e9a1d6aad67b,2023-05-26,2
SYN-e7ff05b461fc33ec,2fc9f1285fa30fb25bfb83a47055ab2742a25b00462c1ef1fe4ff42519880d1e,2023-05-26,2
SYN-2d40fc89bb9802ee,2fcf78e239b1c504528411e2d8c856fc331b71c9426e45b03815b8154c4e8f7f,2023-05-26,1
SYN-d079baae8a18d994,2fd40d1ce8f8678aa805d4fb05c4028e28ced9c758c148e06d3859dd5a214c04,2023-02-17,2
SYN-a39f16c968894bba,2fd7a02b4cbdf9b0ef8a92a86a1de9c0d2d64db7172c87bad88b43595ae1424b,2023-02-17,2
SYN-aebafbfb2381c0d2,2fdf822dbaad2b983b37e651a982bba24352a92c8a5c4c75be25c771f2af6d13,2023-06-15,2
SYN-1baafd657177307d,2fe33ddef4211c557ee12610d8b163b296cef4c1bebac55c0d46a0e22f140f7e,2023-06-15,2
SYN-538cabbe917d8dc3,2fe43a79d5cd95228f83a29bd91149ecd09b803b31d61562f6cf2241d8813216,2023-06-15,1
SYN-21bbed281c8f8ae8,2fe525305b9ed536a38549fd593dbcb8387edc76085ab84160d90578a24ed943,2023-10-31,2
SYN-4ae2b917dbf8caaf,2ff5477788f963c6197c970b7d5b98b9e7e2bebcabf200fecc905e47d5039a49,2023-10-31,1
SYN-516c8c6c139934a1,2ff8491b952fa1d1cbae81ba56147cc8acc5a38fce3697068f7a1fa96a882c82,2023-08-01,1
SYN-28cfa4774bbfa284,2ff8ee1365c13b0c2d08e743a2a8ea60631bf2ee999c20c5a67a3f63982ef10c,2023-08-01,2
SYN-7fb8a4761b04553d,2ffad87a239b7a88d275b06ea22800288dc9b581d1047d4f3fc3099b087456ef,2023-08-01,2
SYN-2f8d93af595d25be,2ffcc2d71e62921179fd1183cda4bad43823ae9938c4d6f15f9d1e367a68a448,2023-08-01,2
SYN-a3fae6986eb89362,30011c3118c64f475b776abe9a8323f003687052d2487361e53379f10a804e05,2023-08-01,2
SYN-4f201b9588980bb6,3010fb98279af450808a48f3c82422fb8b44466ee0ad889938ff39fdbda36f35,2023-08-01,1
SYN-0b1fcdfca2e76326,3017650af4be6e2a60d63c9fe815223bf783d2cec174329f891531330041a7f5,2023-08-01,1
SYN-9cc4370ebb91dfa4,3028f3dadee70e30a612b663365400bbe214f50a5624c110d4961a6dffa4b58d,2023-08-01,2
SYN-be3b71132fdc6b5a,302a1b9e97d1ee2a69f1ec9d21621c7371be90fa961bc5cce10ed0949203132a,2023-08-31,2
SYN-b1a9c317cacc6af6,303216efbb03f5da2d4a851a4763897342f42faf0c7752a51249561bcea6c2e9,2023-08-31,2
SYN-9c4618f5cf846e3c,30379327c54d4139d9b0196001aa8c13f23216e5b2056197d5d662f162afde36,2023-08-31,1
SYN-c5177f064b75710a,303979fa7bef94b372388723a0121a700f3c62ffbfcd826b8ef5a0207a1ddaa1,2023-05-07,2
SYN-a487a4353917062d,303f1f2cfb3a43944bd620d2301d6d533ac87882285dad7f1ecafc7852ca287d,2023-05-01,2
SYN-8602c770e70c0e87,303fd9dd0bdff78f8530075ea3a0a70e8cce9087ea786521f073c3d465b84b32,2023-01-06,1
SYN-4651891762438ad1,3042e731279aadf121910ba19e5b7ab2ce8f97e1fff4260d8e0a3d8c7365176f,2023-05-12,2
SYN-2a6136f62bbbb9b3,304be0fd204f80890f783c11aa4ae1a360b6ac28fb41b471b1de3a5e0d772ff5,2023-05-12,1
SYN-93b17843521c8624,304fc2d8da3c408a70ce66eac0f0aebfa4e14a15b08c33be2a31a8944619e836,2023-05-12,2
SYN-30d4337f65198b53,3051e72bc6f851b0937274fcfaf856b3bd65e46eb91a04096830a413d2850355,2023-10-19,1
SYN-306d7e75bc7bc5da,3056649ecfd9816dc113c3fc9a8627ba632122e3c60c529717ddcacd124a25c9,2023-10-19,1
SYN-1d9eb06842a901b2,305bd332a426205275655340509307ce101e2bef6b3dfcdcf4f8be6f61b3813c,2023-10-19,2
SYN-cc20632421239956,30680711e34997cb353650787390734d941bcf87e5986166127ec3362d802ebc,2023-10-19,2
SYN-85708aa349155735,306a697f630c31ae55c4afccd5877d341657677d63717e724d4a35d870cf1f95,2023-01-19,2
SYN-fcb1dea4a0055dbe,306caf98676dac9c3e0beddab221e76b235053347b6e5a05847e3fe7980b0584,2023-12-04,2
SYN-12cfce79c4b78f7d,3072efe574618367e9f3e31c254359fefd3b797751c0c642bbb871fac1c488a0,2023-07-04,2
SYN-d5e0932d14ec5f45,307d5bad2bde32fd72c7c0cb402f449d6e434b59e0ca8f2aa82eb76283e6e170,2023-09-06,1
SYN-42f1674b9681d82d,307f7cee90f15d15aa382d0ec662040fca3277fd34a7f99e4876a1998fab4424,2023-09-18,2
SYN-1e76b4198d23251f,3080d6ac7a614aed2076d6de19fd90e62e68e0aea9586ecc44f60fe29c3952dd,2023-09-18,2
SYN-31895d7357c57562,3082287a67dc412a404457d8e0611d8ddd994d4bb3ae2e3fd9f8b332103a0979,2023-03-11,2
SYN-603c91c6db5a8dec,30875b31375f555b8945e4d7fda2b4808211d9cfecd3d47303a0382635705bcb,2023-03-11,1
SYN-b64bfcb191cdc8a8,308accbfdcdf27d444a182bdefbd71a20e9140126f471a3afb497ac152dd53fa,2023-03-11,2
SYN-a4ef8201da9de646,308ee17403e59f71f45d07c62296137632fa41ba2b58fb0ff28e8943cdbbc488,2023-03-11,1
SYN-a99b06c09a1d0105,3091a8d3c75e0993dfe683c8316c3f23dbdeb1c7801988d6170d57049240dd70,2023-07-14,1
SYN-8e263f4cf1a10c78,3091cb1e1a4131cb1740594bc09349b8f3580f62c037a340d976b1e11b7de192,2023-07-14,1
SYN-917d9d4f434bb992,309756feb588eca27bb8a3a7985f372db2563ff303fdf68750314c43d111128a,2023-11-02,2
SYN-dcd1af1eac2d0890,30979886e79987b6f44f7e18a590fd585cc0130860539e7143aebcdfcb2c3ffb,2023-12-01,1
SYN-a0b534a06d2f6c1b,309c77855c823aeeefe0454ddff12b8d784aa434d0ffd27b4c319c3747396678,2023-12-01,1
SYN-680af0592c3e2380,309d4a243d17fd0888de5b1bdb789f3472e7edc1d3d13f306939772dca8bce28,2023-12-01,2
SYN-d0ab96db8b322468,309d517424fa894aa13acdc4e0fe6cef0899f848a83c2fedd568211c946016bc,2023-12-01,1
SYN-67bbeb2f43f39e1b,30a480b48c3b18eae0e1216844031fe962769074211ebf3f4cbdd908193a354b,2023-12-01,2
SYN-58702a4d972f3e9b,30a6200540587b1d1990a4ee9275e7e2014d1663f33142d6e922aece243d9a1e,2023-12-01,2
SYN-b2d1ef1fb9764867,30b3fd3d291367d22131a25bee0a8d03c4b7c261d04f5a26920c8d5a0b4e1ac2,2023-12-01,2
SYN-f9ad1b9e6fe9de66,30b6056bacc5f5c9d04b69749c7680031cf6cb2dcea1b5615c83408990c6551c,2023-06-20,1
SYN-7f48dead9c4e7c11,30bc8ee378e2eff3bcb40d1672293e92ccaec74794caf46d9c6573f2b32c789b,2023-06-20,2
SYN-662c43e215bf67c8,30be1abea099324a8222d11da1812f402b2052dad981b9494f8ce4eebaafbc78,2023-06-20,2
SYN-75c6a08088a23fb3,30bf75ef104f1be19da6daf971920bb00835787400c3f277aca55f5f7b79f388,2023-06-20,1
SYN-515faf4e3227946f,30c1528dc8a4a73ca4ad383c27f92b9a0e4c81197b39b0d31d002c0b39289165,2023-06-20,2
SYN-6584366b4b0095bb,30c2d699b28d25be651f2f10d32a66ba887fb283bc1d7c90c076311311b02568,2023-06-20,2
SYN-ef4ff7db7710764d,30c5cfa70268fca26ad9e53e16e0e6063ddd0519bdab6d6ae1baf77dfb19481e,2023-06-20,1
SYN-73fdd8b5ee764a0f,30cb0224425e01bcce5d18639e4b13c6a1aaee10427536c546dcd3984c8d21af,2023-09-25,2
SYN-2a91b99119d55d39,30d1e9b6378a74a740f64c3d34f1686693d0430b03c6cd602d58062e604373d0,2023-09-25,2
SYN-8bd62e7966768286,30d40b83077313fd87f28f19d65d5e9701ca8e4a381bee8e5dd3aeb1f560bac6,2023-03-30,2
SYN-573b1fd611080804,30d6877de37c8eaf9cd2dcaf36745c2ea80d235e0e481d90048f42218cff6abf,2023-03-30,2
SYN-ab64cfb4ea2af4b4,30df7937c5d56983bd478d929ac46a0564e371f41476476d2fa5e1293019ff60,2023-03-30,1
SYN-6cc3cdabf2785f1a,30e344927439cc6200b58815e81ca59644b969a0bf692c29aeac000394af3b70,2023-03-30,1
SYN-2d7854dca6b5029f,30e352e19623bfd7a591cec39dbce822ffdb4f492922390edbc060f114ff6b73,2023-03-30,2
SYN-6f2f856826d3124d,30ead478b66e76ca102896f7e3337926a3a62482849b34c55712a5fe21935105,2023-03-30,1
SYN-257c0731614fffd8,30eafaeeae2a83ff19358f73dc1763c95d661a9e65bab002828e7cdb9dee4a87,2023-09-21,2
SYN-e23ad2930ee2c645,30ef38fa994e6fa961c338a29e475260dc41af0fc00b0582a470757e36a1c9ae,2023-09-21,2
SYN-74d19f52436e6fa6,30fa062ba31d169ddbb400a11cc7bd577895ce0e505790712cd70be1e47233c0,2023-09-21,1
SYN-3c2dfdc3b284de66,30fcba564abbe08ace351099f711cb595731a08f4817589af9a406e4fcd4dcd7,2023-09-21,1
SYN-b673ced8e39e3ddc,30fcf19dad16a38d5acb9191da156bbcb8180d5f39be8f810b5df1161ce1511f,2023-09-21,2
SYN-413962fa5951faaa,30fe0d6f7958188e86cb69c4078486c93cffd758a05e3d741254473490574cb1,2023-09-21,2
SYN-cbf2aa0eb638b43f,31002ccd835d31f5e059ef7d1be4aa6b357651b0af93ec0b3c1d6837da9ce573,2023-09-21,2
SYN-cb90824873c2dc63,31046ad7c646db88e64c6c702ce6806e08700cea1b147c780d76ae8daf942190,2023-09-21,1
SYN-033de1c637b63f4b,310817602b0c373894c407e1614cd3e90c8a3fcde4928de393da76cfaed17230,2023-09-21,2
SYN-1c2149cea600e8b6,31087d664d839322f6ae59c7a7738af2bba6b4026dbd0d7aa8b6625078793f91,2023-09-21,2
SYN-598f3f1b058b5b42,310be752e8cd06b814b45d2a317313b99366a4e05037f4fd80abab336906d37f,2023-09-21,2
SYN-7f738df7e62831a6,310c7fff154beb6a9db17f51ba78eb5ae26727d1a0a706b991f00a3cbbbd17f9,2023-09-21,1
SYN-63c8b5bc2fa12d7c,31144bcec9a712f3b1d73d9d03d579200ba70903d3c5c4f259560a81267fa90d,2023-09-21,1
SYN-f86d9fb661515ae0,31166e68e412391e0e98f75c8ac62439415908a002699d9a904e63ece0465faf,2023-09-21,2
SYN-829eb2382d5d97a1,311a6ac3b66636b7047eb977cedc38f479ab9de09bbadc49b1c77abf5439c1cf,2023-10-15,2
SYN-0702366ce06023ea,311b6f67725d81fdc839fe2cea83da11a0a1a33dc318693936524cd3cfeb2e73,2023-10-15,2
SYN-c2bd6f6abfda61a6,311d08a3d4ac2f99f262477e8ab061f31a7dd09f21469829b9580d20e6d3dea7,2023-10-15,1
SYN-7f00b87a292b508e,311f0fd73d57cd9c88697779a6658dbebf6299409a4c08a92e74a5d00301a16a,2023-06-30,1
SYN-bc1152111352ef5c,31219dd3668cda281cc5c898d7a7fcbff7eaa8fa32d5f3ab01de3b13eb999c40,2023-06-30,1
SYN-e8b948ae73c7abf7,3123f45973abbcb0ab8b5f5fcc1dd42b10da36b7aa2ef7b77933ee76da4e3b29,2023-06-30,2
SYN-4369c1dea8d59db9,312b4e2b1f431f91a195898630995da4447cdd835d3dc48670665c0c214ee6f7,2023-06-30,1
SYN-6a57ff2b1af1399e,312b7d383fac6fa2d5847ead79a44afeb1e5cc0fbd8f7fb4d1df91ff5435df24,2023-01-09,2
SYN-56a379f8d2964646,312cb388d71d5cbe43589f883874a55957e0ceab83f047963696f4be26e2a418,2023-12-24,1
SYN-c4507b87908f6038,312d77baeba6fe395d330aede98c5b69be290a47973d4bfa3988e5e1d3f7e40b,2023-12-24,1
SYN-4991b40f6271f7f5,313574da1e8ca53dafa9075487966b9842a9427e36b37fc70b9ee3ad20474013,2023-06-27,2
SYN-6f199181dd37b399,313905cd9a57037ecd121eef01c25f9be5fbdf65a707eec04dca2c7a8dcb1824,2023-02-19,1
SYN-64a3c375878b39c9,31450ad0f1788b63e44094b51b57558d22365ef4efb2477515e15bc9fd02b0f5,2023-04-13,2
SYN-29882642421678a1,314735e7a633f13ed0915430a9fb091ffb146fcb7a63294514c38113a0bd573c,2023-12-27,2
SYN-b77247a34e274bb0,3147e116b8a3f720555851ea3ac1e4cf736792fa116250c7130ec70ac9e1fdcf,2023-03-04,1
SYN-0a19bc9d88ac9230,3148792fa7dbe579fc8591884e3ed5da901434753dd7eda8bb0d3e7651023c45,2023-03-04,2
SYN-a1d7e49ca4bcae93,3148eb50d69153b3769d0caf774554a591b9d950cc620ab02cf5cedd49c233fb,2023-07-28,1
SYN-3853d40285aa80dc,315585a21bfda535c645496a7ea39c0d7ec62b5244e0988c438e36b72d03cf50,2023-01-15,2
SYN-100dba739c2677e2,3157f6325bff2b1fcb632139a04852f4a9d201d2cf7f75ee4e9d403bd8f91c01,2023-01-15,2
SYN-d051b304d63ccd04,31588a17a2d15607cbb0e0e064a5579cea8010273116ce9f2a06c81b11106d18,2023-01-15,1
SYN-e629ca04485ef9df,3159092324979665e1bcf86d080a8ec217aa4720d0a758799ad71294ca4a5166,2023-01-15,2
SYN-7ed6864253688fa5,315ae9be6ef236187dca572d1ae24d9fa6c02cb8e507696f55a67568837c86a4,2023-01-15,1
SYN-ef9a4a5598415464,315fa47ddda378d67ad6edb1fcde22f505150d0470ed4ed5e3dbdb55bf3a298b,2023-07-25,2
SYN-646b9d55e52f9733,3166726c4922808a241212da1972a3a0c3eebfdc23fa625df9ab00780d176c45,2023-01-04,1
SYN-207444071a1824f8,3170e0cde3373fd06e6b474ae17ff3ec9848ee218322ddb8a9112416817d252e,2023-01-04,1
SYN-e695d074a72eb40c,3176d68b3879bebce5d7b8989f6e94808fe3e24f7172ede88d55e2811bf11e55,2023-04-17,1
SYN-11ca87beb186237b,3178f5687f0866b70db02aed5d880616612397d4b02ca6f92ccdc611ab790bfe,2023-04-17,2
SYN-14842581457e133c,317aefba81c104b9fc888b7829beabb22cd22743c9f6b94711a52f76bac1e706,2023-12-17,2
SYN-198139233b2f94cc,3184aeda4d19b706ac59f38c7d49c35bd907d5935e830c9752afeeac07ffe3ae,2023-12-17,2
SYN-53eb02eb59daad66,318befe23ec81e105693b8ccd0ac9ea71545616544b20e8c89f21f7d2bb725c2,2023-06-08,2
SYN-7d7f01d78f4c3c93,318eb3a5536405a6837962f0f439e27801b9718489b13dd3edbeb6dead184d2a,2023-06-08,2
SYN-ccdbe467faa9f4c4,3193e6db3fba88b2165c2e1d34295345f6cc0b9015f441c2c53762ae2d54ea28,2023-06-08,2
SYN-b5246ef343dcb770,31980f57f01ab48cd1a89fb61de8a2dba6b6b9ae8eb2c31c6d9e8a51787d475b,2023-11-08,2
SYN-8bf7d565379d7b9c,3198f69f8fbafefbbc8f1434fe0abae56f57ceb0fc61a9c11c51818b4ce9ed90,2023-11-08,1
SYN-f380d593efe7c01d,319cde9c0449516c3a1d6f1da50da70a12638850dcbb0228a6faf80192533be2,2023-11-08,1
SYN-558be08bb51f8b7a,319e47a53dc0e4d83196d6a78832390183eba17887dc971bb229166f8f9f1407,2023-11-08,1
SYN-f671b453cdbde631,319fb2d166ddce035a72b2a2db2780b293a0924696bbc85345e69bd13e9df2d4,2023-11-08,2
SYN-92682bd3686d501d,31b0d2d58877bea015c9fdd8e184d8c2cad009cd5def32fe98c60d9f7194baae,2023-07-21,1
SYN-cea4dde76859ef12,31b4a002ad46c97b036e1fe131418c405296838f293afc54f28247bf9ba1afc2,2023-07-21,1
SYN-20975731ebdaa800,31b4e29a4bb1c110027b432247b339af7bf657faf87a0581af72e9f2c2fdf18c,2023-07-21,1
SYN-f2e5cac10d6e69f6,31bd835d23a9c5e4caf4b20e3262a9f7d5e3b87c7c27c4a876a20b63acb71ae7,2023-07-21,1
SYN-3c9ed0be6c4a1bbf,31c04b956a9c2f0d6588bd3b688dd4d70804265c54569b7a433fd394b412e1cf,2023-05-28,1
SYN-6d3af48c97ee20f6,31cd1d03027c5f744f0f99560a4ed3557a233acb0320d8c6ae26c4545d74f519,2023-05-28,2
SYN-c7b2a8eb63b06757,31cdda8471f5b8d1895e47c94f58df2f4cd00f5a80269fe226ade8de339987b8,2023-05-28,2
SYN-99abe6a368e60c70,31ceac21fe8cac787cb1b07755565190320310be56d09df1c4ea198bcbbcb50b,2023-11-20,1
SYN-526e5c07331a7727,31cf687d8758cf2d730bc400aa1ea37c2a79b54b73ba84d485c3b668c36cb8e8,2023-11-20,1
SYN-f0b9293647b6960b,31d1b7747c463267c8fbe38c831460082a7ffaed40f80c7e4f8fab61ebabd6bd,2023-11-20,2
SYN-35c7765187f49873,31d2ffc897191dc757125007c9fc6e38d3cdef06e0d627f12003cf083debe254,2023-11-20,2
SYN-fd96bbb507b3237c,31dd7efffb1966e7fa6d6d84ec0f901b6ee47b295cb2b597d4df6f867700148c,2023-04-15,2
SYN-22e869af758fb331,31def8d34ed7000855b0b50f47f556cb35f9d6867161eec10c307bd8f431157b,2023-04-15,2
SYN-69716e692e510af3,31e2748e8c362253741f875bf3939ec20beedd4dc9840d13cf40838187b8b872,2023-04-15,1
SYN-e45ad16d42e385e2,31f34381005c0779274db9b83131e43c4bca3966c56eddf9884b64be233904d0,2023-04-15,2
SYN-d5b5dadaa55c33c4,31f6542d503bcde4c91b3f0f21cd9b26336265df3ba7522a028b4b6e77863895,2023-03-09,1
SYN-0f534b4664a08b13,31fbf26496b7bf3a7cb283d467327383e178acb3ffe5f60546d381df085bd23d,2023-03-09,1
SYN-ca1fbfd29950d076,31fd5b7b13b7145c0a48b8fef4d6b702116b6f97a9595eb07fe755839cbb7ce5,2023-03-09,1
SYN-b8092498e91a3022,320adb4322dbc8c6f77df332b680a7d323ae5cbf1eb1ee62b21139a3e551617e,2023-06-09,2
SYN-cb17a11cdf3527d3,3210eac7998de087647eeb145d9e666d191b451ce8103656c1336469cf73304a,2023-06-09,2
SYN-085c8382575a50e8,3223781c052068cfd1beb34826f6bde3e7a255827660c0018955ac9415a8124d,2023-03-29,2
SYN-7c27a90547c7aa6f,3223f40eff00d0ee8a4cd51533c45277477dbcacdf6d4bdac2d0e5fbee8a5ba8,2023-03-06,1
SYN-ddfae353937d0cc6,3225ae034f42ce7b738ec05b41d5af88c578d16c62ff4e3dc8b11e5a8ff38311,2023-05-02,2
SYN-b9e0fe0c537d5a40,322614a81e655020c6c2d6fe759677e25834d1ab1f75df4b64ab6ffec7ddcda6,2023-05-02,1
SYN-18cabe98f6f5ff20,322996c6b5bd2a8f099deb92f36a790afd3315ee0c1d1e5c6d8016d8b8f5486d,2023-05-02,2
SYN-d3046d246cae9bd3,322e4eaa5fb11efbfd3a666f8e13197b25303b2a356931e8e91ee543493b880a,2023-05-02,1
SYN-1fe5405152f97894,3238806a6af09acf43c1c98a767b243220a7ec82afe06e052cfe13c48c7594d5,2023-05-02,2
SYN-07d00140af1f9b84,323a94f7bd2d7b60659fd5d8c40d231eb055dd44711c2f42d1e1d62b32a35a21,2023-05-02,1
SYN-0026e62e485543b2,323f6e0ea02be794e1ea8925ceee663d8b77e5ea2926650809f29b565dd11ae4,2023-05-02,2
SYN-caac7c99d527e42f,32415ecc398f9e3fc4ccd726492bc82df70978e998eaee123e4a1b660cc069c6,2023-05-02,2
SYN-6195b996add785c9,3241733729aa66811812c5e3fc0d59e7f9850482bb04b0fb14d772a774c8eb56,2023-05-02,2
SYN-7a60bc62558939a1,324469694e29a300d2c96e578865e4bfed0c3eafe80eda353e269c763f8c06de,2023-05-02,1
SYN-80f57837ed22ccdf,324a6a5102f75c53ae40eb50e1e06c15fa12a1330bae70f271f83c5c2076c9f2,2023-05-02,1
SYN-d0d0451576d9ea32,325381f441531e98bc63e842e979c0cf854459a758ae8839940d9d8f7f5a18fa,2023-05-02,2
SYN-400d560fd5f6d3c9,325959f1630047c2c8aab6cfac60654c693fc4225890413e08b41b8de9e1b8bf,2023-05-14,2
SYN-4451c313a931ee4d,3259f0b2c991588de35d5bf4e3a6c3b29bd1d895ea3b03d0278903207c077c84,2023-05-14,2
SYN-e6638233feb168a5,325ec10f6e7886f62968a92d25a358933d49c628a2ffeb1b2d1b5c3d5e75ebd2,2023-05-17,2
SYN-f75df13999d42c3f,326b5dc3f8ec5d55994ec948dcd3438b89a7ad14821e08d07faf26551201d417,2023-05-17,2
SYN-cf9a4463565e8185,32787b035ff8f7faf81493d7381241da6f8c25c1cf0471c9e2732a03cfacf234,2023-10-19,1
SYN-f08f1596544310c3,3279735a0e886e17cc7079025de3ae5251e8a6cb813e951bc17748e16d809d80,2023-10-19,2
SYN-e8648ead4272f6a4,327f0dec602ba2ffb0942af257c0c213bc2d091bd3306eebeb2db7c743541134,2023-10-19,2
SYN-e88b240139c503cf,3280c8d911cb4b6cb3c6fc791287fcc03bd4cc7cf3e408961ac6b056c5b6cf1e,2023-10-23,2
SYN-0eb641fbd3d82336,328e3a38f47e5eaf5877ad39731717631e41f88cc2fed54d313aa9dda8b8b23c,2023-10-23,2
SYN-4d214a51e1244755,3296ee7e5e90db1cfe8af1b0a86fd6d53c3ea3b75dc03311460987e7a763fb3f,2023-02-24,2
SYN-6a7b920f2e34a472,329bd3240223e38eeaf66ad415f1ce97175fb2b66543087e0395a063c8132cfb,2023-02-24,1
SYN-12676a6ce2d99af2,329e9d66a08d22b408ac15d24995c99df4a35242b91bf2aceb79285b579957d2,2023-11-21,1
SYN-15b4242689a2c6a0,32a042d2292df7fcc8d7303a07549eaac75c0e7f6ff6fa1667a658e538b5b302,2023-11-21,1
SYN-14f36d27a78286b1,32a1e51810e56954da8f30496d374f087e05541af847ef1ca47d96086562bd7b,2023-11-21,2
SYN-a1d1a6ad9c09cc46,32aa90548a5ff6d1148b7b14fe7f5a4c0fa43c68a99addcee1123d25011adc60,2023-11-21,2
SYN-7c998c87126c1ec3,32bf0f723b974a1a2ffb5cebb69e575be22967efc52227cdd06a7a2ec9c18aa6,2023-11-21,2
SYN-07ec00e1f791a05d,32c2aa0dd8770382d0361660cb513021cf9fb628506b33c901f8ce3c506416de,2023-11-21,1
SYN-7099dd5c7b8931b7,32d85c03d9a779406aacba9944e525128cab6f1b91a851eaea1269eeec536186,2023-11-21,1
SYN-ef837b75d05b62bc,32e0b92532a09ef896bf7a7cb85106a7755839a0fb659f268d5c691e6dfbdd62,2023-07-07,2
SYN-7ef7713c96ced295,32e185372ecbb5ca71a63d7dbb6c0d0fe82fed6b6477dac10b3647d151d92f7a,2023-07-07,1
SYN-76d806584f11220d,32e548e24d172b06761bd06d76cdf1f5b63546f190d05c56a55ab3982a826bc2,2023-07-07,1
SYN-8e8dbab1e0c841b7,32e57edc0a60ef7ac8c69d4980b257f34d09c052a7b22595a10951b4cae57497,2023-07-07,1
SYN-90a616f4b14c4b06,32ef7fd379c87132d39aefd8ce26688e210c60abc5928d100905adf7852164a7,2023-07-07,2
SYN-57ae8f595df1c890,32f68e5c2ab1d40a9922ce4121427e862a08132f7ea96809eed1c3b9b4ba131f,2023-07-07,2
SYN-7db5d1b3fd55ef59,32f7650e9e50357ab3d867465ff8c49753765abf77f1a2434af4dc449214d945,2023-10-03,2
SYN-077c073a0a51053e,32fb65e611351e6ebbef10c802906091f785be92e957f3720ec2bc43bfc95bbe,2023-10-03,1
SYN-5a2aa20c094f39d2,32fb9568ccc0efe8f57eb6c9ba5f60e79d6384f1cea45f15cf432084f74bf0f4,2023-04-20,2
SYN-5301f7d2052b18f6,330899ee480c1c6f413cfac71ab2bb7fe8fcc231f161469e2ccb9a7afe939091,2023-12-10,1
SYN-4c448c18c777e9cf,3308f1d89fd351932919fc262935d86487413cd01e0de7749f96c8d820c48fb3,2023-05-18,2
SYN-ddaa32e348830dd1,330d11aafe504c14dd8445c2185374d46fcb1a8d9b2fd2ddcd40ceb2910c035f,2023-05-18,1
SYN-f6da4ba329522bba,330f187dd0a5c00ec60120fe4da9af5d2c588af4075cf40200afdd98f5c22d9e,2023-05-18,1
SYN-50f0ece75b212530,3319e1a221082c317bd63403d0d0dd4c5a5b06551987bfdce5a2264657742182,2023-05-18,2
SYN-0d9a39cffed0561f,331bc44ca2cdc937bb2af1ae7e4b8d78081eb2c3e588c67c110611839eed6f14,2023-05-18,2
SYN-dc72911f3d4abeb2,332092bd48241cb7de38c1b3a9669a661a8363e836232e015ceed2e3f0b3f830,2023-05-18,2
SYN-cd013fe8b608080c,3321c1b9b0d44d2fdaec2f37a4e053eaaca6b010728e7fec60e6110c17fda859,2023-11-02,1
SYN-f40b86a77cbb72dd,3322300d4386f35f238aa7c8ac4be8d1aa8fba713869ae13894c0dc1aa10c099,2023-11-02,2
SYN-8e849ae88a062a87,33292b9564836bf4a04bd78c3a172d496d58c2109e1ada9519f8186422ab4dc4,2023-11-02,2
SYN-8029fda655ca2632,3329634c9451f438049c5ebb4e77d0e0b7c730228aa330f581e5bdb2e566fc66,2023-11-02,1
SYN-31e6d35ac983a481,332b4f69dcdbd150b014040de3c7cfb4e0ad3bbf32d2b3dddc082a6947e7e064,2023-11-02,1
SYN-504535ba565b7240,3334ab5963c5614712e780109910a1a0528f51224d055d7b9eb0384cfb8df650,2023-11-02,2
SYN-39d2e7a237d8baf6,3336dfd167253a1894e49eb5bdce27424cedaee1e44ada255fd87b4d39d58217,2023-11-02,2
SYN-1f92427b591fab4a,333825e01aba571602d401b5463f3c8edfce907006678c080c0b76f3d960413d,2023-11-02,2
SYN-93fd6feac2e76913,333aebe5c106d4a993d9763804ba7270ee20339b9fcbc5eb6930a9f11d96b3fd,2023-05-12,1
SYN-bffd88921c862a95,334b9b10d01a6b65890e8572f5244c1c9c02a044b5fc91145aa4e7d88f589ef2,2023-05-12,1
SYN-62dd6aab64c4b6e2,3353bf07f82f82c95cb5c3c1c9706be1b31726631c25ab7c05788c851ae22f8a,2023-05-12,2
SYN-45cad782dfd1fa79,335625284c5a4e320c853fa46c063e15e734c70c943d289833359216f2dfe1c1,2023-05-12,2
SYN-740d0ebee78be0b4,335d0c998cab94d164402bf845ee34c81d3e5645f88e9d4d3287f034b0bda298,2023-05-12,2
SYN-248126c236df1554,335e39e40f58efadbf1fa36e78317fdc80e3c84c180ad37eb8a641473b0e0305,2023-05-12,2
SYN-0dafce6f45d485d7,335eb9005e7784e11dd3ad0ded034fba89c827996f08953c1b77fe51d6781ab4,2023-07-06,2
SYN-0881c7520b285559,3360b3980b10cc55d8e8d1bf4007916f0ff8e624b5012e4972d1a867de5f0742,2023-07-06,1
SYN-3d6078ac147602e2,3361734838683818ed08c157ad951c3dddcdf2019986e73c30f5266a1a826ef9,2023-07-06,2
SYN-03724c8da72016a0,33663219a92e286758e2c075e4af69da6165255eed6ad086a70ebca267dff2d4,2023-07-06,2
SYN-b7c0941b15b4cf43,336715189791cc287fa0c7658cf8f260146fa5bc46aaaa7af305637a5baf7be6,2023-07-06,2
SYN-35bad1037f6b997b,3368a47aa659a5f1867d3e03c69806c2c6728ebafb76a5662d5e4a02b0b07fe6,2023-07-06,2
SYN-b44ca4a64ed10a21,336aca4deef899de49a8470fbb48af26e0b316cbd93e96049277e18fb20b7256,2023-08-31,2
SYN-5fcda38dcbfb670a,336b1a8eb52ebe778da7499ada8838d50d390748f40da0ad636895cac0fe15b4,2023-08-31,1
SYN-afe072fa4df4cf69,336b24ed07ea056f8f6fa784c716cf55b21341d480532d2266ca275b307f0227,2023-08-31,2
SYN-73723cb1d25acda7,3375db9cf39a277b60f01e6cdc6f8fe3df7f919963779bc35c472b145980ad6f,2023-08-31,1
SYN-c0707d2d809bb301,3377710158bb2ad13f380e6d9f685e8daa8945c43f55d6d3d292c56d3d700768,2023-01-29,2
SYN-8935594dbffd7bd3,3379585724bd0608821c8213cd6ae1a42813aaee2f06f2d460f060925a4cb146,2023-01-29,2
SYN-9daca7405e955749,3382a93794e793c0b6a2bb52a0a7f086328359fd5d27538e86aef2427c2f4960,2023-01-29,1
SYN-7252190fe37667fd,33856ad6c6334e74faea30c18e9deee0fb7f6021e807b51d978875c1a6e85513,2023-01-29,2
SYN-befaefd8483d92c4,338d9a75ea5a2cebec23a28c7abe1ac29cdc837dee3d483358ff99727e441fc4,2023-01-29,1
SYN-fc5f472043623141,339167c12640ec4f381ae396c7262352819d7e0eee7cb93e4c6a638775de64f2,2023-01-29,1
SYN-311a82eb93161eac,33948a6618afbebcd0bb7a326bdfc7b7410c15cb50f3257d5330bb07c1ae89bb,2023-01-29,2
SYN-6169181c915347db,3399407d09388dc3aaa05f4207a6512d413454e32209f2d9921342f60bfc162a,2023-01-29,1
SYN-0c36386d30c4e0ec,33a1efb20bb89e6d08f1257cd0a2cf17ddbbecde8d0d5059eaba76fd02936812,2023-01-29,2
SYN-3cfb7aaf6fc71c58,33a597a17b893e54c4b41fbed7e6d7d3732826fed195d55c993f7142246de3e1,2023-01-29,2
SYN-6daeab50cbaaadea,33a8b7d903fc1c2a5ef1293fb03b3256ce80994f88ae1e0d8c87e7ee8cf5b207,2023-01-29,2
SYN-0867198f634a2137,33b76fbfc4611a4b3d89ddcba2012d506b66a25698bfd7d1400cd64842985050,2023-01-29,2
SYN-f21952f9f133027b,33be8969c6cccbb7b2566556b953e1ff16414bbd6b516ead9fc07cabe17bb9a2,2023-01-29,2
SYN-30ab17dba94b6c7b,33c4929afe3188363caba3c1bfdc0b63a3f1e0e4336aee7968ee74fa93fce79e,2023-06-20,2
SYN-320cf5a6fb41b85e,33d2199001297dd7912a3eccc9f42216b2335608705cecb2f396841bfba386e2,2023-06-20,1
SYN-09912cce7f76f5ce,33d54af430dba9896297af312f05a10920e69fcb1b8866408aa682226df1426b,2023-06-20,2
SYN-e889b20f749af58b,33e2d27b6e4812135b59e741b544b7869c48a477e4d7cf23c4237951c3a5f956,2023-06-20,2
SYN-6906d58b4378887d,33eb365e83ec3cda93fd2d02853829f0ee796b725ac263750bcef4cf81ec33ae,2023-06-20,2
SYN-9478cf032bbbffbc,33ec73212d8e21cc97f49d581f56d41263cc20044316bd1e3d16114e8beaf143,2023-06-20,2
SYN-a82781a80cd77b54,33eeb4659227597f36f86637c5a3ce9ff11bc050ab2913c0ca49fad33d0af230,2023-06-20,1
SYN-6993047dc83d2e4f,33ef9c83cb4f822d58ff88cf1e2d627730952fa272318127c210cf530ab6a370,2023-06-20,1
SYN-6a002a452c97f38f,33f1d66bf92924965efab5ad71811977da214c3366d019a2685692ff4adeba8f,2023-06-20,2
SYN-3d414f7811710e97,34025f0a6cf44fe81d0d6c2a0860b43faa7029554141ad276dade67127363b4a,2023-06-20,2
SYN-97168512f1b1e590,340fd29fe73759ac7e5da35a2c39e50b437d7bb70664365d6bfd299deb9f61ab,2023-06-20,2
SYN-5bae661365e13bf2,3412f29d52c381198e4bf039e1040293a0390bdfa118be446a4df3d5699a7c63,2023-06-20,1
SYN-b2d2e576d789a202,3413ee3ea776d97fa96060d3d2e9f591f980ec1d9ae7de5c13cb074b7012afa4,2023-06-20,1
SYN-70ab10e7840c4420,342727118ec63513572fa11323595f5635c131f0bad95d89157733f1c8796bce,2023-06-20,2
SYN-a04f9a993160b105,34278fb4258e4dbe98272bd2367e285ae97abdca51701a9174a05c098bd27c42,2023-06-20,1
SYN-84e704b184b457a5,342b52405bf25436612e138559aa2b508f19d815f47ab07ea9e479de56f30800,2023-06-20,1
SYN-b5e4cef66c76f2ad,342cbdbd289028721e8a7a6bb3f9658267911cfb6f336d76b018e4c6280b1c36,2023-06-20,1
SYN-dddd2a21e17e7b5f,342eddd416e6462b7c0d3fb9465922d4452d0f887ad006ec4df53d98bf71969d,2023-06-20,1
SYN-06bc4f3e519475a6,3434ce365ec59bcb91905c3dbb7b6c67272c94863fca3f0e3131ea084ccb3cce,2023-10-22,2
SYN-281fcaa099a1f721,3438a3029b9710814a6972a36131964785732190294712cb3abe0f222592db61,2023-10-22,2
SYN-808f998865a3715a,344e81ee45e2f2059afb36e9a4ad1e506bbc8c3500fecb01ff485efa69ae7c0d,2023-10-22,2
SYN-dfb40b25c54b6d84,34554cf2e6cabe07b49a13f87ba7dc9650ca66f91d9f394cd30e4a4f6f15acf2,2023-10-22,2
SYN-84c5aedc4e38795c,3457d679b2054c2b057724e63f1973bf27c18d5266e78189a3406378d70154a2,2023-10-22,2
SYN-08da2487ed958143,345b060704f2b79b3fe577bb91cd963878ebf1bdb6b60eeef05804836b7fd930,2023-07-12,1
SYN-b5da9e0419dc7f50,345bbec33b1fd7942da13ce7f08d8016fd1ff39ef16cbef117dc31abc4d8c7ac,2023-07-12,1
SYN-73a517898571bd56,3463eec77a707b210886eae2c7b884e6d3e3f27a6910edf8b468ec0c96f862bb,2023-07-12,2
SYN-d46a565ced193963,3474ce8bedc879bbce03bbfa111f5ddd7aefb38717f833b93b91b4c257b793c2,2023-07-12,1
SYN-78ddad4ef222aa80,34825b2f0aaa75b6de90fcff6ce7b6eb2b903c28751f23870e32dae892db0ee4,2023-07-12,2
SYN-6fab3bdc85433987,3483f55dffb2ec21f3cdf3671d5595d734605ae6a3a04505eaf741f0f8c34693,2023-07-12,2
SYN-732e0c16df1c050c,3484a77d059fb2b7aafa992ba2c69595e8265c6a8337ceba02afadb3b2c7208d,2023-07-12,2
SYN-903ac1224b9ba1c9,3485322e0dfd8a3f7afd6b6bd69ceec92515fc1d00465d97cc54b2658b8da425,2023-11-17,2
SYN-207a1d11ef3f4b1c,3487f7ddb7f551cc2ef24cda1d8b71046d7821fa0616b80e9636d5801746d7f4,2023-04-08,1
SYN-4f9669a733bb12a5,3492c005a642ef479215820e1fc5a91e0bda375ad874eda9bc9c05d3ea32bc00,2023-11-05,2
SYN-cbd75c7aec9820af,349fb02bbfa84871c010eb7295a8781b96854f4ca7a952693a8a69926c8a635e,2023-11-05,1
SYN-5b3b328c122619ee,34aa52ed0d423b09476b6b4a4fe3d64321c1222e4ce4fd258b8dfd8ef5be209a,2023-12-30,1
SYN-0a6d713aa2b4d7b7,34aad83862e247e6c245968881932d9d605f4b220d7c7935f922e5454ea5a691,2023-01-07,1
SYN-6c403f5953d7306f,34bb5eff98255234fc9b543583cb88fab242ae4a938790163c5fcb217c7fb23e,2023-01-20,2
SYN-952452c632205d1d,34bde81233140ce2683eb8874ac8e23924efd96684bbdd8c71b217713aba4639,2023-10-06,2
SYN-a25df4872f388cab,34c320e4468ee6b34d35be66c33f71494ca000ecc40a9b9602dd747a157452e0,2023-09-14,2
SYN-d82e917eed53f81b,34c39584f1ea81547e9d42015b2f73c3ecb5924cceba0a4f2f64ce7ad7f78b6c,2023-09-14,1
SYN-21eda9163e7839ce,34c8723f79c29a4c0c4fc33c1b3560496c8e6fb6a56e793962f4e2e0a0d673fa,2023-09-14,1
SYN-4f518eda424b1041,34df3099d40ad5ed6ead37313b95cae3cd2c0096fdcd77d59a8a207108863e9d,2023-09-14,2
SYN-66b902fdc62921d9,34e7308f6b32dfa243f37591633e7a5f5ba3363cb82c0c8876966026055e6c68,2023-08-09,2
SYN-023ce8376660dbfd,34e8ea88bb41e74affa82dad7b49dc64cfbc2b214c48f8a9dd55eed9add262c4,2023-08-09,1
SYN-c066b719e94f8a43,34f04e6ed13eb64271f810a89ad16d2af65280044d06b896e3b4dc414b25625f,2023-08-09,2
SYN-89d0637b2b03f6a8,34f435c2e9aeda7d89c522b595fdf37ffad5fc7bc9a82920ef6ce98c918a07f9,2023-08-09,1
SYN-f38822851539923e,34f4a0fa710ef8fc449d4cc1f66116bd903e9f307f7c15ed154fb4ad5737316a,2023-08-09,1
SYN-a7e4a94ea8c65896,34f616643109fc90e16d737fa1553511ede5ef6642a92c616e559d513bf8c897,2023-08-09,2
SYN-aa74f1805faea1b1,34fd598c0b8c088139c9ab5383a58e8eea5c2f869eeef5379dab2071b2d906f3,2023-08-09,1
SYN-a398edc17c1017b4,3501d42686db9daaaf75f4e679e52703ba336945da60336785bde130648307ef,2023-08-09,1
SYN-4a434dfd15a19d15,3503ff60aa7b59c9377924260752d7185edfda9cda318268fb1d965f0748f37f,2023-01-21,1
SYN-ed5e3813cdf6e801,350f0a2c96bce1e0d9afa2d7ac9958d6ad4d8b3001174e49636976c272d71774,2023-01-21,1
SYN-ff6c7538e9c19e24,350f68b6b085d9fbb23fd92d80e479144e2d75707d5fe740b396f2e17f4e6177,2023-01-21,1
SYN-7c8ede923deff2b2,35164d04b16f43155283f3af6572195f9ba4be2e53ae98aacf1e6f0e02e20910,2023-01-22,2
SYN-1ac3582aaa907241,35187b76f5f1a7c784109d430571817512335416bc6c7a039f0e3a36550425bd,2023-11-16,1
SYN-f2d414b8388d5131,35199635c44fd0dd4b5d352170af424c0d10cfe34862e8b9a8ca945eb7c98932,2023-11-16,2
SYN-aeeb52f92738a548,351d38d1514800deada3ac3774f0790ba7286aea18f62edb46ca85eede869e47,2023-11-16,2
SYN-63ae03fe042fbef2,352076f80740886f7faf8929cf7f400f59046c6bb80203c7d5085d5838a4ac19,2023-11-16,2
SYN-fc6469499a1ea0a8,352ccdedf297dd3684b7493c67696da2d613505ecb3eeff691ca7f465bf3b7c2,2023-10-30,2
SYN-f8ed8af4263fba45,353e1cb9aff81964c687bbe12945a9ac0df38c8c613556fdd30f367a60205f59,2023-10-30,2
SYN-3f87244367fc9d27,35417100a0561318d64fb55aaa564345bfb4cbd637278fe2d042b25847c2f5f7,2023-10-30,1
SYN-8938ad651f6c7afc,354270702365d71e2c6a2086a31dc92171a918fac68a30f3fa601c4fcd1004cd,2023-10-30,1
SYN-c78debcf26196fa2,35460dd0cc3e0d5c435db9895476a0b4b9289979fcd8ba738f674f8c19222ace,2023-10-30,1
SYN-27a317c8b21b4bb5,35470b8a1aef2cee9da86ba6e23e0569a4d5f7c26450b364bde674cea0353007,2023-10-30,2
SYN-26a63bf361ed19e8,35490d276a8268881e8b3a41a93813f75a016396fd40a8b80e956c2817d1da20,2023-10-30,2
SYN-c34dc3c5e1c97a54,354ad33b340f8263c1191122d87819bf6162a2afd72e0df4f34d12e23bde8f2c,2023-11-12,2
SYN-0e97b39e6d4c5db6,35525849fd96508c48de3a6ba38f2d338bb55cd075a6ecdad4eeaaf820ba69bf,2023-07-24,1
SYN-9372cb067dc75f6c,3552cdda931db3928e0756c96885a55436affd6e60679ed47d3023f8026fa52b,2023-04-14,1
SYN-dd39c7b525631e34,3554d778b5e04a69d681ab5ff2e8aa7df7c3d6af791a7e529bedfddd57ac2ca0,2023-04-14,2
SYN-d40bc1ea97835319,3555450519ac4c653d831f0accecec404bdaf7005356498b0d4424ab4dee85a5,2023-04-14,2
SYN-6854c8c5aeedfd81,355f8bc7fa1d0c4b3c98a5abb98a58c6c4ee4bc62eea9a2806aa74357fcaaae5,2023-04-14,2
SYN-3d4fc8014bb62c5c,355fa7048175e7bcd894204f923f385df917867b5e25712b5c16079a6e95b4f5,2023-04-14,1
SYN-c148c2b52dbc9dfb,356541cb2e9cd0f6cf4c271a6e75cdda86387ef17a6c46008cbc319b3ed78956,2023-04-14,2
SYN-f6ff9dc690c3dec7,35676319fbf8ec76a1e0bd865d791e5bd5da1ac3dca1cafd8b509ae2aa02a9ff,2023-04-14,2
SYN-87e11c78e0ee340e,356d7fcb41fa6f71335fd1c493f517b8dcd45584e98c6196c269086130283f64,2023-04-14,1
SYN-d2c826bd63784b03,3570a39e18161cd362e0cb479d90f0bded65370ed1f1917ed0a07e7ba3900a95,2023-04-14,2
SYN-652bedef783d54d2,3576f1218917d62b89f5475933cee04d55838ff49f96f565153db18bc29535ba,2023-06-12,1
SYN-6b74afa99bd5cd86,357810d0e6de9ab41dd1699c2c6ac90d2fe0735f961b4c243bc050c95796c598,2023-01-11,2
SYN-069de850382f241e,3583571dac4a2d460dacf1f56bf388c5316ed65b539353d5d30de87ee2b84fec,2023-12-31,2
SYN-48e769a06c3607cf,35852ac0651bbfbaa087988e3ecdf8553c4310969a7b6d71b808f2aad6f14be7,2023-12-31,2
SYN-46647dc91d6bc9c4,35916753d758db1956ecc7600bf0ac360c37d597996e84afc03be4d45bf4e511,2023-12-31,2
SYN-6a28a531a8b84e42,3591ef5a968c84c0d0820ba6db16b5e36559974fa777fcda230baeb586bb9d22,2023-12-31,1
SYN-facbcb329cb6e38d,3598215338ad26b82fc4c54d2bc3d6b1520affe99bb9a587e9aa21659ef5d64f,2023-12-31,2
SYN-87c361d3569f3115,35b37745d9dabfbe56bcc9e716dce638738e4a00b0525fe44747741301376e6d,2023-12-31,1
SYN-399bfd5d48879b9f,35b54f8668857b8a1e020d2abdac98f643e480011b82731c8d56b0739b46c750,2023-12-31,2
SYN-3454db67ed25fb64,35bd2fdd68c5f5674bdee055914a92a53e3bc776e841bab304a4a4792e0fbc2c,2023-12-31,1
SYN-345e37931b5d487b,35bd38c1c98eab4681685932346f78efa643805b1bc7efdd4d7a1b35c405901e,2023-12-31,2
SYN-5742bcd88c00d96d,35bd76250ca2d331921f3b0586470a63ff20ce9c566a64ac0612249ba4282749,2023-12-31,2
SYN-594c3ee8fa2a3470,35d2e25c7abed38e6c614e8cb5eacb180d89ac13e8a35f46a4877e83ed18a245,2023-12-31,2
SYN-b8d4a8485f1c003e,35de03a61eb8f2bf6ea5e473e1a45e50f3afd35389bc6a55bb05a7ed3ab347c2,2023-12-31,2
SYN-e6ba7168cf79a759,35e369ef5acc2e800dd531e88bb15e8d050b60788ffb26e860b6a43a68512f33,2023-12-31,1
SYN-e12e3d496e901ab7,35e41caa7f6e0284506d947b183570eb0ded18b10951fc679b453aeec59ef291,2023-12-31,1
SYN-155f7cbfe0f698d6,35e7fc65d2e8c79a05deb21cb86c59ee04f87a20d2408659fb71d3b7bba1126e,2023-12-31,2
SYN-3308684ff478fa50,35eb7916eaae57ccf5c1b94b0ea62299a539fa9456e63d578ffff5eb50b7a1ff,2023-12-31,2
SYN-ff2e44d41625b878,35f4329de0b6c7c9e7c0403e1b2008168234a3a3366895d5b238d38debe4eb89,2023-12-31,1
SYN-8295b9ded45c03a5,35f4fdf1a87470f173f166e9b1e21f5b97a0db98eace577b1ecdccd7ff77b3a6,2023-12-31,2
SYN-2ec2bc03bd765e4d,35f6a2bfdf5fe0ae963cf768d8dd02a5d6557db6253b61aa2a67f7b6eee2770c,2023-12-31,2
SYN-0d8dec8e387f3fdf,35f973ac6c8ad0d31135bbcf623d3596cb9b62f596b78aa97cf92f01a7d996c1,2023-05-01,1
SYN-45ee2ca49aae4e79,35fa71b8ebcee08f2ef6d863bfcdf5c5144f555af2a75e44476388af3c3c8070,2023-05-01,2
SYN-3c65dc5623893b3d,35faedb92f69092ef818cf685eb4f672645b2b0c81bda0fc267a6c11f6d4f655,2023-05-01,1
SYN-43421668fb863f9f,35fbc75b992051d5fae144bff02808cb415450441f9a637c45a0dc4c9efecc3f,2023-05-01,1
SYN-e59c330d56499502,360666bd889ad9eb3f4ea7273036d3cacbd839bafba00cd397e8063573a67023,2023-05-01,1
SYN-a2ded964e8afbee2,3606a2db40226aed9178ed6383c93dc31eb3fc47216bb4bda4e365f22c55f3eb,2023-05-01,1
SYN-3cb0f688d2063444,3608b12d32482a2f837c002f8f59ae3df43dda2dcee4eed12a6ef273aa6d8b73,2023-05-01,2
SYN-e72950ed44eee253,3612d681600e1c4f1f511f0151f0e479d7f215d683bb6ba90c0aa455cf86eb3d,2023-05-01,2
SYN-568b5c27b0566920,36134359c07ccd6de905bbf15651a5b40b921d5a3bd9a88348c000253ff4b909,2023-05-01,1
SYN-710aceb159647919,3613bdf059302cea57e49d6da0fddc8dd7666abcc847dc071d6e9d5f9c40146f,2023-05-30,2
SYN-ed5dfa23668696d9,36176159e2bb88855cd08b6213e6279674d61f0daa7cc5934b0ff0569380b4c2,2023-05-30,2
SYN-325c58f57fe9c91c,361fa3e75ddfd86fcfb39860803df7232ec116272a58b37dc773f57bf82c407c,2023-06-11,2
SYN-6e1474073ae5ae78,3620d7e57c821f9abae16c4f048514ca5fc8194b67e493976c3f6e0c2d069a07,2023-06-11,1
SYN-6163a456422e04d6,3621a00c7d4a185dcca16b063d2a8fad4731180d94ca01640e2d881ce1cb7970,2023-06-11,2
SYN-7525415c72496012,362c190eabf332df3ecc9e56cdd2ed1e2015dbadd90d7dc7af8a86d2bb75e91d,2023-06-11,2
SYN-ff96d34ebef6d14a,362c97d134016e61ae604cd39d7497a0322789aaa3ce2d44c3b866b2c9690e32,2023-05-01,2
SYN-1184bedc573c8803,36349f79a82ba90f0deeff1daa8b85a293797a2ad6e0e5530af51bea27183a24,2023-02-02,2
SYN-e0ef27d0271677f6,36351970f420e7cd897c7d015f4043c6f7044749d8f30f2724262eab3e8ff544,2023-02-02,1
SYN-f6e5bbc3f094ef86,363975b4038aab17056be0a14c0e022f8e3e95996bab2f043d0a29310d3b8a7b,2023-04-11,2
SYN-ab6117faa6952962,363c43c6b1160f5a4b2371532197116875ea5d37b50ca830d8c3f2e5ef1b896f,2023-04-11,2
SYN-e811001c144fb40d,363c61c833d01887ce6f01ec8433591aee518dc76fd7a863d8e7dbbca3f1f693,2023-06-25,1
SYN-601bb373f69fb991,363e6e3ceeb4bec3419ea9eb1310861971786e9adb54d7119bc891e1624138e7,2023-06-25,1
SYN-c1bea696f104685e,363fdccf177f11d92db105f4751352b5f14c4b39a406647ee4d69ba6b710359c,2023-11-08,2
SYN-684eaaa61382ffbc,3641d2a07286d1d935a86f9423af81069371c32505d2e6beef9cd164c602a192,2023-11-08,2
SYN-7e1b3fd4975f5666,3644502c3554e67f5a34eb261db7dc62251dd8a818346620b2e097932fd8e06c,2023-01-07,2
SYN-dafa1c2011038ee6,36459d0464b688618112aceeb62141baf824e43e0fd8961e35bacd9a0025b020,2023-01-07,2
SYN-ea12a8ed610a3c88,364aa00d4411b9b662a8c657979fe5b76f9529cd312e2fc77b9aa591ae0cb3fe,2023-01-07,2
SYN-9fb1c442a94d8366,365b758621a45dc8f300c5033432e7753dd819c3f06704a1544e245a81d72417,2023-01-07,2
SYN-858b931d0c0bdfdf,365bfd22ce4b8aabeb84c847266a80a225b04f188629bf3a7f912e8545ac7643,2023-01-07,1
SYN-6e884324d9a764d7,365d866c4dcfcdf9c7abe4ccd9a0c3beb8e145db7a952424469b865a82da1eb3,2023-01-07,2
SYN-664f7f2314cacd57,36689f5d8b67b19a42fff664ad5e39ca4288bc264e72f7603c5b764b4b3f0b2b,2023-10-15,2
SYN-2bb6d7ab29be3625,366b89e56112858fd747d2b8ec9519b8c7856d34e546eb827e46ebc37613dab1,2023-02-10,2
SYN-2fc88c2fe53ff82e,366d7effce9489934c3317a8e4e1828622d51f30cee29cf3289edebd0a042807,2023-02-10,2
SYN-a5a4593c107d5197,366f8084581745ea281849d09dd9f5974c55432692353956d3e633294e7b10ff,2023-01-13,2
SYN-caac8a76be934059,3670931e0fce92b56823b3fcbacbec354b5da07f3cba16a9770584a5293fb941,2023-01-13,2
SYN-013fe4d968222cb2,367c5863b64f384a70b7f944e12a05a0f309b2e9dbe83161fcc3e17be0fb7b20,2023-01-13,2
SYN-1a44bfa7a4dacc31,3680b75cefe3e86dc6b1bc2096acb25ea1830c02dc17558e61e246ea0b7b41c5,2023-01-13,2
SYN-74606cec91f51eb9,3680e94361709c0d64118634e50f1035fffa8f045357db4d2cd41927b0522a43,2023-11-18,1
SYN-486e69255fdc8666,3681587697523672d209b463688f0d95ad617ae16e7d851e3b045a8d7f709ecb,2023-11-18,2
SYN-1553cc165eb2eaca,3681748607f3287d2c3a65e00bb5fb153de30e9becf158c99fde75e86f498cac,2023-11-18,2
SYN-966a99871632cb20,368bf9b290d1342961ec84b7cd5c94d9ffdb9376c49232f51c318d03c16f2ac7,2023-11-18,2
SYN-af1e686bc84114a3,3695211b7e7570b7a5e1e29e0b2f68c1ac591330d133f464f46d8cf1622fa011,2023-11-18,2
SYN-438802b41c028d68,3695d166d55fd12cd42a8c0b1bfef2d6fe0acb45c1687ea60c112cd5c88b57d8,2023-11-18,1
SYN-e177e549f68577bb,369803ea8ca9a3e3e72df7bca73faf4a1f876cf8af894f615d2e7cd7e7ed5b47,2023-11-18,1
SYN-89bf2f501b420e3e,369fdbbb6a54cde287e387df82a438ca0aeaa4e81e2003722066a89b398143de,2023-11-18,1
SYN-b9c81aebe1ff619d,36a18af9ba34fe8745da516a7797212e1c2e0fa5578dc5065f98368aaedc1e7b,2023-11-18,1
SYN-974e5115446b55f6,36a885ef47313554f6736cd71571c1275cf8c80879126545aba2cc188f68a9a7,2023-11-18,2
SYN-d036c7d0dd511bf6,36baa575d98cf40dac881edeee32515499d8acfe17995fb24453e45769bae8bc,2023-06-18,2
SYN-045ad8ea19cc24a9,36bec760c3d1790bf32db8d94e09729bdff14300e718a1cb27b87f2fe43d7d26,2023-06-18,2
SYN-93a5e7da18ffc027,36c09d4fdc766295c5b05b7dc2e4b578bc0a17814af4510b913c87b00ae79be5,2023-06-18,2
SYN-206483af1d9ab9cf,36c8346b6d40f83d8860d7dc8edaa143f95747932b759a8078b89f784f964f0e,2023-06-18,2
SYN-5c3b27fd9d133bbf,36d08f1d305baf2405d1f8fb62107237188c0d84a21999636efc62506b6431dc,2023-06-18,2
SYN-eca2f2f8b340214c,36d51963e6d138eb4eb29290e8b1eab5daa7572ddd34564a9c4f7f106485244f,2023-06-18,2
SYN-8e94c50c320d7f0c,36d5d2b35e41f081007a163c55d0a5a060a7eb693a81a51a8f006f17fe4e3c71,2023-06-18,1
SYN-ca26e0dbf6bdc9dc,36d6361b9016c560727acd7dd7ef6de60bac19afe758f514f69c207d6bd37367,2023-12-14,2
SYN-534e7843e62850ba,36e0b675cefb81a0820d8709e20a9ad8bc21dce8aa13e3848009c8045219a9a6,2023-06-08,1
SYN-113b09b04913982f,36e3bf91e406bd60ac4e76fa3bd8ca520511a0dc1293fb3d57bd1595491c6e4d,2023-06-08,2
SYN-1ecc701c9a3a6b3c,36e5cdd63a470dcc9e798662000945733f057f523a010267d68b2bf59bef0616,2023-06-08,1
SYN-4c2ddf9998793771,36e67e7d6627259345e4412085d300c876bfc1ab0d27f091dcc3ea56c9409fe9,2023-06-08,2
SYN-684edda430729332,36eaf0d9c152cda131e1f9d7b5869dc383b18d284253a2d1b5e797b5081f4d05,2023-07-14,1
SYN-aa5995008fbd6d9d,36ec5072570da1ec03980a685d8755da7f0d3051410919cac9098a2f53bd551e,2023-07-14,1
SYN-a06465ca1e3504b2,36f58a09c343e3616b44429cc371172734890b2f0ab1d5d2cdbcb2072c0e1107,2023-07-14,1
SYN-22b8f92d8f036699,36f708000b888159aebf40256d2380233274a6084c355d98038d82ffff24a09f,2023-07-14,2
SYN-c0a006b9b953a8ed,36f885c1030ee9da0debb9a700db24a858635ea1d413a8766a91b1795ca641c8,2023-07-14,2
SYN-c285c3f7895ce69d,36fb76f9f7bc227e323c3da1c6fb3286b349587ed605cad7e0f4ecf45ed06713,2023-08-02,2
SYN-af4c875ed53189b1,3707f966bc9d19662bce241f2f9047098f6934dd185a8e3c98262166846f8ae5,2023-09-13,2
SYN-0763e7a0b63b30fe,3708940292da0397620882bda10bfba6a53ab26342002021aaa589bc6c96f193,2023-09-13,2
SYN-98dc5028b45f9d05,3710200f2709bdd5c253a796b8dc57477029aa297966a19c0e537dfa7048df59,2023-12-02,2
SYN-83cadf5de7e7b2ef,3710bdb749a71988fd0c9d0e0411ffaa941e0624bed750eaedb1580a968bc045,2023-12-02,2
SYN-b523451183eb64ce,3711b58f5c4fa8297e389722e8ac72f22ae985f78ce528547d8abfd052132a2f,2023-09-13,1
SYN-70d98e3fcd634eeb,371862589a1c927771e9996cebd44633ecea9e0d978dee1466e4b563467a047a,2023-08-15,2
SYN-3a56be1d0b5a5b04,3719d1c2c02189dfe0d4aea41a9afbef55c3a531d8aa00fc10bd4cdce9a5f8ed,2023-07-09,2
SYN-24c2d7c85608ff96,371a60c0a5b28dd71caab4c114d4b7906abcfa9dc19488370fa25f0dcea307ba,2023-11-20,1
SYN-a9f04a5147276ebb,3721ee8e59ccabfd1faeeebef1721b6578a284d00a7aa5b736aa1cc2635bed5b,2023-11-20,2
SYN-c5119054aaee897c,37262c3e488689838ee29a25bef711f2a2c9fefa4ba7de559e884c5cdcc7e5d3,2023-11-20,1
SYN-5ecd9d4489a08c7b,372897dd5c0bd08ddf2a874a528b0e2086a215b942408eff1615c4240cc02643,2023-11-20,1
SYN-a80df9f448cf095a,372fbfac68e3d45e5ce0c2ae29062fd40b0d90e6b49678b933b1858a028d0c67,2023-11-20,2
SYN-3158caa8ccd31e79,373749fc67969e66bf61571907927d1c36181a1c28fde74324d1d363b144fbc1,2023-04-06,2
SYN-c6a29102a5143a45,373785a1b26eef7c328e32289e6fcd121b885f6ce3e13c481e98234183d95425,2023-04-06,2
SYN-9669b6d29c95ea92,37386ac6d731baf39751afcd69d7a951d13b351dffa7f4ee65ea33d9962260f5,2023-04-06,2
SYN-2dd8bb39a536f097,373ea55c95f7bb88e2812b7dccc4ba282f9958bf6befa85c477acbc2241bc2a6,2023-04-06,1
SYN-211c96660131b37a,3740916a275b58323dad6070085870fe8323c8c100edad1a2d807128504816be,2023-04-06,2
SYN-d404a9718517e572,3744a8b90136e4e188f081a1f2bc0e76eb146c1b374e9ced4e02019207e06d8c,2023-04-06,2
SYN-3c16f6e3af5737af,3745f72aae20e59a1336b8fd2304400f4090c883478cdd16156cc5c7fb515f3c,2023-02-17,1
SYN-0919ccd64cfc0920,3750963bfa88f2465f6d567e9cd5d43c24b0cb7970e0366004fb3cba595f07ba,2023-02-17,2
SYN-73e15f370c45b4c0,375fd8458a44f1c452541098a86f40f976b85ac116aa63d01578b2709242777e,2023-02-17,1
SYN-80f3659b6aad7309,3760643e310db95f800721436dd68ecd5b647f1467aa99af56bb8a3ec27d0fd4,2023-02-17,2
SYN-de311e78767f9bf3,37615dc05f4d6c113dbcf7b81518b60fafe964cce2c8cfa6cc896cf35150fcea,2023-02-17,2
SYN-3b2a5f46e689cae4,376306c5071e0942ec9b885ace80ea1cb53fb6bbb686c3fb3d220bcce4b23476,2023-02-17,2
SYN-4e2d1a63bd5841d4,3764cac66c2f95e02b5bf6e61a956563acff01d013ecfdd68484b8ea94c2e524,2023-02-17,1
SYN-41783db6793cbdbc,376c01faf28230cda66bbbc23ec88211806bf7cc64bbfabcfbb7bf22fa5328d1,2023-02-17,2
SYN-753490b1801b91e0,376cca9b9f891a40eebe2a4549286d0c43447c6d493f1ed7a23d66c68416e18c,2023-02-17,1
SYN-2e5c37898e3e6097,376f7ca742bb6c58713cc1b0549f6743bd2ae41785c70ed6e655896ce206b4ba,2023-02-17,1
SYN-c0c86ff2fe3e3f84,377329aadd4ac0b61520806e2a737074469349a50ebe6a4e265960c3b680c47f,2023-02-17,1
SYN-989efe934ef202a3,377b69e72683494407b4a5e30c80e3edac8e99dac860c103858dcad87572703b,2023-02-17,2
SYN-41837f7fa296683f,3780fbffd2b14ba4c3122581bbeba083fca6ac208558c3b8d5a4cbce409c01b3,2023-02-17,2
SYN-ca526859a39480f8,3792acc7dd93a4483bd4d9385275d4a89b87190eaac57963da19fb3ef6906927,2023-02-17,2
SYN-4f52eee48f45c941,37990f862c4fdbaf7a40543281186c85b5c3f64919e44eba935bd31eb3ec68ca,2023-06-28,1
SYN-b4276126798d1595,37a0e215dc60222cbfa57bf96d106e2fa1a8bd5368606da5a217f8c280367a02,2023-06-28,2
SYN-6a16bf222623acad,37abdb38311837f9c7014878bf001d0ce6e4f240c8c28d66b729a336c66e0ea6,2023-06-28,2
SYN-9d81c70689a95c4d,37ad1842d688b167c42def60c8a8161df93bdbfa83b5065f8a4037d919acc546,2023-06-28,1
SYN-7240f52c99d072f4,37ae387327d33ded7b4ca6021fa9d932078fc021a68b36ca37a289b6674b338b,2023-06-28,1
SYN-eca0e474afaa3016,37b1cc5a5deaf8a2b1df4f9d11be8f48c76eb40f186284b0cbf781e5d1d77470,2023-06-28,1
SYN-eddc79aaad4e2c40,37b5bc7445585c70ba72ab6b7344ffb35b5602149d67e3637f15b9632d17eb66,2023-11-17,1
SYN-eacbc5b2b8d8ddf0,37b5bde74ea498ef1883bb21157ea0983f97f76fdf49d3f489c084d24025ac1a,2023-02-13,1
SYN-b77a395eaeb9ff6b,37c42a97e147b8ebc026a532d3d9d0e7c9cea7a2cf538f6306360e52737c7020,2023-02-13,2
SYN-6179913a69cad237,37c5e996613b40be020bad6c427774b4cdb191cb9ac82f8ab5d7f2ee0840f904,2023-02-13,2
SYN-03390b6600982bcf,37cfd158710a99eeaf7208c7d5a4769ed0e2557ffde0553fc32ebe320c217a6e,2023-02-13,2
SYN-004ae2b5cd627cd5,37d0cc4f16f3ddf6f646546977f170b61b7fef419dfa63b5c801909de6855932,2023-02-13,1
SYN-2f49eaa3eac41660,37d6612a8c6e3d4443e173ecba8555339de7270b588ff1038d1c771589768964,2023-02-13,2
SYN-a4b9b01e0f6c7327,37e13b30b7d84a2f1955d93320372121e7894fbf27f5ed058176b7420217c115,2023-02-13,2
SYN-7ba3c8dd59f5a06e,37e1918347c7526585e03789046203d6dd7e57bc61d8adde2f9005355aa95552,2023-06-04,1
SYN-c0c409c375df2140,37e1bd8ccf31380e7a7e94a338bdecb3d064cf3253c67cde50b9ca63d0918424,2023-11-15,2
SYN-9191059c69449209,37e3a0df22b2cfa01b40ff82874794e2cb632e90f6e4ee4f690cae0a91462a00,2023-02-26,1
SYN-d8f6ef57004867cd,37e3b67186d0bd05168cd52019267b5535ff737e465b85a48638a340e1351e49,2023-06-04,2
SYN-36f69a80664e71dd,37efcca51718faee5b5ceef3e18fa5c09c5343eb0de4fc2adc2320be9d81d376,2023-06-04,2
SYN-9c2fb203642916ff,37f1c411e65e8c8208ef57384496751ae86babf335444b7654e84b854c8ae1e7,2023-06-04,2
SYN-a914c9df7178f1dc,37f231155fd2801f7c99d9198c15bd4c021257bc4089e6002cd19af1c9a7489e,2023-06-04,2
SYN-bf8b2326d46c276d,37f327a9615a07f9f02f2327e29d8a87c534f2b362826b97d1b15e8b39a10afe,2023-06-04,2
SYN-cccd534dccd3fb84,37f3e749e72c3ac289dc9f52c7edc1dcd4a85c54e33b90870812628b8e08f44c,2023-06-04,1
SYN-ef03423831578f8c,37f6556124c67da98d6eb8facf30baead215e70edf26646257e151b1abc44bd7,2023-06-04,1
SYN-26b9fa7c13d4de68,37f849d5ee4c91c9cf7c850d2fe89793247f3d80856a6e028e00f0c7bfec49c1,2023-06-04,1
SYN-868be64a5e97f723,37f90133dd23df755fa9b6c13632011a90941d30c0307ee1423ee7c99c9e7f93,2023-06-04,1
SYN-37f11ffebfb32f0d,37fd89f25e67a5080900167a5b76efb4d91f4c2f8ab48a162c9c40f9caff8960,2023-06-04,2
SYN-a12be7b114b030c4,37fe972af39305fd8d7947bd8df76ab06c0c3f2222c3c97dd5e2770ac3e24637,2023-06-04,1
SYN-911c1ccce38f70d8,37ffb08a886daeabd92d49b7af6723700bbbe32e18c737996f030d35b27cd5e1,2023-06-04,1
SYN-304625ce26faadb2,380268283b4b3ce438aa76927042995e53689fea3012683a97abc89479b3db64,2023-06-04,1
SYN-233a03e76cb70745,3804987431039eab9c663bbcacda7227644654cf5190a8eaf4ac2356c206ffd9,2023-06-04,2
SYN-6c59b4400148be90,380c360000d9d0dc2dfd44066f7541c3628e0aec62c83b39528405f4a176a68d,2023-06-04,2
SYN-4f0eb4464fbb5a83,380d7e6866679214c849d72a3118067b113a7698cc84c6ba4dae1e97e873b8ce,2023-08-24,2
SYN-add234250e99cce8,38131e2ab940dc92dade156c0bcc6cad90968c5a0a5d0769798ac34427bc4508,2023-05-12,1
SYN-21282dd279ec36f8,38134cdfbc6a2c877fbcad5f73af0bcad942064389ed84d7b31e6eabf329a74e,2023-12-13,1
SYN-1373573bd579967b,381952f674529323e21ae9a59e92d4d4455129ae8f79a3b19868642d8b63c7f5,2023-09-07,2
SYN-d19e7f6d82cae5d4,381b97086ed65385f08b8fbf1b804c8c27550c8930cd14be17a95cb3eea4e54f,2023-09-07,1
SYN-058d313aa5eec785,3820074f1062dcf17d3f0a3d1f9b76e898aeee5d0f632eda575cd62f59195016,2023-01-26,2
SYN-d65eb670608471bf,3821efa8bde40aec825bf8360fb0eb60e1dfcb2814bd919865f8ffd66784644c,2023-01-26,1
SYN-c6623527924ca77b,38228476973ddd81432db665ee39a8e9ba55a846b8bf4053ec6a4a512b84ae85,2023-04-30,1
SYN-584cb43dbbc1c199,38298d8d5ab23ab5049381ca6665f7a87caae91c1cb38f8d787c3179a2e0feed,2023-07-25,1
SYN-27278ea1fd3f0724,382b71127679930f4c28bd18d118fdc0225aa3e35c1ced0c1f50aedd579a8acf,2023-02-06,1
SYN-31f1fdc928f57d95,38365de5cbcee3c0a5da11a581a400a8401b38779c4583c36d221dc3a3464375,2023-02-06,2
SYN-2927dd4735989da0,383b53d59783f735a767f3384fbbaf79af5d4c6a68106a1d6b7240ac2182a351,2023-04-12,1
SYN-6e584dac427c03e5,38447ecff414e8355456bacc3617432ed9f56c7a1b7361c4d0e2afbd7b06bc53,2023-10-17,2
SYN-e0dda8f39e3e1cc2,3845bf36364e2ba36dbab7817cb27549ed5acf9d4f49819e4c0a0e0fa85248a2,2023-03-07,2
SYN-6f92c4ef0c4fafcc,384a4b092482cdf32d63bce3ca7208dc3f5c7ac04b9b46b442f121ea2da53edd,2023-03-07,2
SYN-b0d700cd416808e7,384c72890a0dfe7adeb7c51c0642627293d80ed00c283b2ab37a6c4c8cdd248a,2023-03-07,2
SYN-b079598377cd0330,384c84a1bd2e5495da07187a95d2b81c1eca98fe00a462db0081148c19b58ecc,2023-12-31,2
SYN-03b97f720e601374,385002446cb4786102bae54ff2276ed0759e72edb0e3668a627d0228fadf181a,2023-12-31,2
SYN-04e5e0f5a44c5c98,3853464d72ed728bf455e70185718ffb1591df06848f355d676b8d8dfb7ce22c,2023-12-31,1
SYN-e1c5b1d844af141e,3856b1f4228fc38371a138e0dc89d46e816fa71eabd7c39233290134c8165f40,2023-12-31,2
SYN-0c6ce26e98b483f5,3858d212f00d456527aa81104986ea5babccf716e145998e15a4c339b3d95e17,2023-02-15,1
SYN-ae3d0a7e6166c401,38608ecf8d30d99d17dac083047e3adbd94d5ec90af6447d6942c0117e9ad180,2023-02-15,1
SYN-3eda6c26a9fbb0d8,3862e256531ed1a6c3eb674fcbb1600ca4066420461dc567daa142a7df5876a1,2023-01-25,1
SYN-2841092161469b3f,386391ef3d37e5cb4b002a1cacb948d344f81b735ad1e058aa8b2caa0e279460,2023-04-11,2
SYN-7afafefc3298c45e,38659111a878d38f7234db9a231dae4d78bf30ef4b0293be916199acfe8ba755,2023-03-22,1
SYN-ac0a84fe4e8fd89c,386733ebbcb74373e75bcd4387c36f07d18aa7ce43a0632631ec9b58d8abdea8,2023-01-26,2
SYN-3ebfdae1c3d54d34,38693ab66838ddfd34265110541c3f7d8b34597e27734c5bc324f59800f41374,2023-07-24,1
SYN-ad2c382155c7d3be,387855a0fd14edfd6bec65e8e78255fd0a9dd6921c10fa9e3728b6f090d23eac,2023-07-24,1
SYN-e72f8710bbf3ba36,38793a501529797e7bf6dce2a0fbe0070bd50f33e8bc7f93cea784bc8668dbff,2023-07-24,2
SYN-3c27db85e1238886,3879a2b26d6db27b1b985fdaa8beeaaae793c878f1d25aa21246f162bfc66c7e,2023-07-24,2
SYN-37c4c2b93dc2453f,387b25256c10cd0e7f39450047bc80e60e4c4b76137765b7cb888a6145753179,2023-08-26,1
SYN-d18ff1b2e8ebbe05,387cd5c9ba0bddaa8b03a8860429c51e42f8f95e246bf41ac26882d280fedc12,2023-08-26,2
SYN-ecc888e5629fd688,387d0920521732d127d57da9adce5afe90364582dc49946a8b61ef73e5e9251c,2023-08-26,2
SYN-be1ea9d618ea79a8,387de9c3e2f2ea573cddd4568e86a3983f7a5b2e75392fbd9b42a42a01a05672,2023-08-26,2
SYN-a7379c1de62ed4d1,388353a887322ce4e3c4de64ee52a317e0fe0a8552af0b247df8442fbc3d47d8,2023-08-26,2
SYN-5bfd008e50ebfb97,388d365b2894118ca98147d20a38faf2d2f85d7bdb8d887ff9ae30ea7f93845b,2023-09-30,2
SYN-d2a20d0110c7c340,3894593f971aff97e6017a0f30af5947c26edbc24e5fbd21bdc39bb56958feb1,2023-09-30,2
SYN-3ec2438334745b73,3896e1e8994ef4692e1b0880087b40a168d6ba3fee190a5085e46704ab4b0749,2023-09-30,1
SYN-41e1f67d67cdcb89,38989fc11cb7d211af178e06744329498e141aa9f8546dc65cd8d25feb91e1c2,2023-09-30,1
SYN-3eb647d573146cf6,389cce5baf596baf18d03feda8a40ad66d6d087167adb9bd7f5d67893d1197c4,2023-09-30,2
SYN-ca829bca5b747c04,38a13325abd1876ea433ffebc242765cccec0c5f34cc82ad5100fea46ea8b321,2023-09-30,1
SYN-9ac6e311b21d7fc3,38a2341b0647881fc8d4f9219c8b5da1bb2bb892c3c98f828b7e1a89fdd7bf02,2023-09-30,2
SYN-8ba861d55527fc70,38a616d2903e6d8317eb25787c2a8abb2a7aabf64f65f132b824c6c333b67768,2023-09-30,1
SYN-01cd77cdf9b249ad,38ab1aa67ba83c5aebccdd823f6d697afa4ef82955883c979eec51db0c77cde6,2023-09-30,2
SYN-9f12dab5e54736a0,38af24ac3c5b04c9bf70dc53bcf1b16461433fccc6f6608d66bbe1f66db8a580,2023-09-22,2
SYN-c6caa8fb845f05b7,38b24d7b4140dd2e2e0408d8b0367814964d0351f1923e4077780e128488132e,2023-03-20,1
SYN-638bc853f83e860d,38b27c6ff6d52c664c1fb0ca5de1d57c81316dc2214e380f3d9fea2a6db61349,2023-03-20,1
SYN-a7eb21d0646f335e,38bcf69bedbe5dccf0755fbaa898d96ee48cb8cd156addebc71d4e6bc8e31551,2023-03-20,2
SYN-1ea95261f4c2e77b,38c68d2cf0458573b6ba56e35133766f56dbf30ae1f1abfc5eb078ff173be75f,2023-03-20,1
SYN-5dcf6b791b185312,38cc98fd9020ba3a3372cc5705aed4a059c8bf395021633311c4066a7ed0ba95,2023-03-20,1
SYN-93706fee05e0ddea,38ccf571c08f754a346bbf62a36dfa51b235134b6a82b8fb0314e43dd1089159,2023-03-20,2
SYN-f24aef1db7c511b1,38d96b23a897d28420eb9fe806061ca70dd7d7219422ab654847582cca2abd7e,2023-03-20,1
SYN-a257524931414849,38e69a5d5425e87f266e674db49abe66433c61a9979fdaf13c5bb450f5b57ddf,2023-03-20,1
SYN-e47569865560c489,38eb7f227e3cd222df27dc6954db177169e6cb2aecf01e96ca89ed832eb277d5,2023-03-04,1
SYN-ca3dc30776739e7f,38fe64aac3663115a2a0fad739ca3b7c60be76ebae3f5606ffdc52c5b6595990,2023-03-04,2
SYN-7ee814ef04e6bbf3,3900a073cb0b0a37e7bb2f3b9a09f79f02149c98f523cf3ad3e85bfee6a58962,2023-04-07,2
SYN-1cdc22a2303e5c8f,39027b5628211497a112392d645a8001409e3e2c87322ee60fcef290fcdaee99,2023-04-07,2
SYN-87c3cc2e3f2ff7ab,39064187144c16045dbb9c75b5ffbc70e7fcf5533592c1b1890aac45d2221ea4,2023-04-07,2
SYN-b64045e1bf1763dd,390906dca3e0eb66b79c109bf07b18f7176d1f5de739bce7e9ec1aaf1d2ef021,2023-10-28,2
SYN-a265916429b4ddaf,390d9ed59fda891861c0d33c246ab8428fccd997e0daa55f922be906a83d9330,2023-10-27,2
SYN-8199bf3f37f948e4,390ec3f7bc5ac64f199f5504cb9fd32f64da1d3918324ae5f432f1200470153e,2023-10-27,2
SYN-4b1f5b3e450dde53,391683823ac481ae98fdbb83bab6222721252068753bce6c5686f77907e6ac52,2023-08-10,1
SYN-02e29d6e99a01341,3917ea8643e84721b1f24b07264607c981798bb05321dcf9b7831c424dd073a7,2023-09-10,2
SYN-254952abd717a858,39180e9299631c46cebf0940c5b6dfc5c62195bc2e5ad9ed35f54826711609fc,2023-09-10,1
SYN-b8298babc4a4803c,3918fc58c661c2c258dce0399a48f683375871aa90b74e764e8463706a2c8867,2023-09-10,2
SYN-422efa6c5f6fdd95,3922b289d5a38a10f187545293e09508f6707bc4b309f7a3c546d3cb6b6b1b22,2023-09-10,1
SYN-ce3cf5e80dcd5548,39249eedd5afc394e60df321da7ebe6022b6b736514c71d1bb3c8b6de9607c2d,2023-09-10,1
SYN-7e5aa2da7bf64ec6,3927ada6ee2a135458652eabc350a7f852efd21e3e58e0388359386164bdf8fc,2023-09-10,2
SYN-c20a7938d1859ef2,392adf6ce42e5ae06a66c0dcf1e36175a9d607176adeaa476b26a493c1b2d37b,2023-07-03,2
SYN-f006ac21c0b34ac0,392d42c70e670298bb34535cdc68e085fce874d3b0035635baedf61272d747eb,2023-09-29,1
SYN-272e1cb8590f71be,392d4ed7fe2b4b6bdf61f4ef1b6f9b614ce7c7d8052c606f3338e25ce3c89292,2023-09-29,2
SYN-f655f5b6c07793e9,3934131f5acca8b4aa2e036df4adf23c752e024e1d249544402aed0514996444,2023-09-29,1
SYN-8249bbda843ee54a,39392c92aac34ed405363d621700c5b4f93d0dd1f3f5728ec998c95e23366eab,2023-05-26,2
SYN-f9f32d193dfa653e,3940be8dd29a65c32e19ff7ae741bb5eea974f2835a311d5357e1b9f8b4dac8a,2023-05-26,2
SYN-2555c53b4dcb8205,3941337aaf65e1f7ac81a29eb4b5af780ba5c21cf987a9c27263a66c84b1a090,2023-07-30,1
SYN-fa5ac6803a100536,3941726084462b0f774dbb43f5be10c0b5066b2305ca5f5df76ee7e389660222,2023-07-30,1
SYN-5ae2e5432d29207c,394727c3f183d887dccc1657f504e0cdd8bccc7ca74b44d6369d1e950759ebac,2023-07-30,2
SYN-bb0e62a2b5620bb9,3949699506c38fb543d975a67a19bcc1fbdeebd3223bc718ad7e616b82a546a1,2023-07-30,2
SYN-c801aa8df474366e,394da3d9e173e3222ef4ae8a65d9e931c4b5e17607a40a471a1379f47f0c3f44,2023-07-30,2
SYN-0039907f467d04dd,394dfb51bd75165cbe6a424ade0e3a3cd30ce637e28cd04bead7eb5775053fd6,2023-02-28,2
SYN-63d068ec04c46044,394e79cd40454e53c5d754293592a46ca824e31805efab4e5aeca7af99910bb2,2023-02-28,2
SYN-7c81b22b10df14c6,394ecf7437fbe019685ee3e01df2801fd571c2f1c4b6dcda1dfd60913357d00a,2023-02-28,1
SYN-1030da743cebc413,3952b1bc750834a5e7a9bf7d82fe7a89f516f999ef5c67cbc75d2876163a7c09,2023-02-28,2
SYN-1b5bc3db9790bfc5,3953398846634b772c8c671d9ee43fdbb75c72cc2cedff3c46dbce04cea20fa2,2023-02-28,1
SYN-a92110a395de7b39,395703d3d5ef11c61566633e8ba2fe8f40299d79c24ed0ee9b8af843869245a4,2023-02-28,1
SYN-a0b60d4990fcf03b,3958cda62bf84148e43f614436250e63fbd4034751cc3ac776ab472198802342,2023-02-28,2
SYN-38fdad37c64bdce5,396def74a806da9e4ed2b2d31f1bda64193c15f83d0eb65ea935a620616f8874,2023-02-28,1
SYN-8a71bf80c2e9e2ad,396e871f70758d6ac622a3da390945bc2cf2e2b0ac6ae145b7ee6380afdbaae4,2023-02-28,2
SYN-8b40504de5671f70,3979ed3168c7781cb71cb47c2ae6421424cd27a2e4b9157262d87b0e18f1f9ec,2023-02-28,2
SYN-b3158c6d7694e91a,397d25a591e297971070006368e001100558009e2bd6322b20a2bd56ca3d9ff7,2023-02-28,1
SYN-973e7aeaaefb56d5,398602d623a81254732dbe6a8ea22deba346d7f735a7a4b84ddfb151b68dbc78,2023-02-28,1
SYN-d0dcc58eb7ca4ef9,39900e9d29a03de7618a71d1ba47285520ee6727191f3e367534f8ccecba560b,2023-02-28,1
SYN-1010f506c1e562f1,3991a6d0d6866b209c0c8bcc5f24e36fc9f5924b892ab28e1cd42805f152b59c,2023-02-28,2
SYN-a197a7aecafa9dd3,39931018ba103607d36ee7c4605f7e4a2d3cbfc33ddf8e5561ed3ac7fadb2e9c,2023-02-28,2
SYN-42d71c4e5effb56b,399769a8b0f945a42fffda4254605ef7b4526abbe6569b67625d52bbe821e527,2023-02-28,2
SYN-0ebd0ae3373da013,399c31e269efb2578272d06a9dbf54afba21138068684ad4a515019de850c7fb,2023-02-28,2
SYN-1c4f96f961dbf6a5,399d464da1d9e16e3982dc0a302de1cdf6e1b4afd1e8145e11caf284406713e3,2023-02-28,2
SYN-58fe1888e411993f,39a19ee5f15cdc6e3568065ba5b0ef9c9caa533eef4d512d3085ba867729858e,2023-02-28,1
SYN-d264a79788357638,39a50230b7a7c28b5ac01c8faa0f2d5986c648247c06c667de0cbee37a537eac,2023-02-28,2
SYN-58ef71adfe2a58af,39aa991ec0b8a3dd81af50b0a5e8168c57ec06f83334a8e886e01235953ef690,2023-02-28,1
SYN-db5fe98bfaacf75d,39b29d5123cf56d7dd56ec58126e220c4591cf15456c265dc415dd99bf84a3ba,2023-02-28,2
SYN-19a4443521d72732,39bba92a24d11b56148c8051f40e2153c5ddd1f6201188ac7ff48b9c314a6b14,2023-02-28,1
SYN-8247432b9ad0e03b,39c2423098909ab618ea4037c7dac4889a2ffcbbb91169f3ce3acd8fa1bc563e,2023-02-28,1
SYN-d5b0c99f5eb7198f,39c8e1b1a6b2ca6fcba329133f170fa3e26f6279092cb329654b51ae3e21394b,2023-02-28,2
SYN-2b319af38d1d1339,39c9b0488db90f7dfa1a6731015048ffea257cfdecf2683d4f72613f7be6405a,2023-08-07,1
SYN-7aae16d137bb7d57,39e162b4488b5708f0bca213634d157cef880a42281be72cfe18755daecc3194,2023-08-07,2
SYN-67fd68c07213e781,39e4523147acf7c9ae03fe0ce4d81de0bd14f4b13a578b059335692cf69cfba0,2023-03-31,2
SYN-054fcebbce1e6afe,39e51f529d87943609cdde5cb350c54a67d7fa51da959cf2a7bb733aeda70a51,2023-03-31,1
SYN-37db58f108641701,39e72a7f27f1444f794f3ae68870a86ce7eb0cfbda2c9a6ca013faa3c6dec399,2023-12-07,1
SYN-f609d883a3b75ef0,39ed6159037acf9e66d4df87535943c0e0c115f3535e7848de95834ff546de85,2023-12-07,1
SYN-ddc879b0ab6c7129,39fa5264d2ffda052497b1269705f845cd724ecacb176986eedafaf92b3bcf5f,2023-12-07,2
SYN-a02bcd4247a54c43,39fae5591e882daa7ff3ef5a15bac9ed342fbc2e306d73149d4eaba8f3f655fd,2023-11-03,1
SYN-8fed66e0c9820722,39fe7d49884ce252e0d70d76584def448091023dbbff0f1c609b87b7d1a67973,2023-02-15,2
SYN-8be0dc5e215eca6b,3a070f066acec414f979c291175d13c4934d594612e260b9462e413422758e66,2023-02-15,2
SYN-a4aba4cc12339bd3,3a0a988a9d4780863b9af320a2a12fac63782c63696b93081cd367ba3ce05652,2023-02-15,1
SYN-b4b040493f0f58c1,3a0f16948faee61c20232e682c5e370f6fb63228b5c866bb59150e499d25b27d,2023-02-15,1
SYN-f423aa58c6378747,3a12f6b05112f2a1933cb5040417dced35d54b1d78f9766fb709c75b85555601,2023-06-02,2
SYN-876d721040cf0724,3a25bd559b36d5412f8737f6bc4c64ec53c97bbd443fdc436433227b3388e50d,2023-06-02,2
SYN-0121920f7657d21a,3a27e87a71f550dc1c1930b460acea7bd13bd4586de794abc4dd45cee32ffca9,2023-10-26,2
SYN-acd941ea1cf6762e,3a2d1143fa495e1da8f9fa656fd2760b91774dae92534a7ab2e7dc0f879b130a,2023-03-23,2
SYN-f0d83e599d8bd9ab,3a3cdeaec981718d9032a6770e6033ded0c9ef9619e0c6b8227c32b847443dfa,2023-03-23,1
SYN-8befe33f949e479d,3a42cd8630b90060bf7c84d3ad9c3fdfd079250e4d8cbae38320213bf12c1fbd,2023-03-23,2
SYN-f943418fd4866540,3a4828f8c8a4d05994c7f044341452cc4f1c6e8e30eaf0371d7252b75a2a3187,2023-04-22,1
SYN-de5769a6b957652b,3a4993c04c8bf7f63e66632b00b8a699f81b4467fdb85f120e8d11eb63931dcb,2023-03-01,2
SYN-dc9c5618d1dc195b,3a4b5dcc93373d319a0634bb1c11d99818ef129f4924bb8fa45eaa746cfc9f95,2023-10-05,2
SYN-2aef9bc03c7e5ff3,3a4c245e7b225f2300a5fa452302db47b3a4f9edebb057bc94ca88c191cd1ec5,2023-09-17,2
SYN-df47cf46f6a842a3,3a4c39cd4e271b5ae8e6ca3f2d7de612e94a72f5ca95059e02e8082fd297a9d1,2023-09-17,2
SYN-7c6de7b5d8db0ced,3a4e18d0c3c6e959b268ddf49e0da2d0ac804fa995d48ad012739a7cb0641c6b,2023-09-17,2
SYN-f6818f384bba1889,3a5a5856c5b6d8e28411119994efbae36b2d0efcd4a301d8ea76ddb76673bc2b,2023-09-17,1
SYN-4a5690bcda2834f2,3a5acf34578613e563059f39b81e744c03f7536ae1c872a8f33187776721a0ad,2023-09-17,2
SYN-63c70176fdc13184,3a60ce8761463a509b48f64a61317f364b857dd9bf72fdff137a248563a2f670,2023-09-17,2
SYN-92d60395580a22bb,3a62092191be45b63b89178e053ef3d240d4d3540546ef6ae47d85db01ef7d52,2023-09-17,2
SYN-0989b7fb30d45ac6,3a63fabfc32c98d6e7be6f4162f60cba10856e26f1d1dba6d07fd4149e25faae,2023-09-17,2
SYN-71b50a7c9bda63f5,3a67e12c6892174c383f3ff37910689123146334378ff126473ae756e92f0982,2023-09-17,2
SYN-81b61277518c097f,3a67edde22b0cdf26cf6cf88cea540d9d197870bb6891730a3fe27160e5af349,2023-09-17,1
SYN-fa300d5413cca7e6,3a6826eb4c8f0476104174d94291729fc6f034f3b7c771bec567661833e8a2ab,2023-09-17,2
SYN-1632e713b052d07e,3a685481e0fa9f84ac450342a5fdfb3b4522dae14ee4fc5d46617da740e119b1,2023-10-25,2
SYN-60db599f9a7968be,3a69bcd002be75021476ea3dd9bab5223ce20c334633cd1075322c0133d1d549,2023-10-25,2
SYN-5b18fc1e8a282964,3a6f2e8ded903d43dcdd0273ea0d33e2649cc250c4e476a60eec31a6f7e5566d,2023-02-24,2
SYN-7ecba734cc2bd043,3a738df5d0d7ad33457c2748190d98fb4ca68b5f7594807986837cda01fd174e,2023-02-24,2
SYN-cd437726a0dab21b,3a77a8cfbb68db5f6df3007282f5b54f1ef1572f0f12b73603368249059f5f0a,2023-11-22,2
SYN-87d20ceade078a9a,3a7bcc429d77386adbae01ffa528e9d1636e08fd9ecfc1beed92fc8b2a076c50,2023-11-22,2
SYN-5787c5d7aa4959a7,3a7be7726b4394e415b046b357a902e6a8fcd0341f83ac6ef13300dbc79a0b71,2023-11-22,2
SYN-9beec043b3d53f17,3a85e2d3ba2934b7e7685be95ce0f590b61f5b7e09b61e04bd94053ed5382422,2023-11-22,2
SYN-742fe14589432f6d,3a893d9a68d912d1a8072ffd00d9eb4462982150b416a895b1bb84ba36b8f154,2023-11-29,2
SYN-5dbf7569274b2675,3a8ce637ba4b3ca9708073c65b045805d363300f4db28009447517204235ed8a,2023-08-27,2
SYN-99502eabaf6ea6df,3a8d80ab7501cde4e75d4c4793d7aa5e2c59d1bc82ec1d56518db4ac04e3e06c,2023-08-01,2
SYN-111c9c344553f3f9,3a921520b01bf7a0eb337bb21d889763968425c57c8ce3c13c25736e4be3a839,2023-08-01,1
SYN-9ba7a192f4ad6060,3a95723bdf6fefcb7e2653c0cd7a6a98c4c53ce87c08c3a0496eca9c067e3f9c,2023-08-01,2
SYN-0e20ed7afd63eddd,3a9b649d61c9c6cdcf3fc3cee1cba0bcde04bebf776292cfd4bafd1be6ae0016,2023-08-01,2
SYN-77a2b731fba5246f,3a9c50609f3ade12bfb2b9abe1a53be65fdd58c2ce8807ee63a0923b430bfec2,2023-12-11,2
SYN-efc672ae6c3cdab0,3a9efc612de36604599a20aec12a66ee0ad21190e10a22dea35fc80cbfa125cc,2023-12-11,2
SYN-31ca5a3af00d4a41,3aab314d0708a94559c5ad7da008113b1d27a7269a57305f497ae1441e50b53b,2023-12-11,1
SYN-3068b9f1146a00d4,3ac16ff107595123ec68fb31ca19aefab16fe8d2df7ca0ecea1e208c9b0bd61c,2023-12-11,1
SYN-1572b79da1b46f78,3ac3d733838a9d0efdd9a680af9ad3d880351c30cb357dab30828bf0bd4b4228,2023-12-11,1
SYN-bd689636fcbb536e,3ac40fb9030f030c5176329a85ebbb7c409a8bcbbf6e48f8b444acf0685ca120,2023-12-11,2
SYN-45ad039fde500423,3ac6d250b0f2fdb7b6bd7d4b1a4f598fc7a3eb48a1933964c547b02fa9a57bf3,2023-12-11,2
SYN-67f6be0091271fcd,3ac7d3cc9a0ac907a2ad793b303167b867e16372021510cd5c750cd858238bcc,2023-12-11,1
SYN-40ab3d100b95d704,3ac8d178624079b944059ee56475b7c7476244e0b3e63c392ec629720ea70ffe,2023-12-11,2
SYN-41424ff7c73dd0f3,3ace4d9b13fde3fd2d4b8c2d0fc0b31198c5b178e5f15fac44b4d0b3600c6241,2023-12-11,2
SYN-97e7041e77c78128,3ad2313ba527bd2b0ff20938ce24c3702c5228af0ec704d16cff6963ac738229,2023-12-11,2
SYN-46b593b739c5c0e6,3ad241bbd03e84b7309d75802968612012597bf4349f79c4c2f6ab89ab0bc0ec,2023-02-28,2
SYN-382a06aecb625c10,3ad547d760132dc5fa9d69565875c51aba1270e01d216df0b375f6f31c27148d,2023-02-28,2
SYN-f887dc4c56a9fc53,3ada02d561a94054db319815c8b8f6f0ab80012a9ab45a16edfa36eba5c3bae5,2023-02-28,1
SYN-b013dd62af68cdda,3adc773da791b7ba2e473b4364274a6f257df5972da161f70bcd9d7a3a884118,2023-02-28,1
SYN-05e636922d107686,3ae4860d8048f037de1105f1267cf44cb0b24c007cb78423037711400cefa703,2023-02-23,2
SYN-a24203dbdf640193,3ae947263575ea57243e070829df492e699b548ff3f4c784af8aabf32bb0b712,2023-02-23,1
SYN-62784fe471c0f21b,3ae96c1edad6eadd2480ce8ab51b5e4f6578676260df5ca6a1e42f6823c42806,2023-02-23,1
SYN-c3aef282aaa27332,3ae9a6a1eb38857d8497c0459939bbbc18d52f624abbecace47f28d244c9fbdf,2023-07-04,2
SYN-71943ef2f511a229,3aee2cfa6aac59f9e6fae30200d4ee9f872d9284351989f67589070e46022c8f,2023-06-21,2
SYN-ff945213041a14e7,3aef1f232404ded9a332a860b57dc378b7e58272126c6ac704194fc7a94e039c,2023-06-21,1
SYN-4e9e4798a65365c9,3af710db0bba5fa90d3600ecb7b74299482984a747b345372f6f8f3842dfa089,2023-12-07,2
SYN-8f4bfa5c8d193808,3af9d294a53659e0c163bea20ed56732afbc5a29526b9ff0c24f609183ccec4e,2023-12-07,2
SYN-ca7a15ef98ccfd4f,3af9e84327a44c5b1407e7a7583f1bc164723e45c598d167b3aee6266b0e84f5,2023-12-07,2
SYN-786d6b144abebcf0,3afcb0d2d601b601ba2bbda29408d58e0a906949b4bbb89fd330815f0043b1c0,2023-12-07,2
SYN-c323af67c5d43bbf,3b0087e685394316c6c587276f4784f5c2b39db8f0720ab334956677561290a8,2023-12-07,2
SYN-e87ce7b525e0e77a,3b00db24f561b96f3f1e038c0889261c1aeabfa0af79a23b16f0d14c3eda1d4f,2023-12-07,2
SYN-997d41cad2d49c19,3b05b30a1285f2c9099fb07c7daaec54124af3a0dfd0c7e47211cedeeb18091b,2023-12-07,2
SYN-4b73b8543ea58935,3b071d97e526d409b464a0ffb33b288b28d72b6ae81cd5f7fa6434f696b2f23d,2023-12-07,2
SYN-8bb2c299203831af,3b08bcaaca228788cd66c138d9b9eb971bf791157251af0c96e1925ec7fdb82c,2023-12-07,1
SYN-e094749f37b806c1,3b0994a404d4687d86f777fe9633c64399de3b56236e16185e1cfc67bd450b59,2023-12-07,2
SYN-43ca20f43d47a189,3b0c261880bf51b2ee8542901628a2ce80c4d1e79b7df0e588603c5cb0968901,2023-10-30,2
SYN-64ade3e818826d44,3b11e02adfe77608e15536e6c663daa406e0f96fcb04245fd69a11544fffe91c,2023-10-30,1
SYN-c0ac5d5c0ca3f7d5,3b120f6508cb4297cf908bf379cc7299f03e02fca0e208882544d7123329460a,2023-10-30,1
SYN-74f1830715f2c14b,3b1227b2d00ffcd3ee7ccd7a9d71e378b67b98cabdf01142bcb901010090f2b5,2023-10-30,2
SYN-0dacc64be46aeabc,3b144816b6f67963755c91ff79e9322960c4e7992fb4605608329201b0028dd5,2023-10-30,1
SYN-7f13ee4d1117278d,3b14c89830cfe25ee2411452b34fe80f02c88a0a85406e00316f90199d4fa0f2,2023-07-18,2
SYN-2a27547cf64f0ba6,3b150dac5ab18130f379dfa78215e145385f234e0c08693e67594b4b891eb797,2023-07-18,2
SYN-7514d7ca4062e1f4,3b1682ef2699ed4dd348efbf65b8e85ffb77c68b8d6a096a1c527d207db916c5,2023-07-03,1
SYN-edf51fa3f9f4d6eb,3b19ec395b003fadc430a39ce1f151ea18db59914441f3f33397a2733215daaf,2023-07-03,2
SYN-d3eaf324bec873e6,3b1a6c826dc8f8980a0600812aa4193ee8ac1bb75e71702d8350a75cf2d2eb48,2023-07-03,2
SYN-066213fcda360555,3b1f78e060e4e9ef28cbc7a8531d1a01c2f5b6608365dff338d8e73982114d4b,2023-07-03,2
SYN-e65cd45c7a33a7cb,3b1fc002e4b0276fe242cb8b1063b505cea7d27ccdce70a3c65d7a434064e4dc,2023-07-03,2
SYN-e1f576ba466ca05f,3b24cc86bc79f5b7514773081277efb081d2ffa6b4ad3efd78665abb651c4e92,2023-08-04,1
SYN-38c888f5eb1c91d1,3b2cc4599a0b8c02be632c30f56e6e723910c346df578363450b196233799594,2023-10-26,1
SYN-25c73d81a67051df,3b31264f62bd1df86022402bc4b3cde300fd5746bb8d86bee158d9362821c2e8,2023-11-21,1
SYN-13df32c2f1e5eb8d,3b4416780e7e5a0a078272e5f553a812eed50da7fc21848ca66c3c835e098ab1,2023-11-25,2
SYN-e75b35ac41f0052d,3b4716e8d6b547679e839bb2ca3412ceb8e066dd6692cd497acbc29cf385f391,2023-11-25,1
SYN-dd28f1b416df7a0e,3b47dc5c1b95a4675295e4a8a8557c261a14ecb494d78831230ba6619757ee29,2023-12-02,1
SYN-86ed189c0dd26a23,3b56c0b3050f8a57cd55241d364e5cf0cd56d65371322d393f6aebf33493969b,2023-12-02,2
SYN-81d3ac69b5800444,3b5c09d2c9441cff2075fc62682615e6b2b44574d49c07c9ad3821d603fac57a,2023-03-28,2
SYN-556803b82a068843,3b5ddb9c6cf763e17cf98f01fa3499bc02157d747c285af11d91c37ed506d82e,2023-03-28,2
SYN-20e89bb3312bbe44,3b62a07ac5c91ea02286d0624dc54044b44d96e997dd40f6139c1f75a449c06e,2023-03-28,1
SYN-dc0af2a1369c2f38,3b6999315f44bd6caa310fba4d3a7803e863b05b21bffa580692d319bae7eb29,2023-03-28,2
SYN-97d5f60dbb2d54d7,3b6dcd31f31e592201097f73d2b6b95d2a04d6c2a0688e2f923c3a5878c65c0c,2023-09-16,1
SYN-28348271e748f792,3b70b117a1886d1879eda31bdd089781146ffa013c75b7f0581d3279fa76157d,2023-09-16,1
SYN-0b23418fd4494b9b,3b70d082df93ae36f1c4ea27299278bc93497b5dd679bf1252932e606bced141,2023-09-16,2
SYN-e643876644d2d27f,3b786f86f3b847a3591b8d61621cc8f028eb90241a8b5b75c3d4dc14426bd6c5,2023-09-16,2
SYN-733ae25b9ddb528a,3b7d0dc25c4bd91958f0076456c47c7e9905dd58063ed646c17c2ce58866a048,2023-09-16,1
SYN-77142abcde55b5c1,3b812354923794711d57866c3889d229edcc629f314046a3801f70f462bfcba4,2023-09-09,1
SYN-d456a166623f1c06,3b82ed27fec9c96c67962e64a918e593cecd9f143c3170e59e1d42c6f13bfac4,2023-09-09,2
SYN-4c622d0fe14538ee,3b88374a1cec9fd1a704f0a06ecae27e1ad341872c4620c70971717fe6209833,2023-09-09,2
SYN-a63ee58b88e68e24,3b8b7f2dada5a24f74ddc8dcf12b7e58da0fb754b9927c1ee77224e07eae7553,2023-09-09,2
SYN-2fa56d7338059fb4,3b93893f977791eef9e5ea29735d8e00194277c2cabe3f1a02201b7490d95ec5,2023-11-22,2
SYN-37e909eb2cee47d9,3b9aee789c6ea692c23f87129a7aed236c57b7e882ad19af82b23f1590a6a409,2023-04-17,2
SYN-70bc902dc141c924,3b9e91480f601a36278dab08a7ec741f2c3cb9a5fc4c28c7e7a6301b9f19b029,2023-04-17,2
SYN-400c74d9a414daed,3ba2e744c1a230e3cd9d9f190805eb688f239c18bb4e20bfc1ba763e7befda94,2023-10-24,1
SYN-84570d7892f65978,3ba3f33ea4d128b17ce4151fe86c12703c3bf0187ea6b2326a1fb795e56aae74,2023-10-24,2
SYN-af37fcc81eedbe60,3ba4324d935c51dcdb94f2ab0e81d694267753fd7785f3b22ed83e3d9e7c660e,2023-09-20,1
SYN-013ae3026665b538,3ba512ca3d60edde52f37e316088d48c13a06cd17b2c71bcba5b22c90cf48b93,2023-06-11,2
SYN-3ee411986533b960,3bab7d86c107d761b463a415bbf253382c32a738507c7ca91056070689a951ea,2023-06-11,1
SYN-b3e23a6379de5874,3bac746406001cee346389ac6125a04d7c0c504ff6e0d3f44c212be2bf0f4b6e,2023-05-23,1
SYN-0b48960492f6b340,3baeea9b84e29f932c4415a3366e9e5f1b44a1bec478d63a399f6dee9aac5456,2023-05-23,1
SYN-385f8e0e2f415788,3bb525364ebc9892b4856419584f76876caf6dcaf6f87dc868abf1f8ea5d7a2f,2023-09-27,2
SYN-f1d690203651e95e,3bb65ccd680213b62001d4872b5956c6917da9e4c5f3a0a9bb1f004fb258b8df,2023-09-27,2
SYN-b2016b081cd8b78a,3bbd018630b2d0801d986203363b34e9829a695dcfab8d8034f7bae40fc7c858,2023-09-27,2
SYN-a36d45b7dc242a7c,3bc182ee739501551f0f4c5dd1d0b63b2eb82c2ed20f27b78299781f46340318,2023-09-27,2
SYN-eeb350547af406df,3bc3b8f96e8bf718ce7d1cb21800c515870cefa1edc67cc9edde7ab8fb83435d,2023-09-27,2
SYN-354b3be3d00d63d7,3bc4979a738e212c85af47dc28f9489b071b01ca0917bc20ac49a61b9263f91b,2023-09-27,1
SYN-1b3096f52169a0ea,3bc49c3f08ae966e8ce4725a6dccda3bfbb4b6a71663761ea9cbe41e11582372,2023-09-21,2
SYN-3c68966d9e560ad1,3bc6882c082b946310a6536c1c9a5f1581e95829c63877ecfde2dd030f99fa17,2023-09-21,2
SYN-fffc8c9e8205cca0,3bcebb12d7854eb81771b0f5d3f513292eadf963d37364a1e31995b95ad59d78,2023-09-21,1
SYN-0f2f69ea19870740,3bcf0d68fcb1431ada344f112c8218bb46a4c5f74e58ceed18235ce88da74d5e,2023-03-03,1
SYN-cd581026cfbf0c04,3bcfbb4fa9de2cbebba443caac2e55e3a0c8671451c8a6d7780c4b6543791311,2023-03-03,2
SYN-2e10efc9ed0ee123,3bd1162a7b771229e45e76335d701cc35b52db96d73d437b96744ea9dd225c9a,2023-03-03,2
SYN-9ea4783cb854ecf4,3bd266d38f17d1a142a02a7fcd0a7ed9a8ab61a846831d1b0fff9e0f3400edcf,2023-03-03,2
SYN-6e5d5e808ed6e4a7,3bde4edf648f296d87b265f9a5c1f0e35e4ab3e99238b2bfa17567db3ba8b744,2023-03-27,1
SYN-049fd52b72558d59,3be3b53ddefa7e028daa887085e273aae923b4e9edc5789fc93ac002cfee02db,2023-07-16,1
SYN-a93153ee3c787dc4,3be482a4dcd725a4511a9c1efa6edb3105d7d5ab88a96267048eb8a18c1873e3,2023-07-16,2
SYN-d9ef16d97f8ff591,3bee82e455f9b78019969ee61fdf27a93bc6a93f729564faf572c5459cc1d1b5,2023-07-16,2
SYN-01a066830d7a8071,3bee87f020683a8eb461d7d01f91176235e530d61c8d56be29a8e7a6e57d48f6,2023-08-09,2
SYN-c15d688a8039249a,3bee9a769b2f51de10bc7876353dbd3bd5e62b440064042155173652ff92e0fc,2023-01-17,1
SYN-5794da64eb8f0416,3bef5e1d5332058352337353165d9d8f41ad65bca2404d487c23dbfe202c20af,2023-01-17,1
SYN-4f382f922e33e322,3bf96200e742d87484923acaec26bd4df153500e5e41c3d6d8909811ac4b5a51,2023-01-17,1
SYN-703190c01facf1a4,3c0172083ecbe5188570fa30ac2bf778a25b7b46d10367db74751892e68d411e,2023-12-23,1
SYN-1e74ab028521b741,3c07d0e59c4d03abf2466cd2fd306d67a188d9f88d3e0c485159d27109b8ac04,2023-10-04,1
SYN-ab21741cd1c7cdb6,3c0f8d945260037e99942bf1c120980c70999a7be5b6d968e5ae8efae9095011,2023-08-12,2
SYN-6d6d044dce9b6c68,3c12137ba9868db6bd8efdb65e64289c4edf0538319c92a4d415d60d4fa6eb0a,2023-02-20,2
SYN-2b75947173c23b0a,3c127aac28b9edc971fdc1de793a389d16be55f8af9a2f9c6ce397ce77788fcf,2023-02-24,1
SYN-d4a3d4ffcdcdaa26,3c16c7bd6d86a64d4ca2fd97bec55fe458b412ed1d6c8650ff49872fec5a9749,2023-02-24,2
SYN-63bff39f5ae5ae47,3c18cf94b5a2eb5548e3a88270947b24b15675e71636e02db1d4f7466cd2c3b1,2023-02-24,2
SYN-ce4f421f421204bf,3c1a0cd64e4e52a8ff78e3321ed5c0a3c7c6935c153a6dbc16387ea877574ef1,2023-02-24,2
SYN-e22d67ec3f205a3a,3c1ba2fb51f349cf70b2a322ddcb387df34a30d7c3a0f8aa69ec3f12cf336791,2023-02-24,1
SYN-5513bdd07ae3e2c4,3c2698f75c1ed0ae8ea6c696e2f1f4142502dacd396046e56fc8ccb989c5ae3c,2023-01-31,1
SYN-4119cd0a58a0ddd4,3c3394894af4293a779f52b0193387929b44d43e5fe7ffcc386e8ca5f772dbd1,2023-06-20,1
SYN-52af556f28e392af,3c3718d96f89b7684c02c3080dba260ebd53fd75da83369b7d9444cfa264da20,2023-06-03,2
SYN-76eca31163e9f40e,3c3bfa031e737c91dbe4f0ed374bd37b81e1bed197b9123eee09fe4a8b113344,2023-06-03,2
SYN-702a096520a96557,3c469b06ee34deff1c4bb5194ab920ccb69c9e951ae651116f896c6e32bdaa73,2023-06-03,2
SYN-02d21e1445ad8d08,3c47134f6613c8a482f51dcf534f0a00020b8144e729c6ddebbab80237afe794,2023-10-22,2
SYN-b52ae14a4ed2cb7b,3c493797b06b07ee281f6d9c29b7541686984e044c97f44ba74d7924e2bd82cd,2023-10-22,2
SYN-a8aa21c6db57c9f9,3c4998a9ce9945a209026742c10d7e2d1f0007390cea1037c6ea0d1d505ced9d,2023-08-01,2
SYN-82af525d8c4eb3df,3c4a295202e9b0fafac691d84cb53e3ac95177ecda6e0f33dd6787a396169ef3,2023-09-22,2
SYN-66a78128b66856ca,3c4e724f008ae152d600e06ed4208c84fde72cbd9f8cb3adbe6e5d3728a18eed,2023-09-22,2
SYN-2c85eec2a6d27e05,3c4f104d4d5be681596c2ca7a57fe2e8daecb1f4d1a088285faa8beca8f4f992,2023-09-22,2
SYN-0f50651c6a21c748,3c5368b41a69bf501792bd277f29e410a2bde5155001dcc71b705a54cfc3589b,2023-09-22,1
SYN-d788841e2f42ed44,3c539dc2f379444d1a6a186b649e52ab7f8139f2493b1bbc568522b3ca06d74a,2023-09-22,2
SYN-f027a203549a760d,3c58d7799b7a2dccb5009be302e05e6c2f5bea389a8b950bd9683b505db196d4,2023-09-20,2
SYN-0904144e493f4ad8,3c5b2eab37dfe2d31bb8560d64ebd5c8497c128adf3fb61f8e89453e749136ea,2023-03-19,2
SYN-7791e5e1184e8e8a,3c5c5bc5505eaf9dc36917c0a47dcc2768536ae25ac38667ad4a0ced389d5643,2023-03-05,2
SYN-0fdb088998093788,3c5ce5dd48f2836d5f2f33d722ec96de78b1b7b60848f84ec62f5e03d2aadde6,2023-03-05,2
SYN-a15ecdbf2768626f,3c5e573bb2d00b8e29b418053f762f3f104fbe175b6438aa11de466e678dca2b,2023-08-24,2
SYN-4cab51d6d6d7141e,3c5ff005da5d641ef0ecb26bb3dff486196c2152e81c1eecc289a7c6dd02846c,2023-08-24,1
SYN-2e50e4c28c7cce4d,3c629353ec30c3f8f08f1f28f05a88bada8ec02840c3b9f9b596c85c2053add2,2023-08-24,2
SYN-f26d3b3c8042259f,3c6709735fd9cc0f7786ca934b67c3794a73de604767abf009403e06b3108a12,2023-08-24,1
SYN-79c3dc014e3bc79c,3c693dc28170fd84a95d9224b45955cdc6904477928e47b7937095e9d56233f2,2023-08-24,2
SYN-3a4288f9027d4c8b,3c6c06c626eecfa2d116043e9dab5068ccd411927e0203e3c2d823c19bb12881,2023-03-07,2
SYN-203716b54560e72a,3c75c45e3146afbd5b94af65f915d7cbab38bde4ce10b2aca56eeb4607f48b58,2023-03-18,1
SYN-ba58cba9d88e6155,3c77c0869577ed2206d5252406527f18f37c5460240cc5c564fbe2925dc4261a,2023-03-18,2
SYN-f3992cdb8aabe678,3c7a7a594514ef1fd06b5998f81159ba3afea40bb1520f0ca66c2a5c033a4832,2023-04-20,2
SYN-e02904cd8e7e3d23,3c8b52fb5c24c127d03c02f6ea6512da2cbc6e74fb519bf0655bd2dd6b43bc54,2023-04-20,2
SYN-08268af3e5427f6b,3c908873e52ee8ed616608b57584993956e39260fcb6368d2b7e54be6886ee1d,2023-11-03,2
SYN-86aa68e84c06c4b4,3c9927e13feb6f794bae144e500a658004b311178330cb1c5b78a073a1737b82,2023-11-03,2
SYN-8fc9a125959c754f,3ca0f9f393cc15a08d102d0c77f0b7ad7dc281a5135e9393b75ac19fb078d619,2023-11-03,1
SYN-5d5f2346ab04f859,3ca5ca14df9f482bcf842d3b9ddca6652727dc4bb917f247b9dc1b816de4dc38,2023-11-03,2
SYN-91e6c053b69c0c00,3cad935927d3f40d2d99989a541e6e1e55ea48a595ef2d84269b897daab74549,2023-03-29,2
SYN-4b69a817b441376a,3cb083bef451a43870eafe266bc6412baccde58f6640e824822cb65ba8f499b5,2023-03-29,2
SYN-b6db61494d356b17,3cb6249a03550c6c31e64d2dbb356f254b6a68ae2444d56c87a7f7e39b3e7581,2023-03-29,2
SYN-b8e7c4822c49e400,3cb819c4947519698624b6d49dc93be44c960ad81b702f17eae9687936eaecce,2023-05-14,1
SYN-aa4b18bce5b42aaf,3cbdd9977ae63c484076f2e46e4ecd5406cd645ffb7c259ebb15e41d77ac8359,2023-08-13,1
SYN-877f9925d642f6cc,3cbe4b907ba7c413c31fbe6091613b3c5861bb61081293f59ad830ffac222671,2023-08-13,2
SYN-a24b76ec9673e1ed,3cd3041b9b20ddd586e475add6712088c94537de8311b3c2395a7d7c284aa782,2023-08-13,1
SYN-4c46ebcf3e847ba3,3cdc2275d2b042514e00856e73aa22a7a483cd05d8d16319d9751b76e29774f7,2023-03-02,1
SYN-16c472b94c56e6fc,3cdf964f8f7f0e9102796f3b56a646ef8647734414f0160f3254e2cae8c1ab87,2023-10-02,2
SYN-3a79957a81eba8a2,3ce080153e362acc315b5a680c218d6a44fa3a768faa36bd996396e24a984688,2023-10-02,2
SYN-fc43f0774af2fe13,3ce52143471d282eb882fc4869e900b8e5e6f53ca99adf6f63d14fb64bd46904,2023-10-02,2
SYN-49e34fb0a9831f53,3ce8823852fec763c33dc849c43a56e7c8e8293be9918c177b07f57788d95213,2023-10-02,2
SYN-6b158beb0fd1eef8,3cf243d3ca1724f4f49bac22e51baac7ce2c0e9631c1b9ef52d12aeae744c866,2023-10-02,2
SYN-64831d536f26364c,3cf7c00d4955a70777c2079350849f5e1e9651ef3e211798cec55c41aed1e3c3,2023-11-22,1
SYN-efd7b1cad9afb710,3cfb8b368b82c3f31a970563d4757a08cb6e9ada1a95708552e8024b5c1c3b57,2023-08-25,2
SYN-4a8e04aa6350cddc,3cfbc624aaa7f723713c6d1414d606c32bd1aa66898b9b1422c1588baad813b5,2023-08-25,1
SYN-209381e0fce4973f,3d02e8e11c9debbb158f711ae62585d92891b9ff2950c055f950e427334bd8e9,2023-03-20,2
SYN-551f14e18b732aa9,3d059b9894d41cb99e09f9d4a94098d66a2e0e0ccf1c820e235c82628f8c7337,2023-03-20,2
SYN-c317413cbbef65ff,3d0a0c849d9f3e86f893f46614cb6be713b4dc24db8f1a1ca99ef89d143723d2,2023-03-20,2
SYN-913223aa73a0bf1e,3d0ae70c9649ea3a2354fbaa7d4a1d9b9fe07eb8ae91ed4802c33425043c149a,2023-02-14,2
SYN-c92b8812296761df,3d0e698c56bac71a277c4f40facbed11a2e870d094262c26015023b53c253513,2023-03-02,1
SYN-facdf9ec71665a79,3d10fd908f9a6fafdb68464bcf915ca7fb881484b1df6c84dd0a30d7f0124b73,2023-03-02,2
SYN-7a8084a8c5acfe3f,3d1385b3f564ffdfdb53484465e56d931d3342b37a35581f4fee03caa6fa1814,2023-03-02,2
SYN-79364b08e830bdd5,3d17c31313a63ac76aa9e20a9cd548799962654f392daff41522629ba601e1c2,2023-03-02,1
SYN-e9463bfd14b1f1c4,3d1f2877ec34be8751b42e3f741aed15b434bee6838eef4cdc95515e59b5522c,2023-03-02,2
SYN-a5213949081818fe,3d2311b2ec144bfe5f41b36dba5b7e8c34c7c0b082b3809915fc7246b76a7802,2023-03-02,2
SYN-9858a51a1c431087,3d24dc2ead1430500228ceffdf5cbf45ff50f60a01255c1747d2d52941324a8e,2023-03-02,1
SYN-90432ed2da57a624,3d251ccd5a1966cc0e064e9a759b9a7ab2cf3bd2aeaf9eebc8326057dabe13a6,2023-03-02,2
SYN-dc6fae3ca23c9a51,3d34c917ed8b4a8623c83a5e6b59c75a6806aa73e6d4e649609d74c409f8357c,2023-03-02,2
SYN-4519b3282dc678ce,3d3655d2928accac69132e8c3a865341da6197678c2a015d9802473af666f345,2023-03-02,1
SYN-de350456806320ae,3d387caca5a8370b2ebc2f37817c6ef363abaf72ab8a198b02e7e5bf4d6f1ce7,2023-03-02,1
SYN-91d2ca063b506278,3d3c52949cbc65c42dc522d33ead6f3c33df4b18f8e49178539a2967be4c98b4,2023-04-07,2
SYN-ab5f44cc1c0051c7,3d3d3caf62fb30cfee9be97ce93d5a654379f0307430d368aee5e32c6083c678,2023-04-07,2
SYN-f5cdf3aaf4d42c3a,3d47103d4a8f0e5f10ffbd2a308c271263b5998c7aa1694d252e316090929481,2023-06-05,1
SYN-70050495f524b92f,3d4743366444c9b19e74723a4a7437ef3986d694f64b7d0663b39508b4ce9d0b,2023-01-23,1
SYN-60d0df943a1c51cd,3d475af1b6e47d2c257a96955a4304a219ac6ab3079b0c1d8fa9cce8d2c7b5bf,2023-01-23,1
SYN-f2115fb74657c975,3d49a9b98caf67105c192c7ea388084306eaa40ab87426fbe1d945e1d32c4061,2023-07-15,2
SYN-fdec1c097b0cfc91,3d522277b3a11d76e3171b22fa84d5248bcc55e3c812bcba458f6de02ff69d9c,2023-12-17,1
SYN-b0f25ad156de5952,3d5329ff748f9e24e8dc566a3e18a797b11e7afd46682963f480bca1723b08c6,2023-12-17,2
SYN-a241a26036698602,3d55088d5864316ff2566a0b5a55cde1c38b2e5170686e72044c9b417745bbe4,2023-01-01,2
SYN-5187da75047894db,3d5601288b1433486e41a46fbc63825a368f20601d9a44044039ca0a070b9f3c,2023-07-17,2
SYN-b5d1cd9303a5d7cf,3d6a9155d079c5b46c63b086573067dfa412fcdea69c4a58f6ce07a47615709a,2023-07-17,2
SYN-3666f88e1a442493,3d6f73796caf5e72c1c6100d0bca4b0fa49f68232b165b107bf16c580119643d,2023-07-17,1
SYN-3a0c40a8b0c586fc,3d72481f66fe772709bf8d8671e263d3f34b3be1f83a2907858cdb9efd6ac7b6,2023-07-17,1
SYN-e95ba0ffc00cf9b6,3d7eb58abac83cc327b6938f8b412c7dc16c3a5bcd78b5af7aa021f7ec61e981,2023-08-30,2
SYN-d1e7d4b7bf945395,3d8078fece056f76fc4527151d0f44730c3821bc32a9a8efc9a6d141fb75f085,2023-08-30,2
SYN-beb10d3c13bf4ef5,3d8a10846ea385cf7b2b15af5736f922b231ff2104159420505c9918d57e16c9,2023-08-30,2
SYN-c12a98e23c11c90d,3d8daf46c6e2a4e21fdac43fa446592114ba893edc32f6205ef4aa8d2af54f23,2023-09-01,1
SYN-0c9a86ccdb3f43b9,3d8eefb19b8613bc65e88b0ea4e718492bfdd04681ebb05955c2435ed0e9471d,2023-09-01,1
SYN-774bbaa68dcfae81,3d907b7b8020d8e54cde744ebef167fecffefee58347fbfd815045261fce27cc,2023-09-01,2
SYN-c45d74b74d4359cd,3d98a174ca8843d79f3f2496a06a347aaa29cd99e0dd411f1a7f99ad29e6f0d4,2023-09-01,2
SYN-346bc7b6d3f3127f,3d999f5963b319babe867974d02de889dcb49023e575b87b03df4cbc4b0d1221,2023-08-20,1
SYN-d224f1389961326f,3d99c126a05bb6148b8ad25b9746dd985f216471f460e84d2acb9ea2a317f630,2023-08-20,2
SYN-beba9a80d0e94f69,3d9a342f6787945f7ef2a74dac9b3b2855c9e2d36ed8ed45e9b668048c36dc26,2023-08-20,2
SYN-56afde9dfc4e4d50,3d9d0d3dc8c0db362e6a6585e5e09829791b4a83d553fcd83f19b7019760f0a8,2023-03-01,1
SYN-a5a9863746e3a734,3da147a30b882710e6cc2fe09ed67c34872b5955bb0d8c71285be0f06560dc2c,2023-03-01,1
SYN-f1ec159a9a09e377,3db8106c231916ed5e29cfe14a121b8628563434575431e1f8c25b293a8a298e,2023-03-01,2
SYN-fea28ccf40441d7e,3dbc544b7f1bce9771c33e82c3aedaee51f9a6cd2985faf805f43e775c0a44c5,2023-03-01,2
SYN-1295ab22fd3d3cac,3dc004aee53db0d03dd4da3125677a31167eab5f8220dc4cd8f05f1bebe91dd2,2023-03-01,1
SYN-119c16a7d27e039e,3dc78c46d05de09ca3cd69cffb0995f2ef5ad1e5d72975cc9c31581cdae2ec08,2023-03-01,1
SYN-5eeee04fd5840bc4,3dc80d900a557d6f08d4fc2691cb661fb48974085237a3f932655b350c31af2e,2023-03-01,2
SYN-7f329238e1d4eb75,3dcec9f4b8ba9fd63551467d61f735d8f056caf0b9c44830852cbdb0b88b5270,2023-03-01,1
SYN-405b3a70467d77d9,3dd70baff0ca318bc688639d7514f535f74a9c058cd161fe64c6aec59f42fb00,2023-03-01,1
SYN-88dcb96533446bf2,3dd86a13221853d7cc4eaa274e88f014e78f4d0e8104754e9a6af0be01a96044,2023-03-01,1
SYN-7397a8e8302e0985,3dd95839d99d47b9543253fd325bb5a0c2abff1c8ee681a970b13b5265378ccc,2023-03-01,2
SYN-ebae0c26722e62cb,3ddcabc486d97c40beb83fe863ac7530b9f8109182256d0f35e53e0bd52e6837,2023-03-01,2
SYN-d78d7bee5379c906,3dde050899e4d8ecbd04666c5f86caf70ae860d241361e5ffc72aa3bb4c3a7d2,2023-03-01,2
SYN-e359e8006bcb5167,3de0b0aaf3190709d683e59eafd97b225d41220683c1284a29d646627c25a9cf,2023-03-01,2
SYN-e0ffeb606cb62e0f,3de2d35f96f7d6f1114c78bd439c3b6465668007f56ca0d5c5eef7f206d8bbe8,2023-03-01,1
SYN-833a343306a2db60,3de31907c0a11083500cf43467c4b660359628936a262a12230099b09327e79e,2023-03-01,2
SYN-bbe54a091bb11cf3,3dead2ccb7586dbb14584fd2ad6593b0b509cfa9e30476b9f96ac7aae6f29fa9,2023-03-01,1
SYN-85b76ef983903360,3ded694c6ed03bdae6b8739f0b41c9889d53dd5d9ab404eb3b1ba3e447e834c0,2023-03-01,2
SYN-70ddc98305883e8c,3df34fa4e55be6eb51a59562a86ef8803de6841966c7f6609a919a6e2a17be2e,2023-09-26,2
SYN-1e215cfd7010a6b2,3df77d16aaafd9489c11c297c89e165d8c853cd8fe9d446ea0e217fda3a543fe,2023-01-08,1
SYN-060a54162cb00b1b,3df8ea22ba5c2280dd75e3c065f74f642b1ab2c642afb299e19bdb2f9e547de5,2023-01-08,1
SYN-5f8f6576830b0565,3dffca3bba031743f4d096b39596b138e1ded6e8b96dbf23e98bd542f204adf3,2023-01-08,2
SYN-8bb4ff21dc42e3da,3e07ba9d13456c89cc7d800471c4d0301051fa63763e43bc06e27e58727e2d33,2023-12-30,1
SYN-3f3f52604bd72be3,3e086190f068944adbaf363c3f9a8e280aa3749892d3b2b8de19f38a139f1d59,2023-10-29,2
SYN-49475357ac8e92da,3e09540aa59271cc8402dfb9cf657ab08a0cfa78656084f0642516523f61fd8f,2023-10-29,1
SYN-319af690ec314c9f,3e0d0a5859ed197b7b22f53cad948cf5714e343de5ddd0c388f7baaba0f1485f,2023-10-29,1
SYN-8f95ed9d9eb12903,3e0f922fc7b3487fb66dad81f27abd3492dcca9318e846c3f02f69470b8520f9,2023-06-18,2
SYN-90441593c4ec18d1,3e13390b3a6f6cf4266a07f05a4f30baf8b3309f5669d1d4b18e1c0b0f33b3c1,2023-06-18,1
SYN-3aa303e685930263,3e20a741ff17ae109c23b9d8f9e10b67d20e21ba00def4111496be1c90df4555,2023-06-18,2
SYN-d666ccdec8417f6a,3e29d9eaefe0b553b1bb979bfbae8aca05a14c2876b72ae2a6e774cdda15797a,2023-06-18,2
SYN-75fb65740186569c,3e2ef3d86298e4b08f6f56ff43f975684edde354fdf83a162e196f0275e6896a,2023-06-18,1
SYN-09e41e193940da90,3e34dc15e897e2cb7571e14420f101118ba339a04039f42a7319b14e3d367804,2023-06-18,2
SYN-9585dce4112de48d,3e3c5a9e2705f34167ed9934e843149161f91c31895c63e1f9b9bdf3e382a427,2023-06-18,2
SYN-677cc0993d4f616d,3e46e755b87c5e4f0f7e52f22fd6e55998c581d47baa382a36eca3b9bb3b4497,2023-06-18,2
SYN-3a8df5a4f2644f9a,3e48de396de2143c6f4f5f209e45996350482b77b60d771316718b2ee609e343,2023-06-18,2
SYN-2b6ed5b866be7232,3e4c641dad04fa9be886d3313bb75dbf7a8bbcf7c799d0b55d5af8de30665f63,2023-04-02,1
SYN-123f3149009e6fa7,3e4f7d0e5c9d6e3f59e6544dd2805224a6bb7cf287555f6de18cf62ea58fda78,2023-04-02,2
SYN-7bbcdc2f6b56d268,3e511172e46d677951f3980046f47fb47c0703f2ec6b86e73add37645f1c04dc,2023-04-02,1
SYN-e42b0c0ad5a992b8,3e52ed7ae40537eb3b642a98e5b436744efd110fc2c30ebe1248afc7a5dfe3fe,2023-01-28,1
SYN-d0667498f4f9876f,3e5c6ee88e21efee3195dc3c550def1bc722b6d57c78b56b655cc8a5fbbbe190,2023-01-26,2
SYN-08415ca81981c239,3e60da3d0bb7a3af7fffd21774b08d31f8e5700e99ade4256d812db07e0a0969,2023-08-12,2
SYN-76425549c565b982,3e652b9d9718a83126692c58ab6b09eb5655f4881b3d1c7878381397f61a945d,2023-08-12,2
SYN-94fd723f1c1d947d,3e66ceec8593c4a0b546f9ef02116f64300c6b295d86a6edfd09f293b5ed1566,2023-08-12,2
SYN-7d8b263ebb139310,3e686373166062c0da415721b449799a5885d9de07bea81a61a70b7ec7a3264b,2023-08-12,2
SYN-e6b04f81bdc443f2,3e6b4fc03a858ef3d12e58d5b525e2f4bd88dea270161576c4c14931da571e48,2023-08-12,1
SYN-e9d052544ee285d6,3e70135fd435d2e30e251c6c6126dce6037284ecbd205b57cfc8ce7ad1af5eea,2023-02-18,2
SYN-796ae544f861ea38,3e72cbd35db68a37d12ea3e6f187ef5f83b8ed1cf68b371d090b6d7e40b3e128,2023-02-18,1
SYN-cb8ceeedc25710e9,3e73e7bd7fba02d3cc1d45217634e8f7eaff99c336ccd450b07fa1e358cf5033,2023-07-01,1
SYN-44c6e094c51fc3f1,3e7899d3e363f00b6431e73defabd818e039b9ee98a0c464b6f13f0214378d2a,2023-11-22,1
SYN-ecff7c40a43c30ae,3e7c73d10c1f04be83b7450fec43161db8204a1b5d1b8a4f8b417bf0817c3b5d,2023-11-22,2
SYN-d29e3dd075dd8570,3e7cf70b2e6b061120cb46040df1c034778a005f2feeef69818870ea83ceeeb8,2023-11-22,1
SYN-45b2680e18f75e08,3e7d87afeb06c9d24ed6299750586a9ee0ba7a9ca28b25bd35216d5e628f084a,2023-02-11,1
SYN-b47d78432156fb98,3e7daabbcfbe8e2d99746b92932cec84c88637dc7c4f3a3d236ea56eb5c851c9,2023-04-26,1
SYN-24ac9d5bf6338322,3e7f3f91ea04b05074d0bac04d66745702a992d191cd3fde5b3e4894aaf71ed3,2023-04-26,2
SYN-0e949dfea57adfa0,3e80478fc7a2c729c061e7264225590f3c5656b2ec1c8b24bee1a303012964ca,2023-04-26,2
SYN-65baad5b3258f01b,3e826c7634ab257de5415355e90f7a6ccec1c45b0322e3870a3c40fd0c743f58,2023-05-03,1
SYN-5aa42e115331b0dd,3e877e6643f5d42bd41f16a49221b33cf684779b19603b457f6b283eb9d1bdce,2023-05-03,1
SYN-e7faf5de99f6cd1d,3e91983e757c21df06c821cceecd5e0f6240f48aa0d56028110b23e7636694b5,2023-05-03,1
SYN-ad51c0015b95b806,3e9b213683dcce48d0c88ea0adf7be52ed8fce5262d19fe253e8fd7c0fa56da0,2023-05-03,2
SYN-b3911e08d0db0ef4,3e9b91e888dcbd7c59528b4144996e5487d505bc5e3e41eed6251423d0a9f7f7,2023-05-03,2
SYN-dad725eef0947f68,3e9dbe576612df32e152909b1db451fb6c275eedc7052b13881f8e1bbb47bc52,2023-05-03,2
SYN-6b8823a04c98fef9,3e9ea0e3f1e1f59f428a296c3d79e8357484570f6949a8de8e3d3940c747ea7e,2023-05-03,2
SYN-8dbd65da8df3a984,3ea0bc47f814e52cd36fcf99a24c64477f272db8723c23265774ab2cfb8d5f26,2023-09-09,1
SYN-dbe4f051e0fa5eff,3ea749dbef28880a274d2b57172786a846a3da1d5893a31ba9e20eaf20b63aef,2023-09-09,1
SYN-d23238dafd06e079,3ea79b441969d66afcc2a3a4a0b2bb438da2938f085703bc3d8dbeaee56c6eaf,2023-09-09,1
SYN-9455bc16d5ff429b,3eb21106d60005343bcf2b135c67bcfa2b5803b44ed4b00b4ded74aa0d1c2c29,2023-09-09,2
SYN-3dc35cd6645b1ebf,3eb39243e32d4a6e246018aacd4d014debc1231fd3dee48ac0b46d188470d4ab,2023-09-09,2
SYN-2a20ec7e0daa9261,3eb5d8709fd95ea7d4ab674b55e1cad5311a5b501812405bd33362ce4ce77fce,2023-09-09,2
SYN-c87c923eecf63d6c,3ebd228cc8888aa9196ec1270170e7ba851a69b811ed25a56d428b23e447ea9e,2023-10-19,2
SYN-79e8a2807b7349bf,3ec8571f4814af3445c85e944bff54be3ea9a86b5a68d99a67ccaa8277ed31fe,2023-10-19,2
SYN-6cbbd831bdf2499c,3ec8ccd200f54c0dbdfdff2c45f514bc5fe9002bae6175dad2881d819f2e817d,2023-10-19,2
SYN-94858a1d59b15d63,3ee0e3554c68b63c22cce9fa16efdb373ee0f412c0fadd5439ce805f7dc99a2c,2023-10-19,2
SYN-751c51fee255045d,3ee135fa7771b7a3b42cade51f690e81fdc0578deb39a4c0d9adbbdae3d6cccb,2023-10-19,2
SYN-144d68aae749c70a,3ee30b613c4ea9aa776526c71491718f08162332f79ae5bebe3c8e7f1af5f91f,2023-10-19,2
SYN-5101d89212d30558,3eeadead2a2a0e6a65699bbd1ffed83aafe97bda1b733eb9aaceb2b56d40cc67,2023-10-19,2
SYN-d58fc582c6760de0,3eef860698a2e692cfdeb656403549cb381fda7250ec828f934e6ebb33643abe,2023-05-03,1
SYN-5f43f83c1d4f1188,3f006bdb0b2b55eab333299f12f0ec833da8bdf2dac9433bd5b68a822277527d,2023-05-23,1
SYN-c085b6cfff6de655,3f060dfae1c4cd47c90c5907f28c219f612cd6ea9342c944adda3437d1d9669f,2023-05-23,2
SYN-e2c5916652e7f374,3f130221763d1a84518ab2bb9f4c818c9f16596da13fe6c84f5f2cae05e80a4f,2023-08-31,2
SYN-f047d57a402bfb23,3f1d75d0135fef6a75eb439b59ecd053610c30dbbd2eafd0c3166b22ef805beb,2023-07-10,2
SYN-75b06323de601b6c,3f1f1e469956faf2c896e966188eb2d6d64cebbd9b559ac8521de739c7d3c41a,2023-06-03,2
SYN-4af952b6be8bd45d,3f1f4dd5d645ab8fede5ee779f40df87fc21c277239eb2b54265458463674033,2023-09-03,1
SYN-ff2eaa4784cd9908,3f2006c2931c154ae644172d6ed3961bb1de385a1f57fe21202bf9de6dc059a5,2023-09-03,2
SYN-f3530ad10b1b9120,3f20f939f02fdfdfcfd619542696a1b75174d3b2a8bd0c10721b336f383c1bc1,2023-09-03,1
SYN-e8e48fb188f78b41,3f2d1fc89fc59b0ffb361da9e6c3ec1e5e9e8f23652f9779ab897fdf99db80c9,2023-09-03,1
SYN-9fd2a1b8ba6c023f,3f2f963cfb37eb5388c0f1ff2b7c8bd03ab9fc772cad57dcc8716f77eaee2225,2023-09-03,2
SYN-e9ea00e7b6076020,3f3168b2a74578b437e8eb7fec0c4e36ab3928abc23d6ba84ab7ddacfda202a8,2023-09-03,2
SYN-15f568d405b8d769,3f375bcc8708585932added0eb7f8a2058a542563798adfa2de525b87341152e,2023-09-03,2
SYN-a24acc582bd6524c,3f3fc7f5629cc6c413f475757f8d6cc9f9c83e8a0ffef062d96ec1f30804db73,2023-09-23,2
SYN-02e46673a135d204,3f3fcf297733aea6b7d1c070d60821f08ca932f4118d5887b239287fd743a8a4,2023-11-02,2
SYN-06c1c6e34ebb9075,3f4d5c68dd456a532383af1f893d47cad8bac5db9cea45a794437140151e87aa,2023-05-09,1
SYN-49350de9ac55c2c2,3f4d6034e8b00859cb0661c401ebbdae25a5214a3e76baaec651d73447a7e022,2023-05-09,1
SYN-91e99f613756b6b5,3f522367bcc0f339117519590ae8438cc1a1a479a581ecb43e491b1785832d4d,2023-07-04,1
SYN-5965595b1e65c0ec,3f53447bd8086c0b3d044d1ef4a453620abb67026a928cc7258f93965e454237,2023-07-04,2
SYN-52bd2ebb3c7618de,3f545b4c8802990df287cb5740e1554bd5e77e56e4ee59af283d02cedb13b5fb,2023-07-04,1
SYN-4bbca93a906f249e,3f5ab380648e31279162fa4f0a1bd79823bab19d5451712c9d7a5b6e0cbc4eb7,2023-07-04,2
SYN-30da5a509a241b21,3f5f5989b99f4d7cabd9ea89492674ba4763b0a498392ccc7b8617a2e62fc8ee,2023-05-10,2
SYN-1ea23dc933c623fd,3f62c942c052f659ebb56e694b0a78d0efaebc4370571df08a4cccbdb65e70e4,2023-07-15,2
SYN-4d673aff325d411f,3f6bdd6e55cb36356cc84f1a973d6978a6853ab4d7cd693966eeffdb1951a141,2023-07-15,1
SYN-062f365a70efa2da,3f6c435ce39dab60b82f52d5820f9c41474f1f158ee2b88669eb8380cdd69e1c,2023-07-07,2
SYN-77896ceac7904a8c,3f71daa4a942476646cf9773e5128472360c0cd6750a26c3d01dc188c174889a,2023-07-07,2
SYN-13d6b07ae46bb04a,3f7a76166b48c8147e40334c9486820747629240289fc87ffd21b1439b4e2d8f,2023-07-07,2
SYN-fade2a21cb25b2eb,3f7c467a68757f4ae58f6ee99665b7d07e8108a0027a3225e68413e4f6f4b456,2023-07-07,1
SYN-05ac93dea807e150,3f82ee9a43275c40809b96c9c1607bc0a11997c84ef1139d8514b8983d79a3cc,2023-07-07,1
SYN-468c5858ffc04bc8,3f932d26ff224f4cc427c778302f84d982d0df0cf742ca7e1e2c4266909cd3bb,2023-03-03,2
SYN-bd76d22185a1727a,3f974a61cf57c9df685ebb874a6b4a2a597f120b7379fccbf7c3af81670aec99,2023-03-03,1
SYN-7ce2fbfbfecc4294,3f9df02727c7c2b213a82b86a6259653da47db2b07c0d13fef1c5a02e72226ec,2023-03-03,1
SYN-97c216b55c4ffba3,3fa01354cf6ae307ebb465ac58844abb59bfc286d54716090e35ceab9ea92e4e,2023-03-03,2
SYN-c1eea2c794726527,3fa898208c4b239a6d1ae7e9dc457d928bc99cad8259438347a4a4d2634f4cb8,2023-03-03,2
SYN-2affaebade71880a,3faca9494e3ddb8215a816411b4b03fb3f96906509e9333272cdf3ee4f2f5b90,2023-03-03,1
SYN-4a972dfcbddb858f,3fb5cdd12bb49b0509514c25827fdeb60da542976de28811cd8a99181bac009d,2023-07-08,1
SYN-8c15c0b7b69cca64,3fbad04778483ff95dbe3f04bed9b548a6085873ac3279b799f795e764b6334e,2023-07-08,2
SYN-ddb3b9f006f973ed,3fbfea3a1b88c39c8e744e5547f23931af3be72200a75fbffdc881704bd217bc,2023-06-03,2
SYN-fa51bd612021099a,3fc2187a4341b1aee690c4e9cc110823c4963bea933027eb6574467fa0d25a89,2023-06-03,2
SYN-3bbfb5fae3d39530,3fc3d4d29f7662812b2b47adb98a419a32a8ee68fc0d19814b8136d019c9ede8,2023-06-03,2
SYN-5048f58250a9558d,3fc40d4e0e70ce5caadb2034a016e017dc73db1a6d981b76271912f347b9094c,2023-09-26,1
SYN-5a3019b7bacab770,3fc57a63833551a209b51163c9808f714117d367eb8c03f3d37888c51a791545,2023-09-26,1
SYN-5bf5383211203024,3fc8ae2fb5576f50739444124e673ad439777c0244ea6804310efd30dfaad55a,2023-09-26,2
SYN-b221c2005c208c4f,3fcaee9f3e0654d48f20a7c1857676048c92721042398ec02af57e562e7154b6,2023-02-14,1
SYN-e9e678efe6ccb1ef,3fcb9ee09c654ec07907e2fed57395f9329cb20336dfca6fb3db0b8f68164c61,2023-02-14,1
SYN-e8cd985c8662b660,3fcd5706648fd021cd9a93233581a6eea65dc4eda9cee97ee9a755ce45ff322f,2023-02-14,2
SYN-7066d2ca662af817,3fd29ca941b309c8a17b43fb0d323d453e35868a3400e9d7e4cdd11194cac72e,2023-01-16,2
SYN-bf2078861885d6d3,3fd6c050d7d3fa3c4a119ec07af1e61d2673309c4e569278b444f221c01c7107,2023-01-17,1
SYN-1f209ff9047a4d1f,3fde05f79e038e786e8bf7cb2605453266b1a8666c4333e320a6926cd2c8ae70,2023-06-19,2
SYN-df0a917b4ca7461b,3fe4ba45acf3eb7c5e71f50be0a965669a7711255d9950a5cf574c5326a3ecee,2023-06-19,2
SYN-18ba6f8404b17533,3fe5a4283117224a8d96af81df8aecb299ff8581882127d37412e6a2edf4580e,2023-06-19,2
SYN-f90a0ee70e1934b3,3ff70296e0338be3891cd09fefd04fb912f0e469a5182b3b5fffb716b239a7f4,2023-06-19,2
SYN-0df6d15f21a1af81,3ff9220c2dc5eb64d97b079a4af4934c742675209d859967d830f1a0f7616f3a,2023-03-23,2
SYN-4d17db39c8c2cf7d,3ffc28afd46e39c2b84c4a7a61f4d08d187e009c31236c0f20e68d908c787572,2023-03-23,1
SYN-abf4181d35b1fc47,3ffcae09ecccc71313336a2e1b4d766b390a9c00d9a8eb092997d8accec24c7e,2023-04-22,1
SYN-396e6cc2fcfaa48f,3fff11e92627ba0fd43e4df97b4859f9b457a830f1c2e815058ad27a43809ef9,2023-04-22,2
SYN-3f10d9a36557f230,400000403a849797df4d27068224e7cfca5f6cb1e6aa824fef92b238fa2f7c08,2023-04-22,2
SYN-4552a53a1fb9894c,4000dc384cc8ab937eb3958154cb2d6304f2da6e80e7dd62eb4f00768e452459,2023-04-22,2
SYN-59bd5409794f0425,4002781b60d9652b9bdfae646c8676c70ee224fc5c1464dcaf9f173bb77cf1a0,2023-04-22,2
SYN-c5fb5f9b131e2266,4008fea6dc5b76cdf40b7bd4eb9ccf8a89af7e2fc9c6bd4b088eb283fc234784,2023-05-19,1
SYN-408cbd7e5e12870d,400d88b26e42bea8fd1c69bd94ad838e866d504b674b9578a820fd504956ed99,2023-09-24,2
SYN-bf8aab1f3155e5d3,400e7f49fbe616445743b20cede62e17cde691c429afded53f401566de32cd7e,2023-11-29,2
SYN-8f79bb03e4d6621d,4012a7152ef5c81d1c609884368b9f896e0f4017780d5758c5837168e69f8272,2023-11-29,1
SYN-1c17d808b20daf20,4017baf91418565a7c80912242db77336f1348ccf280df0559c90ea1d0da4f39,2023-12-29,1
SYN-fd2a6fb21d8d8545,4018a29f4bae77ef68bcb70746fbd0b2591511b9158d94d0ba8c8b8ede02e15f,2023-12-29,2
SYN-d2cbafd14c1feff2,401f1b3f30d3b7b22818c3cff87b29034ce1ad6049bf4f8f8ddb0aee8d5119e7,2023-12-29,2
SYN-bcbaa7f4fc61cfcb,4020cd4054e6ea378e2c58206ba8a2507dfcb818d8cca7c38c02ed7cb3dbe413,2023-12-29,2
SYN-e973a3a018d6f336,4027b119da4af22535065680bf20c0fceb08eb3350a4e3136ecbdd12e367f617,2023-12-29,2
SYN-3030024b0b2c64fe,4028ef61a3ba57612bb210ba5e6c25274d6373edea62cd321773c59a5e748cce,2023-01-14,2
SYN-8a011ee6c8902110,402c1118bbf162f51e0fe9276144737d3ceece981756043fcbf695cc5b98dd4c,2023-11-05,2
SYN-26a0082cc1689ddd,402ca2c09d9f7267c58508416715b20269a19a7b5d347c65b23b3c599fe48fdc,2023-08-21,2
SYN-3aef3a66b2328f99,40343a8a9324a42dcd72a6c2775854176c5f35bbdf9d15c78fc732e52ddf262e,2023-08-21,2
SYN-6eadacd17f5ac284,4037346ac44b32d7f8e83c8e91b80fe1ab78f4b555e38b401a7769da1ed5e2c6,2023-08-21,2
SYN-a87b237ccb9e4fd1,4037b3edb507964b4a0e5d4971bd09a44a6d5f21bde4d32c118601d980e230e7,2023-01-03,2
SYN-03f3ad42b7e79e53,4039cc871344823e412e750cf169f2def8b742b8849dd446f497cbff9dd9720d,2023-01-03,1
SYN-48a1fdac90a73784,40447b71d8542ceb007f386e6d5e4f7ee0e4ba095e6ba2b3a73d68ce221f4bac,2023-01-03,2
SYN-7baeb2cdb5640536,404b87444e17e4cce72f830fd2bc0ff9df04738140e3e621528d9e69edb55027,2023-01-03,1
SYN-c16413b3ecadd6f9,404d215daf68e932f47e6226b584132ca0ee8e3ee01f59a9a818b7e016cf40f8,2023-01-03,2
SYN-2c3fba6d426b3026,405c3f7b6da13d003f3c67c0377e8544b040973862bec0b4a6e7e1a15c256c13,2023-01-03,2
SYN-dfa875d15b2375ed,4062b13a40e2b5ab05a63c876e823a5d496535efa73dfc69b7844082ca7913be,2023-12-30,2
SYN-51c72c4c0e0d1c1d,4064cb7b328240d1dad22995effa46d621be5f1c20d3c2ed251114934c09a56b,2023-06-06,2
SYN-6d570e0e8996ebf6,406561bf2fea7513a42eb644b56b1affb2b211fc6553c68461f3b43dd670dad8,2023-06-06,2
SYN-84d076ccbda8b8da,4067d62ccde4c06882f2bd8aa913d9f87140e8cedf2a0b3c4ce0861eed0aaa75,2023-06-06,2
SYN-cc0bac78bd3178b6,406ad97ec648e2ecb7b1b43732ac489dbb36c91e1cf338a2ebfb312dc1873f1f,2023-06-06,2
SYN-1c80df4a2f90fc9c,406b9ded47861204d1ba0c0df8cd89dd529d36d5299aefd1f3c4bdc0daae5a1a,2023-06-06,2
SYN-919243bb62fe3fe6,407051f19701d336c03d81907ecae7e1d0d253d8f61145a93976555dd5a19ef5,2023-06-06,1
SYN-1565841fa59c2f42,4070ec393e994dad2264377433e78eade80fc5bc7343578a1f553f472955988c,2023-04-01,2
SYN-ada95bfaa623d46e,4071420a8fdb75f368fa597deb95a8f70f05791e6e187b660400dd3d93f6349a,2023-04-27,1
SYN-08d71640d9f57b37,4071bb5f7f296e7eb6c73ec396f03c2960cf53cef18745c15132bec4f62c6f50,2023-04-27,1
SYN-726299e7d2702f58,40725f9b07215bddb2772e3c5ca90c9391796413b22ea76011cabc1c1b47c316,2023-04-27,2
SYN-fdd5863baeb19998,40791f985a98450d300426e3e0aeee03f662771d7bf98c56bb88b351b973df7d,2023-04-27,2
SYN-1fdb9f4a1c210972,4079ff910983750e8f5f008a06d5d5307c0c31ae49500e5b2255a0928fa45f23,2023-04-23,2
SYN-ee38ef8fe231c8f5,4082739f484c2268ce0807020fadee094f5c2e4cf924d2bede231bd9461b9942,2023-04-23,2
SYN-e81cc29ca178ed79,4086fb6a33079b63931d33247f8b6fbf16bf277aa68423556322a0e5b2aae25b,2023-05-15,2
SYN-9ce91ab691c6c17f,408ec55e08cef0b0ad26cdfcddeee180d9b5cf1fe5182e39d3b82f82f411e5cf,2023-05-15,1
SYN-ffa7bcd33ff06646,408f5032eb1ecd9e30d57eb3ae353c0af3bf193a49ec029c8045e6d1571347bb,2023-05-19,2
SYN-44eb517acafad48d,4092e27280148a19a9575f3974c2051212253f59e1f8684291602d0b7df76f08,2023-05-19,1
SYN-04b7cf3421b12ab5,409738b97b6533b96d298438ef07443aef9442c2ae603c03478bea1e457f6525,2023-05-19,1
SYN-2d51e4c0ffee0f49,409ca4daf70d5721d674344e574c259ab13d7dde714552eae1e251f32984db8b,2023-05-19,1
SYN-b325af47f10d1a63,409da700614ee8580eaa2ffade2a2d92f37b2597f1d552f9519d0b594221f251,2023-05-19,2
SYN-090e915496001ba4,40a0c2e63c1ddfc7c11aec7385142eee3d925f4383e9a78e255248b9c64c17f9,2023-05-19,1
SYN-b67be2174609aa63,40a6063c290f4da60a573594e9d1aabda92647a01348846c108a30827ecd7fc0,2023-05-19,2
SYN-087cea6d6b9a7fca,40aabb16cee2d54cc14a9cff85033d0f44a61f037935c76d6bd977c6c182b433,2023-05-19,1
SYN-054ebc0cad380183,40afc6080029896297ade6aad4a7a58f1f8816619617a8ed35f1ca3ffce05a87,2023-05-19,2
SYN-93180d923f8d168e,40b60bfff5ceae5558ad7b9135ad763a6e135801b353abd2c88ef37a52ce243c,2023-05-19,2
SYN-d8ba28c07200cf0e,40c1775e09b884cd64745a2b50ac226df46c031973ff820159c73d5617ab0de8,2023-05-19,2
SYN-2369321a2a5bb60b,40c4a408e43648e27613ee5cf373194b1d8a9eb2195c6d3932418338e5233c76,2023-05-19,1
SYN-fb05222d392cb9d9,40c63f0ebcd5af88e69af313759443f121cd47b2bce141a7101e6364eea4b6bc,2023-05-19,1
SYN-810544628ad915c6,40cbd54869d2514b331b70dc9d95974224f6f5ad7b8f401d020d06fe1f069aac,2023-08-08,1
SYN-da565034e359e587,40cdcecafef3af92e151d8c197cd3e60db0574daf0602dbef61ed94f9a681a02,2023-08-08,2
SYN-aa2cc225f9685f7d,40d96c27013a8198bde3364ce8bec043c3a7238d7d949d999ea9f1c2c245880d,2023-02-14,2
SYN-978905a054ba1d8f,40dc1933f59c05a05e9e2e7ae8e1aa7832aa512e49e8222fd8d1d5e26b7ba056,2023-02-14,2
SYN-7ce974962d09838a,40dec0785d64545577583e79cc86e8ac608161bdce921dc05e5922852619f0d4,2023-08-20,2
SYN-f36926b550215f2e,40f802091f70a9c8e165b2ef5f1f21aab77e09f954381a026b311a52f5d067b1,2023-08-20,1
SYN-fa83e4d72c0df894,4101a55016f48b464e7dac09142ee7e2ff466c5a3bb83dbe4e56dea842016247,2023-08-20,1
SYN-befa1dd2d8e3f902,4102ced6c457958c31d58ea05c710bb7a6725f48f5387d6da709f9ef378af9df,2023-08-20,2
SYN-0eb35c46cf6a4f18,4103d14952e09327033c8fab370a228ec002bacbba2330b196b4f8dd9c24bc54,2023-01-02,2
SYN-2309556453e000b0,4104330b2b0b496b5b2fe94ccbb3e627c799e419bd25090db93a843aea492f65,2023-04-11,1
SYN-19f2c5b0c23f55d1,410457f02035de566794d27577d36d45a83f9a65462c7553184773ecbba281c8,2023-02-07,2
SYN-3b330d1d776c4eb6,410e881cb581f4a2d496eb7786512019db754c06821fb33a39646c80595eb8d5,2023-02-07,2
SYN-1265b1e6f0c6db79,4113baa8b51bc497d350be7f2bd07b2c7708c7d60f7959787dc837acb48724d1,2023-02-07,2
SYN-7cdba17f5ac6d390,411a4b959321b756a7cf4a37ab380f807a5cccb649f55127c007bb960eb87d86,2023-03-12,1
SYN-09954a50d55c9dab,411a757a055d9f8b8087d2db9a2345418cb1f7ccfd0e3252b82b4b341810f264,2023-03-12,2
SYN-db68605265cd9b46,411bc5387375ef13cef90a16cff1698934f4efc9fdb591e899bae1487563608d,2023-03-12,2
SYN-d5872e62ff118b5f,411f1cd00e9ca41afb64f9a4bf5bd74403219325c96f7c6f7742f3fe95f746dd,2023-03-12,1
SYN-2a0a4c46386e9ca3,411f5dbdfa720b0d977f8ee730c66645c4494fef9ce367535d04685c5dbc2bd4,2023-03-12,1
SYN-31b2a654fd27f236,4123309d47e09082dd50ebe445112acbfdd4b846e18a481f2b1e4588624d4796,2023-03-12,2
SYN-9c41855136b18103,412c4ecacd8161b21ae5c14263258964884dab4119a7097d0d91a4a63f2ee6bd,2023-08-17,1
SYN-a3f4569b40a7155b,4131cdc93b4d2382fa0e8b9164d47dd3177ee53565a0507d1504f958d8415121,2023-08-17,1
SYN-48566b787137c0ca,4133a95657f7bff76f0dea89946c45002b80bea977d32a68ee66c3bfe6c3322f,2023-08-17,2
SYN-28d085af9536b034,413a0c120ce0e2c695a08d533cf55f70c4ac6aa38dad6a06153ed35131086367,2023-02-28,1
SYN-7b9b004d8b734e95,413a9256f81f156db8af579641cac7f1d86575cce3430b637b95bfd6927eb18a,2023-02-28,2
SYN-2fb9171b6e6b1e51,4143975aa3853a7fb1adfcd56b73daffc1d6425963769c65a5bd88da2230c404,2023-02-28,1
SYN-5cbeeca5cdb03774,4147c96efb05dfb1d88fbb9dbe3b672f4e377c0714978431aa0efa3a9278e888,2023-02-28,1
SYN-06640c3b58a560fa,4148925829e514a46adc639fbf715b8480c33dd597811058682df46941571621,2023-02-28,2
SYN-ec2491c330a1c040,414a0f66ec707f42236293f27eb0fcc99d7999704736a6997203f44a7b3f1fd7,2023-05-15,2
SYN-0208005136761533,414c530fa8c9ca6e584ff95b48513f45b67e68e025eea7f0beb933ec63eb1d6d,2023-05-15,1
SYN-17f094e6fd92dc22,4158821e5ff4a6a8745f31a5d04f89a196bdc0c98f7a38527524a2e7ab1c8f4d,2023-08-07,2
SYN-151a1ec7e67b82ba,415a635c833eca2e0525fd673f76015545ad46591e189e88e4df9163d2db6c90,2023-08-07,1
SYN-50fee487ce4f5a0d,415a739de1cc593f8cc31bbfbe9803512d4b26ff85db804fab841e7a14476b8c,2023-10-28,2
SYN-fb60c887fd1e5853,415f08e13f20619724a54ec8820e7a0be313d8bab99dc06d0ddc06eede1e007b,2023-05-22,2
SYN-d836adedf35929c3,416708c44da75a499d36ee704a7a148a3d2b5aa713db919e7d890df1fb0c7200,2023-05-22,2
SYN-d4a4d4ce24ff50eb,41677ab90f06dbcf59ac17c4493b713f924eeaf8abe02f6a5f1555483a964911,2023-05-22,2
SYN-7f00cd82cd9b5bde,416e1246ddc942aa256aef3704a695edb9550302be42cf6ad56fe7a43ef8c4e3,2023-05-22,1
SYN-1d12212b812daffe,417096750dd77239359555864f99e4c2c01b4cd6a612cd2ca76971c139222458,2023-05-22,1
SYN-b8e4224a0b6bd417,4170dc3e563e4fc3c14546c87d2c9548d23f03b23206af57f89cf9aeb434ef6b,2023-05-22,2
SYN-a3d4106e077fd5d3,4172357653e343e995d450fc6950fa6b878275a8a6ed291aa4ea92acaef65b71,2023-10-21,1
SYN-a3b7535967f0f21d,417815892cbd43b69233540939e25eedb5752c28dc6325a19daf89c8e736aab9,2023-05-06,2
SYN-b56564fa79d580bd,417bb753a7f337a1e83e9a4820ce277aafb423f9b50cc687d387e4912bf7901b,2023-05-06,2
SYN-0fa40b9d6fdbb1c8,417e66fefb49adb88df5e3b6b06a466f3a2893b7cd5d83b9129df8eac99375ea,2023-05-06,2
SYN-1f50cffbf3c758b9,418061ed71479070b8eb0d1a1f2ffb14b1fa6513560d915bcdc946e06a91c2d4,2023-04-15,2
SYN-5192c682882a44da,4184038cbfe94966bf497144b9da0ed71b5dac0a2cea77ad51f301523d0e9c31,2023-04-15,2
SYN-7e9f9e90517b3535,41854ff8335543e3cc18a5a0c9a3a832971272bae2c1192234e760e1e76b7575,2023-04-15,2
SYN-52fd63a535cd14df,418f7e678a3ac58ee484a7be04204a9011155c83627b9750747ed4825ec2c1fd,2023-04-15,2
SYN-d26e27fadd7b0970,418f9a99b5af460480e203eff490d02b5205347de0af9ef5d3e0d5f8518b7924,2023-04-15,1
SYN-3edb036e17eb30c7,41931c8b837e10215380b2eae25c11c297d75397f5695dcdcf120e4b7588bfec,2023-04-15,2
SYN-80504e49f9512d41,41970c19490f445b2fb6dbbf348dc2d2977eec5eb01dd610fc7e34b1bf10db82,2023-08-27,2
SYN-88579221a21b375a,41a53ebb16ec3f667112dfca9802844752b5afe66cd28cae7cf0fbc8911a2531,2023-08-27,1
SYN-3a60e617398f98f6,41ad3e299365582f88c28beb1b2eaceedee7c1b2b547de174c4cb958d194d0f5,2023-10-15,1
SYN-602e7c39cfad9c82,41ae78c7cd74dd86b653529a4471ffaf00ee90e97cea8bd1542827cdbbf6c225,2023-10-15,1
SYN-8dd8a711bf789631,41b58f437d86d9024a2dffd46882076cdc77f62df4fd8dc5e91e7a033a57e92b,2023-10-02,2
SYN-5d2105dc4e103f01,41bb823a2a4b23d478ee577ecc2131378c2b897074a9066c0a7543a65e7c58e9,2023-12-07,2
SYN-7d1e5411ba6aa578,41bc5c55370c2153cce63f4dc94d5e85864a6d9f93200018a864f2c52ead3b8a,2023-12-07,1
SYN-e1c2850331182e2b,41c86c6f1613a38b13dddf19f769a8e59fedb949551491951c9d1427db9303d9,2023-12-07,2
SYN-b07242f2a79111de,41ccd916d5765333623beeebae511656374802dd34370e04d4a05dab59b6fb0e,2023-12-07,1
SYN-ffd56e86672e9f70,41d1dc0039df88cba2ba3990ef4e63bef2a298c659b6163c7c97c0598a48a629,2023-11-23,1
SYN-b718220c160fabba,41d93352e0d268970dda9cb43e4dab1c82ed63cd7bde2121ac10ccb4cc15713a,2023-11-23,1
SYN-28af9bea43264f1d,41e4adcb2167dcedcfbfbc3981ab41aa62e94ff15ccb48d9a5e939e3d5f48371,2023-11-23,2
SYN-64b9dfbd9ac6467d,41e726f5b004cc6ab02f501a12f600cb2583cdb9d152630ffe625a75276c43a2,2023-11-23,2
SYN-f4756dcdfa7abdcc,41e7b33f4ddc8a81d45e8933b7ea709b756f67c979336065504702d3490cb3ff,2023-03-18,1
SYN-1e131fd663555acc,41ea030dafd97199008af8f008dac5f9ffe4465971385b586463c0ee6dec604b,2023-04-16,2
SYN-949b25db489e9463,41ef283e627c47c8c43bd47b1f2911c4a4c4aa4d635862d4bc4d7233104993d9,2023-04-16,1
SYN-108dc0d64b6d93a3,41f2811390da2e3e110b041de75f14ff1d8b9a1adc911a704e003675ddc8d460,2023-01-07,2
SYN-bfc1412cfd4e5a1d,41f42ab8695a5402df147b07cf43faa8f19706ee9fa5ed580f513c1db23652c9,2023-01-07,2
SYN-66d5df2340d0f3af,41f467ed68e4694d3f39e7dccae9491fc130777b619d80bb5c5c75cbd5e699b7,2023-03-01,2
SYN-3fcbaecd7fdefeda,41f5bc6d579d098086283ee660ffcc385b7d97cfa728da191c46a7291c54b678,2023-03-01,1
SYN-5ba04e1389e63a78,41f87f6b85b101f431ba65c9c7de4f5fe84a31acf1e164a7938be029c32cafd3,2023-03-01,2
SYN-b232081931378489,41fda62265b9fbb66bd43ec6500d5f1507fc26498c88f2f2f31d735abe1b02f8,2023-02-08,2
SYN-f0dd6f543d28ecad,41ff9dec4c5418b394a15804d8337b4d337922ce98dac4bfa9817dea2ce89d63,2023-10-11,2
SYN-bde67bf44365ffbb,420052867bb17158eecc71ed0358346d4007c18f34fc8677d109ece76c997861,2023-10-11,2
SYN-dcb861ed4b87005d,42036f7abc12ed201c70e57bb7b41c63287a7631447e681ce40b8065582f24d7,2023-07-25,2
SYN-d8254d4067f79edf,420ef3fcd79c3c1418103f296fe41240604dad6558575cf8013db10695d84ae9,2023-07-25,2
SYN-48b3c570806e0505,4211a98968117991dd5c98abcf8eb19b71dde29341594488109e44a5cd506398,2023-07-25,1
SYN-7695a24f053b2244,421381ae7d40723388088c1f74627bc8cb4aad86a3f5a1c80eb10586bc4c5827,2023-07-25,2
SYN-e5a7702907ad803b,421c8c052695ade6663fff739391dd689ce6ed346acecf7f6f9c76a6458a2c86,2023-10-19,2
SYN-e0d64cd8fb13478b,422198c02138470f53b9f1a05f12524a23ff02565c84cc6bfcac2ca0f1dd672d,2023-10-19,1
SYN-32061011354fc7b4,422665f1799ce7e7006cbb4be580062351ef7ced59303995fc92f96af95d7880,2023-10-19,2
SYN-86bb686290fb2992,4227623858257961fce94b6cedc61d94ef430f40884a9d8b7b22ddc4e395126a,2023-05-23,2
SYN-e2b2d72959937092,422c889a521269bc47304cf82c654fd1ed494eb29571a16de5f363e6b1d96db6,2023-03-15,2
SYN-b136e923de2c051d,422f3b46ac807cd790537c4c63e639b4396fe1591be63aa63f4117f82e37dca4,2023-03-15,2
SYN-0344f199129f919f,42377295bb8b584805904c7305451052e2f3f6881b0f40fc8eed3a9de5696cdd,2023-11-22,1
SYN-596a4024b6ff6078,423791f6003bbed35932213064b4a4b605fc8df20ae4a087665f49d951d14e85,2023-11-22,1
SYN-2dcce9a1ce05465f,423f107d7078f6fd4d32211a2a345934fa06ef1d711ddf2dfc99c5f2331c86f5,2023-11-22,1
SYN-fcded621f804b30d,4242e05470785c5debc0be9bb59fd32719df3e0036fd76c56066536ded84e9ed,2023-11-22,2
SYN-9197438c81391256,424c0cd705af19c9f7898893f187f0302bc59d847f57cf54272d0b51db1cf4e9,2023-11-22,1
SYN-b1c2e3ffd51590dd,424d59a6650c040f22059f2cb6dd8b4594afca39ffea9020630287fc12589159,2023-12-04,1
SYN-5ba9839329bf0a32,424e7164436b643da54f3b557e2a70890fdf8d507a3e8bec64a236528e9edd8e,2023-12-04,2
SYN-42b3367809b1bba8,424fc84868679fed605c6817798bb498708b96438b90154e94815c931db6d4d1,2023-07-17,2
SYN-65a31f56b48291fe,426a13bc0236d2455f2f5dba80d1270e42a13abb341b8019f70441fe558fc3ad,2023-12-12,2
SYN-7333bc75dc072b14,4272db52571495360acd6d31588a0c899d7dc367cd97cd15c8da981ae88fb80f,2023-11-21,2
SYN-d672910200b08fb5,427d43a918f40241067b9d35e56e045b67ce607194a5d551f2360c3d7567322a,2023-11-21,1
SYN-bc449547721ffd76,428ee658707dc67557b5706c0e3e8164d7b51148f1bb866a3afde11e42d82b12,2023-11-21,2
SYN-fff830a926ef0f9c,429302530c2e74d1d230e836023b93071ddbf3f5ad1107357bd37fb15ea3ce0c,2023-11-21,2
SYN-6f6cee6a000fd47f,4296fb6cf53f4b9198f02ed80a182b5d8828ac4bca5919b6fb8d234ef02e68e8,2023-11-21,2
SYN-928d9ea557bc74fa,42983341379f58eef71ec22c16f6a9b63479a7a299b26d7454007d6e5e94a564,2023-11-21,2
SYN-3eee5ff44615adaa,429b69473de19155dfd30e7b54b69875b41c75b2aba5dc68ff276d3e8c6c7449,2023-11-21,2
SYN-144de6e8e44181b6,42a1ae07c28d3d1c9c7a740cce6802632eaa305f5de1f36a29b8cb9db4903b14,2023-11-21,2
SYN-656da77fd01fb675,42a3c642b62d67312e91012ae44bdcb5e9257a89584a58bebacc4c610198f7b7,2023-11-21,1
SYN-098dfa05ecb1d423,42a55ad7245853944d9857763bd98b8793b859058ad54f06966dc38ec42b7d17,2023-11-21,1
SYN-6c2bf1409752c36f,42af82a3d945652236baf27fadcf94f9e1d50e2b8331e46ab36401726cc853ef,2023-11-25,2
SYN-aaed80c82a429c7b,42b12590509ef990a86af4d020661d630982e1cf81575391d5ace7726d132a35,2023-11-25,2
SYN-12ecb039b4dc88e0,42b5daf18a710a37d954256ac2874ea513c53b2fc41b44a6d6778b0bd458dcb9,2023-05-13,2
SYN-8f0b82b5915eec4a,42b89a9751db93817e6b91af22528b30d3602127d3674eab3b29ce96b68a4a42,2023-05-13,1
SYN-472d99ef9d4e9dca,42bf49a865e63ec33eaa06b85ab43fd1d1bc4c0956c9e509be3b8fe360f3c0c0,2023-05-13,2
SYN-60e46943d700b966,42c91757a44ba12eb14b397d43ef5ac87561652eda0dbab5aecb94d3cd5de83c,2023-05-13,2
SYN-e750fd5857640cd7,42d14c9294555b364926a95f37d741aa6e0dd4395acb822ed00210b9ce38d7b6,2023-08-20,2
SYN-9475ef5bce3f0494,42d1bdd324eb827523102a0e2dbc4f75802f4474e2cd2e561692eaf24c909d88,2023-08-20,2
SYN-3c98a259b074f64c,42d51d033a40991fe2bf97cbf0e1557d4815f600c92357fab536a4bdb14a5cab,2023-08-20,1
SYN-0bf2f24d270aa76c,42d9876a6f912c08fe6440076b260173a3552c4700bc923fefbcbd4cfd7128ca,2023-08-20,2
SYN-f13db12089a7c132,42e4ae8ca8aee1e7093e526154d629910ac7b99a6fbc5b14df3d3c583a60aace,2023-08-20,2
SYN-c34112034d610881,42f34611ac4aa0655de7374f97cbf0df99e645ce2801193a39926933797c8c16,2023-08-20,1
SYN-f0f284fc7bc9b5bf,42fb62f2081689e6769ea6456abd1a0e8addec1a44e13675b70253ef9ef4d196,2023-08-20,1
SYN-3e256641780b8248,43013a4e5447d1fd7e1fe63899062ceafd8bdd524f7554ae83aa7ad22b60845a,2023-08-20,2
SYN-e734f30b35d97c45,43060dc2a2361c4ec07d23beb1e9daf1533c8e3f6be829de67b9a0aabe432612,2023-08-20,1
SYN-ddfc77dd21b6530a,431286834214a1b9d3134a5c329db9193242284aa04e719bce12b1977bf0e587,2023-04-06,2
SYN-42244fad06bc3a74,431367f7c2e9fadf6145333aea3c3e384b7da99a123f38cd69b8b02df62fe10b,2023-04-06,2
SYN-baca2e13e3154cfa,431c45bf97fdd614d2077108b86ce5d79ab75cf2d2831761de5547b4dab16b19,2023-04-06,1
SYN-f88ed71b4e4115a8,431d002e9d22d3c2070a1e06d3e86b8fb0bf8c6f24dd9fa8bab8c9100a788493,2023-04-06,2
SYN-d162e7585f0cd9b5,43302169efdcf48710cb24990bb7512144a44a8a985b69ecd5deaa75e7c96b67,2023-04-06,2
SYN-46e58cbd9bc200be,4330e0469755c75b92a58a5f5002c729479147d470e6cc42a3206572352a1e28,2023-04-06,2
SYN-6ca368098f04921b,43398f5b7ab7d0f0bb02bc8af100073390f1c75605741188f77a0640cbbc64db,2023-04-06,2
SYN-e1d5daf30b35422b,433d771f2f2a1b8e145bb122eae8e4e7ab75222f0b1c4f693ec52d0c83bbb2ae,2023-04-06,2
SYN-265a0415bdba5ca5,434287103473e665669de0a7ae71a396832719d9e06f92b26e78b736e6f50305,2023-04-06,1
SYN-7f32a8bbf76d7ff4,434519cf6cfe5964288503bc6edb830ec605ff8a0e591e2af78430fb9bb89c5b,2023-04-06,2
SYN-468ab3b75cd26393,434a746a3ded17e638c9dc9d277eaf1d2a89e9714f5c3a04587e7178432dfd8f,2023-04-06,2
SYN-b2f10117ff520178,4362a0502abd86e1be0749f0c3c53c5f6de85e936ea04d5a09cf12231ab29fd9,2023-04-06,2
SYN-3eae1089fa4fc20b,4366162ec820c7bdb2b3e26741faefb224f6ad1521da95ed4232ee6bbd02b390,2023-04-06,1
SYN-1d78d45226371f19,4366e788291badacefb32e600df034ac675cd32f5f14b8605969af0034bd190a,2023-07-04,2
SYN-18defb7deae1ee3e,436e259758cdded2a44e4f6b3abfc91f41f7d27d7cfaed0102f45b63419e4464,2023-01-23,2
SYN-3eff0402395124f2,4371e590928f4250b62570d8af69b9ef96749daac7c672fff66d61bdeeda5a3a,2023-07-08,1
SYN-6ea0eb9d1139b368,437785dd833c82032f26d8b3b7dd53938d344df2b549c70b150cc4b67c72f109,2023-07-08,2
SYN-c30d51ff862757dc,438189e2d6659406084bc48c4f98cc837cdd82cc2e12a0cc500f01940c4bc672,2023-05-02,2
SYN-453aea7a70721317,438229c50d01a947aa4d9344bc3e832eee37a85f933e250c55d38632d8058d16,2023-10-02,2
SYN-63a1be12e6664cdb,4383878c2675089b8a5d79b6c49a0e095a63e35b9e4eda5d97481c87164a0374,2023-01-28,2
SYN-2dd5fc2cfc10378b,4388c55a31a1c2c9865f320b81e2148c0475658655db0dee931d1c7653ca4946,2023-01-28,2
SYN-6199be4f8e4ac468,438cf3ce99a222cbc63a77bfd2f51f237b36161fd5bb11c5349512c2c1ee1559,2023-01-28,2
SYN-724416726b70bf79,438d6f332f7e03efe4fefd7cf6966b9b0493d66ab6592092cd739dadd2bae222,2023-01-28,2
SYN-f568fb055857443d,438db84efe382a2e0316ae08fa95e4d2e143dbd94de5b288eb62e9ef08ae0033,2023-01-28,1
SYN-9553ca35b92db5f8,4390df2497fc59926fbab4b400c3e6d005ff9b75e606a8164da271c3d71f2453,2023-01-28,2
SYN-7e4b34961b38e9b7,439aae3eab0080f9cd3b2a26162e057bd1c17d7716b5e44a47d5abdb50365302,2023-01-28,2
SYN-8541d71270e52d25,43a1d2a8df9cca568f7339916b67d4c20b5af7138959cdddd26c60b84b5495ce,2023-01-28,2
SYN-ac47e1e4464b2e00,43a3f756c0fdf58285b37b4a7a24d9b8edbbc120a8ba2ea9deda29b7dafd15c6,2023-01-28,2
SYN-232024993c6d077d,43b3a8730d7ce72a7333a22e303727f340870a48f0eaad9a2e6d882378b335c6,2023-01-28,1
SYN-c6ef8d8041d93093,43b3cb7b4ca132dc925302c03633ffe44cbb5742ac77216a15ecce51913f6c9a,2023-01-28,2
SYN-0ba97214de9a7576,43b8c9acc01ed39c9e8a331a1eff12b5c234d5026efb2b2d2105ee6b099e6746,2023-01-28,2
SYN-40561ab097beda75,43bc10ddcf44db42c072466691f5605ff4bf2b567cfe14c98ae92c7f5eb7494c,2023-01-28,1
SYN-8a62d9c372820381,43bc2d17d85623091fe9454b6f63788ec40320ba14a00d5696360044c43446a5,2023-01-28,2
SYN-1801ec7e05fffec1,43bcc19a8db0f1d6070ab7db5e2166f6ed5f3b91fb2fec667b85dc7474124fac,2023-01-28,2
SYN-03a47693fe1c62e7,43bef6c44a1d2dcd09a601e59614eb5aad01860b20cfc5433181327ef8b8f62f,2023-01-28,2
SYN-42b6d1bbbd4d37b7,43c0d0f7daf3a45f17f77cd820d4987ff867da041757f6fb5d2db2ac56b51353,2023-01-28,1
SYN-988e93dd49d071cb,43c2356891655cbeb096abe9527a71484d1676cbdad8726a6e4eca72f8cc5373,2023-07-19,2
SYN-e462b85d7240abb0,43c4075666e640bf30f892512ce790d0dd8c1ba29cae15b9db13d5f9ef5cce4a,2023-11-15,2
SYN-159688632ac7a8de,43c81bac7a5ba05dd7b3fed0f9c029377389beedaaebb58ff4c3269027d830d1,2023-11-15,2
SYN-84d4a13d205de910,43c998604b98ee39a9444adbd699706f03c9d8735da3fd99c98e96fa09964713,2023-11-15,1
SYN-4a54a4f75577db45,43cd99591c2d5d1f0dbd17e36bc927c7bc2284f3beb3b05bace898fb877a76d5,2023-11-15,1
SYN-6dc625de93d27fe1,43d1daee4b7314ad89dedde0f0b74fb85d4fbefb315314137f1b8594e8823b87,2023-11-15,1
SYN-27fff56d7da7d269,43d4c215dfbe27b4c1d9e304c496363be0090dacb0d7b7860b252f97e3365e45,2023-11-15,1
SYN-f6a4ef581a2a5ad5,43dc5d2406a4f9a6823a0848c53ee7401a38bfb7ba1b34c84b1c4b4cf05a48ac,2023-11-15,1
SYN-5c1706343fb62cbe,43dc98b311fd5e4879f834dc384e1a4e6724a52bb32bd6ad632fde6516dc93ce,2023-03-04,2
SYN-f343dd4e2cb00199,43de5983c7d2b7204325c8d01622aaf535839ad99b1bf774c12e265f089a7370,2023-07-31,2
SYN-e66f0320d6bf2433,43e17f3da03365b49d7e471830c5f7497a962f0301630a7bf12072c0817245f3,2023-07-31,2
SYN-c302f02bae8089d6,43e6c24fd649625e7e61d2e8d7b043bc0a2b541d8d5eb53fac8dc1310d85e207,2023-07-31,2
SYN-022bf152564f76df,43e73625897d619befbff64fa21d8f3bffdc9f301bea36ea9a89e0673f055ffa,2023-07-31,1
SYN-c4730014f7828e19,43e9987c9af34571acafbf5367246e6f0f93ffd59277036e5763ec574ce790ae,2023-03-06,1
SYN-aef715b48f3f11d4,43f184609b1e35e8663d0f48e7344975a3b01fc8ff11c0eaec18dcf6f856e51a,2023-02-17,2
SYN-228346fb00704536,43f60413adf7ec7a3d54c56128454e38b4d80c81b9e982b0da4117b8817fc7c5,2023-01-25,2
SYN-e3954bd9bf9bd256,43f7e3d945d8bea1bbd863cd8c6415f28ed318e4411b27e8f5ab91a3f9249bbd,2023-08-27,1
SYN-c7c58133a0d1394d,43fe47565798210168f8500726e53b26a013ff5bfa719bea58448d9bba16da17,2023-08-27,2
SYN-bd546c0659146a90,43fe5071bd9d935ecd8bb8971c7f6f35a6bdb1128535b04dc4d88f53f34f3950,2023-08-27,1
SYN-a010d39ab3b02ff2,441420d6ef7212b41dd9032e9c098343f3e8bf16b4adea3a468cdaf76132c377,2023-08-27,2
SYN-23d2f377417d5018,441817062728231f1db57095a558f383a5ab551a0c78e3c26aa6ca5bb944f638,2023-08-27,1
SYN-38331665f5bf5bfc,441de5eaaf42779090a335bead594150980acb9065db8cf75e768e5fd1d8a36e,2023-08-27,2
SYN-c4097833f5497fa2,441f514a1f8fbd18c656fd7b8cf138f887d6e67300514b6957ba65bb67b99416,2023-08-27,2
SYN-f6e374021ea74659,4427cc7be628cdde57f553f6ea0b400b40614f7afcb109cc911dc55c21e6c1d6,2023-10-05,1
SYN-dad61fbe78dce620,442a8ff5a56af6da3a8aa180310541737a86d317ee080eb124cbe111dd78ada1,2023-10-05,2
SYN-67f65c39f75e6d2c,442e111606a0895f8ad554af7d5cbcb66aacecf9bcdf8ad760deb234ccab6329,2023-10-05,2
SYN-75f3ae516c85fa89,4430cd999d8284a36e4bfda504984d41bd2fbd4f21c5683dfe6e9c689f804b08,2023-05-18,2
SYN-3d09304ede97de4f,44399a10e503691e59dea376047b918eac5733ece08b3895b54ba0499b4222ca,2023-05-18,2
SYN-a40dbfc1b670b3a7,4439ed087d3a36479863affc633277f4cc5b4a21904fcc831471ae943d7af4f9,2023-08-31,2
SYN-1cfdae50cb6591ce,443c5e12c112ed6d0e84d3db72266ab6d2a8675c23e769ce7129a3f74ef93f4e,2023-08-31,1
SYN-a9a5041b2c03994b,44439a6dd4c522ed087b6a0374d1e3a10911ec836ae5ebdce9d8350864000c2b,2023-08-31,2
SYN-e9bb214af603a616,4444a854d21ddf4c50171fb47955d6e5f5d1d757802bd1e6ba01fdc418bbcc76,2023-08-31,2
SYN-c57f6c74e856747b,444ff7f55a0ca4c802f688a1df7f0bbc116cbdce7089b7ad78072ffc7f37a0e7,2023-06-30,2
SYN-6ab3044d300ed422,4450a9ec9e556503cd74c227d1b064edc1c7b85289dbead8156c5bb4d9a3c2f1,2023-06-30,2
SYN-0a17d4ee0c1bbb99,4454fd1582a1cd4cf55f2d1533c863cbef0359a806caabd1d4f19fea849bbcb7,2023-06-30,1
SYN-6daa065474697ea5,446785ae0f151e59ef3ed6d360a7e4af188abdeafbfdb5bae4b269ea7c549b2d,2023-03-28,2
SYN-18fe5de81e22c28e,446dc413fc7cd42e6a8555a8cc022622d05a4c8aeaccc250c774b79d3efa6573,2023-03-28,2
SYN-1483cfb59f42f103,447787b66b48065a32f9e1276d6689de33c2e883155b29e1d189ce825f9e837f,2023-03-28,2
SYN-603abcca2c203f44,4478b5ca07b25680cd93c5c6052fe261754912f3e13ad0b2cb509f50ada16c82,2023-01-17,1
SYN-9c92095cf6f84790,447ab3b57cd81d1ce2ebdf6d4a9125d07d57d5c63439fbf995b6a5c1e36c712c,2023-12-12,2
SYN-f0cd077efc3dda66,448895d5ac806e0d620a3029c47ac664b1f06f2dfcafb4824377cfdb32006890,2023-12-12,2
SYN-00fee1e61cb96904,4492941f6424cc10103a6df5d0ef733578c5400b7a15c06ba0d63381e369e289,2023-12-12,1
SYN-63daf18dece6e96d,449586474d9324a3cb797185e5d662c5c06dd0a30e48e57beca3077df8f550ce,2023-12-12,1
SYN-47b561d922d39a71,4497d8592ecb7d0704909b9d062d5553299d946dbc6f2e6db4c60a57cc0427a1,2023-08-07,1
SYN-9d2b360d4bb328a7,4498ae9da160c95797e3444a6fc15bb5a77c71b21554e958ab75de5f19b78a48,2023-08-07,2
SYN-ba94c11f46d3626c,44a4c40e41e4a6614e19bead42d74a34bfece6e1bdf0c2d5ceb6ff6537a3bf93,2023-06-04,1
SYN-a2e5708d45115460,44b25ad1228e06e970ed9ecdeeeec18a351dd44c2469e1483097b56065e60dc5,2023-05-21,1
SYN-200b4461ed5aa3e5,44b7cd185663d83c14ed965a2fd780415bf19240b9e5a8bbe5756e59b97ced08,2023-10-06,1
SYN-f585074b6589690d,44c4c62dada0af05b9482cc82d2ca1d0514b6eec7a6b43a9b69715da74c3a646,2023-09-21,2
SYN-4dff5163a685cee7,44c5cc98fb484dd9b2d2ebba2a39d81239b4ff7c0ab6df15fe9ff4a272293fe6,2023-09-21,1
SYN-7ee5a7a8ae66a55e,44c6b2098b8d2b399519a21b00f46efa59941bbfce3f8f61a943c98cb96650f4,2023-09-21,2
SYN-3f3eadc53d8d0790,44c70807cabf2ab18df0f7b5d822582561c516e96a8fcd5f2ed91fe47bfe7b73,2023-09-21,2
SYN-927905d2251f8beb,44cb97db75c350e6fc52373aa45383ac6eeddcdbf243de05e75ec0ef61a4dd96,2023-09-21,2
SYN-9c50d64faf4f991b,44cc497bb206d9521cefd89d8460045a87987bfd955248e3dc025e9fb1bbee28,2023-09-24,2
SYN-5000ce6756a710e2,44ce897331b1cf8cddb068de72f8be22586e42a93379603a088b385a135c5cac,2023-03-27,2
SYN-08e5f7994f01378b,44cf723ca74daf80bb44bf3e30f0fc51e4eb30aea592480746278b208a0d171c,2023-03-27,2
SYN-ea9ddc8f44bfab47,44d1208310059c3a3cb5593ae2868929a7b97b704415d051a12008e6cd3f1859,2023-04-25,2
SYN-a14e8a7238d3abdd,44d41ec9ff605d01b17b7ec4e12ddce96e8adfadfabc8c8c8bbad27985ca249f,2023-04-25,2
SYN-b51b07bc5aaeea90,44e474884d3d2bbcd3ad00102e8441f11c01260c57b82b21f72018a96fa3b693,2023-03-08,2
SYN-951f46a84a58d7bb,44e81f90ff17d61cb892c8850115f118048d552e021756592afc0cb99aff571c,2023-03-08,2
SYN-05ffbc1236c682a2,44e91ad96ee4874a7b91caf85e4eb48a9ed25e2fac6b6a3161a72de1f8493047,2023-03-08,1
SYN-a01863157d02f864,44f3ea866a3b041ceb52af61d542ab54b4f872243e7ca3a51527cf9b8edf6f19,2023-03-08,2
SYN-99a3e208aaaf67cd,44fdcd582f8f4dc60bec6a1fadf9f8e442441438edea6de585619f769b73982f,2023-05-15,2
SYN-29fb8888cbbe13c8,450111e6331f883842b7a2e45a6492b22881172e153cacd79da426a417d2f67f,2023-05-15,2
SYN-d6cb5b23177e44ad,450731204da142b0f97fb425067e248410d2c1d47fb46c06428a9132d2293d1c,2023-07-26,1
SYN-3581c4d3a8d637bc,450a2ef9a7bae9db6c139343315ae11653a7727cc4d28d30b32ad41abefb3c77,2023-07-26,2
SYN-839619e015386c93,4511243c28b0b8defb740a83122275f5c7b380c5997fb3a1d4dceddac5f5a1d5,2023-07-26,2
SYN-5165b940ffb96790,4516677f25c4230b778e0e12fc434c91d67034d3ac436cb8b13b00258a84c79f,2023-07-26,1
SYN-7f64cef769b77f45,451f9e88e3d1ba642e0936df10bc96391a2125d9138a796f44a12e51d6791ff7,2023-07-26,2
SYN-b795abe297e103ab,452102908a6ffdc756599a5060678bdd775f401be8d16a37df9415c2ca190685,2023-03-27,2
SYN-250e77ea22fa9cf4,4524d2af5b04bb48954603533684920a0531f5c6bb514bb52cf7b61f150147af,2023-07-16,2
SYN-73c7157b1a93c386,452f5f73f07b97b6074b8a37eb862a621abbb4f92378b52266177297472e8727,2023-01-01,1
SYN-ece7b8c905b28773,454ef9e2040c157035dbc3655e3e223273fb200f3fd529679011a4adb1fb2d68,2023-01-01,2
SYN-219506ca53fdc3c8,4554508997b18d003ffa92be213d479178ce20c3d5f17302c20a28af680c83fd,2023-01-01,1
SYN-c6d9864447fb858a,4554acb6f2591259c543111f0d084fc995c5a01593f9db1e4134159fafb94596,2023-01-01,2
SYN-d74fd01e8e205309,45558fc9ab558902ba40c6fa2942a598fc3526335b2b075903f48c3dd59f6359,2023-02-06,2
SYN-0f9b2284a226508d,45568574bfdf0ed286dc83656ec92937b71ff3a0236999b93b7ae813e3351a4d,2023-06-17,2
SYN-226b6364a972f0a6,4558f62269d9efb491ebf5e491258cc0e30fb5586d962d20482fbb9b5e568fc0,2023-11-08,1
SYN-a2887089c337035a,455b894dac6c1a2917611ee6a6707e742a34e67cc6c94319b4d9b1ea8bb54803,2023-11-08,2
SYN-50a007f58a7a29e7,455c2482fbb7de6e5a23266e89acb89cb1dce310465fc4f5746830a8e8057a2d,2023-11-08,2
SYN-3be82241cb3b793d,45693e3b470ac76edb1238a5425c501ae735b5c786c0e59dbbfbbd863561bc77,2023-11-08,2
SYN-32344d76573362ec,4569bec6d60eefb8b1592d139e3110a2a4dd321f4d1c4224f72862e750496380,2023-11-08,1
SYN-0398b1544674d8a5,4573848edf24735768924f80300105ef83b51417c86b3c6b6d9000cd09cc25d6,2023-11-08,2
SYN-b15d962835b8bf2a,4579d2b5948a6d999720fc3258da2a71bc0dcd53580c903599e88dc02c986b38,2023-01-25,2
SYN-a50ddfe2de7ce6e1,457c63004faeab179a1acf525496ccea092280c2d11344e86742727f91e4a379,2023-01-25,1
SYN-158c10550303d2d3,45828d81f64fee5719c9bae489700f178a0f2fb9f49f6ef745d71c6816aa8158,2023-01-25,2
SYN-726a3fa2bd1d715f,4585650fdbc2c9c1b071f9e650ffdef138e5bdb3bab4f09e529db1099ad3cb71,2023-01-25,2
SYN-2fd4930cbc66aa96,45883ca635743baa8f4ebbfe84e1aa802e094c32a2b2da60e11b4c6ff74def18,2023-10-31,2
SYN-abbd34b94a44093a,458c6b2417557d734343e636aa02e60e1b7b6ca2e2ef29190d8c5014e5722b66,2023-10-31,1
SYN-b66bfa12d0f77e48,45977586e1c75e42c32d485a4b58a80ea8e8e64c6578a06aaba9bbf365ad3654,2023-10-31,2
SYN-9e03b3c9212e9766,459b9c822ee0e07feef8e2c67ff285b0831bb68f6366e5e221608fa283117325,2023-10-31,1
SYN-e70acd4dcd0d6b31,45a458b401907a9d135b03ab9afda7019a8ca6e2dcd819d8af4e827bc66569b0,2023-10-31,2
SYN-b0d2d4162bb111df,45a4755e6d3a6803b2e6b1339e2983f3e08cfee2a837ffca1e50d886e8eca498,2023-10-31,1
SYN-f40332557b721e0a,45a8d9cf504a3193286ba7fd122ac7b03ce3423d9590e81174f6886765729ce9,2023-10-31,2
SYN-700bad2c18bf7842,45b089519127f99df133cc61aa4de59b893999158e850591491eb42c3d66f004,2023-10-31,1
SYN-28f710b7d7d70946,45b31009621edcaf08bb3c3bcef763126ce11749f4df0b1020cf8c11f9698e8a,2023-10-31,2
SYN-767c917cd197c312,45b6e9e56d88fb7a7cb1faa5e66fd15c296802cb5e57c71a9cd7087924fc3453,2023-07-24,2
SYN-f323f35e18b42c6c,45bc4bdfcb35a87c49fe86764eb59c403f16875fc2dc7c40a1d422306adf4e42,2023-09-22,2
SYN-94731453789efd38,45bf2d5177d3d41c5eb006cafee1019b1594914c765dffb3475670a91d1757f6,2023-03-10,1
SYN-9d9ff29e786242b3,45c46982db92317412427fab5da88e5290b47023a2cd4cc8813b86b476ee9f38,2023-03-10,1
SYN-fc2dfceb766543cc,45c649f473b2aa67721b1a07ccedfe94e6c5ee8004399dad96de8e108738687e,2023-03-10,2
SYN-a8584a9e67881172,45d71864c867558af09247534e9dd5378dd539646423b5ca26f18df64b8c54d3,2023-03-10,2
SYN-d50dacec5448da18,45d85214c3ec69f7d557c753f9d43d7cb3aff1ad3a88922547c6a62c8ccef893,2023-03-10,1
SYN-6b6c24bd7bd5aec3,45d9a537de9000b772c98c7eaf0d4b2333f4056b671cbc2619d29142f274ada7,2023-03-10,2
SYN-15f5d9ef206f9181,45dab191d96c805fad657aac23a3bddd665ef2a037ad1fd7e13090602821c9ac,2023-03-10,2
SYN-6c9aff1730a78577,45dab347f8465e6ef58383c85764d3964fcfee0dc0f73ef92f5bdd433b1b6ae9,2023-03-10,2
SYN-7baa19910b3e9d42,45e57b613bbbc549848c541e9f1bc7beac981c995692417b06698ac5c2e5dcf9,2023-09-08,1
SYN-39516a1e60324ec9,45e68ba76bfff7c5ebb79e1a8b3032c231a5cd831a48883c2889eec76fe45c09,2023-03-20,1
SYN-0988e3d320e118e1,45edd2a61b9c812f9a66ed83aa39b8a2c3a54afd9fc16e185c7cec8209a4813e,2023-03-20,1
SYN-c96bf0a96fd0ded6,45ee33aa8340735934493c340dc64acfee0512a0afc61c4145e4e9b09e4018bd,2023-03-20,1
SYN-2ffe9ca7c7438a58,45f04df75ec05d2df5bf8b2a18edb09225451ec34db1c512d9a3f1f90f2f020c,2023-03-20,2
SYN-d413161c310ba0e5,45f5b24e9deb9d8d13d0c102a24dfa8b7c57aabb69a94413b4fbed3066a1a69f,2023-09-01,2
SYN-f51d5ad46db8ffbe,45f73cb3ed9645cff8195f3a03232259c9c522f0ba139a40afd15bcfa86a5d3a,2023-09-01,1
SYN-c7bbd8663eac2df9,45fb5237b5accbdf71fbdc154c71a3645c7f1e0ac1863dabc935dc9f58669a5b,2023-09-01,1
SYN-b90c785204947bf0,45fb960912d6238db5538813c972e6cd2355dc9739536bd9d771247db8c9b7c6,2023-09-01,2
SYN-f0c6e254675dbc83,45fcf3ed48821e3f9403f4fa955db4a0e166b16393baea74a5e682f5eb6f642f,2023-11-25,2
SYN-cf49f7216aa9dc3b,45ff0a407d225ec1eaf97f8fe0b1e177b48bacce406751d797edbae7b0382367,2023-12-04,1
SYN-aeafeae8f1c8748e,46035fad99df0dc53851a3a860b8157674dde82119b3cb9dbed4502d2ea8ef62,2023-12-04,2
SYN-068dafd330b3c98f,4606ae608b828598b4fafa9d91acbfe3be0925ec2edb0fa25fa7293262318ee5,2023-12-04,1
SYN-8ee4372df96e62fd,4606b5bc72b23e03715f19803285ff338eba722aae1e4f5bda26c23991068003,2023-12-04,1
SYN-1bd79dbb163bca1d,46071e0cc48af6c9f11165f1bd960f48627602ad59a63035477a56e3a7007193,2023-02-14,2
SYN-6fcf0a1e47fb1e26,4607318c152e3b21de74afa8f7e7bb965dd4bf2437c0f3c22f9b994af10e5827,2023-02-14,2
SYN-2d97c1635076dc8d,46083197ac27203f70ea301305e998383a03497fc1f23cc351cb34572baf56c3,2023-02-14,1
SYN-2d1edb70df1210a5,46111ab623e847fe73d1ac29122e72af37ecb2c62e3d14e21929a721fed811d2,2023-02-14,1
SYN-695ba26774153869,46131a8f2d327caac62fb6cde9bc7643447c361e513de345b64b5a5f7e2fe2ba,2023-11-03,1
SYN-d7fc6580df9ef227,4614534975b12eb67e155f59743c0ecd92109d673b5c196008e71d8fe413367f,2023-11-03,2
SYN-3b33a4f01b3994ed,461476423372db0d28c89f492af4d1625f00f07e556ff9bca56ac9165b6d14c6,2023-09-18,1
SYN-ccc85eab46c704eb,46193b292b8c4cbef8d2b75a75b92584c4fef588b07171b7692ac70d2cf2644a,2023-09-18,1
SYN-bfbee45f785c684f,461ae31818ad01158f6f86caf0670af7afb49b9d429c200a8033df4df2f0658b,2023-02-01,1
SYN-73d19003e820d758,461af1a7097abf7c798242b3f44f218386b23e7a9c904845debaadb63c8524d6,2023-05-25,1
SYN-db638efde306ea1d,461f219f2ce57395e7f17443a1007ae5c0942cfd10a932462ded635cf271c1d0,2023-05-25,1
SYN-1119ed2406b9d5db,4625487d754aab53748f8a593d3a78c82565c091b030d2b52ce94bc0078590f6,2023-05-25,2
SYN-26dd3233ada9e1bd,4628f1a9d6c8e689895524874adf311b3246c78f6cbd51611a249ecbd03e6b49,2023-08-05,2
SYN-25fd9856e12542e9,462ad2b98b52376e0ae9fea7fa8af66566c46af70dd7a198ad796b0bae244b84,2023-09-28,1
SYN-84c81f6b0603fcec,462b29bc33cfbaedb5371be70634c305bb849d00119c968599d768d2f4859240,2023-06-12,2
SYN-c2e49e822c90f4b2,462bccfa63cf30ec3afdcc43da0ee9d83d6d5fa5d971cc3e501cd8e175bbe54f,2023-12-12,1
SYN-de82b03683f410d1,462ec189ba8d7eac4cacb44739f04f527de5a6b7c4753280e01d3e02ba81c194,2023-09-17,1
SYN-ccd3d4e946e4c7f4,46301f0d07158fb8c67e97377125b1fbe310846b6c6a3e4ba612cf44d6f8033d,2023-09-17,2
SYN-fb27ae9da683eaff,4638fe42bcad6d99daf8b473cfd8f81739c2ca406a0f48e73f25f06fae667844,2023-09-17,1
SYN-42b1d4c9db8929fd,463a06aa2c829b3743fb84a0b60bec950ad607c28098d1a738ed58bfac814ec7,2023-09-17,2
SYN-65bdb3c11c9118f7,463d7f437b06120172ed79ca873b5a2022f51adaab70c37eb160f84db2a04c02,2023-09-17,2
SYN-558932651546aba1,4640411aaaaa1a5dc88fbbb76a819ee384c73705b66f7cd9efd13e0ed26186c1,2023-09-17,2
SYN-a4e07be7612f9de0,464c749cc18c1855faad5d3feba3cf4d5b28d035afda15854dcb08f4f1a144ef,2023-09-17,2
SYN-2010f65f56c6a102,464d89157f26f5bb5bba4e5226140024dd38926ca58266c206316fa1ec7a2510,2023-04-24,2
SYN-9f28ea39c5f14894,4650cdc33547fbc4f4714ebc83866f13381d87e39abbaf6b2f729c5fedf913a0,2023-04-24,1
SYN-8fed00a518d14077,465b9061dccb89cd6097d920a037a4d77749a9fe05a63c0b862e08d020cf9a9c,2023-04-24,1
SYN-520f11bd1b8b1407,4665124e071e3e9f7bf538fd08b0b9fdada92dd8cd982991f3485a1c3a447c96,2023-04-24,2
SYN-5974bba12029fc8c,466892185c67043856b8464a57d9554933822f4a0a6c466ddbb5f4d002ff3f64,2023-04-24,2
SYN-e81b400e0eb8632e,4668a37922af8d8a8af7d41303156b5104936ffc4f3a8e83431bce715f61262c,2023-04-24,1
SYN-f78ba69ef3a90aa1,466a799885629c134d25a8b0c97c001667b5f6f8e4812c456f837727224ba915,2023-07-19,1
SYN-66dc87a313478232,466b747be0c6273b69feac937aa72cbdb996c5da1425a4270aca60d0f6fb6abd,2023-07-12,2
SYN-3c165a7cdf65c97b,4670f2d4f48201418c5f79af70ae2dd5e53affacb21b4aeacded73ee4cf6ec21,2023-09-10,1
SYN-cbd5d73715b5bbb7,467b95353deaba64453086ef21010732d56bcc3992ad2952c47918f317c6daf5,2023-09-10,1
SYN-1937e318c0708edb,4684c94538b110acefa3f99943bd847200d16156e6551a73b03777fd5e78a22a,2023-09-10,2
SYN-42e30e4759902adc,46906878a4703f707436ca492a29928a84412afa3bbc49ca44de62cc2c54fb6b,2023-09-10,2
SYN-9c6384e5ca7ec169,4699e240d7a7b7436e865c9b157658c3498302d2165de49ec3b3c108b511ac80,2023-09-10,2
SYN-43e7db52551f7f75,46a5ca38026f0d1c74e1be34594a84e361fdc317a965f441ac801a2a30da4766,2023-01-09,2
SYN-141509b6b0c20bd5,46a81712fc2b45c4a33807e63b71762f111bad1f7e997084e95cb660bc832f29,2023-01-09,2
SYN-8ce578ba92982090,46b2cfda3ab898af7864c5949133d1472853d88d37605fefd4d1f89df84cfbda,2023-01-09,2
SYN-ad8f58ce153789f4,46b34a37ff16a6b5c40ead3ebeb38361e991a95d61bc0180d679583328ff635e,2023-09-14,2
SYN-6e58128a3861f99a,46b651c01c1f485dd8034bf94c5e82de395fedfa8d7c0637299b62626ed9427f,2023-09-14,2
SYN-073086020eca0e53,46b9cf1db06dd36c78a64cc6b28fc764de205a2912f08238d491be32386f5488,2023-09-14,1
SYN-b0feca0a42c3162c,46bea1293161f71f1254a2053feca60ad58e57775e8b41f90e1f9ab109ff5bb1,2023-09-14,2
SYN-39a476cd9613952e,46c2efc856e6fd4d27b6af7bc81836e21407fe78ce1da70152f912850fe09423,2023-09-14,2
SYN-f49f91018b5c87db,46c480f89ebb78c74dc5490d63ef1fe70f408e0586587be8ba56ecc295f81c4a,2023-09-14,1
SYN-921b9d51ed16820e,46ca00d9bbc4ce5b624d8ce820ec227bd132b74b1df0edc0b15363ed9eae4a91,2023-09-14,2
SYN-e7dc722aaf5767ed,46cd00ba1caaa02dd2cfa98eb386c895f5e507875691f506c5e8933a63dc219a,2023-09-14,1
SYN-84d4c4ac91014297,46d0b58027a354e2e8aff5cce7ee9914e4c5245adb2351062172605453f4a408,2023-12-26,1
SYN-79ef99e5c5c87351,46d8190ff56fdb71325f6cc02f3dd55a49f5adeaf9fd6cd23b436e74e915d35c,2023-12-26,2
SYN-5837e31ebcfe9da9,46d82f169ddf65bb04d72f5f3b7b1bba5e0d125c31f04f1c3ea20fc673a52feb,2023-12-26,2
SYN-f0155d9cbad4f190,46da69f92997a018dfa17ac76de96e2791c5c0c46425c2284e886b7aee2485c8,2023-12-26,2
SYN-52bae7e47a9af07c,46db704def7660d3581afa36af49c9cba0b1b2574e51830345436187f687632e,2023-12-26,2
SYN-96014b1e87de8b78,46dc2440abc63a5b0bb78dd027fda9c5940377fc019470fda947c10ac6bde6e0,2023-12-26,2
SYN-d2c90f98ad63cf5a,46dcbe2a19cb0cffae831d1d461625fbed48fdfe36f7f25372f3648fb575ffd6,2023-05-16,2
SYN-4e105d3b3a1160fc,46df79385d534c9b72c581f96269d93bfd3ed222286a640a44d47077f120edb1,2023-05-16,2
SYN-fb09181e5f8ad365,46e5b3d5f0f12a78a38b063969d4b5126fe65895eeba65d75293f56c37346cfe,2023-03-04,1
SYN-38f0c499b754da5d,46e62f78f5d190d65b1171a50b71cf9a4972a46037ea7fdb2b6b2e8e643a2612,2023-03-04,2
SYN-3dc1656742d26442,46ec2acdf30eb6b9cca09dbf91aa6c5a1ccc349d28aa20a2c848fb5f4a5a15b1,2023-03-04,2
SYN-67ab0c0af0460466,46f4eb0b0059b10e8ed87864f16ee4ff401d895966b463f8765e275f340249f3,2023-03-07,2
SYN-cd76339957bf7f46,46f80578c8c373b9f5fe7b9458a0c58db2f15b1f1a5253b131a41dfd9b0ab4df,2023-03-15,2
SYN-532d34b2a7106978,46f984e436858d21211de5e30d99349acfb58b80fef9d95c09b23b676eafba66,2023-03-15,2
SYN-206c8510411100ea,4702860a0dc070a16a97de71d052ca5d2d5ea2689dffca25f6f94829554ac9c2,2023-03-15,2
SYN-e6e76e1493c753aa,47031b55baf2312a574a9e40b42e564e31df04e7d28aff88beeb020fd8e5c441,2023-03-15,2
SYN-78ff0d16e98e1251,47060561355667f0348f5b109209d517a99d3e522db7d3d5c1711e675f5cdb9b,2023-03-15,2
SYN-4436659c82d634e3,4706541dd0026f56abd2224b7a812ffab4622f50940387457f7b5fcadd6a790b,2023-03-15,1
SYN-b486e331c6ef0435,470d2f61d7ebd33facebe6bb79cbb832a41b28f4583b0e35c6068ea9d6e511cd,2023-03-12,1
SYN-609d890830b4498a,471083e60b9577d44a556910eace2b0939a8a482034f6f69025f9caa70bcd8f3,2023-03-12,2
SYN-f41adc385183808b,4714c372c7f7f5f1916cd981e0f70f876be49240444224ae762c04c5da456675,2023-01-20,2
SYN-4753079b5c88a7ed,4718b2df3b009c7e26d932ca3b09f6392a85a6a073da82eab4ccc712844a7917,2023-01-20,2
SYN-460712c05bf6c55b,471a9873b5e24c6c5970d94e50c742f7bf0ad83029d3ad5745adc7097a8cbb0b,2023-07-02,2
SYN-a65c13dc9cf58822,471da919f4bf2327d5444cb17723ef3fde500b06ff1c4c67785c500b8620adf7,2023-01-14,1
SYN-d06203cd3c7e2172,47212743d2f9141bb02f4c2e496174fd3bd944613fa7fcfe63062c653f39c0c8,2023-01-14,2
SYN-42552192e3d33d54,4727eb8452b2dff729f028e16a179eb7c9ce0d56906d0be1f7d3bd5eeef6077b,2023-01-14,1
SYN-bf79e1c2ca0a7f1a,472ace13ca7d4988a373992ba21c4ab17e904f9e1ef26dca6bdfb12831016072,2023-01-14,1
SYN-5432f0f0134589b3,472b67a8d249e3555f873d1f02e8959caf18ee7b264dc4f20cf83930bcfc0d44,2023-01-14,2
SYN-f891892abd439a6c,472df7e718c6d3606c9892013bd6da1f98ae32b6d71b05b5e155716a639ee8a4,2023-01-14,2
SYN-cd52ed9ae8518c0e,4730b8f4a5cb008320150f499947a597668dfe041e68aa8296677b734d7131c6,2023-01-14,1
SYN-eb85365cd87673ad,47326aaf5ab0265afe4879cad8406e64bd48cd7a96f7b8d2abdb5116bbed8d05,2023-12-10,2
SYN-d14e00089b756234,4736b30ec9738b07242819f36ad95a74b4fd73e80b863d235f5a65d0e543f789,2023-01-19,1
SYN-bead451f5443aeb4,473ceee6cf1a08d2e1570d331e339749c890f3b283c361218ed10f2de4a95c5f,2023-01-19,2
SYN-c7365908dd096c08,4746cc8ed6da7bbb117c6a0cc08410dae9d56b040dc4e663fd1e2840ac7f2d13,2023-06-24,1
SYN-584cf5664f17eb86,474774e81db48e4a11ad78905cc3c5ca0c4909211b63d42115f0c17ad9c9ab7d,2023-06-24,1
SYN-feeb9ba47b3056dc,475c3fa784859183c81fb38da87fc8b4a3a368da0f1cde1875c66647eda9c7c1,2023-06-24,1
SYN-904ed145250999e9,475d0507d24a25477ff318331492a58065758dabd074fd4257443160df95afcc,2023-07-30,2
SYN-fb390e1f896651c6,476374a370e51b3ec741818e725d88c2d7c801dea2b865108b48ba2ed333d3f8,2023-07-30,2
SYN-40f45da753888909,47652ec3e66be1c259baeff2d290bb36ec63b60f8976621df57ba94f9557295c,2023-02-03,1
SYN-7118b3e32a15de20,476a7e45c344026ccc9fa2a5a100380eadb8397cc4cf3125346c3fead8017aaa,2023-03-03,2
SYN-10f8d2c32a8e5f76,4777bad729de3d2c598f7dc9c310dd0576d8bd7379e652479df677d654796411,2023-03-03,1
SYN-4f0f800e56ed4cda,4784a31778307e644d5c1ccbba654adafa0b0399039d1e9811f02bc53ad5456c,2023-11-10,2
SYN-0bd56c99f6ddc132,478bea7f221168ed96482852b042bf4708216aaa976626410b74c6029b188011,2023-11-10,2
SYN-ff8f2469a5a1ba7b,4790fccf5f69ac5022ccd2f83daef7cce1c479f567817d4a10782118167ff280,2023-11-10,1
SYN-ccea244fc68c9f9c,4794e802cd8ab3adc2b848e8d2949a7160ac29ba4b25db5fb2ae0659f7959ca3,2023-11-10,2
SYN-d80b9733fd6c4c71,47965178d46518b999545c32f3c40e17a15cbe182c9c1585be2e91468d4ba1ad,2023-11-10,1
SYN-05d5d0c2349ee45c,4799b90cfe534c8829805dbb2c4f3597fca1f51fe3abea32a9c6d705cd32ee6d,2023-04-23,2
SYN-a1485001da9f1adb,479ccc71e37ad5d80a799843e9033f836bf437cde5ad1a437f0ceb78e766f8c3,2023-03-02,2
SYN-1c18c16ebf67629c,47a59f1c3a3a08e09a22a0f200313522ca58294738632bf86bd5e8b70c699b19,2023-03-02,2
SYN-e3509f5d283329bd,47ab4d6aebf956d293b0153073a9547783dc4e303eadcff779c18fe54f548015,2023-03-02,2
SYN-b83e7b5c1d287d48,47abfa69ac02e1bde71be847601bcd837dbfaabf81b5792c9f3d2682f937e295,2023-03-02,1
SYN-dfddc2fa154691b3,47adac03f8945b2fa68eb16319c107314d0ba4de83c2af26f413ca9921a2538b,2023-03-02,2
SYN-4eaf9e0de3da68c0,47adc8d3b4cfaf60b6922297828367c68a5be30a8b1ed5a72991d4741d9d1fbc,2023-03-02,1
SYN-2649e05a12ceaae1,47afc788796b36ab6f5a5d167b8caedb120f7a02fad9fd66661cd13b50cc7e2f,2023-03-02,2
SYN-661f54fad73ac060,47b16b18b067c4757bd9222b85b653238c86dea7e9d2a6d6e69dfd846b988df2,2023-03-02,1
SYN-7086bbfb1227b2a4,47b6931ff26e61b2939fb6571c5f318a60606a2f52b2210e5dddd93f691eebc3,2023-12-21,2
SYN-4aaed0f809cd2733,47b9034ad512ee616bdaabeed6a03bce82caf1c476559ea32bbd1e7b46d94453,2023-06-15,2
SYN-298b7c63642ae38d,47be4508bbcf92f970035861e72b829b14d369d44f778ce4c2defeeedc839f1d,2023-06-15,1
SYN-e594dfc9b961efec,47bf9765bdb23fd5bd78a50037724399f5500e0db892bb93cdb250d3ea9b0ded,2023-02-14,2
SYN-1edb115a115cfa90,47bff88afb03976068c3bb2629157454e1174da029bb4e784b2562383cdb2847,2023-12-23,1
SYN-29a67503323029c2,47c2a66d1ef91c39e1d63ccbfd4edfdc5fcb437866cb1be3a9a799144e1b345d,2023-05-29,2
SYN-b7a76028fa032db6,47c8799deb197e97d70fb03ec40f47918ffbae6ef528c4718d1947fbac76e5ad,2023-08-25,2
SYN-9b1c117b4ce369dc,47cfc2d134549b7e494754f280fd9f2fa3b2f39b94c0d42b6f4dd4a8ac124ec2,2023-08-25,1
SYN-004089f5cbf7cafd,47da77ff18b3ab958c586567e6a70a404b71de70dabb74a6773bc5b3e28cd580,2023-08-28,2
SYN-af936f300819cf45,47da8a2d789022713db09787b71c5a6b58d85ae60e4bdaece3222ea12e6b6e82,2023-09-30,1
SYN-be911a8fce8cd911,47e9d426f3d21e1751ba68ed93b9236be03647b6b538f4ffd7d0817bf1cb2f02,2023-09-30,2
SYN-3e56a4672f99513c,47ee39abfc2e7182e0aa166cd1718fac4ca006733f991d5f27295b5abfdd1eda,2023-01-23,1
SYN-3d10974b0860b5d3,47f496a807164c3652c2b340632d501a17ed4d41061de34d03c2cbcb7c2b81ff,2023-01-23,2
SYN-76e8209d7e3101c6,47f4b401012450f1f1f61c15510452fe46cf1d6e93ac9c908631af4ce12739a7,2023-01-23,2
SYN-ce1f8603327df223,47f4c43b185b9df8439b5beef17f2950bb47e4dfd7f63a1f0e4ef90a2b0ebd52,2023-01-22,2
SYN-a1eaa6b90036d412,47f68caca2ae926f59d161f05377cfe6bb2fe64611eac20507b4a7c30684915b,2023-03-05,1
SYN-9471888bae377465,47fa41c1ef9e71ab9cecdfdf6fad6f2f285eb10c4aa50051c74cde647c868b65,2023-08-01,1
SYN-259e7bfe843daeac,47fdcf696e65e47fdc2c4f439ee93fb9a04d87274c28f51c384af6e708a5fd55,2023-08-01,1
SYN-1739083ef631ab11,4807d452b2569761962766edfb9c630088b6ec7c8ddfcbdb5ebd4a982ca7198d,2023-08-01,1
SYN-2403742d0fb933ef,480d390cb43bef9ab64a83d2f3dac7a6ec0057275d821b08771141911099f36c,2023-11-12,2
SYN-db5700588082e212,48131e63d2b65ec250bf028609d0602ce16f22cca7d9ba6aa752777e56cc01e5,2023-06-20,1
SYN-ccbf7b35c6d11b85,48187ea2d37c200c9d61ef838b9c510554a7baaf72cc37210305cdbca4a3d4a3,2023-06-20,2
SYN-6bdb18d4fa765900,4820d30e2599148d7a749d8aac4140848cfb012c287d6c0ea26ed63abaa256b1,2023-06-20,2
SYN-622ea3e9a7e19bdc,4822ff05a2e4997d072353d52f3a9365ac5af8bec2efb6950389f92e48f79169,2023-06-20,2
SYN-18780da7cad0cc4c,4824c5fd2553a0203cf6facee5d9b15c956c4da6e436fa3110be2dcad90f8051,2023-06-20,2
SYN-ad6ad01dff2c191a,48282d3981ae1dfca0443c1f64397e0eacb53633fbfcdf3ade97c5f6fa1c1781,2023-06-20,1
SYN-429cbb09568cdc7b,482b7782a70bbadd6d141f19f07f1ba100c9b9f75a4b01d1239a44bd5b526e09,2023-06-20,2
SYN-964e8ddcfb5aceb4,4839440d385416ba95095b4ca7a102836d5d7455e910474d06d1902f4979e2d6,2023-07-14,2
SYN-397b5fe49e96b9ec,483dfed2d13bb06a4376f7628a25bad9e3b9069919eb1aa34d3213e9ef8b719b,2023-07-14,2
SYN-98d8cbd47ff0928f,4840fa4e7a5d2e796ab7d393b6ec2604b857bf827d322d1ccc1af94deab0cec1,2023-07-14,1
SYN-3a5129c3ea661a56,4849e092ac215da4b6cee96c9a132c0c141cf854121a740341661404b1f5ba0f,2023-02-08,1
SYN-3c410d505d35bbac,484fa52f840544dbb8067e139cb38ad5ba047bcde95246b6d53f45beed024919,2023-02-11,1
SYN-da2a0c213f8a2c23,4854f4a6b2ca6966cbd8b508925367eec016231af0399ac6a60b369ec640e711,2023-02-11,2
SYN-dd343f0c64b1c0e2,485acfb09f6314d7a5773a1b539d316a860a725eecd63f5566cae254bf604bd6,2023-12-24,2
SYN-6cbb1f50e1dd6a56,4867945b71ef60d756f2dfd22954d21587b836d5c5ab9b493f1402dab17c4074,2023-12-24,1
SYN-a3fe1ae207e82148,4868a05c99d73ebbfafedafc21b58c1ed9399e9339470c0b1f540045bab03c6e,2023-12-24,1
SYN-f3b8f2eac61f548f,486dd67ebad77e93d089a8c5d70a311c66b1208fd2e1f73b942547522a4469fc,2023-12-24,2
SYN-3751f97176e545cb,486f5389c05f8b4f5b43cb5d0c8aee6d5bedc0cca038452f1843eda1f4e2512a,2023-12-24,1
SYN-64d0ae03ea8327ec,48716bfce3a881ed82615099488d37b9ce1751f4ecfb8374695e7e262e48aeb2,2023-02-01,1
SYN-f1f81b4841c283f4,4874a894db6826a18902729cc200587bdb4585c24b781ce3dbf91cae0e2784f1,2023-07-13,2
SYN-b569c6bc8fb76a0f,487e6084b66bd73a099f613ec3f924f593f18b1bddca87873368b886355c306d,2023-07-13,2
SYN-60f67eb8f54deef6,487fb85c6749c961b0cfafb827662f0afef504a27da7b536799548b06a1973b5,2023-07-13,2
SYN-abebd4503cba5e3f,4882a2bd922ba0b02376e877a8473262c129c486f3d3ea44abadba96d24f2842,2023-11-09,2
SYN-5a670d801131f5ec,488381b305814ed44015ca58a7e8d1cfe756fd1d0744350d5194743195c72283,2023-11-09,1
SYN-170295b3ab56bfa8,488f41cdb26fd13b84a125e7846e8e5c8ab83fe1799e9b0e041973e69b956880,2023-06-03,2
SYN-9775ca0a9571e4b6,4899c47222a324305fa282d4fdfcc190e2ac3e79c2d3511158ec5a7d31e9ef4b,2023-06-03,1
SYN-782a2568df156765,489ac8bc0be9a2aff20c9410c822abeebd7c0e1d1268052839f96bd20bb33dac,2023-12-09,2
SYN-de146502507c5d13,489bbd2320526d9f204298290dfa526b68f786f5fe090abdc18247f5cf34a6f2,2023-12-20,1
SYN-259ebc62175dcebf,48a2333fff39b9145514f46706ecf633491ad9e8804d3ec41d77a80ec7fb353c,2023-12-20,1
SYN-44a7a3db5afbcc46,48a3faac63e70190d29516d16c1d1ae7aca8b34ac368df73e4044079c115be0d,2023-12-20,1
SYN-02a6a3d272bdd1f9,48a48cea875f1c36f6b0db84b9755906f51c209d365d9e513606d062ff7a075c,2023-12-20,1
SYN-c45a921c635d6c60,48a7dd7f9a39c52370c1f881df699dab365e59b0119b6274cce5acd72f43d0aa,2023-12-20,2
SYN-ef70ad2bb541d111,48a8c05efd0cbce82f4b68b2375cf0a3361661cae610b2df9ca8a48bcc8a6ce0,2023-12-20,1
SYN-941f490809674c8c,48b03801f9d1ff8684e845481bb9ed8d45481a03bc41deac4928942f1c397a7c,2023-10-18,2
SYN-02e9dd9d97433fb6,48b093a47eb76e934ee3b4bb65b066838ad8695e8d079621170ac47627f980b8,2023-09-05,2
SYN-c97b2b962d88bac8,48b3ba51a19a0c927d6cfb00f1489603845cee1f08224b3d0fc62d1916a04e1b,2023-09-05,1
SYN-2c714805def1a0f2,48c4fa85723f26221d385dc211966de23cc952de301fb11ef4e4e23a23d95323,2023-09-05,2
SYN-f37be06bb9336bb6,48c8ed98c3a26424a9864eb196e92e29cc279b47e61206293f70c562aeaaf0f9,2023-10-16,1
SYN-90a65d67a1a42f1a,48c948ee938bb3eacb8de9f0a9fa2fb5f6ee17962d3392d9b345f7f5a8a8b362,2023-08-20,1
SYN-cd34886bbb92bc96,48ce9d00cdb9f37294205edfa116c3d1869ddb30f3e26d2f31bbbaec0c6e39f7,2023-08-20,1
SYN-856a1bfedf59e2f1,48cf356361b81c4a06cd87ef64ff8fd459090a0e691d98ae988deefcf5cbc236,2023-08-20,1
SYN-63ddc595176dfce7,48cfd14d343eab2b26657be4698297e423c101005cbd923af87e116d965b6daf,2023-08-20,1
SYN-3c258012066062e5,48d0ae377acddac5a0be31c3aeea627fa832786a1284b5850bdac5aa523f7b78,2023-02-26,2
SYN-9ce804d396c99878,48dc3452179d5a2020fca56badbd71e2f8ac99047e208ec02ebabc7db89dda10,2023-02-26,2
SYN-8ace403f7c8b2fe9,48de537b0aab33483ff300b7ea575611a8efc755c392c569d9a87042a14d1499,2023-05-23,1
SYN-47aff70ee5aa0e08,48df8633be0a4c0e5f0c19379a338212abfebc70de85b883dea683efe34dc079,2023-05-23,2
SYN-a790348a2475e5b5,48e368ee9f27c0817e9302348c930c49e97bb8c791bba1c300b35ade855a0f9a,2023-05-23,2
SYN-54a09d66481d4ef6,48e3a795a78cd77e1d883dd3a34df08a2589c399873f97c0d68798d2e1551fe6,2023-05-23,2
SYN-98542d6fcf77fe23,48e6941bdca1d3ad3a2f9df51ba16104e72a9e70734432f1b8e110add40dfc90,2023-05-23,2
SYN-d428b460fb2ac87f,48ed21b3f7ccd7ef41fd21d8dcae0f46e6fb8a849916889234f910906fd15a84,2023-05-23,2
SYN-09270bf9e10988db,48f77af5362b68f169112a4e0b82ea8d4953521ba0a00347476094ead7221f08,2023-05-27,2
SYN-d1856060f9252381,48fd2226ee8c854a688a94c4eed4cfaa8d620148661fa538c0513f5c8cf14868,2023-05-27,2
SYN-94ad9bf3765aa430,49025c0ab12acb4e15367522e53cafdad609f51153b8e2b0ad1907781bcb9aa7,2023-05-27,2
SYN-9319303c6b5d07bc,490d052c4e8392f7cec1366091f789c1decda9a542602d413c45f0ae41c502bc,2023-06-17,2
SYN-ba02d12f58a22c7d,491065c0f07fac1129ae5652fc0fe9f29c7e9f9d50a2638331f085f5b098cbfa,2023-06-17,1
SYN-af97e905ecd1dbbd,4918a7cadca0b1d6fb409a22fb6be61adb8a49089633a3f35dd98c55585ebfe8,2023-03-26,1
SYN-5e6047c666a214d6,4923ac05f5faf45dea2de5839fdd55c1a1a5a9eb8e877b5a68fbf4ae7b82001b,2023-07-31,2
SYN-5a0eb542df9f0dee,492465c5288c06f2d1337f55a8eed12af53309108409b258845bea41f66c1229,2023-07-31,2
SYN-c4bf025f9b31ead4,4924f0f12d64f76c8ed02e45e14733e6c165bbdadc10c2dc18d3330d3ec4822d,2023-07-31,1
SYN-a04ac67570786d14,4933e56c8c7467e32b0d53f748223c7beecd4cbd6d342d0bb9caa232fd54e88a,2023-07-31,1
SYN-a66f12b41b63f5c5,4934344d7a7dd586753d6984dcafd3481d81062efcb7b774ddf0127c860fc7bc,2023-07-31,1
SYN-c4924b57fd75e487,49344d2fcedc098e94c761b040fa3ff8bf1b8943d1b006bf3ef285e989f1efad,2023-07-31,2
SYN-326f9a3ff1b81e7e,493a6c0bf7c4045077312787a740a8fa5b02837a76f7a8b0db33cadfeb5dbc8c,2023-11-19,2
SYN-7299b4270536b151,493e73408ce3bf0de9da2bebfb2ca506b39c018a0a893d0d299d85ad96f0e4e1,2023-11-19,1
SYN-1ac382ad0ab1291f,49404d4ed8c0fbf3f4164ad4d00f194d27126457067fbf7308ce04bbced8103f,2023-11-19,2
SYN-ccc81e12a8fab016,494b391c5e5e57779499266cc4cb8f52f8923df273ff3b46499c3a2d10b86671,2023-12-11,2
SYN-b10288713037bdc6,494f5189292ae58046ae23b6e8a839658a1d40b0369f3af35fee2a0fdf9af3cc,2023-12-11,2
SYN-509c465fbbac1eca,496029310f164f13ea205596037e3aaa0d9691d465b1edecde08e34e6ecbb28c,2023-11-07,2
SYN-e261abf50bc5b287,4961a6f64d918782bd1b66fda8195c0a515ca169d981bdcf8f3b139810c44fdf,2023-11-07,1
SYN-0b62ccf0f9f4126c,49621be191c0a7de5fbc7f9b1e52abc67d48724eec3dcdecd67b3c7533c8a3d9,2023-11-07,2
SYN-8dab2f5980f93d39,496a4ad9fab443700f28d6f12b588faf18347bbfbda1b763422bc3c4631903fa,2023-11-07,2
SYN-f93ae77f066cec9f,496e51b1906a80ff8671335fb53fbe1030220f7afd564e7d7ecec0cf9e2aebf2,2023-11-07,1
SYN-a850fbe36479a134,4975d739e72a2af4b29a01193d8dd426cc2f4f5269a14df2801eb7b34b482631,2023-12-27,2
SYN-85e633d1f4ce1054,49874943c74ac80994ebfbd82e2a81421af19f0ff7403a47e0870007adc3cce8,2023-05-10,1
SYN-0c4ef1a741a60a56,49895ad02fcb71e4aedeaa62d7df7bd4819b79a52e4dda755f171f1ae2e76a5b,2023-01-10,2
SYN-582258032f91dca4,4999ebb8dbb2055191a044847e428338ee7d7b1fc405dafd672570cc5856e2a6,2023-01-10,2
SYN-e07d608e7b00c6c2,499a7cd96e2e777b82a0b1f09d265ebcf1ba10f4555d8efaac58f0b69e9dc5b5,2023-09-26,2
SYN-a950fc431566d06f,499e191b27b72999daa1f398e58e1d114d78455d9090471e989b2232d551d993,2023-03-23,2
SYN-2f689b1bbf6e26f0,499e4757a46a3f000e19f75489190dbdcc2daf073410a234e5f77540656009e9,2023-03-23,2
SYN-878ab34de9acb724,49a06092ff31aa7234522a3cd357391cc923d9a9fd8988ac4bab91ee85bde492,2023-03-23,1
SYN-1e6ed02dce68f169,49a424a7344661e5f5a83caaed73fb9fc92689eed0430e2b48220dc7c3f0ed7f,2023-05-01,2
SYN-5e0a0315c168b5fc,49a57c420e5a462eb2de22b84fae9243baf14af3e247a54852cb3596e7afee0e,2023-05-01,1
SYN-677a1d98b96fc588,49a7424b5d48bba460cfcff087ab20ba863f2fcee7cfb3a8f2295be35cf748c7,2023-05-01,1
SYN-11050518d0297204,49aa7acbfaefc69d704346fb68e5d53116158378d8c91a4385d70dae2d739241,2023-05-01,1
SYN-eb4c923a884e4039,49af62136ea56f2a898385a9d3f88be8fc19e8c7128cdadc2950b9a616d205e8,2023-08-31,2
SYN-1a648ee9702c5cf1,49b3163587a9014089c4a1f97196094fe18da09adae85f51a1d512d5c0e44248,2023-08-31,1
SYN-d54c7a83a859d95f,49b5365ed3c0378c33b6ba95f7931368ceee8ddcf57c6d9c8cd703e63a5b931f,2023-09-10,2
SYN-55bacbc64291f184,49b8037dc03ed7214743499307f5cb7488f2b418cf1c3c4bf242d9a71c760610,2023-04-27,2
SYN-51384fe94895500b,49b8b92aecd081ee3ab803232d3bd296026d14edf056234c16827fcf62a8239c,2023-04-27,1
SYN-86d0f2077cfcc120,49ba066dd217836febf18ab79a4903ac98768d2a1aa5c7db1a17c7655d7d75c0,2023-04-27,2
SYN-1f54cb9329c4d199,49bac811da698d34a29146c2a42a2ee2a7af2a6e88a44440b9f6e5d05358836f,2023-09-19,2
SYN-1d37a57197b89a0c,49beaacac0c7801c2ce2d189efe525fe80b5d37e46ed05b50a4cd88e34d0748f,2023-07-17,2
SYN-ae56b1cf71ad4651,49cb8386760a4c45b5a73e6e7f7cb259177833dee349bb0e09833c7d231cea53,2023-07-17,2
SYN-d02d8b97de3be7ee,49cdf7307b6f1ea1f163e3138c8db370c6a2e47641ef9526978f6963f095220d,2023-07-17,2
SYN-9a2431d5d8718227,49d34da0ff2b22451a10ee1c3d9321fe1a7b3bd1e1ca082c06ebf3b8a9a9514b,2023-07-17,2
SYN-4da36e18be72844b,49d9f9cb4bd2e53708f96b4dc13799f8692d816fa1c0d5d3228669608b6f718a,2023-05-08,2
SYN-923e599daf5808c2,49e11310f8ab406127fb4794c900c1e592a62b04f11ccbef93ab1b24b44d67b9,2023-05-08,2
SYN-347e1847de687758,49e5daf5bb69f9ac434f05f9d8fbc6efab9747a56f9fecd2c3288107a86ec692,2023-06-21,1
SYN-22f6ec664e9a5c53,49e8772ce7dee1c58d7275085bc52f68a7b498a88e500f915af1e45551c71cc5,2023-06-21,2
SYN-90f4005ae145f44e,49ec15c7c3fe039388ae332b549339f031c28a6036058973eb72b973c7293482,2023-06-21,1
SYN-0348834c95ade859,49f177661dad16c7a55eb4ef7f293c61ab056d86a2b4fc93b4dc335a66f472dd,2023-05-23,2
SYN-e18c563769bc089c,49f331498a4f094354b20e1db40ef247b80c75785fbca090021b54bf89ec58ef,2023-08-17,1
SYN-9ebcd33b44053b59,49fb96c683f0f4cdb650effe55fa5ebf1ea2be5072c10751c8ece34c5ea2d3b1,2023-08-17,2
SYN-de1b4492f37f707c,49fba9fbac1e90a0cb0a87f7f782eb6cde4f535d122587cddd1801a4be396607,2023-08-17,1
SYN-dcb748c787d7024c,4a002bfb29c54324b0bb9d808b17cf3014f7ff164e4c0012e49b2f48a19d3b51,2023-08-17,2
SYN-c36bcc8585f26bde,4a0178f30d6cf5b079680956e28d869584e04fddc7bf764c7971cd7168311f16,2023-08-17,2
SYN-54d08d30b82e35e6,4a05605ae5c5d76c9bbd5275582c079c6d2a2bf80c945377dad1f9a93f0e5dbc,2023-08-17,2
SYN-422d1fd8195dd23a,4a0c4f578b945338682d4b2fd55cde522e7e35dd344c1e1e18155e0e52a298e8,2023-08-17,2
SYN-d6d0337e5f034805,4a0e5ac3a588efb69e5b114a5aa96e5470b4b3fddec9d25324c31d08c20e50b9,2023-08-20,2
SYN-f1c96267c236220c,4a196d5f7b3f46e251c4a200f098853df7997b2deda67ee4cd834dae2d69c057,2023-04-28,2
SYN-cd8fffa44fe52043,4a1c6f837518c91d947b0a832e279114108b3db026f167fd037cd5e86b1b16c5,2023-04-28,1
SYN-756b05689645f3c7,4a21d0edb283cadce719aef47d308b61205bcc7d41a7636c112db49fa0479d3b,2023-04-28,1
SYN-737dfb9b4f671d7a,4a22cba71cff2007986d2ab439883b6f354c285ac27fe2280dee0883387dcce1,2023-04-28,2
SYN-b4badbbcb2f3d691,4a2363f01236a3f7489859d5239be3a0ff6754e975fc4ba8eb3c919aa6bb0f2d,2023-04-28,2
SYN-8616a22ff708e724,4a2e0ceb40e9f3011656cf9894faca3895d6b81780de444abd59a85fcf525797,2023-01-12,2
SYN-44cf68819cefa1e2,4a2e962de0c3fb6d6aae3e3ffc2435d79171fa4a1f438a078e5e4339f7037902,2023-01-12,2
SYN-5acef465118fc0c9,4a301706a82186645e3c3bebde841da5a81cd7486c754ed5376c14ff4860ad1d,2023-01-12,1
SYN-cb2ae1819024a5da,4a36f7655a8487c5b207b358ebe91bc8f6eb6473aed95eac74ef7bc7229ea4b8,2023-01-12,1
SYN-31fd47e994c75806,4a37c84d6d8bdb84bd682f2a9eaf859e81d479b40e69560da3eedc7d8894268f,2023-01-12,2
SYN-cc869c34113c04f4,4a3cabd4d69d06953cfe4470d6c38bf179b0ab8e67d84bb1603fdf2664f5b55f,2023-01-12,1
SYN-d3945a94f0cac27c,4a3f0f74e5b270e44d766477a24be1bb5a3d5f1bd6288892e35fa21a45de11d4,2023-02-17,1
SYN-1f17827fbb09b673,4a501a5c36636ed8936566198d60100d9c78f100d334797261d62cafab883c86,2023-02-17,1
SYN-c93906671e559905,4a51693f590783f52e552f4292e07259266677f9e2e7526b4a963f8050a81585,2023-02-17,2
SYN-24a4c6a52568db83,4a5bd2859e06bc269806c9650a7027bddbdf17d0621dff488868d5cce3693d9a,2023-02-17,1
SYN-15303dbbba7f5427,4a5f89d797d02913d6e7abd612cd3a5fff65ee3c8884828f2815659b30f116bb,2023-02-11,1
SYN-1ed5bca7a59c939f,4a62f5755ee02ec92cec76ea5847a009d0add1709e8055988170cdd2d6dbc37b,2023-02-11,2
SYN-312e8af53df77c63,4a71fbeea1d26a2e6291b9e2c06e4872abb9c6e3bfb39d8d1f80bf3bf58d5262,2023-09-02,2
SYN-f3518a96b94bf067,4a7572b363fc6a37c057b6ffb2285b88decc0301abb0ed4e8c4860bd36d67d75,2023-09-02,1
SYN-52e8a04bd79c3e88,4a791d60d3500bab42fa5d987d022933b66570cf78cfdaecbbbc146c33c67416,2023-09-02,1
SYN-2259dd0c98fb253f,4a7a15d4145eed4a96cf6b5c9f1fac235c2144d288811fe313ef5d7225bdcb16,2023-09-02,1
SYN-ab446297c2dd932c,4a8b5d6d6b4d9d0e84bcd96cb172df64e44c1eb149aee19c671bc1053a86572e,2023-09-02,2
SYN-f399c98c3755e2cc,4a8e7555d0832884045c0e3d917b9334d7d50238ca76526559dcbf890a7e3873,2023-09-02,2
SYN-76729d24f34f1b7b,4a8f32d2309b51f1379ddbbfb5fbfc45093e319ac10928a0561826094df5b142,2023-09-02,1
SYN-11481f4f502a6655,4a977617283dfd58c90f0166cea4ab07bdbd631845051245dcc09c679651882d,2023-09-02,1
SYN-250da0c050da897c,4a988b3954b30cfe7b0b35d5e93afa660c578be68459f367c20d01958754e643,2023-08-13,1
SYN-95b93c686bdb68b9,4a991280a471a49d9136e50a873e034d38520eb6f10512bf35ca7fd5c4bbb575,2023-12-13,1
SYN-04cd935813d05c2a,4a9af70ec78422cf4c0ae6ac2e4bb9718cd424783e953838040e1eea3c1cfaae,2023-10-30,2
SYN-67b869ee3019850b,4aa97a9dbcc8b2c2b44255486ed0d7ae2dcad55f3c25ea5fc72d0ca7782c3d75,2023-10-30,1
SYN-b590c0bb3125d773,4aaca29fbf6c662fd0ffe8d8508278e86092f02ffce548c1a6513d37a7dc7545,2023-04-06,1
SYN-18fa212f5344ad45,4ab3c65e3a6b7f4ff2e042b936c82970ed09336e2d50c1c20c9e57ffae1ea2fb,2023-02-05,2
SYN-758f6617d4386fe1,4ab3f7cf4bc1a3dff2626b79995f51315d0b96f1936531ff19560c75fd64f5a5,2023-02-05,2
SYN-602a3d3c8216cd34,4ac0369d230b023cd26e6d5d0e2dde394ced193ea072a88623ec00ded5a5f2ae,2023-02-05,2
SYN-e2b3fbb90afc3ffd,4ac36ba02094a70368f3a65f05e43a594a41c942027d5d669cd18d37c0fd5afc,2023-08-03,2
SYN-bd37fd9398bc250f,4ac520986776841ed2be68889cc2ac2732a16c4200ecdb662d539518fb552b67,2023-08-03,1
SYN-7b01d1648660b153,4ad61e5e09fa95867a3edbf747a956d518c875f7edb5e76f1df4a13a6071effd,2023-08-03,1
SYN-76c04915e3ddd717,4ad7ba48bc1b2a6e988da8a15f8bca257b460d59a1cac673ed5e92a7192aeae6,2023-02-26,2
SYN-a32b3eb235879861,4ad94bcdec27782fe541bd5c0739f10668fe746ac224f848bbf4ca2d5a44edbf,2023-02-26,1
SYN-ad925cbbf660218b,4ae16d829c04db2ea97c761205d64bffc30ccc0102f8d1df4274a1ab6fee9e95,2023-02-26,2
SYN-ad10e60c599accb2,4ae1dd37278b05b176564d510c12c7bf095da18686677ece3e74a3496d147f5c,2023-03-31,2
SYN-18b2d8743ddcd778,4af0b60189bac808b09e6395f0726325a5002d106d8ca1abf3f412ea7d519df7,2023-03-31,2
SYN-5c56e1db495f8b32,4af3d05a9e22215c589db43a097d784fdca9b9be1338754d35529bf491f87bdd,2023-05-09,2
SYN-eb8f64da2962d66f,4af3d957bf3616c17f652372e3e39a3f0fb3fa3caf7dea5fc6949aa49ee0ffd0,2023-05-09,1
SYN-51e2ffd145ab20c0,4af4841a98e8fafa3f135dcf421403c0e14b55315a28454548b015c3f6ab54bb,2023-05-09,1
SYN-1c448b150eadd01a,4af6174ad7f1aa726732e7c2e5032b07d34ce1eb5571c3acf4c3e41c3d3ca0de,2023-05-09,1
SYN-db56b888a17612d8,4af6cc6eaa311f0adb9c0c91890a7450ba7e40a7d4749b23fe7b52c8ce13183b,2023-05-09,1
SYN-7b67a7fe5535e346,4af808e1f85f4ecdd1cb49e2688986484b1ef636bfd6566dd8ccd35f84c08581,2023-05-09,1
SYN-8cd6c30e2cd749a5,4af85a9c433797db1baa0b039ddffa6ae8868ffb6e473727e6b2f1e42016f517,2023-05-09,1
SYN-1906dac6413cee31,4afb2f84b5d76aaff2b318df0db8c646fd0f2f05447ad5affff1b60df86daae5,2023-02-18,1
SYN-1bd1f31c1a712e28,4affc53039f02fbae1dc2846a0efbcce79dc5f021a6020585bd1c516b98db60a,2023-02-18,1
SYN-c442173b9a1a01ad,4b02cd885b09b3ebcd984537e49741d4e58f0a35c13e39d306f4900399f4204c,2023-02-18,1
SYN-f41486f8e9d7ea8e,4b059bf3d11d39c9ca0b0dd8f092686bfd627e8e3c9c6575be5036bc3391bc53,2023-02-18,2
SYN-9e428786a3e21de1,4b081650aceea7b9ec3e5c37e9a976a976e2fd3713a995b0a0a1a884996010ef,2023-02-18,2
SYN-349f5b4f6d5c389b,4b15154bbcffdc6eafa2eda4bbc55dde8249ab7530c73dbec17235a812758166,2023-06-05,2
SYN-a99567d8463386d2,4b1a39ecda2e3cb6ca2f80c32b4d6d39d2ba2f15edb4b1f2889d6b4c95f4842b,2023-01-30,1
SYN-59c1615edf9a69c5,4b1ceb85ba4d193c2745aa75598cc7d9a7bb355e059176c65a02f050e77f204e,2023-01-30,1
SYN-2efd41daf9e227e7,4b211ec06bcb1e41e53e783dfd989a96a42799a9f1f0318b23e5ec9032834d77,2023-01-30,1
SYN-48d7bc28db609d50,4b221b17c50079ed56d1cf7e7354e09fe93423f98ef36e06d280c8e4c62ec64b,2023-01-30,1
SYN-e734cb57c12338e1,4b22bf6d79af58b252f38eb53da00082612a10a7774745723f53b2410412cff7,2023-01-30,2
SYN-80421ea0fd3456b1,4b28c0c04e1ee7cf4af97a49c36ee1c2dccb83033087a9f19bc1862a4a590d6b,2023-01-30,2
SYN-ca6c8033fd21099e,4b2b8607535341691d7619d130c4565a2e2a4e297ce06e6b5cb41966b97f0e8c,2023-01-30,1
SYN-f539d82a41c125be,4b2c532e79936b73ad3d650a194587b47aba6286cb45b52b5036ba5e76562796,2023-01-30,2
SYN-127ac97ad5e0e39a,4b3b03e917be973f08a22e267db8ba21b69f66a843f585fd7eb0e7baae921b9e,2023-01-30,2
SYN-323942275df8d4ad,4b620bf494983a541883e36567bdda9c410e2d46a8bba75fce4cee07fad9b88d,2023-01-30,2
SYN-3b4e1eb49a935eaa,4b63bebbd357c8d59595150730312cb9b55cb6312cf0de089e1f421bedc4155d,2023-11-13,1
SYN-2bfe5518acb461fd,4b65f76fc7154e95c19d86d955236b778af68694a23a77ad9660b5671b173df2,2023-11-13,2
SYN-8d720e72840e4d8e,4b6cb036c448a7ce0e3569b2d7919d369dff68ff4e995cf977c4bdece007d1ef,2023-12-17,2
SYN-ae65bedc1a197e26,4b6d10a30906f78986652e28d457dd83f0777c7d600e9c7fea162ccf6d1fc6a4,2023-12-17,2
SYN-b306675168507f32,4b6f7e07acfd1eef823f80d2fd6d62f97292e97867e3a80968f30057fc3f2819,2023-12-17,1
SYN-b4271e77bf3efca1,4b7349361b489c5d931cba96abf0ebd1a709f7ec79e1fcb6a6e13c2791885640,2023-12-17,1
SYN-3b0df5248a71552c,4b7706d0ed175f50e088c4bcc0505f0ca3a0784d31348ba6f3fdde7ee58c4215,2023-12-17,2
SYN-87835d25a3acc3dd,4b773308ca4b095460337e89bcec5c68c8f665b0cde63a48184cd9c80ca262e7,2023-12-17,2
SYN-4d6857a4f9103f89,4b8360cb0a01c69ec7ac81bb4288910afe7e6e5200da1789a3b7ca0bf35d8159,2023-07-31,2
SYN-4243ed69b5980067,4b856d08089180e3d8118401e4d822ad69e7dc427a28a2b935a850e7a3e2d296,2023-06-24,2
SYN-ffef5c28bc005fc9,4b8ca568a718bcbdc1a2d3fb7f70921e5d298c3072fe8d1306c6d0048c6e4e80,2023-06-24,2
SYN-6eaa5611dc40f75b,4b94d74c33fceb6a889254a8633abe481c7ecf6184aeb275ed12d6089bec133a,2023-01-17,2
SYN-3c11c53dd1bef428,4b9681fb0272bd9303862a27f57e64f6ebf10805448c44e7d80e808e63ce318b,2023-01-17,2
SYN-9e30d2fd643f5b64,4ba48502a6d0ea4533ca1d86bfbf784a4c8fab0636c82cc1b5921976729378b4,2023-01-17,1
SYN-71d9df2dccae7645,4ba5374b2e206e77ca5cbead309a3579cabdb330842a2cf8a23a66703f5b5166,2023-01-17,2
SYN-195d98fb140052ca,4baa3869515034d02dada2e86114eddc159d4195b971f6c19768c651e73d87de,2023-01-17,2
SYN-d98dd7e658b4ec56,4bac53c4290ffeda63bad4729338ac456c90401d86c0707363d17ed75e607b2c,2023-01-17,2
SYN-728e1df2e1c6fbb1,4bace594be32598d8a40b1fa4cddb57c7845aba5b9439770c71871e937335feb,2023-01-17,2
SYN-d5c0df47919e6544,4bb5db02ffd5e6c2ff829dfa8e3aa784a8c0ae9fa470b4d4a2f46e1120674067,2023-10-19,1
SYN-7e466e8a47799d01,4bb6d8dc5bdd8fb9c2fee4789eb87858cce36d48238f5033c31ce5e95aeec602,2023-11-16,2
SYN-5d522bbe6e4cf00e,4bc9cd91c9c068d5df9a0b96d8e92f63bf73c3fd796af98c3a20a06a41c960b6,2023-11-16,2
SYN-c2a6038dbf5ac472,4bcaa237e557d6a40658fb1f586bb90a5bb63641eb34306aafb93eb81c805e5c,2023-11-22,1
SYN-6ce47c135af0b1c9,4bcafede2bc8966e006baded14ddf6660a35f1bcaec40e7e228a3fbeb4e3c7e2,2023-11-22,2
SYN-b02a5b738efbd19b,4bd5b5837cc6de43e3176c001527da2e7912d0f0028cdfcb66b9e18eb03fc440,2023-11-22,2
SYN-0745a778f270521f,4bd656a82f475e3e45267838265f31ddcfb15d9f7a10b79f2da24796f440317f,2023-11-22,2
SYN-a4cda032051223ec,4bea24c2707424ccdcdef988580ff5315b35cac03efaaccdfd02f2a213c4e054,2023-10-31,1
SYN-8c2bdef4e02e5e1d,4beb4c8852978e8e4341e9c1b0295cd18c13c0e0f2f3007aa764848765e0a81f,2023-12-26,2
SYN-45fc7704255d1aec,4bee397ef4c9b45c7095436615a2930acfe63452b425df8fc3d3ae54757ee973,2023-12-26,2
SYN-9650f63d81a397f3,4bef483e9b550a45f8e28e5fd1f6bc7e0cdcfc3c02468d30bba7ea96a4210265,2023-12-26,2
SYN-89909e4a8dad5ff6,4bf6a35cdf7e487092d0fa2197337a777f308cec2d178c7bf7cf6f79410ee5dd,2023-12-26,2
SYN-fd318fff82fbb720,4bf964c639bfd2036ad12e2fa0f4e36f979d709ddf4510a35bb0971a02607d91,2023-01-14,1
SYN-aaa81495aea3695d,4bfa25cd19b2ba8f3c52314b7abfaf21ef6b65cbb405bc2b116bd04b3b0fa488,2023-01-14,1
SYN-894f6809665da7c6,4bfd5aeab95fba8557bd125fc17f85d21b7ae060f762c784d7585abbce47f429,2023-01-14,2
SYN-41ad7a04a9973a3c,4c082da374f23b7dd8d393c9e02246be73ed3a9baf064d4b6a622e4ad65c042b,2023-01-14,1
SYN-3c3f8f51a2195d63,4c1242232e422031856e291a9863c6fa6d4f06d23bb2d609dfc5ba8d81d3287e,2023-01-14,2
SYN-c25afb913dc23290,4c1c877642df85d18c145bce55fa26fab9475de488abc3cc0b32ab3f217e4798,2023-01-14,1
SYN-b4fa0c00e771f23a,4c20b93a25c59f262093f62280fc783bcb592c1aca784f8544a47e15658ed92e,2023-01-06,1
SYN-040266d854a55bbb,4c25ba684c55da56686dedc15d087bd611c4e0d3605f42822d6df3fa338cf144,2023-11-24,2
SYN-2086fe7091811249,4c277c5681f842a3941836843d2ac11591c5537ceec56ddfb7b69b7dd1d0acd5,2023-11-24,1
SYN-9d9c85fa816d5025,4c2ec9c472a9d5274b7625465d9fb59d76fd2662f683e0e51ad051b957303213,2023-09-04,2
SYN-b59c83935c0743a5,4c340b5027920b69c6ad0e5b820803f94d5f18cbe30df6f940b1b34d375baeff,2023-07-14,2
SYN-cf7cf6fa7c73206a,4c36c3bc8db8b2a4b985cfef4f2970ebbd0ce2285b0f439a7eacb9678ef0be21,2023-07-14,1
SYN-f0fa492e441e21c3,4c3764526274dc8e878469a2baea23b388cce3fcb4e139802c78e2b78a495fcd,2023-09-07,2
SYN-a8f0351d4f918953,4c37c8e5b46c10147b92f771cfd670bcf89f261ad743f918e378142c28c78b01,2023-09-07,1
SYN-5f5a2074243b3601,4c3e4ee778c8179592ad0fa0fa82cd331b8f7e69b9060f91dad8ea9715303bae,2023-03-18,1
SYN-f8bdb81eaf5b0ae9,4c3ffa92dac39baca160f553da4a190c01f63c482357b2bfb503c9ae98bba7a3,2023-03-18,1
SYN-3a516046da90ac84,4c4827a1b48d38b56afb1495cb77ea6029f66ce9eaa17808a5720fd2ada8dcd5,2023-03-18,2
SYN-cb20b29c0614b15e,4c4fddeba87a78847675470d69cc1813e1ecc97f4d2eb0ca79a470b92b1f0ac5,2023-03-18,2
SYN-6471bb69f356e4e6,4c53c9842389e64743d6407ad7e7390b04f050ed2808a0cf9aa8b08b10d2e6da,2023-07-04,1
SYN-64fb57d95c393ef2,4c547cb99d26dfd12653cbc4bb93bc9f564f12913e6c57498cc0335804f9fb59,2023-07-04,1
SYN-08ff0c99ce5b53c0,4c5a78ba45694fe8a8978af2c9c66645e2069e697b543c66bff59ffd3fec9835,2023-07-31,2
SYN-14a6775cd50556bd,4c60a57ff0b3ff113b420032a8dc3635230376c5b012ccb1cb5e273fa6b74797,2023-09-13,2
SYN-99c365812a64850f,4c60d124bda22bb5794a593fc5b181ce4c43d0f7142c3ba14e14f34e91d14b88,2023-11-18,1
SYN-8b66f79019c6037c,4c6360f1a24d92bb4688535150640763d7ecca8318385ec368a27a66d2525d58,2023-11-18,2
SYN-4daa8f89edb65bbc,4c6a54d6ad443fcd2edad363f7ff02aa0d784554194e92c8a00f1849341a07b2,2023-11-18,1
SYN-a57c3aaa711c5aa1,4c6ac770f15cd581eb69388e35af2c38f78c2915dffe3011c975a769e55adb68,2023-05-19,1
SYN-4d0f9c76bd7813df,4c6ad3e8fd164364be0f689bdf422da9a4f2dec39297da18bb73554015861ac4,2023-05-19,1
SYN-654b87e1d8865346,4c6bda4884757ec478a678425d6fa8c8e62ab81be0947ff78a12b677bf545ca0,2023-10-26,2
SYN-1b1418bb5cbf63a6,4c6cf28e35ece9e3d69172833e7c90da8dfdfa340313331eaa90d75c05efb7e0,2023-10-19,2
SYN-9f3e15a0fb7b310a,4c6f11eeff2b282769979c89581369ac01f554a974de3b6367b16cd97a4cf099,2023-10-19,2
SYN-7c987eb36f5fcad8,4c7d3d28d2a08e5265deffedbcc63ca596f159a946a53fecbcc1c4e97aa268c8,2023-10-19,1
SYN-c1d4fe6ed734421a,4c86d721aec3c306f80201ca7e5458ac715e59b1225b0a5572c7d75617236abe,2023-10-19,2
SYN-70248ebfd4ca30c4,4c8918eb6e3656eb355bb1a1c251013bda9ad8d4c7f9ebaae5db223d666537c2,2023-10-19,2
SYN-2bc356d04b9ce8fd,4c8b206d403c12651f9788849e0013dfd1ff3d20e370c0fad7f4d7b8f4e1e869,2023-10-19,2
SYN-44610dc35638a85f,4c8b715f33a0d373899d9a8e5463f2f9b4ff48640531f658b5077ce244f52489,2023-10-19,2
SYN-9bf8a74c73c3e743,4c8c8ff97fa61d8d3d966cfa5b9c046b5e25f3b3736740b1429c091e706f8443,2023-10-19,1
SYN-12348348eb4740e1,4c8e705a197d5315c93edfb33beddd94705e9b509fc4226ffdad54060198be4f,2023-10-19,2
SYN-8cf485858d365af9,4c8fc788b179042818e6de60777afb0059f1558e52e7cddfd816b09057d5ad01,2023-10-19,2
SYN-99a49bcfdcaad47a,4c9a1362c6edc7ce29c4b515c1ddd81f889a66d8460d1c28fd16e529caf7cdb5,2023-10-19,1
SYN-8c8869af2bac6da7,4c9fd025007ff061086123ac2cc8dce59c30045e5f5effd321e8e866d411104d,2023-03-15,1
SYN-1f9091ecf79c08bc,4ca21ee14f7c70d0cef7e00693ad50e5dded44238a7aa58f5f75209419b78380,2023-08-13,2
SYN-e2025ac859d09998,4ca3d4f0263c7e6b20af988ebc4e96f6745f590eb603ec9cbdd5be9069c5e2ab,2023-08-13,2
SYN-d253378772faf769,4ca4f7f2c30473f99e9cf7f1f1520f0f25ab9a31f2e115d0d2a7d4b66239665b,2023-08-13,2
SYN-142dfa6dd8a1fa84,4cb140bceae972d05e1f542ee68bfc1f2e93edefec2cf5592096d89c9823ec11,2023-10-26,1
SYN-a5b98d120fc8e65e,4cb58ea9fd7cac60b3a78d93359dadd06faacaabd16f09f0e87c97a218f99afe,2023-10-26,2
SYN-71bd990d8405bd6b,4cb71d5c5e51531cbb6bef9c1553c10c9aeb68d9e44000217ba8c6bc29a621b8,2023-06-05,2
SYN-9870fa13244139cd,4cbbfe13f2157c00de5ef155cb779ffb4096ebed7227459a2c03af5773affdee,2023-06-05,2
SYN-8af8410cbef80aac,4ccc3de4a5f47591f8cb51be1ae1d99a50c97b38b9b4f62de896a412c1a1799c,2023-06-02,1
SYN-9006dc329f3cc78c,4cccf0bb281678f22d83dfbdb0e350c3b6640d68bc33d9a28a43c2ff2fd7c7be,2023-07-25,2
SYN-9ef3ddce1f33699a,4ccd07f10a0b7fe2c5b821486b746c79a862d342e6aed97be3eb2fc9ad9f37b8,2023-05-06,2
SYN-3d386cc1838f095b,4cdae0a2d709364ce896d5a7015641f8e4f2df2b04a4277d0e1e81811b1f47fa,2023-02-09,1
SYN-dc33e13399908743,4cdbab13e20f39b224ae12a2f292abeeb2d22f6770e9f8f6dc9611cd1fb3b157,2023-07-19,2
SYN-1a1ee68beb4bb137,4cff0d13c1ff738806d99a2676be2d41d482020f9a039f697c536efa04ddd075,2023-07-19,2
SYN-5f880a868f21ff64,4cffc6215d34a720ec571e9b837065ccfc6e84fced791e639ef4168b6ff1772c,2023-07-19,2
SYN-bd8fc9418faf719c,4d01efa3f387ee486da632ae46ddb98a57b8b189dea2f16850c5d6d65cf1d475,2023-07-19,2
SYN-40e0ad3d1d9d54e5,4d02cfeee64eeba10bbf6991c8996067253f6b0d2ee7f911f18be6a653a83715,2023-07-19,2
SYN-4c037070bdbf9085,4d0889d840bd04ef188b662a5bd9d447e0277fb450736d11c0c32dc9e868e1f7,2023-01-15,2
SYN-f0a6391b9f51dc50,4d09f0e69b27c948ed6e18ba2a840421d2c22d301e718894501a768a8aa39867,2023-08-09,2
SYN-27215519921a1001,4d134fd493f044f92f89d040d691fc79fa01d77d1f6aa8d172e50a0b5137925d,2023-11-05,2
SYN-3828454ad4e78336,4d14d3c3a3d7af0919d48a6267ee703feda997a2e860b85e3be86550e587d929,2023-01-05,1
SYN-31072b135865320f,4d1bae8779c4cbf868c92a72a8feee44de182505fe09a625e5a99ba14053b7cd,2023-01-05,2
SYN-cc98e7a8c41ce75f,4d1d4470eddce075d5434cc046e0bd509c27da9acf42935037803df119003cb9,2023-01-05,2
SYN-f2c32d2ae839c733,4d22fdf443ac7aab688aaffc2d89a73629a2afcfc865b7400bf40912a43d1356,2023-01-05,1
SYN-88124d9d39e6dfa5,4d301b958230576b9a2b6ed912f5185ecfdd5933b4234590aa3b5eaa3fd74d71,2023-01-05,1
SYN-445d73364b232cf0,4d3bf3ab3611127e9184870ec900adeb768bf5eb01ff79ce175bcc0ce92ee973,2023-02-03,2
SYN-458486354b81ec28,4d54241791288b3768184a02612c1a9fc7053078fe7602d858e078ed46d7d63a,2023-02-03,2
SYN-5aab60cb5e65cd0f,4d5749e8187dda20c4dea45a4d6bb21ea0ed73f17074447214df1a8d0bdfdb2c,2023-02-03,2
SYN-7b07a3e937d11ca8,4d57b2105476993addd9f5abe53afa5a2383cd93ce75a8c97ace3f7fc5b5fd9e,2023-12-27,1
SYN-18de08d2523fd6be,4d5e54e9c6cb87f0cd19e8496a474b70d2848a840c88f52bcf800bb76fc04281,2023-12-27,2
SYN-1be92f70aba9219c,4d5eddaff34d68a053e516b182a39869094233a6afc5f27cf7bf6404697a8132,2023-05-15,2
SYN-a07a10edd38116b5,4d5f1210a708541831145f5be304f499c464e552ab8688812f5ae9890e23f9e2,2023-05-15,2
SYN-a098e919e1f59bfa,4d5ff405129ed1ee37324fca8b6281abd6c3053ac625b8195bbdf5af22c159fd,2023-05-15,2
SYN-94ef37293c6cd2a9,4d650ba1025eb1d7095b99d45ee3fcbcb9e73033b1a1715b8b5ba18fa3edd3ff,2023-08-22,2
SYN-459b10a24c7f3517,4d69ab6452efef0e38951b4833ec7e0fe010a9495f8823dd659535f41274dc80,2023-05-01,2
SYN-318796ff1ea02457,4d6ded8ddcb1770dd37f4263a5f1af3c8bcbb8a2e834680c3a67a949fc9d2788,2023-05-01,2
SYN-7e738c133254a171,4d6e1bbda3bf212c71b4464f3c1cba9cfb7fc89650e1cc2c0817fb73390c9b95,2023-05-01,2
SYN-1955cde466691699,4d6f5df238a8da50a10b36c7f0f10f2db64a46327fb2806c76a2a91c8666392c,2023-05-01,1
SYN-d88e1c1bd109a81b,4d7003a17fa1188f8d6a0069d467957ee1046d3ba2e45debc1e35a8fedd357d1,2023-05-01,2
SYN-9913a60f818467fb,4d7fdb6375e1ce957bdd0d9df311262bcae14c9c1b24bc41378d29de1fafd8a3,2023-05-01,2
SYN-a78ce65108867f81,4d83b15cd0ece8ec05277dcbb38b1f86ba6fe07615efcba285e5e7d2f39e572d,2023-05-01,1
SYN-05e024b447a0b6b8,4d87d3a8af33911a01ad9bfc0517a871aa93f9e009a35f4c1496d412db6e5919,2023-05-01,1
SYN-872d70f78ec683ec,4d884dd7014e326f87b13c10ce1f23b748631052566bd911e2ace737ef5f7f66,2023-05-01,1
SYN-5248cb0e59e90544,4d8a935b82db75f9b00651ade1d42ac03d1160c1596b342f8e361a2e4650a937,2023-05-04,2
SYN-9b8745201153ddf0,4d8c4932bf4d2fa32371b7db0fff5c0677563c65ed39248bb4ef7f3817ff4b03,2023-11-01,1
SYN-063e4dc5c0e24113,4d8e848093112ac39952710a493cca2884426b3565d132317b4e9351890a2d11,2023-08-19,1
SYN-16b12565fcd22d04,4d99f0012a77cbdc194c1e9c50a5ebe3c8712699f189aa33120179b6f3eaa516,2023-03-21,2
SYN-9c3aa1901b31731e,4da5760b60ffa0b913f8836ccd082aca2e8bb8eeda43c36c3adc7b86e08bc91a,2023-03-21,2
SYN-59994953e531033a,4da8043c41edf3d3a81ec639a2be21a57ca54029d7d617b4a43f85b3312aafc1,2023-03-21,1
SYN-8692fdfcc5852d20,4da8cd092810df0e3006ee38b15d40dd335ed5fbac1ba1feb9198805ca312600,2023-03-12,2
SYN-01b27deada88a0a5,4daa96abad3a8478fc3a54166f14e13060750daee64bf873b85263497dbd0eef,2023-03-12,2
SYN-31196b4c48dc7a60,4dab9405fde57b1b0e3f6a6b8f47d1ddfa4d274fc498c1e7720e747cb438f0be,2023-07-28,2
SYN-7865f2494aebb72c,4dad7bac822512b59004388c856a3cb36de8c5c4d1fb8cfac537d0ff4bb6ed0e,2023-07-28,1
SYN-69f45033b92e683f,4db0379d84b7436673baa2331f2086a3f78e2e05ab8405e992b57407155c186e,2023-07-28,2
SYN-394b3c450bd01c73,4db21f4737893aae8161870f020ed4a0117733b5971b58505d2eabae1627d4f8,2023-07-28,2
SYN-f2919dcfd6ce3e6a,4dbb685b583bea6b4cdf71e19936fca2470595b622798bbc86cc6569cdc9eaf6,2023-07-28,1
SYN-1b3737ff2039ca7a,4dbbca2023b35ff3c2a49954194635a555c5cfb9590aa3ba2b5ca6f2dbd560ca,2023-07-28,2
SYN-f6bac3adefc4f28b,4dbebe6961cbd54b3ba0c6cf0e27eb35f39c17661d2b820750adb16b53b46bad,2023-07-28,2
SYN-dd26a684d5730e86,4dcb2b53e6ac2c1c3fccc014d8fa4caf13e746cefbd425105d103e06b8f4ec7e,2023-07-28,2
SYN-20d27c04153b67b3,4dcec83496283b2923e55b8678907a5b328b7e30cc1f37b6edd641a85cc23abe,2023-07-28,1
SYN-83088602715ce43b,4ddf4322d64049ee226c5926e7bf5b492b5f87fb116c92c46010e4153d310c09,2023-07-28,2
SYN-31aedf3f82aadba2,4de28b87eb532d013c89d937a45257c39e8b5ba384dd9c93798350d58e43e8d8,2023-07-28,2
SYN-51e3831b636e37ad,4de2b7446b6334397cb525e6b8ba815535b4ebcb23fa3d18947ae4ce5c3028ec,2023-07-28,2
SYN-c3bb8dee578f189a,4de34f15d9af858cd663c67cddd8079fbae778fa491566a8516a0b6d0ea42839,2023-07-28,1
SYN-00bb623d2ab512c3,4de6cf3dec6b2c97225b6f52088b682fc4b19efca45f6fd6e666235f75f228a1,2023-12-25,1
SYN-2642f188ea758c8c,4de775cc739a7cb76514db6212dfd809dda55307861f8d1f96de7157f8fd9e10,2023-12-25,2
SYN-68dc7a1618d88e65,4deb058342a58b32c338e246c2bb448f88b75327b2ab19c541dc7d30bbf9f9eb,2023-12-25,1
SYN-528665856e70571f,4def1e0fd136b2fa9cbe085ccb8b70e1175f5f6c6ee942bf4af1a7bb10fa14b1,2023-12-25,2
SYN-3846b01f6516be12,4df211ab336ac8b9fa96df16d4ce18d642bc5e7e78af5b3f25b77f8f6cda44f4,2023-12-25,2
SYN-cb1460827fd7b1ea,4df87217d766ca586e45db8728392c17b758d62fd8f53fb4ae465054ebeb6d6a,2023-12-25,2
SYN-19cfcf48e877c37a,4dfb85d8a2ff72768adc6824c9afe6a39e4a8b7bbb3a3f3a000f0a1af9065998,2023-12-25,2
SYN-e1fc6e91d3f7385d,4dfd8df70c5aeb3aa625e097dbe980cd3f2675b250da7fdd76b842282700af8f,2023-12-25,2
SYN-e818aa42ce16abb6,4dfdfda45d4ea3d8272a054e2fd5559f8c97b168521d1aff1d104eb6b9c8628b,2023-12-25,2
SYN-2fb3d0d219062cb8,4e0a8b0c4e038e6915d17358c94e20ed1cac779e44e7499dc0a9819961fb7182,2023-12-25,1
SYN-8c2f3bc3e18d9ac8,4e0c7b8e94445d951b72b36b55ed5d4f84f1e8bb129462012747ddd6b57acb77,2023-12-25,1
SYN-adfef111f086be54,4e0e75c2b45fb4b4775241679ef4e043a935713c62f179c29cb6432618fffb16,2023-12-25,2
SYN-db8972490251af0f,4e0f6800cad9c73bd49623e90b925e3eb8afa72fe02c1133eb911baca85e7463,2023-12-25,1
SYN-585fa5a293c3b9a4,4e0f7c13aaf02c531c7295698c4e7dac5e09ea69ff8c45f2b10f03c4fdee95e5,2023-12-25,2
SYN-41a8925dea2b957e,4e1528424d664282d7cf72182b311076c93aeadae54a278c62dc83fb7505e60f,2023-12-25,1
SYN-2bd2f81b221cd286,4e1778b9832a3d44c6cf2e762dbca3d36aa842750078d7e72ed0f306b6238989,2023-12-25,1
SYN-123c290ef2b0f356,4e187bbac20eaa51a4837dd1e216533844f56fd3e5055a422d2ca0bcdf0017b1,2023-12-25,2
SYN-b79664f0f2702077,4e216f13b2ef9c3d6c053c98c3954a12594353c728f4c9463d4f8c9708e6b87f,2023-12-25,2
SYN-e1cfa15ae66fb2c3,4e22324048e4bf7cfc36e6ff38755d5a37db46d3d57cca1fc60af0d353067f5b,2023-12-25,2
SYN-e76697f305e853d6,4e241d5aa4a004adc82c8bac0664179f49d0b62304950e32a0101853d7706249,2023-12-25,1
SYN-f9282e0378b52928,4e27eb62dcb05343bf137a1ddcfa7e08a472710a5bb6a46f301b6264673fd0e0,2023-12-25,2
SYN-76536e415062145f,4e28c1a0fc78c15945dbc9cdfed9135a713f2632ca6d88511ad921b1e1de4049,2023-12-25,1
SYN-d9f6da312fe0b075,4e2ce7b92cbcce8c9529d2f004067bf44c919f2e46efa5f06e7e8c3791078ed5,2023-12-25,2
SYN-4c15ef89a0eefff6,4e2d8ec3560bf52709785bf3d3c52f4b8fb936bd5546eb945ea48f084799bf24,2023-03-19,2
SYN-67a797e773f9b2eb,4e3484eb6bae0340cca127e0664a705fe706f685586cfddacf6ed260ce6c82fd,2023-03-19,2
SYN-9beedb95d83bdd54,4e3813402b0ee67f35fb52e7a96aa86f681356726bd91554a48ac3686dd284e3,2023-02-27,1
SYN-79e93cc5cbbdacd6,4e3ef91e089b450f53cc355c19060e7ff217d386740f0d769df83adbceabd6b7,2023-02-27,2
SYN-598e8e843556e7ea,4e41f1d4058071224f2fc8c9490b050f5a82cea683be2b369a34ecb6ae425b27,2023-02-27,1
SYN-da8db9e1f827467f,4e501359a2374259c602be7083812c248e8547786a9ba2c978992863c2a5efda,2023-04-23,2
SYN-2b594eebeeff196b,4e507eb5a05b7cd01ca8a9eabf54c3b153bf641828504fdde9b71b8c0242b8b4,2023-05-03,2
SYN-da936cbbae410e8d,4e527b59b8ae9118f89a64767aa968698e75d8bb7704b59ac2c674a59762927f,2023-05-03,2
SYN-8f7a8872e777732e,4e545a98b314b382615138800bb9e12d021aafb6765464f21e1d37c37d58a8fb,2023-05-03,2
SYN-c764e132e029ac6d,4e54bb00324dbe125e9b91aac80825de261173d37186256fb56ebc9eee7e9b3e,2023-05-03,1
SYN-74e4331e34c87f72,4e55159f811e8a07dc7e40770d8e128471ff2fd7779cb997d739cdad082725b8,2023-05-03,2
SYN-bc665a3b3856ed98,4e566b2eed9f396c03921830690755633f0d9453c38984b44779042bc81ac345,2023-07-09,2
SYN-b4891537b7126db0,4e5b093fe7b2ec2fa11731a7a720f5880618c4891fce720196288d9342275306,2023-07-09,1
SYN-9227557fc7ad015c,4e5bc017420fd1f2491aed9644cc1379488575e45dcb01a71d587767389396c4,2023-07-09,2
SYN-29e7b735082fb771,4e5d690d586ed5f123eb3e3093770c4db4d1722d1a457ed5dc9c44c188186956,2023-07-09,1
SYN-7d98a8c09e9acefe,4e6230b31a8533c9ba83d52d204ba09d0ec2114f12465606295c2cc8047fb027,2023-12-28,2
SYN-c3d2d2a2c34d50d3,4e64254fc9a021bdc5fad8bc0d9acabff4e3cc463d431bcbbd38b0b4785002f5,2023-06-29,2
SYN-4441dfd21ced43d1,4e6a5e7df9b7efa6807563f7652eba7a4f93fc0466c5f187d5a8ddadaa9c44a9,2023-06-29,2
SYN-2bd790583c083559,4e6e8119794e633cfc06d9ea71482632db969424d7d3a23ec64e049cd7d5f3e9,2023-06-29,1
SYN-0d5bb3c15c9fc257,4e7154e42f2128b9f6de80e393c2764af2b5828027c0302d15bca2e34c7cd9a0,2023-09-28,2
SYN-40a508bb6d64b613,4e735c33fc6f441ffd789ac0d8cd53c1e968204d8d25b5217729308fed779906,2023-09-28,2
SYN-019d432d95a46dbe,4e7444ab1a0e29c7b3b32f5b4c28371b0d87d3fe56a79da18352072dcfbf1c2a,2023-04-06,2
SYN-ac10cbb680084ce1,4e750863f690feb6a6f3d0407b9a31393d803767f569f63434fa1ee1c84f33f4,2023-04-06,1
SYN-694d9b781e9d2cd0,4e778babb55a6c6af6c4f47226bea2e87d1e6eacba3277e33ed44fcc621b32dd,2023-08-14,2
SYN-a400cb302e26cddc,4e7c0418c1f7459a38dc5b0de52549ea6ff68a2e9c9720c555ce4cf58c584a27,2023-08-14,1
SYN-aa3f8cf42602ff85,4e82363f3c5a710922073cdf626309e92652d07be17da34bacafa6814ff3b169,2023-10-18,1
SYN-5c949abb07b4b60d,4e82e8000fbe9022d4ea654ad3e9b432273db508713aa7b737b292bfa75bec18,2023-10-18,2
SYN-49e904e9a9a340ee,4e86897b96eb29edea15a1cea02766a2517908d6c9d0223bdc8c79653a7964f1,2023-10-18,1
SYN-6e4d2596a4b37315,4e8879525dd499e50d39a47632e5529bd8dd037489b502a94c7ee417ba2f17e5,2023-10-18,2
SYN-7fd58dc41daf8fa6,4e8f76cdfd0e3eabd9a96fbecaffa17e23d1759a388602e5f75e0c6f99ded38d,2023-10-18,1
SYN-1a35907ee89ae324,4e929ac5d14ac45990d7c96503083ecf8350e9b3ed0d0d23ecda2e6ccf8fc9e1,2023-10-18,2
SYN-b111edfdbfadfba0,4e9d5a01ee8b039f57fff3387b064f44b56b188e8c74d7418aff5ed03be4e83e,2023-01-31,2
SYN-9554d39e54944671,4e9f082d36e8e5303030418bf616f53140b27ae0af99b4701cceb8c6fd9fc588,2023-08-07,1
SYN-b270bbda698349fa,4e9f8eab523f8839b16fe2c77fcbf8de5389f4e688e5fe3197f2f195818d685f,2023-08-07,1
SYN-523ac71b59406a73,4ea3e3bbb257e7fbf6947028cb221d345597416f58cc9c19709d55d87adbefc7,2023-02-24,2
SYN-092aa8df2397734b,4ea53927c18c71e9148423485f7855573d90bbbfba0910100d07a3cf71eea2cf,2023-02-24,2
SYN-74da1781107d44ce,4eb095226a3a5c6305de6ae79f94a35ecfe2be0c4c7c98810fe7d4aece932916,2023-02-24,2
SYN-a1ef7d13ea07affd,4ebba3e49f485c7490c126df7168c0c8376ecc132cb3a903dddb69274e9bf8fc,2023-02-24,2
SYN-7bcf43eb536fd5f8,4ebffa8ff4c82e506432eb23dc5ad052875e105c934fcde557ddc2d7d76fd36a,2023-01-20,2
SYN-30fee78e9ce9299f,4ec7bcd7cefffd9f8dc48eac489e74b1322b522ec155b4d5efd6c1b22f566b81,2023-10-15,1
SYN-96904c63754f6f67,4ec7cd91b985620ee4095942242092c5e243ba6afe2b9d849ed4117b5fb89656,2023-10-15,1
SYN-4db20a156dfeb11b,4ecb44d8f6017d0d69056fec33a1f06d8db1790d6958b31fee1c26e301ab1cae,2023-10-15,2
SYN-e66263c8b35951d9,4ecb9ece11de11849f984a36d69ed971038162fdfb13a83f24c85d3d782bc948,2023-01-05,2
SYN-0cd521305d479808,4ecf3f4c106c660a5cb4980f3994a8dc5ddf4fe23e216da73f26ef792b6ef8e8,2023-02-02,2
SYN-b9dddc019dab4168,4ed29da6a25ef23be85bcd837ff7789b05e678c736217f1b7b12980f50306a7c,2023-02-02,2
SYN-7478c3f13212d827,4ed35f51b42530059eb101590403ed982accb02fce67a65e0ed6f0495378acfe,2023-02-02,2
SYN-e95c067dfca531c8,4edbd3482eed077bf7ae9a650d96dfb93a9a1fd787a0dce4f4e03e8140c11b1d,2023-07-23,2
SYN-de305fc3c349d202,4ee1a8ccba433eaca4ae4de1110d36f80a74d20c118fe1fbbb117e12dbca92e3,2023-07-23,1
SYN-559f595c3f10994a,4ee7c3a239c087091a9237f34403f565685c2cdb30c412f6ddc52e6bc9f43dad,2023-07-23,2
SYN-4b996699bf6b1046,4eece5ab4b56a4609748d022a1665818aa1e8549f3680786ea63fafd9b1799ff,2023-09-23,2
SYN-ff81f4baa17b9354,4ef5967ff17bf474bffebe5b16bd54878e1d4105f7b4ed67bf8d51e6d5afca81,2023-09-23,2
SYN-f3e9892889a0dced,4efa67aa932d4d3d28351f94373e4a34e55d6767da8660d7f88936495cef791b,2023-09-23,2
SYN-97353cd028640397,4efc6c9ba4fe40fcb8f7281d622358c3096167fec375454edf1a223ef3975add,2023-07-16,2
SYN-0d9bdbc69e740c30,4efd26e7b1ef68d40e1bf2c9e8e54a346ceffba36159fe813f920b63c6bf4c12,2023-07-16,2
SYN-311bd77c9e455a35,4f00ea4e46163932c19472fa9565501ee6188e19b2177a76a71b7720d8a8d1da,2023-07-16,2
SYN-26aeff1eb64fbb7e,4f0a3f6eb9fe0824454058e1d356c3937a8f0093c56d719fcd12a0a372c7fc4f,2023-07-16,2
SYN-c5cc860038c1031f,4f0dcb17b0cffd3023c26b4d4a6e9d5f9a5b984b638f7bf14258cbd2ddcceaa8,2023-07-16,2
SYN-2f3d3a03ab2766fe,4f11b52065f159a5cf4fcc50fc1c8dc726af57b7884c89ebb962e80f17b48406,2023-07-16,2
SYN-bbde448fdcc1ef64,4f11ca62870f508c1aa75adf5bcd5ba347b1dac40dce67b3a6c7521b789c9b61,2023-07-16,2
SYN-04f47c5e52a96b6e,4f1679a84317419f10ea000c7a5c2c60c1067c005e635032d2e1145840b8ed46,2023-07-16,1
SYN-e984b29db523a211,4f1a3bca35f0b31caa32efdef31de908591a50d5c6387c0347305012a6b120e2,2023-07-16,2
SYN-396eafff31aeb529,4f1ca8df3d26349d4d653037d03f4f1ffdcec8f23fc5c181d308909dee0ff26c,2023-07-16,2
SYN-57ed0369e07105b4,4f1ef95120fe8bca0139a276bcefcd20c9434b378b62748019f963333029c869,2023-08-12,2
SYN-2abb08bd99578836,4f23d05a06f58ffb408cca5b6319eb53e158c64a4ac3b4d1a520d79650b3ad8f,2023-08-12,2
SYN-732036a090f1a5fd,4f312b1aabbd5ebf295f3c20297fc930a789c3a8cea944498073264449fc6d2b,2023-12-20,2
SYN-0022fd1f6f3ad47a,4f3147000435a8a10f74361fd8f1b9169f6bae2b693822fc08f40297ad5b7102,2023-12-20,2
SYN-658415a143ebbfc1,4f377edb647643d4639b9c144e1cab37fe605bf8cee23c58655cd4cbd7cfa2b5,2023-12-20,2
SYN-b97385ad0ee03800,4f3ad867dfaaf112f0f33545286a4635fb9e2dd304d61bd3b9a1ce4975219c93,2023-12-20,2
SYN-32f44f8f4c3b6f4e,4f3d20730eea11b1803e4f52c31cf8202a42926588e99b52d56509cdfa8e8640,2023-12-20,2
SYN-4cc176cdae26e8c9,4f3d9f359fa3614278ce8f7c2df409b410e82aa9de7d26411ad380bd8b24ed9a,2023-12-20,2
SYN-d7cd79000b6b76c3,4f3fa08764d4bd8b0bb491aff50c61e8dfe7f4b30746d476b7a2698643ccde92,2023-12-20,1
SYN-0923e877c67a8d47,4f42afe45e2929cf4a7ececc5f31174ab1d7079f2aa961f89ed35e896c26c686,2023-12-20,2
SYN-4533bb5b973e49f8,4f44b9a8d6c12db5a703d22b0fa08d6d433bbeda02043677d63af427298b017e,2023-12-20,2
SYN-99a0d656d9c7e721,4f45e57d89fc11820e8e3cb02706cb6904c4a6fa9079701eb80d1d014b7261db,2023-07-26,1
SYN-7f3667abd152fd04,4f46cfca1c0f0852ccb2e3789a3eee16ff701aa13e02476ba2d85f621187464b,2023-07-26,2
SYN-37524001960e1f4b,4f4a5eb957e5f771035e108d9001ffb43296ce8d2b2d632c932f803ab24c7598,2023-07-26,2
SYN-2034074142549c1d,4f51de69b50d4ceedbee8aea92680d66ecf2f5d8c39572761c88f6b43af8b56d,2023-07-26,1
SYN-d9b9833eedd10ff0,4f5a0eec6965bde65f8e1813af1305e74b7398852c69479e1cb2b0b66d0df6d9,2023-07-26,2
SYN-f4b8fe598c4b5f1e,4f639d13094133620c36d967ac75f62c6a5d1a17c5efc98eca1274ed97b5258e,2023-07-26,2
SYN-c2c971ea583b443d,4f6825f1510439b89d8cde54d4a5fbd893e25da3d078de33e457e79fc96fbc8a,2023-07-26,2
SYN-9d6e0ef647749338,4f6e4cdac95581dc7d693a8f52a349fa44a343b5eb85a3aeb50984a943ddf64d,2023-07-26,2
SYN-1a33b59b1bb7ac0f,4f7dedddf8bff4d02845e6d34f3746c738ffcd95f09ec894198c26264710be09,2023-07-26,1
SYN-efc59c9f932f8a38,4f81c10e8c31330a19cbe6821bb49b51aa40aa590dc259e8c6d052c097b27be4,2023-07-20,2
SYN-b0fc1b2b948a47ef,4f85fd1250bd6678cdf63ab254193f6bb26d0bcf78190570c483a615072db806,2023-07-20,2
SYN-a2c2b91ae4c057be,4f8965dd36b663339c5a0dd6138f7d675d6360a4ec0f76407a693259e9410ba7,2023-07-20,2
SYN-b7cc340bfeb20727,4f89713b03e39b01dfc80b51875e689e4c6cfa0c91a6bbb31d49795fb0e92e95,2023-11-09,2
SYN-da24fc23ef2184f4,4f8eaddc456cadf60ff3136fb55ad2427514021b96a83064cac8664e2ec55947,2023-11-09,1
SYN-f0db66d11d10f98f,4f965e58f03f0b4a093324a066c534ab7614fee7f57f22d1560be7b06738ac91,2023-04-19,2
SYN-45f6c813d5ee1c99,4f96abb90fc0b3073d7053b1467c74b523df99116fe407c9e9ddef9f8d1a7260,2023-04-19,2
SYN-32824b25c3e8a3e7,4f9b6dbc794571791d9553b0a08b2cac0b8bd46324e36c954d2f5d69265955b0,2023-02-22,1
SYN-edc9e441e24c12af,4f9ec893991cae11b2b4319bb544eaff05415e4a210dc7f06126698fbb15a058,2023-05-09,1
SYN-3c0b0f8a09365713,4faae792679ba772aaca0fe910993a118c4c4e0a33ac84e33532685071f4e1f3,2023-10-20,1
SYN-8bed2b16c2f7e4fc,4fb4a6fc46325497a42f6b1e6db6bfef335a02ce33aea4302b898b520f7a9a84,2023-01-19,2
SYN-2ecced58a6ad939e,4fb624eac45d02b3a7ef4f2214f1b0933b78a019b1cfead88e507dfd996a2ab6,2023-01-19,2
SYN-178ebb1db10d524e,4fbcc5634cd1db93b2fd02b6616a9c9ffd7a94255a72f2dfc1a0895e28f11052,2023-01-19,2
SYN-0c68fcd4266024bd,4fbdc8a8ffb967bda9d956088a604e27b1499c26f5b8194e8d75e96d63fbc5bf,2023-09-09,2
SYN-1b4880f1412bc08d,4fc00a5508e34dbcce757f18b5da0cd4967de3512b105849a8f8ce83b263c9b6,2023-09-09,1
SYN-64f2face1a52e200,4fc2a6e9751e1cfbadb9159d42eccea6ffc6fe5512d221fbfad45e81c75eacab,2023-09-09,2
SYN-74eb40d4330dd3b1,4fc4212d412a150220d7137e43cfdcfb31ad5276e3ef5bc94f4b5bc05507b2f9,2023-09-09,2
SYN-fa43c53870d5e7ed,4fc52a93d9abcf1ec2f7b7e449d202eeb7ecbfe52b87606fe2f37daf57024554,2023-09-09,2
SYN-444076580459f443,4fcb3960e064ed04fff10f808a1f544de04ba9171e3520e9aa86a3e8dde20157,2023-12-18,2
SYN-dfdcfbfc4daeb54d,4fcbb993c637c2d7eaf5f3af185791a241a299adaa2b75a346cca821cf6cb110,2023-04-13,2
SYN-127f47211c908bc3,4fd1e8c3c81f5a6b47c9086723c5696afc470a44c17b18bb7cafbf0ac08edecb,2023-04-13,2
SYN-8e87786692850d44,4fd2ce5e0b5adf011cd045fdff2618e86e7867e26a217aaf511446879311bfba,2023-04-13,1
SYN-d880295da9388f45,4fd3618aea0e4572c0bda9128bc40a884ce9ee644b2d4736946dbe007998de2b,2023-06-01,2
SYN-d4cd8670d50cfff2,4fd5181de496d254f2bdb721857dca3faf2cef0d14af07975090a5d9e1b83065,2023-06-01,2
SYN-32f8fa8303144398,4fdacfb8639e6162cf0923cafd3ff5f00d18b448aa4121b78dac51fdba05e06e,2023-06-01,1
SYN-23e7b7d90c93e8fa,4fe6a5a8aeb493c9485f74c3185b62cdb0038694e2b40ef543d949c30351f979,2023-12-18,1
SYN-1cb2387a135dc858,4fe809e46c6363eb8c1c5eb11380e8645db23653918fef569cac98bd81af9eeb,2023-12-18,2
SYN-c74af823075564ab,4fe8d655bf23d79f959610affc20280c0965ce8885e41d813bd957c7e68806e2,2023-12-18,2
SYN-2a6c8067f297d318,4feb19e83962309c848f414da02c5db159b36fcf508c9dea10eb15d4355e45df,2023-06-17,1
SYN-83dbdf64238001ec,4fee36ac336620b7503e8e191258c20a8852ae381fc61bf693db0ee5608f62a4,2023-06-17,2
SYN-7fdec18bb5932aa1,4ff52c6deaa4c0e9a30e98f9972af01c240f4ea3cb5c9bedc7ff1f85afbd1e7f,2023-03-19,2
SYN-7070855696ad086c,4ff6618b35d189c84a07d56392d4e35d98499ecffdf8e2be151e4a54ad0cad4c,2023-03-19,1
SYN-d1f4993932d56840,50037beca7b64be27dcc9c560d0c84db3b26967cf7d6e25a8d37640798d87f28,2023-03-19,2
SYN-7eb16e06234a5298,5005b7157e79ce868ae99bf057631858455f3c58049526a5576ee82a558a3047,2023-01-31,2
SYN-2c3dd2fc165558a9,500628d433a2c96ab5f98e90ef836ba2659067157219148a28548934a8b2023b,2023-01-31,2
SYN-97a4875a52dd8b7d,50076ca452dcd295681762d89e4654bce55348aa582dbb25d64ee528e0b503c1,2023-05-20,1
SYN-ef3c6cf2f61385ea,5007ab602579630bd2f1e5660f346a932fa5133d5694eec20e21c099ae4fb08f,2023-05-20,1
SYN-72096ea3af1b545a,5008e8d2d002089930502263044167022948187c2c143c4113777af92c6cc234,2023-10-25,1
SYN-9aadd717c909f62e,500bb318bbc605ac6cc9a832b15532ff9b96873b735ca0c9aff2a1cc56b976cf,2023-10-25,1
SYN-a0e46ab2aa3d3cb7,500f5fe5494b7f521361cfbb76f6c273c68d6ec8d4a241266485e71c9c658d82,2023-03-19,2
SYN-c883410f9a54d18a,5010ebfa69f8e5d7e4ec5e94da7a0aaf32223eaaf2a70e0f17db6e7a70bbabd9,2023-10-29,2
SYN-539451150ecdcff7,501599a13e07634a9ff055e0f4ff6a6e6f1227981404ba03b4b4c4dfbcc8ec5a,2023-10-29,1
SYN-02af2d8f76750464,5016ec5855f7ecfa93b4a1f88682d36a121dfb76ae5dfe47b65a9633686072b2,2023-01-16,1
SYN-3a31f465b1c7c04b,5018c21d6ae92b0dd2217c8be5d4cfdc0574109a7555997028aa3ad74c12ffd3,2023-01-19,1
SYN-c9392eede720a058,502190d8467718556c4aa06212d2937e27d802067a4d486852cfe50a5de414c5,2023-01-19,2
SYN-f874c55eb66a2c1d,502204448c7ceaccfee07ab61325ccdc06fe0e9e021880518da44dfd43cd113a,2023-01-19,2
SYN-a5fa8608a50eed6e,50226dc6650b5c9264187fed61c9c937737b94410a5ec211a02245b91f7b2cbc,2023-02-16,2
SYN-5faa495204e84033,50235d3ee7badf1b90cdc02ffb59dc054cc986c8483fb7054b8f31585fcdff9c,2023-01-01,2
SYN-4ac372d8866e8142,502372c678dd4bb038b87815e0cac54843df89385309885c939bb3c4a90f2710,2023-01-01,2
SYN-66555ce88c80245f,502e5dc8fec1113949f12f84fe0629773641c16592f15c2700a10cc1829b48ad,2023-01-01,1
SYN-3e88768d43d442ac,502fe596ce0fffec0a7a8331ab8fb9ab0a4b3914d7e0122fc998b6c8256dfefa,2023-04-24,2
SYN-5455280d0d0a52f8,503468f19e55be621ca7c70ea110f808f1d74b85aa770081878186ea0be643d7,2023-10-31,1
SYN-14d2baeaa5f096cc,50377c42f9a85e83cddabec9c6702ef108f4f15a772acf9c70f5bb11a789b05f,2023-10-31,2
SYN-f62d26e65051d828,503eef952c91aaf78abbf0b52a9af4a7973ecae64d963594e1f35c5d81a2203a,2023-10-31,2
SYN-9d27732649ae5a2d,50410159163c74aaf6367a9238b37f5b49a5a15665ec328c6ec4e01948ef3ca5,2023-12-20,1
SYN-705eab8e871c141f,504f101da0d88fecf14faad67536187485ad166e3ff944d7eb8e574e44cff4cd,2023-12-20,2
SYN-d64f17997eae3ea8,5059efbfcf7f830ac3ce21b9cfd42c1273c2db783b92920989570c967faabdaf,2023-12-20,2
SYN-79fc27c21a989f2e,505ea93f20ca5efb8dbedeaf9304087222a202bbe6a7ad844a01545a33059088,2023-07-03,1
SYN-be8c50efc76df991,505f4fef8add24be25178aca329ebd8a48d531231aba01ee8463bf1278c6d8a6,2023-07-03,2
SYN-1331e7089f2004cf,50631786f4a458324eb97162bd26dd192c3d3226aa1cf668287f49c71ec56b53,2023-07-03,2
SYN-4d7f9367dec370ea,5068c5185a8b1b788dcf3f73d386ecf81e5c9dac8b66ef9a97ebcd29875d18d8,2023-07-03,2
SYN-ce07b7a51a15afc7,506f2f491acaf6a98903ddc636feb485c61d63d7eaef752b5f8e3584709256c6,2023-07-03,1
SYN-23692733d42a9e03,50780bf2ddd3507e0c66e9130b7351a790eb8096d790817a4c80220bbe473753,2023-03-06,2
SYN-d7c9400fba285e52,507995e7ff5ea24caffdbd32e25ecc81e2f41e72c30e087490ed18a9ce264b79,2023-05-09,2
SYN-14d7abc869faf57a,507b691228c1e7979db7cf9f990d3394a6533a2e13a46655b857d144b0a0fe83,2023-05-09,2
SYN-dc030511a9435266,508583f327fdb364f421634530dffecb731fba8a12e94c3235cc77a9ea3440f6,2023-05-09,1
SYN-0c83a05405b26fcf,508dcf7bcdc84d0872507deee92998e01115bea72dedd615776133da275ad873,2023-03-02,1
SYN-5ba965920d564fb5,5092d815bcd756e90b179a9cbd46cd98798be46c2e3e8293c612b0e1b2f6b36b,2023-03-02,1
SYN-151bded202db96aa,5092e9bea5d087f9bfd7d2a94995c8c0c4dec9104e8ea945d30bf8ca26ccb5af,2023-10-11,2
SYN-0efc34f0a6052140,50941402747e9d003bed4c38be952a55ca19897721b434732b9f5fddca20f2f7,2023-01-06,2
SYN-b671b162716585f1,5094b35c8ed6a0f1c2bd0b0bde4d9be275d384c270149f362c6bf4db3a80bed2,2023-01-06,2
SYN-f29c9d3ff60e046d,50968741b6ff3dc240195a0d4dee455ffab1737c9a73d3f6f0bd3bde725782ae,2023-01-06,1
SYN-098621f40087df11,50a2de9148850d620462910461a3a262eeea3da91c8ddb4147dde33bea4ba5fa,2023-01-11,2
SYN-8bba9e5e0f843ea7,50a2ebde608688c399853ca6c1c3bf27614b726db2357ea7620d4a9110c20283,2023-03-23,1
SYN-8a5255137a64a089,50a328ca719e16f65ce76e5bdcb78c8f68e4845b0ae02af4bccdd87f37ecdf85,2023-03-23,2
SYN-6658676e63b0ac98,50a55e0da3cc5ea50d17a8208893991e88368d914930fc56ebcc022f4ad74d8b,2023-03-23,2
SYN-95c0aa1b1442fea7,50a629eb1fe6154936723b6cbb25918c38ae42ef7e27d3ad74c436ec8cad390d,2023-01-26,1
SYN-bda50ea2cc991ce0,50aa94c6453407eb1b4d4767f6e7f15b3a0b870dd146c0c550a7f441fbe3af2e,2023-05-22,2
SYN-9aaecd0de03ed49f,50ac7f13ccf451276872840365c4408ae6a56f11a8484e3521c974a5ce6add16,2023-05-22,2
SYN-05b12820a8fe439e,50b0b6f116890d8a9d8c59d1b99697312a66fadab64ee1231b3e408a9ad2d381,2023-06-18,2
SYN-25c2061ad479c5a4,50b66943ca2bd5434fbba2b5be8bc8f7798724c39aa3fd6def3ec309b74add7b,2023-06-18,2
SYN-dc24c0937f625c1c,50b8c24d29262c640005578cb4f351837ff1a130ccd695856e7896fd09aa8e88,2023-05-26,1
SYN-1813fe16288589a7,50c9930a26b26ace2da6ea82dc7c021aa8e6097a030b17513d0ddd0b158e118e,2023-06-06,2
SYN-9cbfd632f1191066,50c9a4c3ac0f08048e4322942e03f9607b6b9ef77a95d7c0fd24839090bf05be,2023-07-11,2
SYN-c3ee5c0b072eb6c2,50cb28dd10d3aeab2e09e51904390a1d79d9b562f3cfdc7449bd026b9cae0cc1,2023-07-11,2
SYN-0db311d3045e78d9,50cd889bc98702c5c6666848d7c5711aafa88dc97734e26b013e807672f8bc9d,2023-07-11,2
SYN-899381fc83cc0904,50cf0a1c059058337352df3bae9c6012fc508f013aacb6ff6b4766e77c46c0f4,2023-02-15,2
SYN-1a42f163bc21d617,50d175ec92de9401144893aeb7bf77198dc7a8e6b085798f278145c0d7e8c85b,2023-02-15,1
SYN-d98ff7db959aa0c1,50d21e7d86e78a2eaab94fe70762f0d850281ec846c5092fd8dd03288ae5ca2f,2023-02-15,1
SYN-2d939296a9c60e01,50d72294ab5693e5a6d466290d0e280cc722c3f564dd2d463dbbc91a5d59612b,2023-02-15,2
SYN-d0be1f3a5d72b0e0,50d8be35e3fcae57dc9bd48d5bcdb4d61dc532a1fb50e5e624dcafac2ac66bb7,2023-06-04,2
SYN-92db06cb8fe19d7f,50e4d1ac10bf661b829cf45300167acae7407a8d1503444de2864f395517a615,2023-06-04,1
SYN-6ccc5cc410e04096,50eba65b66b51ae6fa85607f6dfe3420ff3c70114cffe3a5d7a4089747f6e5a5,2023-06-04,2
SYN-4bab909e0e02698c,50f54761818c4241986825612e1a4270004b5dc44197ddc0e2055bc55979618c,2023-06-04,2
SYN-97b940456f0d2345,50fb605df6e111f1de490bd0214ad912323dea53c9be82fc5ae660ad16c0c127,2023-06-04,1
SYN-352e82c1e6238bbf,50fd2d7838b3cfdb93b4d88d09fc56e704129687ba31eff5054c8e35bcd1f112,2023-06-04,1
SYN-e877932452775fa1,50fe3d12b84ff8678e16cb3b72c530ee78386f3584d4318bba8aef7be9e0c748,2023-06-04,2
SYN-2bd5e209fd5b138b,5108d0475fa79c3e1a46871d762afeffeb0d3d224cbd0b64b52eb50d7b08e6ae,2023-06-18,2
SYN-c5fd0fcee6c7d448,5109c63877b95402fb2713386d2c631c419bcf815b3d89c75525287809aa4026,2023-06-18,1
SYN-a42da64ee5e5d510,510d0a74181d8211b1a903fd9f39b000d4b0816d43e30f4f20bbcc374e97f085,2023-06-24,2
SYN-0fd874ae7ebda30c,510f05ddf019d864ec0283fe5263413d0b4afa94027a6122dfbd45e4d72da611,2023-08-23,2
SYN-766b46689fd0121e,510f14ec4795ee4968f05d6a53ec94d813644d79a7b07e949de1f02b1728fc29,2023-11-03,2
SYN-1894a1bc44f6b35f,510f2dee765673937719ad390fac9d76c2827f982bd1d38907f3f0bb4b80b4ec,2023-11-03,2
SYN-1375e85ed6e61668,51160098acd547d05c18cf9c2078b7af47e65f4b79a5199ae821c568cfab5630,2023-11-03,2
SYN-d7fea308ecbf8015,51186371643ac29459c95e5c1a94f65b682f5776eeffda6a1a8f59d889980238,2023-04-26,2
SYN-97fde2cb0f35a73c,51198e5eeae326146d73508c332799899d2bd59f35058b8784174fcc43bf9cdd,2023-11-05,1
SYN-617983593431ae4b,511b538ab3968e47d0b52b0d4131226f617e71d4962001277b553effb93f5295,2023-12-13,1
SYN-c8117d85d38ec6d2,511fed718b96aee3ce3ede4d7c11c25d86642a7e9b75faf1e43257a65919dcd6,2023-08-03,2
SYN-86d92a19f12ea672,51201a563c66468af7e550988b39df41f2c661a8da2b8824f916240545f23135,2023-08-03,2
SYN-8e3705ce1c5754b4,513037489e23bc1c3533307f820ad8c8d556ea3552833d6b55fd92c00402b5f0,2023-09-09,1
SYN-5cadc8512fc73e49,51371364dee97db2cb572338dfc5fd37aca86a576cb72441c22e71b06d654cd5,2023-09-09,1
SYN-b249fb68261f7d6e,5137d6cc6f4cdffc10e72d27c111223da0137bff5bcb55234022c377143d7c20,2023-01-01,2
SYN-389562417101d4a5,513d23e905cef695607af5739324662c12527b3f1c810913620e79611d3bd759,2023-01-01,1
SYN-34d3d69d2e1ff79a,513f42aa65c63ffe19c80c8d3792386057cfcf360e60512a93f37894d682506e,2023-05-31,2
SYN-7fb8c814089f6ae5,51429353cb78318625136422abedf919361d4974faacf07d96a7bf31829087be,2023-05-31,1
SYN-7d597d2e3c3047e1,514411741329da83b7f905fcbd16e4eda74b8ed3e573d07c95537709576f15a3,2023-07-12,2
SYN-f5c0ef4683f41725,514de819c04d00c23d74092f1c072e9ebcb2a298582148b3b01516623e92d3fe,2023-07-12,1
SYN-bee2257ef3741ec2,515182b26f614e6f1648f435d8ac166cf3a573d33c9b01535117a63deb52ca47,2023-07-12,1
SYN-a9c534518204e307,5153a185ee80564dc5b797e114a06be68b70309edb12882775aeef4af6a72cbf,2023-07-12,2
SYN-1905e4f742a2931a,51541ebd31a1e076dd76f0b78e76eed3324bdec6abc1d0e68b8e9b9e320fdab0,2023-07-12,2
SYN-d2612474cd59b72d,51580571b2ebba588c503b8a282560d725565ecf6dea1adf37431d29495af5a2,2023-07-12,2
SYN-2e59db4a5e65611d,5159c1ca157ce8a874f608668edf8ea087f6060bb17523964674ae6b4e834809,2023-07-12,2
SYN-8b797d98342d0a47,515a2692f038382bb46efbc13c6eba4ac0afd27add13870bc22acd5dd087922a,2023-06-06,1
SYN-24e8c62d04aadc17,515cd1f1f33583f0d53437ccb2b77276169f4121b16671464677cc47aad44384,2023-06-06,1
SYN-be8a100550280bc5,515f3cb6182cab9dcefe2c4c5539c1fc3af02f899ed68d0c0d8593818aac26ad,2023-08-08,2
SYN-87dce5e6c0307d0f,516240ff07403e5bb8e90033d29af3a2f4991ea2d6d74b88cad27baff3afc9e5,2023-08-08,1
SYN-b44260e72e14a62f,5162deed54dae6a2d0f28fb6dab66507e8ae4bdb52d300779e817a4210e9ccbc,2023-10-07,1
SYN-bf1228bede77317d,5167ec4957ada8e42e89dc3b45092c4a06a6afbfbb8502406b2262058dbc5b66,2023-10-07,1
SYN-4ea862f35812c34e,516843afa050238837b708073a7bdbbe80a0b04bb19d0c489dd8472f7737c661,2023-10-07,2
SYN-434a56d94267dcf2,516af1176ad4a7870484632ff84601889b7080698f8aec94dd68af5860a0d11f,2023-10-07,2
SYN-dd70105817377b48,517006b92847cb05c6a16187379285554deaafe1a69e1a63216e55f9898fe291,2023-10-07,2
SYN-54552398d524d4a0,5178446d910c4db1e5075ae3fe160f1616e3c1f9ae0e296bf2f74cf6cd8a2a7d,2023-10-07,2
SYN-2ad39767a375313f,51792a5d74cdead58a9a2a7fd64b90c237db828dc6fb6e6096f9149f1b162829,2023-10-07,2
SYN-0ac5e64f7faa5d5e,5179b77412bf6d8936f557e6d22038b08ee12d554795cf87e5a3a9aa90dbacc1,2023-02-02,2
SYN-60fe165c3d75d2ad,517fd7bcde6dce1cfcaaec7ac4cdb3337ea64b2e1a8150dc0307fd019fd3bcac,2023-08-14,1
SYN-fda85a5966c7b359,5188476a72f830b75146ee7ad42728d222010f662639b5574ee4f6afec585306,2023-08-14,2
SYN-b441bdd5a0f1c1e9,518cb6f2b5a97198f3ffd11964092f06ab9419a65c7c6d55e538e8fbde4d2a10,2023-08-14,2
SYN-1123c7ca79130d04,518ddd305d79b8f801f750e59727963b8199247582a65ae5bb93ca39c56a48a1,2023-08-14,2
SYN-1ac310ab5475ff1f,51956b3f1ef9dbeeef95c405eb591a30078c97996b31173ec68c73d07bb336f7,2023-08-14,2
SYN-8545b5a123f4d1d6,5198994ee47467f5519dd06f486f2608074be2806f69f9edaeb67bccd57c6d23,2023-08-14,2
SYN-bbbd6b47eb1b7d9d,519942505e85e2be3072612778eb3f60700e66cdc2be4dbad3611debb374d656,2023-08-14,2
SYN-8cc19530ae4f138f,519a9f06b92661b49ec23c795fdb683c3bdbf91013fd110b8823e0a39f461f1d,2023-08-14,2
SYN-d6017db9add16ceb,51a3f628cdeb331b267d7969ae97fe11301176b1df3ad949eed42349cbc4a9a5,2023-08-14,1
SYN-596c5a2029c07b21,51a8a07e4dacf0eee79408123b5fd42032f22e2100cd6ff0cdaa04fd47ae9a82,2023-08-14,1
SYN-0b6a45bf46231768,51ba8ecf9cc90b6c2758bff93dfa1a9e15fce6e8097917fa803c96bf30b89ee8,2023-08-14,2
SYN-9248c146a1fe6fdf,51c152f69692c0f7e714695e93884dc98e5f08a83dbceeb4473a9191ada9cd6d,2023-03-31,2
SYN-b28f12896eec6ec7,51c16c02b76811bad1ad0ea804933d525b4f56b0da6851f43de84ed9c866e063,2023-03-31,2
SYN-24bca968b7f4c83f,51c19c2a878201ccd85e0b4f2c6d429a70453b40e8451e7cb6fbb8eee484fb7d,2023-10-24,1
SYN-983a5ad4ed595a22,51c841829e3cfc4d088a7a9a80b00d5ee69df9f74657289809e2925673013b2c,2023-10-24,1
SYN-19e3e8842d12871a,51cacd323480e93d0afc5432db3bf3a1cda4f836555f06e0300f65adaef48c88,2023-05-09,2
SYN-e2b45c11f5aa0b8d,51dae39accbc0e9891cc7dc13d70d2a5a2459089fe6bc13d04739430b5f66447,2023-05-09,2
SYN-564869de56c298e5,51ddb326e4c3890e198cb5bc5fef79b3ce00e9cfad229f3a839d72b9df34b3a5,2023-05-09,2
SYN-69215b95d418d785,51ddc06cc1be22e0e205adbb6768f6e1e0cb0fb640f709f4a873bca3fb47d4be,2023-05-09,2
SYN-f876ec43fd07ba4f,51e11acfb8dc3637c49a29b5ecfbf9ecda8e8cde5cea7ee4ce5345cd32e133b3,2023-05-09,1
SYN-be6c455d89b256cc,51e11d484d8a11b5d218400040856e85726bae4cd3ac3fab1f2f9c268dad5d14,2023-05-09,1
SYN-b9de7e58f1b707cd,51e1ef49d7a4b78e94c342f9559b801bb0c0610d9d33bcf1b205d93ce39ddfa6,2023-05-09,1
SYN-e74fdc49bf7a0189,51e9c1bfcea994a9b1a9c6c992fe7ff005843094f8e0a46d4642893159d46cd8,2023-05-09,2
SYN-0526b3e9218c1360,51ec540463588807497d8e64fc9ff965cfc8312c62d1f6b2b2b44251412b0bca,2023-05-09,2
SYN-e0d88f5e3f041a9f,51f2c50c3b0285c2a9b68828314976afb5356598959126ff9c1854b1399af179,2023-12-09,2
SYN-2c2359daa1316446,51f8d4097c8ba4795b82e5b662e33bab2109ad9814ea942a04fbaa993aaf4f7b,2023-12-09,1
SYN-1662599259eb10ff,52037e7ef8c435aea6283201f9a0d0d983a363fbe8efc81c8054da971a308a98,2023-12-09,1
SYN-09f8ee3c5451f1c0,5203a4ca7f06cff0481ac7c2064a71fa3494487860a4b02e6fb4e834394e9166,2023-12-09,2
SYN-a042d3e1786fe9c2,520d078e87553196a945573b073680c3a3718e8800ca356520235c49321871b3,2023-12-09,2
SYN-f5fcfcec811a633c,5210c8c4f8e721f45fe63dfcb2ce55911fec5dbe608bdf42496469c3d4d63cf9,2023-12-09,2
SYN-3042d3239eb9410f,5211176dd7865634f19f39e9a8e30214f7f24c2ec0ca4482cc911c774ac854c8,2023-12-05,2
SYN-6a89d3ae95bfe7b6,52141dbe2aa5ba2c6c25fbda947bb0ac935080a8d4faa34b906d0241f88f1579,2023-12-05,2
SYN-dfd97d4ba6b386f1,521748e3c93dd670c36838ae4dcb280db9c7b79f70ab60f82dd8b38299a2872d,2023-12-05,2
SYN-38280901c2ee0d35,52205710dc97e68f7d531186f80700bf7cabc1747ec35a6147875f8962bbbf46,2023-12-05,1
SYN-a7da0a8659fba6e9,522470f0b7d695f283805c34d9f813877e5b188fbf6fb6079b623eef4ce3f1f0,2023-12-05,2
SYN-6689d6ffd37b2012,5226615012233f41f56d09adad80989eb0a37c770037e4b1392b74ee9811a526,2023-12-05,1
SYN-468221040ef2935c,522774b88dd6e1163ceb897f12a730ea278da5698c94af713bad7bfe8e6aa618,2023-11-25,2
SYN-fe52620b309f8dfe,5230143b91270150763bd383f8451fa9aeb31151bfa0b0ec55314a1fbf8c4ee1,2023-09-09,1
SYN-3646c31e216fa9d9,5231d8a22d26147600414f6fcbe3e5d281614b8f8b4407cf1648826ec23f73da,2023-05-23,1
SYN-457ae57c2e2f2806,523b5ddbecefadb577d39af84a08359ce3c7dab9d6a28f920d4ea16f48b857ba,2023-05-22,1
SYN-cda24fe907594d52,523bfdb53e223d88b04b1b38494402b5b58f48843c0c4682f102d1be400c1415,2023-05-22,1
SYN-7bd1a284a9e14042,523f6506e63de8d321d089977e6b75f2850fe4d78885993696fe97baf4a83397,2023-05-22,2
SYN-b569f63c9a31bc80,52465bde6b349e50a99c1095c53a3027a264ec096ee0c82de6a52c1a5ef938ab,2023-03-25,2
SYN-f66da20437d4cee1,5246deece21090adee27f2e3aae9f6d5efd0bc99eb72cb3bbf7026123df22a18,2023-03-25,1
SYN-8e433f2aa5395435,524b0ccae56dc1c2750bc55d2769e967fee1ad5a86ccae1ceec77f0d96ba9223,2023-03-25,1
SYN-48108bb20e6abb3f,5250bcfee00a4450fdadc7cdf2f59c16e133f8f5150ca37e1bad1fff6d03fe41,2023-10-11,2
SYN-8db806af9f0fb351,52548690b9ffce8903ea8419d8b3b7aea0a7f4b9ac4e6a88d01492e2b527c9be,2023-10-11,1
SYN-ddcf26162d5ed06a,525c320a20e5ec8d899e2a383a708d549bbd74577d0b208e53fa9414a50970ee,2023-07-11,2
SYN-bf11fdd8deb14c7e,525d5adccb10bc1b1fcf70adab09cc876618f06531c0093a2722209014bf9e86,2023-06-27,2
SYN-4cb89f7bcdfc5802,525f5b5fae1ed058e47e8a8aedec7188288f9577f6a526dd5756c6686b51d42c,2023-06-27,1
SYN-df5de127e398e4a6,526927a5d4e1e62dc7e39ea097f50388345f7f8cf7266ea27a6049ceb172da53,2023-09-03,2
SYN-642e14e02fcff045,526ee0241aef954a5864f73a4dd2544476df19f2b6735d18f12645c0d0ce911a,2023-09-03,2
SYN-f9bb45ce657d1f9d,526ffc8c7e2df22e8ba1111b3b0cd77acf955986acda6397bb83d85b780eda9c,2023-09-03,2
SYN-10f0b3ca4af915b4,5275b70c78a162b9154f91a13f0a2300aa5872c63f309e740dfdd344e9906475,2023-05-26,2
SYN-5bd3ad6f6a082fb2,5275fe0de6dd5da01f787a78b814465d13254a077273e1abd3129ab95620b936,2023-11-02,2
SYN-345be01809fdfd80,527f7ca73b73adf6f73b9ac6c31a3ac530d15c1da53a1347b102b5e8bff816e1,2023-11-02,1
SYN-4105ce05d3841273,5284e65a6d4ae9ead870e450fb68040638a1fd826035bf8d1b54e1fe3484fd48,2023-03-05,2
SYN-81065f15b82f626b,52859651d8a9ca94ce1f74e09b9afb922ec8f1ba9e14566c9b9e5218389c7d1d,2023-03-05,2
SYN-f44f61930847d4e0,528d38bb803e07c8a90d8f7db1b39626189c9f3433f40c2369a720124ffc6759,2023-09-13,1
SYN-de6c751add9de9f3,528ed8ae8e0579511557bf2ef31d258c0e547fd9f77cfe0256dc21b13a73d226,2023-09-13,1
SYN-744718353c34e1d9,5294e675890731e3f9dfca49ba2c98f322126b320948c88959b9e7b02620b67d,2023-09-13,2
SYN-6e56c0d66486753b,5295cacef702c58dda849c384d07f5273dbda1dd8dc4dbd0c50d99b807986c61,2023-05-07,2
SYN-7a76343ed3d0e0a8,52a074a726a06aa70ab1c368829b9b33141cd73cb77a519874435f8728c4a722,2023-09-06,2
SYN-79030543705691ca,52a71a004b817cc3f6a3a2b8884d52b0d7ace8d5eee0dd1ca43d5826859ba194,2023-07-28,2
SYN-6f7261b8f5b1e59c,52a71c2382f1cd3c0a25825811ef9fe0ed7d694d887c08ce7abe251bec463a86,2023-02-13,1
SYN-5b39c933b9a27a47,52a75750ed71116e41443a937d5b29b6ad84f9caca7365905c1794f1e31ceabc,2023-02-13,1
SYN-0f49a475f22552cd,52ac0185e60bfd31b3e8aa7146d1ddfb0b647fb78a017574e1501fd751a615da,2023-02-23,2
SYN-5d0582c4949fd4d7,52b1ee637c5335086b4f46c2814c5ccaa4c7e5783f5debf547b1a5c0b77a38c2,2023-02-23,2
SYN-9f92db24f0f4a5c8,52b9bd62400fbeda40cf7dcd0d2e3072309439f976d759cb86e6ea652a189884,2023-08-10,2
SYN-473cd6130ced9f9f,52c6384c7368b37a0c4dffb45aea51b37f9e525d095c6860a437f1d3dddefdf6,2023-11-07,1
SYN-86fd86f92ee66ed4,52cd75b0d84f79e6ce55d794798eb79d55e223622cecb188057209fa26024ab7,2023-11-07,2
SYN-685ad6268fc767e5,52d3803c71002f8802a4f72ef31d339ce1b8f97482097f6e64898bc8fe93ccf4,2023-11-07,2
SYN-ae7960196440aeb5,52d57a85b0cc900cde36829e3dac73e3e095298c24177c9a922372b0eaec4e84,2023-11-07,1
SYN-71521c746a788651,52dc3d12a00b2415f6a82730d3919e6802d01f14c0ee040df896773c71fbc44c,2023-11-07,2
SYN-a997c9f6001d74e2,52dd9e8a6901ba04c48389e47acc265979c4972ae5de3ef5acea2619dd4e2d34,2023-11-07,1
SYN-8bc233c62d352229,52ddb985f938f2f8f7cdd0b236cfc6dbbd0f11a5ce5f674d96f632ff4565538f,2023-11-07,2
SYN-bc7cacaa9f9e303f,52ddf22f4c2e0e012e5fa4d587edcb45c4ebf2c934c6939f15eb0ffd6210b675,2023-11-07,1
SYN-29835b1a2c8749a0,52e1b33aafa9b91ab08c166e4a43711a550555c414358aaca6420297bf07e5df,2023-06-26,2
SYN-0c87d4f2eb43ea51,52ea189e1eded9aa1e9b467dcefce08151bd6bdf64502519f5c26a92545cadf2,2023-12-10,1
SYN-c28f4acd971b4ff4,52f000a2764522f4de8fd3698f3026661a8196c2aa258153537d65b74e5cacb5,2023-06-21,2
SYN-4557675e0d357f23,52f1a014055a910b079b6213c95968fd629408c624c745b6955874f037ff84cf,2023-01-13,2
SYN-6543485cd9942221,52f64e8e92d8d7771fdbbd1dc85627a9fe6e056df11e2ef240a3a9e429525c2f,2023-01-13,2
SYN-4d0611c1933b5601,52fc942c807f990ce6ac6ec955f6946b53b63ce731ee3ca85b552b835e613649,2023-01-13,1
SYN-08ea423bab7061fb,52fedf41a3fc3b9f7402c568845e31a6fed5732864f1a2a528af611e19a21367,2023-01-13,2
SYN-44da739d9352ca5d,53036cb7baf42649216be19447ea87bbc40015098c1fd9cdc5b03ced79885646,2023-01-13,2
SYN-9c34e991b353a889,530386cd64353ef725d6dff30da6ed6eaf83efb70c2e3237c450fc66abfa5a0f,2023-01-13,2
SYN-babe324beab1ff16,530f7bd51e2fafee8646d0ec00bc42763563f41693bd92c549ca7cfaa802ed3f,2023-07-30,2
SYN-f7994f96eb2aaffc,531437c6dca4e2c6f992a65e3263d44030b1e58dc078de0ec662ab56566f2729,2023-07-30,2
SYN-513dde9e7d07c6ee,5333806c1c6d1244424f8166f441870919e9f54a8d772a2822d414c6048bdd03,2023-07-30,2
SYN-e6d272a028549323,5337663a9ba7b835cc2c6e12f8f42882a423d61576003fd65fc2532eb46e12a1,2023-12-15,2
SYN-713d2bbb9ce04f81,5337f0502b8876f6926551a4720dd1fcfa61172550bd92c815f90ceeb0ec178d,2023-06-30,2
SYN-6287070440de8f52,5338d73f9be2dd0613afa32d87b4bb5d98fdc52b0c2afcc594a99c753adb9106,2023-06-30,2
SYN-79a9f68e4434fb7d,5341267b82d52d50c3988fc8f1449834ac5aa74f410eea5067f6086520b055c8,2023-12-30,1
SYN-ed285c84773528f6,53460dbb5879525adbe3df18c7d46088a609a6955ddc1eeebfde7c77939ebe15,2023-12-30,1
SYN-3564071f58283686,535087e63554b2d405a8e489da42ebb659cfb8f15ce89930131360824018e88d,2023-12-30,2
SYN-429fad2ea441375a,5355cb1688a957252c13fba86a611e0510215f92dc44622dc8b58e4aa2e0a41e,2023-12-30,2
SYN-ba7fbc31274a5ec5,535bef6950e93b2a70c67d902958ccac612ca7435ea7d25170a72398bcdc256b,2023-12-30,2
SYN-69eb42ae2d69306c,535c3f64fd53503e29ba376104d65ed84493857428707790974822f2f4cd90a7,2023-08-29,2
SYN-33c372f1947dcf87,536230b69e80ff9dde1af82a29d9c289e0b8549eeec744ccc21f4eac1c86c4df,2023-10-25,2
SYN-0a057c2f20b1c895,5366ebd604854342c2e452fdeba44e5b17b2fd9520ff26cdf0b08aadab7f8a1d,2023-10-25,2
SYN-2dbccef62f3217b7,5369396a3fadd18883b2a10a8d9f73dc90be2d424949e3e14e4676a3b6f4ae9a,2023-06-24,1
SYN-7595e363c5457d09,537490466dbf7537445355b5be2418db993441ab6b5e248d3e168cee35d6b1f2,2023-09-30,2
SYN-4ba771eb4950d365,5379ee3ca12cd4807fbfe2caa8c06b8facf813c1f90dcad95178b9b89e661929,2023-09-30,2
SYN-774c13b4be6e4502,537e00d40a681d328cc62b9805650eff9cbdea19a228ba7143b9a239cb880438,2023-09-30,1
SYN-2ed27e96fa55aa4c,537f676ae3ba310e557309e57ab88c9ed901913fa59ddfed3764a2131335f14d,2023-09-30,2
SYN-aa887eb9ae1d3c8b,538bd70472b7da71081a9230a5d69ee279bd1ed556cf8baeca72181206bfeecc,2023-09-13,1
SYN-eea574086291bb70,538c8dbb6e8bb9d1ab03a0870ab5c97287c15691cf71525550d0212c21866c6a,2023-09-29,2
SYN-340b999007d0ee57,539043ecda69f75cf612510063d0a13a8572ca2ee2be6710746180ec463c7534,2023-10-13,2
SYN-e4ad5aed3daa5676,53918c4350711a86327443109875d4ee346bed37f41920c4a4da7275126cdd2f,2023-05-11,2
SYN-84bf0b30220bff04,5392f4beb9458e487a3e7e06c807add6e9d3ed3c523a97f0a7fed03380faf759,2023-05-11,1
SYN-8645c8888098cfda,5393277f7d86bc54678a08642e2afc0dae614b28e98549b83828160337796a96,2023-10-23,1
SYN-82424d2c77ca7b7d,539695daef5ea1d342b6c0fbc7d0bf1579ad9fab8012e9d760f03cad0e42c5a3,2023-10-23,2
SYN-b334b336f7f34892,53980424d9e723d6b5e1aa94f1cf315d8fb87ab0ba97782174b13851711fea6a,2023-10-23,1
SYN-309fbc57a14a453f,539f93fa98a08ca25c7de0f21b42c3effa8ff1abcdb1f68cea607a5607a7a099,2023-04-12,1
SYN-d8a597d9d771e542,53a5d4603cac5e925af720288edfdb4fca83025667a0ef90a250b8cd02e808af,2023-04-12,2
SYN-b19fe5f2650e66fb,53c16097729c5145dcb20656e4462ba19e2fe24daf17a4a1740124b517d1ad12,2023-04-12,1
SYN-f315b047814e1fcd,53c2685a64ae65cb4b6c3bdb9320cf88b5f66c059dd724623bc3ffb9807b069f,2023-09-08,2
SYN-a2a937f613513c80,53d7cf36078662bbed2f577152e8d2405a0f6ccfbbb93999da640e5448bc9e5c,2023-06-23,1
SYN-40f91835650bffba,53de5b9cd656810838a00e370886c73061c8f1c8dc5d7736ff068e4b9b9b6e63,2023-06-23,2
SYN-947dfdcc86d30014,53e8775e062786473dedcd3aa88284f7cbf10eb48bda2019a102fe285989ceca,2023-03-11,2
SYN-45e89c18784d4a0e,53ea5174d10e347ac464cc23b67f953d5b33f1515a5ba3fdd583df47f34c80bb,2023-03-11,2
SYN-d38078c2fdf0850f,53ebb93ebed65189bf37d0a9443eb27b7edeaee30ed772462c232b4dedfd6a96,2023-03-11,2
SYN-b43d00c73c680ac4,53f065fae962b12732558f6b00fab3625051d96dc3219d9a4bf2bc260e133ac6,2023-01-12,2
SYN-ea0ce7d752007ca5,53f3d133ee36ce184b1bc2e358944b065443741172adc44b3d247fac097b7547,2023-01-12,1
SYN-70615808c49d7733,53fd999f8c0e654b03421af9ea322e78a2c9aadeb5e83ab5c17ddb830e255de1,2023-01-12,1
SYN-39aa968157b23b4d,53fe1a2ce67cbb5ac297ded8fd49e59f12294640827bf2859ded6efa2da102fb,2023-01-12,2
SYN-2e91801261a4a27a,54057a9707b4f6d0b08799576f25783a653e653dc0aa74df82471f5ab40d4939,2023-01-12,2
SYN-f3e6ff88c5700155,540bce64a7bdbbe2f09359eeab5f7cc8a5572a0939b6fa9bb2ec559e16b50454,2023-01-12,2
SYN-835ca908eeb10995,540e76dbca267de956be76f4a632fe6ebfe496218b777f4cd4979585f6bb686a,2023-01-12,1
SYN-6d7f062ee3adbe3e,54148fb44bc2c800bca1d658f5a1f1f0ca8d4e81d0df41bca1cfd566aef31f94,2023-07-05,2
SYN-6305f3f8b3fc33df,5417fb5355e4094ca82700a506f78a088b1ecbca9143bd9468ba18ee35ef01e9,2023-11-01,2
SYN-f2faed02c14eccca,541928a39d573e10f59f1ee5afa2e70d0f0c0b21f08467367ea0070d4d7498b0,2023-11-01,1
SYN-9a1d59d55067c8c3,5419b93baea9a389707531004892936b9e53b8779c3a7b345372356badc00866,2023-11-01,1
SYN-4e43791cb914db6b,541e685b108760e23171baf1b9fa61a99b8e02c27e8fc51ad8b1ad943d7d6ce7,2023-11-01,1
SYN-61447880d6820f4f,54275ed55aebe742fd2291f136fa76f4a0eb2e4a38c543262eaa8af459a43c3a,2023-11-01,2
SYN-bd6f8b2a5f1e21b2,542be926985c25cfae52b7cbf58048d6c0afef7458d946b2034214afd28e79da,2023-11-01,1
SYN-508c0b3f160f0226,542d22fda33c6eae4a00a014cef4ebcd53766cbfb8117ed09bf9b991d0fd179e,2023-11-01,1
SYN-24ae03e5ca5b74eb,5430ad11f69c7ec96713f244c4a3e02ea74880e86d47efa046170ede936eb8a9,2023-09-04,1
SYN-1457810d71966ae7,543164a84a86cc9161ed8c32b6421cd463bc9961992073af6be8779f082f7d5c,2023-09-04,1
SYN-ba8a930faa96cdce,54329e8054d149e8377fb0cdf7a0e1f57a3de37c3be08d9ea7dcab3f68aa8c05,2023-12-08,1
SYN-851b5d64a41d795d,543313b651a241bac97bf0817524d8c42d58f9b6b669742c36815e93979de2a9,2023-12-08,2
SYN-df600a9455336ac3,5435181fed51a7fb3adae4bec78ff6273149cc5bd62c0d184e3c8f40ff804c74,2023-09-23,1
SYN-efdf2c90d911e59c,54373281706c052fad09c21461ba6e63da2eb81e8e09953ba573b09d59fef545,2023-09-18,2
SYN-6715625737d0e2e2,543ad80edaeadf3241a45070a407a10a3906319b6028eca8b974a3f1e2554e4e,2023-09-18,2
SYN-d7f2a17265f8f046,543c09007dc2a0e660c8475d4870ae7fe5be1e158dc03d0b91cdee6f4322d150,2023-01-22,2
SYN-25e4e0561bd4d9d6,544421f41ee9a1eaf80357a25136548dbf1ab34f08298be388efd4a0ac64ddb9,2023-11-19,1
SYN-016a94e40ab892bf,544669d0d602411a1ab0974cc4a5a9a2d628b5695b61099eb5602050e641def9,2023-11-19,1
SYN-1430391f513fd228,5454b3e87fa60bc182a8e111f566b5e53aa125b23d644da17dca5a19ac021455,2023-11-19,2
SYN-eaa51d923229a4e5,5458c3828b5011eef9d6052d7dd087f05868269a82e9cf870113610235cdfb1d,2023-11-19,2
SYN-46241f6e1190b0ac,545f2f7690c7796339aa2d42064f735f185200d95731f9018286fcf33725197b,2023-11-19,1
SYN-84c3bdcc401f36bd,546277d81b2647aad210a343ac8ea2074f3d24c68f4413e98fed457bcddfd949,2023-11-19,2
SYN-14f270cc8e2b7f1f,546645e52008c811a12852b9acd938cff2a3e8c1258226e9e8562d8735441eee,2023-09-26,2
SYN-639c551f8ddff8db,5467e41baa5c8d2414c83a33e28781d9e2dd83ef47da15de9313539d2cfa73b8,2023-09-26,1
SYN-06a2e27a5877d49c,54721c2adfbd73c6cf802a79a51ce679ab36bf366e7cbef66296c54893c9027a,2023-06-06,2
SYN-e1722643f2235a90,54730890ab9a945ea7bd98cc771dce1753e8aa420f841ee0ec7d60d661230372,2023-06-06,1
SYN-38ccfca67e10762f,54733684811d0dc67ed285613ba48fe63a52aecaf1f98980f64633e0fafd93b9,2023-06-06,2
SYN-9bfcab631ccddb1e,5477e07a0f96772b394f162aaa5519d557630b22045d9e84321c92578b785b7d,2023-07-30,1
SYN-ae73ef002f418152,5477e995fece419725bbd6b582daa2175712fedccb08c9109f8e65372693444b,2023-03-24,2
SYN-c08c37f06835e2f9,547d9ecb04c023f7f6989371e75af101a40035520e24b64427f0e9bc54c4abdb,2023-03-24,1
SYN-abe10fef4afb110b,54815020bb689b6b20deedd311822dedd321c010d8eff2af364b9c2c11d93e54,2023-03-24,2
SYN-d25dd2f028cbd636,548957d886687784542f6989ce0e2f7078d225eec37684e7b1faada17e880d40,2023-02-26,1
SYN-eda95366be18003a,54912151b437214dc1a89034a3ea1fdf11f861e79735ec165b1560472fafeba9,2023-02-26,2
SYN-a41957553691e918,5496c1eaa7d819e5d0b31742b6052eed55462bf55bdd051bd1d2b363701952b9,2023-02-26,1
SYN-e126db2e31499339,549f431b3c4be91e4a86b643dc931ef4f4af71ec825e11b89fe171edc6d6ee96,2023-03-08,1
SYN-27d31c24231c15e4,54a7203d1cb94367280835ba36cfc6e8e865f289ea78de4f46bf0b77d88dc4c2,2023-03-08,2
SYN-ef927e33e1875f2e,54b1697aa93c73babc74e04ad603f5788f06d272aed0dbfbcc6d12d2c29c2e6d,2023-03-08,2
SYN-c7135765e7ab0e90,54bb04f1c75a7feacfc809a663b7e1b5324a991b422068255f576f3badadf4bf,2023-03-08,2
SYN-9cdeb32cc2361023,54bc4fbb43afad6baa587eea75c842f527a89a68dffe84e9467e86b4c4456433,2023-06-07,1
SYN-0b3eed829903e220,54c1f9fdb1f5b4602d79c258f1c1fd572e3e1734b8e9b609f5fe54201c853e72,2023-06-07,2
SYN-7a67a5ba62640de5,54c3d03d244ea73e372d46349202fd011875b8b459dc5900bff99ad694c6bc4b,2023-06-07,1
SYN-14d20dba0f0a8ded,54c549a6589a3191c13f16b61b62c51b54341644c070010c5afe1aeb98b8b46a,2023-06-07,1
SYN-0d01d18768ffcc44,54c6b1a98d332af4f1f003ea0c0d40a361947ebae9766c3a9c5f9352f2c27444,2023-08-26,2
SYN-9d756b4f76f10392,54c8227e06a0fcce2fdc7fb674b60e5c81697f12e781f598477eb89f8dcf0c29,2023-08-26,1
SYN-d067ffc1acf77374,54ce79383beeca4eab754aee43d341daa7a0b26d342cdc8c6ec0454c82a0e488,2023-08-26,2
SYN-f2de8332c9e9db75,54d01abdc7f73ad024790eccb658f363b9aaaf2a0831d00688f417a516075078,2023-08-26,2
SYN-ae2fde195569ecc4,54d37a75f9b4ce4ea7ddb6608c6df3a1b7c61a5e6f733523f1c5ea27d2cbd784,2023-04-08,1
SYN-fad13fbfe7d45e57,54d481a5d4193d083dcea9aa8da529d28c3747df785570fe2e2548a41aa82118,2023-04-08,2
SYN-ffd5614bde7f3d40,54dffc4d99a54c210a42de86666695bc424f3ad8e31d4eeede009ec7e691c90f,2023-04-08,2
SYN-bd504ec6b2dc2aff,54e448d993b6dea666c4e0751315d0e72193301c6e09f52e5b9e699e500c34f7,2023-06-20,2
SYN-4e67bd2acaac673a,54e73ddf0c229950e6ab8ba711155581b6db4bfea940c60f5f5229dc9c5ffe05,2023-08-05,1
SYN-343f666ccda57682,54e99184ecf7dff60d0de83b345a021f76a9e63fab8e3cc65dec93f41572a445,2023-11-13,2
SYN-b61f7ab431f1ab2e,54ebda867a96cf9b09e2c24365bf884d396b688cd350f2417443ea39b6c9b845,2023-11-13,2
SYN-b42842ba435f7c87,54f2b011bd2a5c9c035909c64b922207b7c71858804ba82e2b59e5abd62b9969,2023-11-13,2
SYN-e628926959326c45,54f6ce5582d3e8344fd0d4d52aa4d941210d7b685a90812b0f6f492a1a3d6e66,2023-11-13,1
SYN-3e4fdb11fb1ab047,54f8f3114a77ecf55ddae142cc9ec2c5fdf056a0b6fc1c5c0e1b524e898083eb,2023-11-13,1
SYN-06b098f33bb7c4e4,54fae74e367abb0f0abf9aac4574e1520769cab55b77f418251820c7f7f0c012,2023-12-31,2
SYN-d35fc6604b81efcd,54fc9bfc5a8f2b9286847435aa51b0487964b09024cd7c984e05dfd512909836,2023-12-31,2
SYN-83befb08b4369b02,54fd092f1e846be7b92446f8ebf2d1c4c63822c9cf12263385a7a222a0fe03ed,2023-10-07,2
SYN-fe0add712af8e801,54ffc62c8ee922cb72d959edc34fb1c1399de9726cac5a99f35821d34c130960,2023-10-07,1
SYN-9b32069672584705,55075d6f0b5a9e847017ddd835bb2626a4e16a3c318bc51982ebcea7ef8a6f44,2023-01-17,1
SYN-89e222f802391843,5507c9b61eee2d515875dec1ba50e343470dcbe66f0a5a3d1415e5182efaaa6b,2023-01-17,2
SYN-1d7e47b1eeab238d,5509a1000d9b593497f10112733e8e263624c88b12981be707518ab93f9c562d,2023-01-17,2
SYN-92308f1db62f64fa,5510a33463850369ce2c34d7e314fcbfbfef12229f8556f05e5af4db0cddcd39,2023-01-17,2
SYN-8c83976e1f6bd56a,5511b0385c09f95f919424ab4b9e1a016b440793adb277cee752c5f9f03d8daf,2023-01-17,2
SYN-b7af79f2ad4f8095,5513bf795b83bae37450cd2c1afe228961964b794664f09d34d0766a2a590bab,2023-01-17,2
SYN-9ed235cb49e40ca7,5513fdcd3c4dd155408d1c2be2d11923b57dfb2c9574f6c72af14ba3d61d05f0,2023-08-15,2
SYN-04f66ae63bac53fd,551b6246ad4e7649a5e2d168c20e2c099156d0a966c4f82a8813652112df7405,2023-08-15,2
SYN-357a34f057374f44,551d1e5daf28442cc628defc1c897931943641d3048afa0ce9ce03b44b163e2c,2023-02-03,2
SYN-6eb7ead2cf9b43b2,552279bae39085d785d70e0fc9de788d9e8a2c5a047e39ec4259408f5ee477e3,2023-02-03,2
SYN-0992da5473a33d7b,5526f313e99d6d8f02dcc85ede50a1b50ccddf31935d49f912afab5c0c13e61c,2023-02-03,1
SYN-b442a68e37fb884d,55294938a34a3cfe7ba06c601dbf60e3942abf39a766f28b82d023c0892d2388,2023-01-01,1
SYN-1556812af6af6a66,55380d838948c5180c3f45745911beaff83f1c4a7ce6899ba1bf6e0ec9b2b70f,2023-01-01,2
SYN-c4993dce1945c1b4,5542159aacda57a191a5621f9970e8d1002d38a1d424606c26871ca01439061f,2023-01-01,2
SYN-6a315981be8267b6,554716c75a61fd6fb2079d23f24f405f848c79a1981f9e0f8674a96570d3110a,2023-07-30,2
SYN-1a840637a81cca91,554a3de7718e06676add42441fad6ae34514a2a719d41cd7ece0f456e4870683,2023-07-30,1
SYN-563735331b5fcd53,554c9d81b8ec7e33648dba5bfc44aa1bd263bca01679804a3f02ccec80c19da0,2023-07-30,2
SYN-8775fd13ee434d81,5550c5a7193881ff2ff002bc5c1851a6e93124e9ec85cd86e2b729bad99b303a,2023-07-30,2
SYN-b81657d744e9a5fe,555168a14010beeff8ef7e7842691f79d0663d3dc7b6612c7eea59b91575c41d,2023-07-30,2
SYN-c4c1b157bfda312b,5552bc0e88919a348c239c2b723626dcee9aa9b10489fa51e66d4a0e48d428f9,2023-07-30,2
SYN-ca2160b46b522d3d,5555736aedb287ff5452d4e703e55b0de4b57a08e114fc8c30635de0c9151691,2023-07-30,1
SYN-f776a4826847dac6,555eb879c78078d7efa03ec67a52f681b7b3ad9f0b55068a617fd093d0968479,2023-07-30,2
SYN-8e92e8553313752c,55698b88f805e06d3ff29da75ce4bc1a9ce2300f39702f2b7a63fd86d8d287b9,2023-05-26,2
SYN-5cfa1672294e24ba,556bfa2274ece4dbf627b917fbdb594d567f815e41b2b92d540e3d6d3a4d90cd,2023-10-08,2
SYN-ff32064784b30da2,55724501a85916b82f2d113ad03b642077e6c9ef77d3fe42518d8ea384b0d8a4,2023-10-08,1
SYN-926952b807f66e92,5574c42640b50f1b9882f7e3aa8dba5aa208607c8847f6ffdf862291e1e9e1ad,2023-11-14,2
SYN-6343e98a191d1ff0,557c8b7c5ff7686cab8eae73f4741f1745e503c35ce69c79d38b08ea34e97881,2023-07-16,2
SYN-3403b08a2772ba8b,558219acdb104a34a11d492f5843ed3d60be66f0fe11f5fceb28d1658f67eba6,2023-07-16,1
SYN-4046452e444d8bd6,5588dd566d74f9a22f30ae75b3d52df15cc929596bd7c5aef417f959ed9e3548,2023-07-16,2
SYN-cd9905d1f4cc5ee3,558c8e2422dc81d9d568b260547ee61d176ea124545eff14dede3e29f7e5ce44,2023-07-16,2
SYN-2e76f02366abfe60,5590096d9dc26370a22205d75598d429c6f099c8eab91faa83396873d3795aed,2023-11-10,1
SYN-3d82524a8cc052fa,55914b0f9ac0a7682ba27cb48680d3306768eb99614461c7d3cede0b1d521cac,2023-11-10,1
SYN-463b8cfbe19d101b,559bc5ad68fd9d6852347e274ca107bbfe1ae1ae59573b1219b1bec148dbd89e,2023-11-03,2
SYN-84d6af5e77c4d53f,559c84448c164d04db34a3a7a57b975aaa07ca6ab81b59a28a6c984972cea215,2023-08-13,2
SYN-a7624f3f56ab69de,559e7b4ec26390e4e8487005d22b397e8a645ed2e19ea9d271a5b9ec0332ef20,2023-08-13,2
SYN-1a6428466474e0f2,559f67ca20e2958168a1f6164bd7314c22bf75e05d55be9e91ca5fcd6237283a,2023-02-17,2
SYN-154930ff077ad26c,559fa2cd67af60200ca9ae5ec8fe29ee20fe26320891744e3fdc2b9e5e19c0ae,2023-02-17,2
SYN-d3a5e69f37839776,55a5932fed3082856687f05af4409700822d2e3de96fdf92c309402fbf83dbd4,2023-10-10,1
SYN-01a0e27ee6b56606,55a9717ff5a3b9439a4e7f4e2ac8aaf1a07d4a44b5749f1693fa35d87b48c87e,2023-10-10,2
SYN-d7deb182d89a9816,55a9a91c6a402d98c17ebf7fe1d68f126272ab5116b43eb5fb87ae6d0e704ab7,2023-10-10,2
SYN-533e13d4911f5e77,55aae189ba5a366678dd56a3ba2c1e8d5f7160632f56d484bdc26b316b1ddcbe,2023-10-10,2
SYN-3e096f9aa14bf8e3,55aeb88fc7ebb234e2cd2b611ab521cadd54957500f03a27cd1b4a9eb35a289f,2023-10-10,2
SYN-a7c38edc7b891a14,55b273164768ed7d5da497f833db91837c379415119d9690f06e6d30d3c1363c,2023-10-10,1
SYN-c66bd1dddf6b6a54,55c1b59c9cc8bacec31ece104a8668f48b5ce40c616d748a8af8ba94353cfc25,2023-10-10,2
SYN-1eb2909ac30396f5,55c324366288c57955db6978565a448763a3f2123562adcb112e37134633585a,2023-10-10,2
SYN-bd5813decab14b40,55c5007d45d567975d157d7d82b2baaee80f393270010246ef507d091dddd4ef,2023-10-10,1
SYN-e9a144f36c2b7747,55c93f504c012046f7cd4a2e9f4faab27a5b197f50d32297c3a45ef7aca0b49e,2023-10-10,2
SYN-f77e272feda568c4,55e7a7748cfbba932a574f0367d91fa0d507885ec2ff9164a6eb7a612f82e4a5,2023-10-10,2
SYN-c43906e329f964c4,55ebdbbc0757f1be240ad1c87f344600c8ec835c872afe13a63dc14013bedd31,2023-10-10,1
SYN-275912911bd841e7,55f65c7851a59ed348804d68b07d9e3fca1f1f108cc6a1a64e3bb3f0c2dad15f,2023-10-10,2
SYN-b146acea0cacac59,5606af33e7650a997452e5e5fabd5cfc585687a11d660d92a4c163f2743085d4,2023-10-10,2
SYN-068b997c1b6e9b51,560a3cc8223aed0616efdcb227aea89630480a5dd73d4567045fd522a5ce89f6,2023-10-10,2
SYN-c735f3dfd5b707fc,560c1e8243879dab6d7bc8277fe3efd80093ba79d712351708a324a1e5b17167,2023-10-10,2
SYN-c7718a8e0220f2f7,560de39cae1dc09a620bd63c707b561da08f9360aed5abdce6723c2f155ba596,2023-10-10,2
SYN-b8549d83c0128069,56102f2658e098bc7d524fb7abdca201e97ba906bf52efda9d0c5ab50025afba,2023-10-10,2
SYN-aa230f023123514b,561169616497f1213d396a3e198c8df98f8d559eb516e09c1c96350104fd6ad5,2023-10-10,1
SYN-d2210399855d08c6,561ce16316628ff75d1fda0316cfc13bf1f2a0f7ea0f24562857712dd7f53c9c,2023-10-10,2
SYN-7b70d9c1ca2642ea,561e372bbb82d7808f78b2fc14e97ee332233e9bee788f8e812f6db825bdbfc1,2023-10-10,1
SYN-82972a1ed03a6d0c,561e85568d9990f42aac22d2cd69d3b0e37dfecab1333ab885b1c5de4dd3c13a,2023-10-10,2
SYN-415275e7d7e60d3e,56228c5e2f964d561f952382432d1ad6d777fc118459fea27e87d0328ee7a794,2023-10-10,1
SYN-1c776c5d81dd60c6,562a4b552bf12910f02f5c4152a0deb44150868b5d34ed720d9078ac728ae564,2023-08-20,1
SYN-1f0708bb7bce5856,5632fb2043bb07988d6959157857d26e28b2ae39afca1e0e6175c89709096189,2023-05-10,2
SYN-b05ec12edd8fb492,56399092bde0036ca48a308f99b5e69132fc7500d535764addd0751ce0f1ec6e,2023-08-17,1
SYN-34998f0c05773c25,563f17bb5da847a9d95935bcedba4fa6d5c7c2e2f81e0f8a32f19427b10e5d61,2023-08-17,2
SYN-7e028cdca39c417d,56401b828ac8bd86b98e3452393f7d3a508f1bdcd7411e1817edfa9208845e83,2023-08-17,2
SYN-4d24ff820ab4af78,56433bee7929b1fba62ab5b543605706742ed7902c9e29a8335f85b2a2501bb1,2023-08-17,2
SYN-055088456f7235c5,564713ce8e81a1d8bcfb41a590122eee06ca3a1b53e6f606d848e0f4dece96ad,2023-10-20,1
SYN-3137ff5258d902ef,564a47035c52895cfc00dd4cc3ef2077b150e2755b5306ed122d20b4952ac33e,2023-10-20,1
SYN-2ec6f2659691aec1,564b6679443f09903546a996b7b052f33080cb9b815ccca50b6176159ec5fe04,2023-10-20,2
SYN-3d8d606710a38a3b,564dfe6acf4b80fe0fae4102dd940f9fc5e5c090bcf9c298270504b1016d39e9,2023-10-20,2
SYN-9a087ebc73c1ac21,565891c705619dbbb7dd6958900ebd39bc68505ccab2395c2a2321852f9a1a2d,2023-10-20,1
SYN-0f173582d4131ff2,565c61bcb164cfbef1a036b0d323d45773987323c9c8f352b385ea99e4268c6c,2023-03-27,1
SYN-7265a78c2fa350bc,565c65685b9c8ad1be70b7b5eaa0f496cfaf907d9dee2cbc123f3e7c8591a858,2023-03-27,1
SYN-2473c666f03b2acc,5662daed703defdcfdea8d0f4d36adc3becf69450384bef3d4443ba79c01e734,2023-03-27,1
SYN-d654b769e51e1621,566fab3f432e664e20a9cfeacdba5a22042b0a45496d909d2d10f07a6de5f193,2023-09-04,2
SYN-d5c1e1924499dfc1,5670218f114b5b4f608840ccd0a68650e8cd9e88565e9827980e3730e4b87163,2023-09-04,2
SYN-ae67ffe18f8792af,56702219991f6ce5d40f51533d314f2624eeddb856a86e8f151b675e220819ba,2023-09-04,1
SYN-94986d02f5a61acd,567ad7ce0d3dfc11410df14f69475bc20637dfb6e57db3887c710be1c6414ef7,2023-09-04,1
SYN-387d5a846580b1a4,568937b343090ad08b0377c7bf1620497fb532c4e4c863a90fb6d871e0ed2aac,2023-12-04,2
SYN-9bbcf94a7e7722a3,568b35523036d47c190b7b900b32a79a74293a7e6945b4923e81d7652c1b9d41,2023-12-04,2
SYN-12ff45e384f92fc5,568cf826f6da4bd8da5ec4e53acb31cdaf8bbadd1326b21d5a4171a6bf92f75b,2023-12-04,1
SYN-8a5b577286f1255b,568ee435e2139c9536e17d73dee7ab7f24a3a099b25abc3851a6f4a651b4a3c9,2023-10-08,1
SYN-022cc14ea2a58ab9,56936dd27cc215750cd94027a0e21a47003c7abae15069638df12c3c0b881bcc,2023-02-25,1
SYN-58ae8114920157ec,56962cb43934c5ef372e5b1ae4d40020e1967d17c29c7163022c16bb922aa873,2023-02-25,2
SYN-21dace716758a907,56ac18a3549c0f475e23d651bc6e100fd26617cba6ebdd5aea14b0a232965144,2023-02-25,1
SYN-46885a2bcb62ac82,56b8414a7ab6e22efb7602b175b9b24c2cfac0b73de28cb3e788d531aa4c3148,2023-03-30,1
SYN-84a4ab14a6c9eaa9,56bcd3c684a276807a787b2d5d5be90e53d80fa4624f4a97aa9a00e9f7f39c1e,2023-03-30,2
SYN-39f4c0c8e1af6f29,56bd0bf7e84a87a259bd7a450e90eba964e335b630dd5f22b96512219306564b,2023-10-14,2
SYN-3008721930c869c7,56d3732854123b09efe74adec04ca145fa4d28dd3dd6bc23b627a5c4e5c902d5,2023-10-14,1
SYN-77df76c223927459,56d881ebfbf7395baa3325113a60e8caf1b084b0af511cf7b244ffacfaebce09,2023-10-14,2
SYN-3367026e12e3fe1c,56db595ca40abd9c85677c9e91e0f7cf87082cbbd4c16805e093644c2216de80,2023-10-14,2
SYN-18392b632e5044a2,56db8b01012d0d0765dcf11ab4c227b0450b3e41545da9cc7bc6ece156ad8df9,2023-10-14,2
SYN-2048cdf07c6e4782,56dddef3f3c852b3f70325a94f80b319144687a9e9631e64289aaecc84fbde88,2023-09-26,2
SYN-caa77da108017ba3,56e34fb18063539dca69a2c205817ef63f86e85110a2179dca0556a2dadb3101,2023-09-26,2
SYN-f583ffebe1f411d3,56e630091d123a0c62c126b83bf7ad3f4b1583c4d20e493b77fb98b456322f56,2023-11-06,1
SYN-122b86f04522c4ec,56e87a9a6a8936ea104fd6f38ff6be57ad4e78a1c415c361f55540a74f9da9bd,2023-07-30,1
SYN-34f476ecffa07501,56f533ba3f82bb8891eb5aa0033359d6bf01e7a9019875ffa572bb2865e48403,2023-07-30,2
SYN-3470299c58d59a4b,56fce893b52074a9630e234815a0151bdf31429fd3567c900973c6eca845f91c,2023-07-30,2
SYN-e83be3b058e62d45,570243abd4660d6e0dfe6d87a8b94685754c7d8c81e9e6179dd62430dedfa3d8,2023-07-05,1
SYN-237417edc93717cb,5708472e0e49ba4257bf6754edc2c30597509ac571745d4e11e42b99364d5258,2023-07-05,1
SYN-f6a741f3b617045c,570878beb2acccbbf852588ca464309da1d98c66603459b3e1443c7e884c7c63,2023-03-04,1
SYN-28d6572c39565299,570b90589a3b2fda570b54556a06ec05bab3b79b4e98b6951738c156ae418bc1,2023-03-04,1
SYN-071bd5512025c700,5710ec1afbbad70a74beebee95f47617b9864b4652bb46075f8b289b9fb6111e,2023-03-04,1
SYN-72f92b8b10bd924b,5712f36d792f6a691aa3316c8c6adf077232bd6a9d5560eac1dde538b30eab81,2023-02-08,2
SYN-0c9aa26de273e538,57145ccbe40d95fa11f740b273fe2baa220f85e87d5de1cd6a98170b5ba71f07,2023-02-08,2
SYN-23d522d67053ce75,57185ffac32911482b1e7add0600396720ae5ffb54024b953d55e546d2078495,2023-02-08,2
SYN-eb1d2507362350c8,5719060109910b48dc0fc7c3a75caeddaecdf9497e9dccf15906035264904c33,2023-02-08,1
SYN-b33855d39f93eca7,571c6f4252f4342313e97324ac7fcb59fbed928ab9543a0e97c0d3c556b13dca,2023-02-08,2
SYN-837f6ce59089a34e,57204fd4e38566262e72b2055cf80e80e9d01b83083fcd8ede4398ea906ae959,2023-02-08,2
SYN-fec049f3678fd37e,57214a3048638bb7ca648b0e56949dc3ec9b0725f4f23de8d9ca8eec5c596803,2023-07-07,2
SYN-de21b5881724c992,572502a8e30ffb32cd749fa60c0c39a9d375325400ec165eff96ba3bd84b7827,2023-12-02,2
SYN-2856f8588061bca6,57251ed960e863469d8ddf581cc9e9c580e08e6692b774b2899bf231cd42804c,2023-05-20,2
SYN-aa91ae375875266e,5727184b5e4206f0dfc1f1e34249946f3f23a3b969be2a2677fa2d8d04de8764,2023-05-20,2
SYN-dc2c436340d132b3,572a793e11b7050cf27761d3ad48cdf19c6d66cb86bebdc7115e32b071fcc168,2023-05-20,2
SYN-57f9e00348d619fb,572b99de0d0330b3cad0fb2aaa092e629f2d45578927c64d262b48a0c5ae5ce9,2023-02-16,1
SYN-29e1fc7d95d31ef3,57357cb69e7ec8fab9b73967274affed7f8adefa49717bf2b9da0b02f17c0906,2023-10-26,2
SYN-afaa6dc05090cbf2,573aac093cdd09e889d4a5ca9b892fe71070c9943f94d657214a3fdda846fd77,2023-09-29,1
SYN-845a2bfb81a18274,574b1e7dc1b95920d09b1abcb5137f877ed42266c0f55f1fe9280f0fac1dad08,2023-09-29,1
SYN-6172cc86ce22bc1e,5754df69a1de734cae03f356da9d91902c79c88dcb3c171520ec4d01b8aef775,2023-11-23,2
SYN-542fac562a623ea0,575be7fa592a0a9070c196fbdb1b562b9b1cb0c4185b46d0cfcf65398462b2ac,2023-11-23,2
SYN-b489089706333349,575ca4b0851b917dee8854b99f5967c3421fbd4ed5e138e69dd99c501a1aa4f8,2023-11-23,2
SYN-1b6d82d0f61ba57c,576d1bdc20fa5887d30db613ee238ffb7d9ef5ecf84cabc5df440e4f5c3696e7,2023-11-23,2
SYN-5a18bc4e42fc9db9,576e1d0bd0c89e80e5944431cd3eabe9fb550e9fe976c21b0969a5e52267bc6a,2023-11-23,2
SYN-ed21983c46489ec8,5774b5f08a0233c9d136e010ab58b5742250447c534b3ed1653e5c5bc74a4a0f,2023-11-23,1
SYN-ec7a7e6fc2937a01,5777e2ad3c5773edd2de134bbc8e602421c153ee522c6471a49332ce8ec1499d,2023-11-23,1
SYN-786dee2ebf9a68dc,577bc5bfb2a8d280292182def807f6359a477a20c434bf79aeb2421cf7166b9d,2023-11-23,2
SYN-bd4adbaab02208da,578ed6602cd31fd35ce6ab943ad197d8da4a10718c372b8fc1de8fdf74d5e64e,2023-02-27,2
SYN-ad589ef47ca491fd,578f44b27ebcc86742eb5f101f3ec7f9dbe8eee90cad2b0325b02f1f787f1075,2023-08-19,2
SYN-9c702ab223de15ab,57914685be978e6f213dd072fa1195637d242a591549ead2476024e9ced8820d,2023-08-19,1
SYN-27f76d4aaa4a839e,5792460e162b073b79930f525020f8656c1d39cedfbcc611a02afb7b655ef5b8,2023-06-28,2
SYN-a83a20cbe69b8479,57927e590692c8003263a13cca8b2fc260f35e3fcbae56488ea1ffd6e07b6792,2023-02-23,2
SYN-b5c5de6329819a05,579ba62d966f3ba62433b555252cd98645dfcc16361537b634fed0f7548f7abd,2023-02-23,1
SYN-0548bea3f876a2ed,57a55492cc24cf42dc741c9d69380c738bdd345070b22111a92d12801afa7e29,2023-12-14,2
SYN-9c8249d427b93b46,57ada5a9ac752106220a98e20443d0b63dd411ab2034136a6c7d98ebcd7c8254,2023-12-14,1
SYN-561774472ee2848c,57b49574044b5b2f8d6baad58bedc88a08f12a09684bad9ccf9fad98e1b126b8,2023-12-14,2
SYN-d5396b157d057502,57b51086aa65cb28f07725413f5d783486f87a5832d6ae9508d9bccd20abe9dc,2023-12-14,2
SYN-034f1a72d8040258,57b5932a97d07facbb2f4bb1cb216fad1b7156fe596373b6cff532305a9c1107,2023-03-08,1
SYN-f6f9b48b0b71dc96,57b5f5d71f994fcbcad7afedc1426d467b11883f64ed5ed343bac84196ae29d8,2023-03-08,2
SYN-acdc93d5e172ec5d,57bca3bd27899dd291b552ec2e84184fe7d940dd5b591b2bea2e69b2b04f4649,2023-03-08,1
SYN-bd4f9186072da7a3,57c3b1ba57e6a0aa43c602ef9cb09846ea1876546eb2e355329f3cb1a29b6fc2,2023-03-08,2
SYN-0ead7da12bf424cc,57cebcd12be78b1d5d3a06248c1810b98b08f62c7db77a332f4728b605cbe903,2023-03-08,2
SYN-1a05809a5aefda42,57d148c1ad3013eb9292e93fc5491ef871c9bda8d722cd0670820a9c80c67a52,2023-03-08,2
SYN-a9742c1062076bed,57d5079459854c5aa44a84ceae1ceedb1ff603790aed4632161950ffc986bc94,2023-03-08,1
SYN-abfb7f8a3d3a871b,57d7768d0367efc154253e73361dba4b78102e3f467f64852d0756f6b63216c4,2023-03-08,2
SYN-f5db2c6db69cae8b,57ddbf7362b0a0d1a047f91d7e72674aad64556805d953531193601a76019838,2023-05-10,1
SYN-a1d2665d0ebbe912,57dedf81d671536cd7a654cbf8321b6095f155c2f7457a6a6e3f15da21c49659,2023-10-05,2
SYN-27fcd5d1b6253c22,57e3517b3782e6cb4ddb5297efaeb62fb9da0a15f1ed424a0724789df50bd0e6,2023-10-05,2
SYN-eab9c968f6eec9b5,57f21bb27ce9fecf6ad368e13ca63f04b5df2458734629c4c8f15be8e80c7da2,2023-06-12,2
SYN-0434490c30cc9201,57fe821919621129b5c6ab4e979513898295166c174443d73e2068b38c153db1,2023-06-12,2
SYN-8ad9ac0e613dbca2,5811eab0c99554fbcb0bf2268c44b91f1f2c68223a2043d5883b876402ea6ab3,2023-06-12,2
SYN-499cadf8e065eb05,5813e5c1e21ffb4bcdf0e444bce580307354896adfcf31db1e0e2a64051661ef,2023-06-21,2
SYN-316eca1ca5314fbe,58195b3e8656ce228e52f747fc53e27736e4a1c7ef0be5a76c17e3bd006369c8,2023-06-21,2
SYN-f3e32e80e117f7ca,5819d74468d3ed3b0128b1b03e0308dcc059d5c907afd8ee5cdbac4370b1b69c,2023-06-21,2
SYN-fd6fd50675a7f122,581eb2d23290a15a22de98433dc8e417851ecdafda8747f04b5a4ef52a0c061c,2023-06-21,1
SYN-ee0df224be20a95e,581eb5eca38233448ec8d3d6b81abc5ac2377b61e5b810c739c3fc1f797ee074,2023-02-16,1
SYN-9945a1e86ec2bb3d,5820bafdb3354fec226dfaef52637e04f2fad66cb4c224fd3f86aa58c87876f5,2023-01-22,1
SYN-c80a531fa4180b54,5820e184eb7695ccc0c3fd2e08dc172ef5b4b07b6547e7df86b8563e923bb098,2023-01-22,2
SYN-7ead5b2ee4b96b78,5820e54fd6aa9fa9ce8391eac6584cc4e6fa2a84aa40f671f8ecae636664f3eb,2023-12-29,2
SYN-3b8cb0143da7bcea,58213d3944c84997891820370776e6bd8c2ca289cfbcffe000cfef97852961e9,2023-12-29,1
SYN-ee9a376f597f5906,582407a5076c6fb0bd7b86bedcb07c3486eb8b3dcc35e4942a8fbef4be9d8d1f,2023-12-29,1
SYN-41b9504cd9df0318,58247b49d2674d9a04435bebc41dbc7e8bf5c340fcf97d39801918a05b65b1b4,2023-12-29,1
SYN-ab864f380dad5047,5825fe149099c9ae9f8493b6c72561403ec7f263656ed0886cc293794c64391b,2023-12-29,2
SYN-2c9334b022fc400f,5826b4cfd940ed5d7fe162b83c44c70381047ed094470e354e552e2518d0887f,2023-12-29,2
SYN-efd6a2b43c4caebb,5826d8559e1b9416cb80efef00ca4078ddb8de820b37a52e0688e10ad47b69e7,2023-12-29,1
SYN-4aef3eb7e4f3960f,582fed0b2eb44b7b5821104b25d9f36898129774209debb6203bb222fc0ebaed,2023-10-12,2
SYN-003ca699f10dcedf,5848858453c814b0818575415368dbaa4872bcceab680a0655f5fe29fe5c3e96,2023-10-12,1
SYN-db75056b29ac0eb4,584d8601900ac5eda07fac79b49ad809fe5712cf1f6f86738278940bf3d5cac0,2023-10-12,2
SYN-7bf27ba5d1b24a9b,584d913b40fa99256b8c0329fa85df6b74beaa5b705ea9e791fa6e31f61b97b1,2023-10-12,2
SYN-dd3898db73c792fb,5852565c0a51e2296cffbad6d5b79fdb44c0e3bbe8be4881f5d09516c7e00453,2023-10-12,1
SYN-d5ba33e26ad97a83,5852a149ed63ec63eb764b08d94ad7190f0f41e1ba2e5f99348160db02f4074b,2023-10-12,1
SYN-bfed8f46dde905b6,5858dfa06edace0269cb335b545ce63d9df6474288c737204721e9096409fa69,2023-10-12,2
SYN-59fec05e5851b4d5,585b9e62dc7b2458fad9438a2fc6311ab91dad48a290b7602d0c588f0d1e1e51,2023-10-12,2
SYN-36b80dc105859048,585c9adf9b76550293462ffba2c07637ff750cc5d14f92ba7a96c490422b2fee,2023-10-12,1
SYN-1f601bd7130ce88b,5864cfbaf0b6eb4f8d1ea46bc34a096706f8d1662089d5daa7c81e900a33a1d8,2023-05-18,1
SYN-795eb0e758bd0092,58667e9548f223934b7dc55fb012e3e22057c5c7a721ea1e40125d282a9c2412,2023-12-15,2
SYN-1c3573d19f1a2b3b,5868cd223f65a34cd497c6417821655684fab685826c5f765f452b98d18485e0,2023-08-25,1
SYN-75e334671c23d169,58696b588b241a2506c0cdba7d4467038c9f40bc927fe19396f3c5c4a5220192,2023-08-25,2
SYN-b65ce0e3a88f3d5d,586a23ba829f687c5c89ec11c96eaa86ed0638a61127ff66713c1b3b9a59449b,2023-02-14,2
SYN-bc134098f46dd7ce,5872a90093a1ef9f34d30277be49248748d522877dbedc8f49427738d44025ae,2023-02-14,2
SYN-23985b5171f72e83,587a0d1e6ace1f9ab487a9070c879d2fba1608087fd7e8dd80020976146944f2,2023-06-13,2
SYN-ca55392e44a3e897,5882269c0c02fb5d302c6374e6ba430867c3dd71452c89356b9746c501a9464e,2023-06-13,2
SYN-cfa519c3b7319086,5883b0a7affea630a4994e793ea77641fcdc178c3fe8a9e5400ec67cbd552c9e,2023-02-11,1
SYN-7c123c8eadd1e0d5,5883c6a0fe36018c0525391ee21807cf5c226f540c2be2b72bfead67407804ce,2023-03-07,1
SYN-5d8a4f31ebe1bb04,5888cca0349e7a9744bcbb5ceb6356411cc8d37e78f0b0badf6b4b682ed37145,2023-03-07,1
SYN-35ac8de9e94a5940,588c70d49b9e31a3310fbef3bf1cd213705ba739cfaa957b112f872b0c7029aa,2023-04-03,2
SYN-0fe6dc9cc31db594,588e80533c1f5656d6a17b7450e3f11f3e71cc358ebe02262ea34c698f6ca2cc,2023-04-03,1
SYN-a24acfbe157f8459,5899b5cf34bbafb152e3221416d18239d7f5950622c93875677c8113f170699e,2023-04-03,2
SYN-e3f623072d13f821,58a51a2d8ca049d60218558fef8fb8f225c4b53b5eff8208d8e55e42d19da15b,2023-04-03,2
SYN-711b4193e3f3b35f,58a741c7b8de23764bc9a720b015d26a22e5634d816bb9688e365b9fe6031722,2023-04-03,1
SYN-5eb141182854c5a2,58abc2d798d37f97144ed325fdba1e30016beb1bc3b95d4aa4022e12c1ebf39e,2023-08-30,2
SYN-51fbb90dcfd6d079,58af844bdd45abdc2f3bb0e0bb095352bbf558eed8d20dc9bba5b1cd00d8f2d2,2023-08-30,1
SYN-5d3be0fca7d7ce06,58b0371e26c9aa6c476189e8441c67567e0527176497ae37956a5ce698aa3617,2023-08-30,2
SYN-3dbafe545876ac9e,58b5aba2e73b9a066be2ec9e43fe901e4e29e42e4ea9f3756e58d88d2284ccbd,2023-08-04,2
SYN-457f2006bcfedcdd,58c04fa0237517819c68c9eb303a707247d08854a468d8af5f2038ab5fee5569,2023-09-26,2
SYN-79263e6f3a02290b,58c3a2a2071e653085586eedf5b8610ca7934507d34d8d46ca7deee17b340f02,2023-09-26,1
SYN-5c3afe3dafcef807,58c7c2973670a53fdf8871fb5599069f921a2a9c6e7684d4e0a88c9fee099b50,2023-09-26,2
SYN-734d1d09ac84123b,58d79cd17e02d4f696d87a3b148849f383f63e16aa617252e63489f086b684a4,2023-06-16,2
SYN-cc0d7f5523cfbc1c,58da40c2d2d450073b2c8fbe1abb7b324c8825f5a377a36f548dd2e2f9c909f6,2023-12-07,2
SYN-5be36945d31b6738,58dc2890976a9413c9805e38281b564a605f39ddd96865618f7759a27f520df6,2023-12-08,1
SYN-1c96929b8c429c01,58df685ea9e0059b45cc6d90227fd8f0c443c39b6c34a64a6258cb70fd8f152d,2023-12-08,2
SYN-ed7053eea6fc9dd1,58e36143c57d435ed573a3a3a17585d0e2b35b5f7b23f90866d3c15820e9f746,2023-12-08,2
SYN-4519d8c66de50e0a,58e3eff19445b5782b4e1f5238aea7e5ad6d1e68130429dddc453d4956b00f41,2023-12-08,2
SYN-36559688044971e3,58f161919b6f9161c23783a7016c7270c751c8e03656c60b97be19cb8493caa0,2023-12-08,1
SYN-0c97fe88ae51f0d2,58f1e729d1ea9a30639c7a2864445a97c4c36b84a3692b6cb0853b0342320b1f,2023-12-08,2
SYN-1eee4d9e28401d7b,58f32ae6a7c910cd3398a42e94adfb35171c585d948acb63907eedac4a29c42d,2023-12-15,1
SYN-2c15735f4e704f19,58f511481b06e4c8bbdfb2dee2d0b1a7db6173255a5a8214751460d40abd628b,2023-12-15,2
SYN-ff4dc8d13239551a,58f57573cae56ca78d364c0cf315d4df1e60253ec8ded3cb3d94aec6485733e6,2023-12-15,2
SYN-5f3d7f775d8c9d95,58f5d3ee61d11069f07802d507e34db1199a307563f244d23a4e535d009ee33d,2023-12-15,2
SYN-bc835804c9dc7783,58fbc0016bbf9d5e6b979cea0b424c7e9150af448399a0b3d317092ce4212530,2023-12-15,2
SYN-768acc13a8d807a9,5907af5ead8b9e732fe964f167030c90c2df2f7ea137bc28c58c90799bad428c,2023-12-15,2
SYN-c5a9bcc22ec71828,591b04cb22414dd5adf30cdb4ef81c731fb99bbe90c9ed5c3947ea85a085c9b6,2023-12-15,1
SYN-ad373ec68ae78aa4,591feab5a1d4cd936d4f0c79e08f05f8c2836f30985dfab4d7c86aee18330788,2023-12-15,1
SYN-374e62275e56ac88,591ff18c3ce2e156eb61421f9cce3d92ad26f61c7a4f12b797ff2ec8643dbba3,2023-12-15,1
SYN-cbd162f63deabfc2,59203ec6d8cda98a1eaae7d8339d4c16084d65049fcc7bfa5ea34f15cc026fa7,2023-12-14,1
SYN-c81252a200642b76,592bfe3bd7a7666425660cdfd6c257aec744de4814e4847c8b96d6d262c34139,2023-01-15,2
SYN-d582084b142da5e3,592e37b40d62f593ad53f2bc2066442318f75f3b508dbb39988949862af646df,2023-01-15,2
SYN-69bdbf7e5fd843eb,592fe06b99eda418f0b557407ba7fd80edb8e6275a1e48d014bbf63f5ad07ad0,2023-07-15,1
SYN-49a92da3dcb2992e,5932dd82c218cf1adbbc97aee07585d227b4ebca8a9c816fb70e11af9e7c57d1,2023-10-25,1
SYN-e5ec58c98aba63d9,59394c8d50d6620013233688c0d08dc5144a02bfcb55cc3c804fe31f3b05c222,2023-10-25,2
SYN-9533c82a22df25df,593a564b8abc0d3c7ad79eccbf726cff946b6d0ddb8b4ec72d2812b2e3809780,2023-10-25,1
SYN-c84d5173cfb43f92,59470fe7e847d5c05976da6c41fd27fa221b1fb7f7e3b76d2509994011435375,2023-10-25,2
SYN-d995aaaad4c1e6ab,594bf927c0eef5230f6d1f0eff3601e410cc5ee8f051ec338789f6365ce9f604,2023-10-25,2
SYN-f16a9535ea0487c4,594c945de6fefb782bf329cbcd89fcf280a7de724b541ed81cb858219a0388d2,2023-10-25,2
SYN-ba346958dba276cd,5959ad6ebd6044f566d922b61cb46b6395b8a02e89132c25a463976b6fb96764,2023-10-25,2
SYN-b29ed83824d861f3,595e58affbbf241c39f12437b8e36f77435f614f0fd94c66442617c87fae0f18,2023-03-10,2
SYN-26ed1677f80a4695,595e90f6b3340f3ea78708f9c864d7ff90be5fdaca00d0f6a17caaa93b99deea,2023-03-18,2
SYN-49b2b9f70765f43b,5967604a11f8cdcf20670b744f9b1ab4e2af4a60ccbf181aeff4bc3704ec59c4,2023-03-18,2
SYN-28c65666e7faae75,596a9ea878be34edbb8e448b94937652918cbe917b9c428b56df3a1485de6dac,2023-03-18,2
SYN-264b572b436b4582,596c293f63e9cde96b739153febc8ada718448aa44c21210b07843b1100472e2,2023-03-18,1
SYN-2ddb4fdf240b565f,596ef8867561c9f6158d44cac95a2844ebc8ff1bc91535a38591dfdf752f3e7c,2023-08-01,2
SYN-908469276ee5cd31,59742bf0fe5d8f053423410d51895afd1a53130f044b5c82654fdcd3a0dac9be,2023-08-01,1
SYN-6b8f8246747726de,5974386a71a375851b2623672974bde4694cc74218592148ee95d4a55fe1358b,2023-08-01,1
SYN-b0c0eeef16e45529,59786cdb1fcca93246fa0ed0d987f1db4f3bff205da4702034a8166fb0c919ab,2023-08-01,2
SYN-847969a5e82cd121,597b1537d4c9ce69ce0360ff387877f12c94b362f0c2dfbe8e797e9c843fb358,2023-08-01,1
SYN-04b681c885530574,597deaa20c54bc7e42180f884e993a48a5dc2446fe7f2c0259f2deefbbdc873d,2023-08-01,2
SYN-4f279017d45a8895,598d7e969410cf2a69429773afe44e3fa76884ee2b6d1fdea1b6e739d31e8c04,2023-08-01,2
SYN-1aca0a98da5525a0,59918c75a41d53e6a5917be604d1a8879b2ec3baceecdcc267bb429ff42960bf,2023-09-03,2
SYN-55abf049ddf0d844,59938d911e1d2e9101d52e37ad663b1df7c6a4a9370966c6c2e26297e6f419ad,2023-04-01,2
SYN-f0a2ed2a63faafd7,5994de21aa779adf88c505b6f69c572b74ed356c7d012c33dbea7edfa9180e06,2023-05-05,2
SYN-6a0e3e8153c71af8,59964f2ce15b7277d28ec456abe8e2cb358e566cd3f406bc7c93df56765a02e6,2023-05-05,1
SYN-e18dc7b3389728b0,59967544bfa7d6ef770ec48681bb8dbb45568643a8627a4065ddb35279c05f47,2023-05-05,1
SYN-b3651b90e9432dde,59a5c7fe79f1649857c3f3a3c081ddd5eb171485ed25ac5a5db1830f9a833485,2023-05-05,1
SYN-5ec2d76f7c136e6b,59ae20f650e65d913b759825cea2469761ef5e94f26ab0c81741439c2079be7c,2023-05-05,1
SYN-f64439096b5e6c14,59af8ffca6234f4a928340c58e643239b3de36136d13e7fb8f321c82f07ff132,2023-05-05,1
SYN-17901aeee3941b0c,59b187ce9d974d35f6520bcb1964ca6a43ecc0468508c781f090014e41ac6318,2023-05-05,2
SYN-695ddda2d42c9cd6,59ba2cecf884f39d19da19f738738709c0efeaaf8c6928b70d7fc0023f279f5d,2023-05-05,2
SYN-ea39342a7b68cc8d,59bd3cc15f2b224bb2908bb71cb524389c05b4b70199347be5ebdd4f3a711f9c,2023-05-05,1
SYN-1585bc979f520e1d,59c14d4b9486393f98ced5ece142ac5ef59c9ccb5f4f18b81d0a008722dbe35a,2023-10-25,2
SYN-15ab37b6a467afc6,59c3c888de1278388c4d2db47b39dde2cd6ba71398fc37ac400f0cda1900124f,2023-06-21,2
SYN-df41d92029a9fbe8,59c43b3f3ffc7ab90a36446233eec3feab426d551ad88d8fcf4e3a8b41dad55a,2023-06-21,1
SYN-18a64e265dae2b0c,59ce233efe2622154c6516bf8c50a416feee24aa19a961f015e5aa70d7ae8bb1,2023-04-23,2
SYN-361d17e6fa4e06c8,59d53d2cd6520d792cb8f155e493dae4466afda6191033ffbdf9b0725a4a6d60,2023-07-23,2
SYN-bbf53f88ecd0af41,59db7c71c998654da3f9d23ce89722a7d9fc91f7239e7cf456ced7f4f8b15d11,2023-07-23,2
SYN-6b7c25ab8e89ccc0,59dc0bb9892581fa71a01a1204e6edc7ae78c6ea2f191e671a13d0cdcf0d7e96,2023-07-23,1
SYN-ee80d6251a5ab0cd,59dc348fd5b308344d9f3367d0834be7d939c158c0598869d369972a386c2a51,2023-07-23,2
SYN-4c5a887434cf5848,59dc826c34145a7097331d715bf7063569ff3ad8ff03b2cbb0be5ef8ccab8cd2,2023-07-23,2
SYN-d94e563253ab1aa8,59dd2750e5d805be09cb692b58f2f902ccfdfc28da8732b6184cf2227e2f75d6,2023-07-23,2
SYN-caf10de613a77ec0,59e2aeeb6db766cfe077629dcc074f52ab0c3133c3f8048149a87c9eb1b363dc,2023-07-12,2
SYN-06039ae551834e23,59ec71a60dc65a5d71dc921e4572fdf45b62c6d9e2aee2b1d00ae29f2a75b01c,2023-07-12,2
SYN-2aed278e964545a5,59edb236740550e9d55bdbde9906890c68361e3edc5eb4f04b7c4d635d92d758,2023-08-17,2
SYN-2111645732e84051,59f3a6bd33b1dce20143c89301b6aa0aee817297a4ded272d3cc3d2984b09bcb,2023-01-27,2
SYN-a1ed94d3398b4072,59f6e0d938fbe52a9f1e87824f7c33fde4faf38091b083edeba53aa7640f26b4,2023-01-27,2
SYN-f251a93b764dab6f,59fbf11166fd5a024858cd136345b650ae1b54fc570c63f03ad3051b5019a30d,2023-01-27,2
SYN-4db39135012132ca,59fc069a98da8731b8bbe64f354dfc3b474ef6541381b8fa956a5048b4197c12,2023-03-04,2
SYN-4914a8f6663ccced,59fcaa0e41505d31251807ccc2ae33feded385cd1a748b3bec6cb14e18472e9a,2023-11-04,2
SYN-b59cdefd10455508,5a03511a4c99d02dcaa8fab55da1a39185d054ae91bda7db9fb5cfe72f9433b5,2023-11-04,1
SYN-8b1f82330b53fba9,5a0362d46af7e6aa667903570b180124441b540026a6d165c8fffbef83c65845,2023-09-06,2
SYN-3273b3277ec85d74,5a038e446f0a1540922cec3d2eeae86e445ce8d0ab9e4d7c5b8f40a5943198c6,2023-09-06,1
SYN-b7473041cfae3f91,5a0c4b291a3c32e07aae0dbfbd63819ad883fc16b99f9102e620c28900ee7f84,2023-09-06,2
SYN-e42791fa720a3cf4,5a0ee16ef16e1ab35eda1ff2f0c88939c99600bc3dacba577188a6e263060629,2023-09-06,2
SYN-c599ae3e40688532,5a14a13d81447d94a8fd029d2a4ab9b9136a3815381f617968b56e04bb2695c1,2023-09-06,2
SYN-e7e3efa2042aa6c0,5a14c94951141af6435fbe7fdf1088958bacb62fa17d2d5af2aa33f25f0ff659,2023-09-06,2
SYN-3fcdc42ed77d6333,5a1d9f58183547108f349f4ecc3f26cfcba8f85f0d635633d5192420836fa0ea,2023-09-06,2
SYN-77368737f6185139,5a21ebf2e8bd10b14bfcb68f3c2dfa6b91dd28057f0598121c1a9c1dbaf8777e,2023-09-06,2
SYN-cd1ba90b72d50661,5a21fa39f3f008ffeb88a0b89e233f9f58c98df87533da06f62cf8599853d4aa,2023-09-06,2
SYN-6384cdf983d50a42,5a242f7e5b29974c60f889df5b151445813fe72ebdf4b5bb75b0012e93f8dace,2023-09-06,2
SYN-963951134a980a89,5a2b6e82e6607419e62443646d5924328385aecf584caf01489e1f72f50ad948,2023-09-06,2
SYN-87d125aee39f87d5,5a2d4caf9fa897eb2f54ee6eb84ef943020195a500d18d6343873d332d35a094,2023-09-06,2
SYN-d0a329a3d1e48186,5a2e967856eb29a17e6cf3f0f4962977f804ec2d8f946e0475befed264e7b5fa,2023-09-06,2
SYN-59c6521dd64ac7a7,5a322a7e47a0569a01aacae3251949d5a6e0f0f6ce7c57979cf8b7ab66cf7e7d,2023-09-06,1
SYN-ca59ddd7af1ce33a,5a3e59bcb12aeecb97846b4dce44de8207e7951823d75fbb7e45971dd340920d,2023-09-06,2
SYN-dd34f07a9e52004b,5a4078e8fe198246f54eb1d98738fbb1b402a63beae0c693989275e06d74f478,2023-10-11,1
SYN-29504659ee557a0b,5a5135c08bf5779f30d7f85b607a32fa43d0506c20d00928621e7876f94e12c9,2023-11-28,1
SYN-c9c4e63850496b8a,5a531e65b401a2f80972dddecaab7b63258976d57ab175e6b30097435b535f48,2023-11-28,2
SYN-04fcaa3262bc0ad7,5a5b1a7c1729c534672f2bb010934febc45228d29978b040e0faa3cb539dec28,2023-11-28,2
SYN-47b3871ed693317f,5a60bfd230f0939411f4ced76766da14f7d593fdfab5b9a2cff7cae9b42368a3,2023-05-06,2
SYN-45a7365b1f6ba298,5a6dc3a00e9813496c5cfb8e2e9e317fa507efe6655190b54b4fba4e65f4690d,2023-05-14,2
SYN-fb9043c4669503d6,5a7ced7c0dc911f4e2ebcc64199ee359185dc5950d446c83872213294f19e0b6,2023-05-14,1
SYN-b048b0286e2bc94d,5a7d982d2ab1d8d138ab43c3f56db40732f67fe7c7069bbccf397ee9552a3bb4,2023-05-14,2
SYN-0ef246722aa4c1e8,5a7ff9b4c5ee4b063d4ea50201e7889bb868f3223a4716bbac0f51965a05f464,2023-05-14,2
SYN-3b2905afbe4a6a8f,5a88d67dd55de60860bec555589185bfe6fd12c6d4390755784f9311f21dbed6,2023-05-14,2
SYN-6ff0cb5d311cc6ef,5a9017e2a3a413554d5cfc8db017fdc82524e61b7c05724dfb879c0ef12300ef,2023-05-14,1
SYN-9ddc1cbf4316551d,5a903360a0b864a976a20dc3c36aff369c1ffcae91205aa62587db27b8c11a3f,2023-05-14,2
SYN-42f6930911aeca93,5a922de9f7d847874654e5e2df7466b5a80a81156ede4dced2999ebf12aad4a5,2023-05-14,1
SYN-bb85fb19683f4dba,5a9944875e3c0f889c39b54dc2be6e0f847fbbdf974369e4f1bacf29100fa3b9,2023-05-14,1
SYN-25c9c711114c18d5,5a9d403e3be5960c906f64afadad0328b7d521735a13dc1e5251793e93875805,2023-04-02,1
SYN-7044ce966c57f0e7,5aa00e5374c52171f7962f0b34d61d49f4a73eb2c29106f9b7d568865253057e,2023-04-02,1
SYN-2b4159d1f821fec9,5aa7cd38608e5077efb64940daa9f46dcd692033bf6473013d00ebf4e69fb884,2023-04-02,2
SYN-a5586bbbd2f593cd,5aa886b29df873a451ee4707baf26bfffffd3575134511eba108dedffb5b0c5d,2023-04-02,2
SYN-4efa9fe5897362c3,5ab34f5fe790457417e7ca32dff4b9143ee7c205af38891bdee8ef873a584f4d,2023-09-28,2
SYN-dce4817ecb74a7df,5ab626255abe1b07c0982d35fb6a8e8e442b6b4038d5f0dc145e10df308aa47c,2023-09-28,2
SYN-ceb69a2d622493cb,5ab9e5cf28c2fd9f8d59590e76b0e9ada8000c37d021193def7993ab41ea9e48,2023-08-18,1
SYN-865df66f088f8725,5ac58e45b0f1d5fad9f3faf329596ffa0473641b83bff926aa869f45dd427b7d,2023-01-07,1
SYN-52b9ada5b0622ed1,5ac9f2fc6d86fdf56d636cd66aedce5bbc93b10cb86755ffd3283df4346da8d7,2023-10-01,1
SYN-19f00bde0d9ccf1c,5acb6671bbf3fd18624f9483dffbe9fa342c760e9217a9926060821c2dbc50ae,2023-09-25,2
SYN-dd5fa8e522983403,5ad25abe3910bc45add40c0a42984b94fcee24e84bb9a55014c78100c06c0055,2023-09-25,1
SYN-02ddfc11a1c5194b,5ad2f9be1e53353753ef237744c28ce9b8b85cbf75f6f0fb8e1f501141c09c17,2023-09-25,2
SYN-ab1e8bab16d22344,5adc5591340a46ce4822fde7ed13a983402f0711da7f0783cff9d5c263339a49,2023-09-25,1
SYN-451967417a36cae2,5adda27969e7627e8049d63cfacc5279c10f71d7f6a9d2b280ca8e12b3c5a4f5,2023-09-25,1
SYN-4d656200cb36cc8a,5ae16c259a293c51c2812b49d3d71a7ca8924be6dd8b20db4bb2048855b03f51,2023-12-07,1
SYN-95ff12edc4382b48,5ae2bb5219d4d697a4cd2a34f7fab882611008a3e3d01ab42a3d6ed73cbdd608,2023-12-07,2
SYN-612f39ed5ac152cc,5ae31507320f9ba6bace37361b38d7d7988003b3258c56a450086f3240c185b3,2023-12-07,1
SYN-fd9d1f807db36714,5ae31ba5ce2bb69cc2c51d831e350ea5e7dff2685d3f8ad7b56a435e8fa3913d,2023-12-07,1
SYN-b6fda70bbc856f67,5ae5668abe468072af465761d5a0359c8c444148d5d8b4f5bb2051c87788a33f,2023-12-07,2
SYN-df964defc06f17d9,5aea123d20ba8fbdb34076c6289a7765b7601921c7da2694cb8bf3d85038f15e,2023-12-07,2
SYN-45aaa299f1e1d46b,5aeab7b48894cbe9e9c5f9e3d4a6e83fe909c38bb645458bb3e7fb2d19730c0a,2023-12-07,2
SYN-2c1f7df3f362420d,5aeb1dde8f19049643ace527e143de82706b1c7a35ea1f6bb94b31151c42315c,2023-12-07,2
SYN-1a7358b60d9da594,5aeb302472cc712dc16734b1238aac6cb173c30fb829261bb5bd9a8c8a6931ed,2023-01-18,1
SYN-1388f7aa9cb93465,5aec44aea2fb521310f0da5b858a0ee862654784862d71ec807fad5f32756512,2023-01-18,2
SYN-22bc38e9e419dab9,5aee16d04d86b30936162d8fc59331ade6d03697ae070ca43674bdbe17176a75,2023-08-16,2
SYN-7236dd38333b0556,5afe3a5a026dd53148ef6f72aa73f9560cc47a68c8c1c9ef83002e95476f37bd,2023-02-01,1
SYN-fdc138693d210617,5b08173c60279ec79182d48eed3f3d44c8dbae3f76896d37bc2587deda60c0f8,2023-07-29,1
SYN-c8e0a65d0d83c2ab,5b09ff098dc58090bc636c493219cab887d9b3db407c3610e87dd5645ab9a517,2023-06-05,2
SYN-39583f4a45d68b9a,5b0f926a54db43b27f37901d28429088047086d336da2f03d0d2f6351ba217bb,2023-06-05,2
SYN-62afa050ab3d503f,5b10f96f13690de13b47f8a46597c2a8f93d7f4afa210bfc0def38158e09560c,2023-06-05,1
SYN-a2d683b2b0ee70d4,5b1d616cd01abc66805b2e9a10db570aa46ebf8a59aebb3b4897058822283eaa,2023-06-05,1
SYN-a0f28147e5ea1095,5b2219d6a24f39422809b31f37ec92c0efa0e1a3a06693798a43d454c83e892b,2023-03-20,2
SYN-07493d82e2b191ed,5b2308c39fb234db5b6f1d6e9bbb93c2d2101f45e24c002cca2f058935b65773,2023-03-20,1
SYN-8c146c778a1d41ce,5b23e20a182911cf7545827607b7cdfcb8dff803d80ef01144316aa7d7f0a89d,2023-08-01,2
SYN-c68e51b2cc338949,5b25a89da51f6390d54b51090de08856b70f274e10afc7c426956976ab06b733,2023-08-01,1
SYN-35b482063b8beec3,5b29e9615a23cdfbcd0fe65014f3a8f013a8320dd21ebd151c6bd62a8e43241b,2023-08-01,1
SYN-cd78181b473d6578,5b2ff5e4bbb2ccb101ef797ebfad21170a412d9febc4714c800fbc925dd9122b,2023-08-01,2
SYN-f3cd4f9ac427a968,5b4254a51029e114cb956c3fca50ec1ae1ece325de97bc01aa50e0fd3ead5c0a,2023-08-01,2
SYN-0ddd079bae211633,5b47dcf55daeab3e1d52676ee94df89d776393d8d19981413f9f544a62e8466c,2023-10-13,2
SYN-89b181667153d89b,5b4bc02082a375e50e333806e613d3b69969ce8f23e1b9afa94364620e305381,2023-10-13,1
SYN-b717f7750ae18dbc,5b55b8597c423c5c811bf23a44513665d385a5506e0e9f1c0d321526b407c776,2023-10-13,1
SYN-81a0bbd2189f7420,5b5a3277e74a48e66b6e9080ad1a1938f736ad9ec2882a0bff85a318a95db875,2023-10-13,1
SYN-a2d92dcfd7338cf9,5b5aa5abb82f99fdb6758d12316a4148ad57c800c5700703332b3691d14404a8,2023-06-01,1
SYN-d634959c7b950fa9,5b610dc41ac64c81d2752003ee9f3132288ed6be2f8401fec5592afc64993b88,2023-04-11,1
SYN-2b7e611f25c1140a,5b61d50313c3d54ae41efb57e5d29724798f7389a84f6e5ab814a47649d22056,2023-04-11,2
SYN-af8b2881e75a9a56,5b63e6283a32ad811b4c5147ea79adfc534dab2ba7f0ad150473956aec986c14,2023-01-19,2
SYN-39fa2dc3d782c98e,5b67af51ed5fcf4c4abe01b4eb4cd5b80d6d842e6d43eda050903b9fb1351339,2023-01-19,2
SYN-c5b869cda96db796,5b712ec2c675ca9c4a2949795aed3c0ff5a35c845c9b22790f1d46a21b4f58b4,2023-01-19,2
SYN-9c47cb8d3de1825d,5b769625922882bba971b3d27a0c2cb908eca40b249105d93cde316c3da8c992,2023-01-19,2
SYN-622c21d5182b3877,5b8428a5c98c493ccbec97ae269eeda77a7d1292067118a6ed902a62f7e1e7e3,2023-07-07,2
SYN-130651b8c7c6433c,5b847a61e09f3cc9ccfffa03a0d81f2ba6735103e174057d1ec9b109992e6f0c,2023-07-07,2
SYN-6075f29f3dd93720,5b87b1d76bd3e1d97dacc01aeacf29eaa6ef314ff6f03ab81738683035d0c59a,2023-07-07,2
SYN-929e62456c48d0b8,5b8b1958509bc31e60e96da0297be48fb26cc732361cc5c5abe87f55fcba7449,2023-07-07,2
SYN-7aab688360ca1ee6,5b9162256d6e071146a9ce951991e707272f9f97ffe0e41912318c86667952d3,2023-07-07,2
SYN-4754a55cab88cff5,5b921a94e7433c3ae338bec2398dec931d7256eb7242fb13af1a22c33b6d642e,2023-07-07,2
SYN-1e660e3673c0eed8,5b9341f48d5c2439884d74194e3e14105e66eb213a20dc28a93433d54c419342,2023-07-07,2
SYN-d8fc04b50b1b7d0c,5b9959948a0c53d83b45f87b341ad41d1a3beecf36b53c675b22a98ebf2ce0bc,2023-12-21,2
SYN-7bd92719ab959a6b,5b9f891a198bff20ce6c337283e5ce4eeed3fc887674730e33c389a5591488ca,2023-12-21,2
SYN-682ec19310a019da,5ba4847a35f1f03dd1bddaffa94f44ac3f2e828a27cbb13f3f2a35c97d34619c,2023-12-21,1
SYN-1e4b2000721540be,5ba65c19801678d6eb5b548ce86b45fbbed788b1c7db3dca43393ff9ff7bc898,2023-09-30,1
SYN-9654ed1e8fc0a5a5,5bad323cd080759d80d8108703d26119c366d10253fe1ddb6385f82821a0b11f,2023-09-30,2
SYN-024fc43e8f8fd5a6,5bb1ad9a0febbfc88ba35c6de86f4cd4a49b9f03ffd8b9f7b8040dcd03f20384,2023-09-30,2
SYN-3f1f825a4afe04b1,5bb291857375552168f40d35fb06fdbb804662d4c34092bea1af3178ca2a5ff0,2023-05-03,2
SYN-e31841b421ca3a03,5bb397d1c642b4e56a09f870befe57da6b3bfe5bb9447483ea34358326ce0a28,2023-12-10,1
SYN-03a497328b0ba23f,5bb3cca15f8695a7187c936078800ebeaf9a7ec8305edd667292f25acfbb9902,2023-01-25,1
SYN-6609cf519d999e91,5bc5b9f6c0fbb89c837df05ad79b18f5d57a5afafcd1bd060a4933fc5d6a7fc4,2023-01-25,2
SYN-e1af09fae7d12602,5bc86b632195ee64a4ced0d5b70b90ca780be71d95b5e6e0a70f02f16e2add97,2023-01-25,2
SYN-369456ca0762f1fa,5bccc52b3a6fe630463b3d608e234349f7857696c1b8fc5ce3d960159302db47,2023-01-25,1
SYN-0ae9b9dc93d6b651,5bcfc751d3bacaf3ac353f280bcba7a1099b3a51fa0a4230988a425a18d5810b,2023-01-25,2
SYN-d7f31b5c2fa358f2,5bd7ccb5f74397e17b98138dd2ea0b1eccea7484d0d39c8ef29304f0256b9d10,2023-01-25,2
SYN-56d22a761ec62d1f,5be09e08602f8f3251fac42c1c7d97f7a97d3dce70e0cbc4f4732ab793b85b1e,2023-01-25,1
SYN-8d0bede5ec4ee583,5be5c68ae01b86e24d3c27192a58c7bdcd2bf0d42bcf1c27be6ef4522b32bea5,2023-01-25,2
SYN-1be58059a8aba7f1,5be7db67f6766ec3b7221a93f9873a9f7d1e994ae681c2c25958ffe9518e4f08,2023-01-25,2
SYN-07e1f6f83f5ead99,5bee99f3ae2d1711a210800835513a61797445cca54d013db3dd9aa00912f788,2023-01-25,2
SYN-c49b55301e576a37,5bf6dadeadb62c313ad4e75e940fcbf3b2a88ea09f1c1b686e897bd298e8d345,2023-01-25,2
SYN-b7732cb23a07828b,5bf8d6d60aa8aa65029dabedacfa71399fc1b17dd3441d937220ef025d3bc7fd,2023-12-13,1
SYN-9ced53e44ff789e7,5bfac59b303fbbadb58fe1178ff2030b566670973ceebe254d4fa616e6aa1cb3,2023-03-22,2
SYN-103b606357c5880f,5bfc40f58d10710428ce268fc648f2d62c291d3b0536c393fc3fbd3a07db07bc,2023-12-01,2
SYN-5c305d9f2ca3b912,5bfc4171d02f472691cc318c344fd415508f7c21a9e787d326025a0f09643141,2023-12-01,2
SYN-279ef7608cab227c,5bfe02365c343b9441f909523b00b34ae46a20cd1bda8a65ed58f170dd74fe93,2023-12-01,1
SYN-ffd8faff04815b3c,5bff136e7a52948d8304f78a17c57518fe1ceb3a1347259d7449f44701cf2311,2023-12-01,2
SYN-78aa211737392afc,5c03164fd43af634dc4be6a6b802f7d4848eb11849dbf9913a84e331fad298e9,2023-12-01,1
SYN-9d0de23b613527c2,5c05b9eb6c1e0262efeb370723222db62feca4da9c560e4e7cf22a6dc8a84952,2023-02-09,2
SYN-a188c655f0c609ac,5c0897462d4a6c273fedbde2bf047172074dcd2f2ff96ff6ff51acbf2a774b30,2023-07-23,1
SYN-b4183806f491c890,5c0f32efc70ee8a1efdb636d14815c17dc72d627d7fb84f55c7d49abe174def2,2023-04-11,2
SYN-f57c8bd79f7eb403,5c188c15842ab0028c195da6a7896dcb3c79edc11eac7fd6caf887e2e174323f,2023-10-01,1
SYN-b9d8804f7a9ae6eb,5c1c5c2855eb952055e52ffb4e3adc13afe1e6733a2c7cee21d0e23895c8a170,2023-10-11,2
SYN-c5a2cb71fe59d4af,5c1d9bcdd425352113bc7d4f594b2498a4e46a5095b242a1904d0a5ccef9cac3,2023-10-11,2
SYN-d1d423901d58347a,5c2614cf9c091bd488a7912edbb9ac5ecf3183d6f226a2609ef751e7003ae38b,2023-10-11,2
SYN-f8606847448d4c6d,5c340a58394adb43c29e58c5999a0b4be2080f66ef4ba3e40a81aa8ac1f20315,2023-04-29,1
SYN-9d09a0c2d60c0a6d,5c345c36e2f46aad7808d71ddfb4c5bfd7373e963469ec8756ff25c7b7dd21f8,2023-04-29,2
SYN-6e59a3cc55e9f19c,5c3f4f86d61d43e57b558298c5ae864f5471ef9ae7edb92966a6c185b3e6562b,2023-08-11,1
SYN-162301c17c3bfdf5,5c4a6481bb580a7b4acd87cec80e3db35a7c7b39bdbb3d93dbacc79504200986,2023-08-11,1
SYN-55637cd68818516e,5c4c9bb911c16fbee32fa0c5d41f4739ec5a18e6e9384906e7dae5826fd456e0,2023-10-02,1
SYN-22a21effc6cffb04,5c4df2480fbd3aa7500d4855703a294c241fe12191d4acdd47c80c127e7670a6,2023-10-02,2
SYN-edf073ce66108314,5c521ba19129c1b0b6c708786ac7b7ea379e8b7865eb598b400984bdaf5554e1,2023-06-03,1
SYN-683b65ace2a02aae,5c534c074b3d0b04105d54a2603ad560eca43b5901bff323cbb3601a99a88c2c,2023-06-03,2
SYN-ec4669dc417d956b,5c5a94c821eee6649d075b2940c0632514c7ae82f76c5370330ef44999fe4ee8,2023-06-03,1
SYN-a5e4462687f094ba,5c5dc9eaa407df983b3de8878649669b91cdf8c669407675d50d5daec8ffe6b9,2023-06-03,1
SYN-cda0cea9e9dc92c0,5c66befbf3ad984c986e3b3917ff2764ad3a5821470b0a2785b1fc53b9abea55,2023-06-03,2
SYN-d33833eb00768d6c,5c676ec329ea0c0af6f75036fb75e3e7b0299928b6284cc852a4751ed6dd8ddc,2023-06-03,2
SYN-2456954e43cb8e00,5c68893d128608cbc014358157d1821e34670aef693a50df836277edd0dd630c,2023-06-03,2
SYN-6829d3bc4c658e3f,5c6a82a451109b6dc58b56d0ec62d93ec75e9671ea72b8095885321b98bcfcf9,2023-06-03,2
SYN-5454d5d1fa29452d,5c6c8a57737e140cfaf80316e37e798fe3cab6c7c5c661ba66783a2258aaa9c0,2023-06-03,2
SYN-4d5676246557d9b8,5c6d6d35e376f9f65ee75603e7a54ab00b51a6db1a2c29866abc0c43bb06e728,2023-06-03,2
SYN-bd94ea66ea25fb33,5c719835a271a0d36cb245ee63e637d0c39bfb3c3ff7ed6d0fb4b31679dddc17,2023-06-03,1
SYN-4b5abe4d54f48733,5c7323a678d9228295c1a3ca8fa0e14920c4938b84bc5254fa6a30afe0a8a781,2023-06-03,1
SYN-e9b346718a8c5c51,5c76548817e6ab47a23f504f24b030ab7ddd07871cf9cc42b876f62464c68bce,2023-12-22,2
SYN-8cbc738b5c9d75b3,5c7d4e5007e2d92146b2ea8acebf82303f0165dc557eecf030188b22beaf05ca,2023-05-13,1
SYN-39d9ee2c4a8aee0c,5c803c5140ee1cb1bded50dfcce74d0859f1e74ee4329f448a8f28dced488bfb,2023-10-26,2
SYN-8491c36a7c0b6420,5c8107292cda0284474995114169fc159e60bd01ab2aeb10d86a04a5fdfba489,2023-10-18,2
SYN-6b0667426a13442c,5c8a82517fb0a00cf1d2969f8c26eb36abcd60e27282fbf9d5d9b7d49ef904a4,2023-10-18,1
SYN-37a97406036da671,5c8b0cafafa935a73e5da58c18d65f764aedf846802d33536fdaff4cd955e357,2023-07-07,2
SYN-5a24df7e9716ffcc,5c8b103744a74601b148c309161522faeb734bf0b97f908b5837f44de3a9fe8c,2023-09-10,2
SYN-9bd23577a7537fa0,5c8d1e3818577283df4a9af09f080f103d876881c7c55954e4b4dfe2c4c33925,2023-09-10,2
SYN-9a1c42effe96cd16,5c939768d9c2bc34a4430530ee82252c23edf7a208fa23168c602636efd1ffcc,2023-09-10,2
SYN-e356026ae6c994f1,5ca7fcc9e728ae7dec423f7823f9c3d92bb40d2cffbc35eee0fbef3f1d2298b0,2023-06-18,2
SYN-93275d7a81b8c736,5ca8954708a99eb6a34ed69e30158bdd8b8cc5618355dc3031828ea56a23f83b,2023-12-03,2
SYN-aca919b5bf17567f,5ca9585f4720be898fd6c641643933697c665139fe69debed9930da66caf6a74,2023-05-21,1
SYN-b2d7548556a21ae5,5cb2c20edd3c153673a1322b05038d5b5501fb16d357eda1a785c163f16bdd2d,2023-05-21,2
SYN-0293e05f01f7e74b,5cc8d402e4a380253b5fae6da043818b56b5ec42ec4df0cbe25d4773efbba24a,2023-05-21,1
SYN-6e96ee77feabc189,5cce3157988318b5786771c8962f8c259b2ff5f60424dd189810dc70babb2304,2023-05-21,2
SYN-828dfe71af96a8b8,5cd3524dd53e887b6d3d6a2da3deab8bc5f0ccf5dfe32b23f90616705d8fb764,2023-05-21,1
SYN-e883e62ce5d88a93,5cd954cc7a687db80093bd1ed293f897da828b122c150d52f488096b93accba2,2023-05-21,1
SYN-9a5b0053314b2f14,5cda9e53750e03740df4499ab5c80731c4ec5347fae3939639e44730366de567,2023-05-21,2
SYN-a69b8013fefd431d,5ce180861f6936b6062ee2d0ca52bc0724677a12e4590a319ff04bd77e122cf6,2023-05-21,2
SYN-42decd8030110d46,5ce62f4cf7883bc2b4cbe046a23145dc9874a72030ad42c661a6015ba798074a,2023-06-16,2
SYN-059e0935b5f0ad8c,5ce722644cb9dbab0878dfb5ef82d4ebe54e4b67998cfccacab60c7d7067b84a,2023-04-24,1
SYN-37a4a0eb4e1b2c5f,5cef0469731db3f00a617caa35ea67aa168a10a285c6150214548c3f17e3cffe,2023-04-24,2
SYN-b298f3bbb155f082,5cf388c60e77aa25b033ae0b43f306b0dab3c5683803657df739fe6fee18820f,2023-06-24,1
SYN-20a31f8b750cc2eb,5cf5cfdf70297d86d57b747effb464711f81529996a5b0a01860ec6a6c339a99,2023-06-24,2
SYN-189a90f368ccb936,5cf744f6c345dca243d7ad1cc662fb92683ad15da011733ff5b394cd32f814cd,2023-02-06,2
SYN-10b04dd3efeb9136,5cf89048ac6d56d4139bc52898f637e4d3836060ffac962e62bfe4f7654a27a4,2023-02-06,1
SYN-f95b160c597ac649,5cfb5609c41abbc6bbe014c24886ed896b206b678acaf23a3917549beefec0bd,2023-02-06,2
SYN-eef2cff3c964abbf,5cfd490c76f903926f968b841aae1eded0a70efce9879528d404c87b77e0ec09,2023-07-22,2
SYN-eac4b2476874be96,5cfe8c25ca9c1b070d9e27ec2640fe7ba8e80aba0b9ba65dd4913f9c42adce1b,2023-07-22,1
SYN-014e74c38ba525f6,5d0804745cef4c3be5cf1f62be6c45dfb82929723444bcc62c32f19030d9553b,2023-07-22,2
SYN-da6168bade8ab166,5d0d67486fa5cbcf322cd85a8fb21b33055e71b5d05cfaaf07cb6ae1917661f3,2023-04-05,2
SYN-d46a05f1a184b397,5d0e8c852a0a3329aac370e8a0742e7f021fc57664a12594bd502b5754096363,2023-04-05,2
SYN-9434a5da4640d225,5d1679bbb02b4b25bb5bc5638067d5e2e3c57f98e03d5ac5e48c7491e1792006,2023-04-05,2
SYN-d455d2104bccc581,5d202bb9f8290b27081d1d3259af6f2982a3ff4c99060ca8a085286a40f0a5e0,2023-04-05,1
SYN-b6581de266597e79,5d29e992bba01488ce9eae880b8b4e0a864a2a1ac697904a9065d5abd0c8972f,2023-04-05,2
SYN-8bfef23959df1ec7,5d2b1e83dac8546b87ba9fe368cdef89fd20dcbd1e6ccb334b859ab25a491c53,2023-04-05,2
SYN-a56c8b1a025cc3c9,5d2d863557a5f2990eb98759a4a21acb23df74084f529aade083c5df79e8bbfa,2023-04-05,2
SYN-dcf20f8b0d129c52,5d34f84e6cbe9ec4706872bb65376097af1e53f0c7dac50d763ca495be74b601,2023-09-09,2
SYN-9b9d30ba712b1c4a,5d372d920ca870652f7484b7deb6c6108931b95269d6e6bde889596e25839425,2023-09-09,2
SYN-0787365472c72eb7,5d3818b6ab3ff4e0b38bdd12e9d58e5cd7d12b29cda40d4b0853a6b3a5af26fe,2023-09-09,2
SYN-2b114f8b0e0b428d,5d3922ec84987c436421dfa56e512cd2947319ae21061ccde3077cadee8b11e1,2023-09-09,1
SYN-d911326775a2436b,5d43e97df148e805496d12ae6d3fb75e04781e76a254f99e598a5974161896f9,2023-09-09,2
SYN-0bcf86deffce39b4,5d45f17f64952a93b09b756f7dbaa59e0f85fc272ee35ed4a67d5d0768e26af6,2023-09-09,1
SYN-55ba8d9234a7230b,5d4958ac7b1052f21755b4c356581c7891c6fd112514fce0366e535288d6b33f,2023-09-09,2
SYN-8094e3afa0147970,5d4d18ed66e82adae3e99f0c1eb91bac8f533cbda264bc802e3b61f093072465,2023-09-09,1
SYN-63323f20f228adc8,5d4f8422e05f90b7dac5e8748fa8870e82a574594ba4db04907e945af06dc795,2023-09-09,2
SYN-1c73c9ebc73fc2f4,5d5c1457a1ec82163fcca18a42f7cb0a6667c6916caf4343f09ba605de888541,2023-09-09,1
SYN-b3e97369bee397f2,5d5ff3ee77a5f36952173a3cb9cf08b350651b6232b2512bfba61a279f200eb2,2023-09-09,2
SYN-eaa56618e98542ac,5d664008ae8023fe5af42dc41b69504e7a8ee6515534d480263f8324ddb854c6,2023-09-09,2
SYN-3cf68fba881225ea,5d6671461281c54dbeb448de447a7d77c6ac5d9f8e1d2411719b6eab9ab81636,2023-09-09,1
SYN-7ee70e5d1f660f3a,5d66f06a9d8dc6a22797672423c102201c60a39b27fdaf0eaa110e1dc8548615,2023-09-09,2
SYN-b6a13d4967a251ee,5d680f16ea16f97c810776b1006dd2b49bb575d96915d81ff0254bca9ef600fa,2023-09-09,2
SYN-da13131b25301b95,5d70f8c3552f4a2d4532aa73fab0eb36ca2e7055703ba9796abf241100344242,2023-09-09,2
SYN-3b54447c81d2e1e6,5d744b30722ac4fd30b0556c067a745767dc61935e813521b7c6f9230af567d2,2023-09-09,2
SYN-2a9afd96fe5be95e,5d759a8472169fae388a264d578aa252c1227a0b62ec249fdaa69cafdb9b782c,2023-01-01,2
SYN-8291e44951712890,5d7b9c2613e1d903e8fe44b04da423e52912e43eaee430311275a9f38e7a1564,2023-01-01,2
SYN-4ecd7d15719d19a3,5d7e6a7d250cae2d44b046b774a6791d56be5c365ab44fd8734af9b5e2fa15db,2023-01-01,2
SYN-98177788b5e90073,5d7ff9d1191793d5bd9b7b03120d227e92589e14081616f35f05d3c06f885fb4,2023-01-01,1
SYN-5c2c466d612fb1ee,5d8118863ea4d1c0f442ed0c98f90d60f3f8086877e6cb71bf9181e1781d3218,2023-01-01,2
SYN-4ed1645c7a0b01ad,5d8b0575091834d7067b133da56ca112f972c29e19facace808d89f8fbd46dd5,2023-07-18,1
SYN-8ae3aa6aa4d5376f,5d910fde942b2f113a04878d5218450325c525d7d1f48347a2a56d13ef78f354,2023-07-18,1
SYN-e5a80724d1eaf0eb,5d9646b39b5e31b9bc35af2a28dfd0f4e5104a63888e2311d10232a0dd6ea609,2023-07-18,1
SYN-8d9629a74446e356,5d9a9c56fa324d60a5c6408de4a5fe546c3db66cf2a7dace610965bbb2c1faf3,2023-07-18,1
SYN-ef139b68168d6491,5d9adba5099474b78bc388f6f0873c389fa2daf2a9f1eefd3920f3a438056c5e,2023-03-12,2
SYN-3143dbdf6fa3e223,5d9dd6c2c64ed7e835a58415286223167213713984499888870aba718bbbfe20,2023-04-23,1
SYN-51b252563c536d7e,5da22e5fc8f619f64982431934410d75d991cafa181587d1893898189219bc41,2023-03-20,2
SYN-354f53a20df79a19,5da62df1d7a6791f7e690e5b213c6cd62b18db01cbaa2665df32a0b032f5f47e,2023-03-20,2
SYN-023a494d586b194b,5da6a6910a9faeff2795ac19e7163330e4a253d3f65210f5ae15c9ffad0a6ef8,2023-03-20,1
SYN-b957d108fbcb5877,5dad358993b5769198f7bcb9d333fda5d32e19cc2e344572b0bd11e423908786,2023-03-20,2
SYN-b03783d400f2610f,5daea8d2ea8eceb64ed8a29d92ab9c6e29af247dd35bec133fcf00292c431a3d,2023-03-20,2
SYN-7a3bb1e904aea5a2,5db11424a351368cec8b417a5a8952980e88942ecb1288219a16d79526a0ce23,2023-03-20,2
SYN-ad5636bdff83d762,5db21fc1a3a90df58264afeb52618c2c383b3e79f728df90ec8d9148888748f8,2023-03-20,2
SYN-15fcb49ae5164fc8,5db4624c0feed2ac22241fe974b46f62b18135dc7e7b240d0c85fd109375e167,2023-03-21,1
SYN-04d056bd65b6647c,5db594917637c3cf71b601012cc437250bc9bddc89c53776b4b50ddd1bcfc93a,2023-07-26,2
SYN-1d949f6566491ab2,5db7a8517025179968b26f3e8f54e4d27b5e60d880effd7791cc7ac072b4863e,2023-11-11,1
SYN-24bebeeb5181ec6d,5db9ffa8c1f673ae4fbc1f4e8bf2d1793f81cce1db691ce1a8b46db8bdd10f35,2023-02-14,2
SYN-5a1870dd1439f274,5dc395598db4f8070de3e21b6a4da71ec246cdd18df417663358cfc47182097f,2023-02-23,1
SYN-464c59cbd3716b43,5dc55b4bee5c87d09759993b6bfcce17d5864ff1c7dbd01468adde85ce44b314,2023-02-23,2
SYN-2654bc33eb63793b,5dd2ac0cfb21ad63ceeb388e0bfeda2a957e63a1fc8bff73f3bbc66ddb5795a3,2023-02-23,1
SYN-4198f34a288e2990,5ddd1ec95346f63705b2f8eda27c63f68d6a2c457c5160cdcc761d54b8366095,2023-11-28,2
SYN-184ec7661d1d16f9,5de1fade27bd70fb3469800dc56a7f31cde2f6cd763473002079748d926224ca,2023-03-05,1
SYN-aafd214c4325dce8,5de2b6d93adda8db140d2a30eb577f774d67a1f8fed37fb3b1561af73c9fc946,2023-02-17,1
SYN-db7538cfc3827e6a,5de9d81281746bb9f8f1b08914e9abe9fcafe2a43784e55d53a7d9fcc5e87cb9,2023-02-17,2
SYN-2615d837bdf56346,5defe0629d408ed9b8a2e82bcb38ec8b1ff44dff3d92c84626a94eaf40a8c497,2023-02-17,2
SYN-5e83c11b8b079bda,5deffec475dc99e972046f6c095b038d6f48a0ca26310bd2484a20b1cfb7cc1b,2023-02-17,2
SYN-9f39c577bd8afcb1,5e083498b1ecbb9988093f1c846b39c765425a257dd3fdff14de9e4d24cae480,2023-02-17,2
SYN-42cbbdbf17cd5692,5e08ff693b27f3d4a67cb729afdd7e52a3d01ca18214a17a3da33cfaba1dd7e9,2023-06-05,1
SYN-ca92cbe5905291f1,5e0c2e657283b641c3236a02423a2ee1dac2297dea832494f779d4613b8d45be,2023-06-05,2
SYN-1a33af5d57e3fd4d,5e0c8c77f4721599c1f1e3828eddcc2eed906bd43adb4c2a59b7e8849803501a,2023-06-05,2
SYN-7bc7bec9f8e62400,5e1218da6bfb4e6fc0fbff6630163cf1e58b94a3bdc088c3fd5456567c74c0ce,2023-06-05,2
SYN-3135eca8c0acc9c4,5e146eeb20c3bd38ea4dbf006e7252adf30ee9fde5867a44e60728501fd54ba0,2023-06-05,2
SYN-c1a864d3d3248df9,5e16984a9dd23a47d4fa08972ab34f8f65279488bf31aa40e26d07f5f8dbf8ca,2023-06-05,2
SYN-758bc81fba0f765e,5e1aec4f30227baa952c1668cdef6f52ec84e78899fae4ac72c8206cf66d8e24,2023-04-30,2
SYN-06943bae8cbf834f,5e1c5ecb2fde765f7dbf6a351c13a4b570b5c739942c3f4d9e406057a9257741,2023-09-26,2
SYN-616e6c2cfc8461c6,5e2108f33c329c5638ba2298dd08cdd0ac4fb67dce8394f7908b454f6c5beb55,2023-09-26,1
SYN-3d72360d559f8606,5e25453707a3ddcebc7defec1615b676e149f70a95a82a461376d78a5eb91375,2023-12-08,2
SYN-3579e83fd13c2cad,5e2c3032df7a81b0afed6afd1f60e537b5d68010c8e4268aabdc94c75606bd42,2023-11-17,2
SYN-79ec2c1a8f919c4c,5e2fcb32a67d4736e03fb743e7d29002aabd375abcb430c5a4de7a580c0f178c,2023-11-17,2
SYN-9563fde3bb96f8a9,5e2fcfaf0ab1132a40af68b2bbeab3a6393f5610b66de3b7943d5dca3598681f,2023-11-17,2
SYN-c05dd03523dd6703,5e345fdfd832fb3f6346da14d964accb898d795172134db75f94fdbcff401202,2023-11-17,2
SYN-4e2a7c145d8b1d58,5e3d84b0bb3b23e0a41f48413be5c7de641b7c6dd3c1c599d1c7ce8e9967ce50,2023-11-17,1
SYN-2bf7beda24c41ab2,5e3ec17a428f22a50e2e28c1ec939151056ec6374142b2ddf6ad017e37dbd567,2023-11-17,1
SYN-ed05407eaffdd449,5e3f2286c93fd17f5f4cbee76168ff04d59708c2fa2f099351e475565096ed2c,2023-01-15,2
SYN-e7a78353496f90ee,5e44dce7de4d1659adc6a23c4bba9c6f77acb6b0f43f94d24d32ee6cacccc722,2023-01-15,2
SYN-a8b0f2eb5ea326e2,5e4654ccdd44ce2c88046bf3dd809192624aaa3c7c9b7d753d4d5c8a518e731f,2023-05-28,2
SYN-64bc5d6974f481b5,5e4944b924b82a6f1de8b29cfd46d071db64864b30d4414e2b43b9a0f324f89b,2023-05-28,2
SYN-d529f4be9b01b17e,5e4f4cd7360ec95f83e673d8f28083ea75e425302a2671629f020f8486c3dcac,2023-05-28,2
SYN-0c29f15cc82ac4a6,5e6172ffe2c504f01a40d464793c01c9e890cd5112bab5598b891c7243f20bad,2023-05-28,2
SYN-ec22724036740974,5e627d250ab24bd881a604bcb1b90cf745fa612af5a2d60d9bb770d7a348493e,2023-05-28,1
SYN-def2c78d2b3cedf9,5e65514803a4184e046648bcca8944c276871ef0216bed96793998e4c8607a67,2023-05-28,2
SYN-03160965602f9846,5e65df96bb9fd029e2551b221ffef44df17cf731bf0499c24871ddbc81cc6f25,2023-05-28,1
SYN-bc0b876f5c1a694b,5e65fe8011755e713ae02534039cf50a36ea4476c860fe15915ac76885c3c4ad,2023-05-28,2
SYN-677b2a22e0cc23eb,5e69a97b65f4ff3bbe7a8a9e6a7e40a044e7320aba29c42159a0fa99fe6375e8,2023-05-28,1
SYN-0d87927b3e4e4b9d,5e6b53a9777d8949833e8cb0bcf044ca7d8c6f0b981b0f5949e8e9c4db15f8d2,2023-05-28,2
SYN-1aa51b07d6be2224,5e6e304bdf49696995f50d58d4e6070cee24cc033da550464c75f938b9060a06,2023-05-28,1
SYN-39e41e45ab6208d1,5e718141459ee81cd3197c22a9486c8d85b2ac25ea5f6c289eab9400474811d0,2023-05-28,2
SYN-307280162b7175da,5e83fba265e7a359a79a4cde7d375f6e197dc73a720c400fe41a32755d4af2ec,2023-05-28,2
SYN-0ddda3d8d1ac203c,5e87697b6e1b6b2473d4b240f425af5d88c2d9615da3970f0a622b47598535a3,2023-05-28,1
SYN-9ac77deed55af04e,5e8f22ea81cd5b8f353ea1e16d9a6d271e44a2b228cdb8fc78003043050fe32e,2023-05-28,2
SYN-9e56284d035dc527,5e8f48c3d94feb86046356db4058137a505751141df6f2a6012cc96c11cda410,2023-05-28,1
SYN-81923283b605e652,5e976a3c57cebccd1ab1353e1689e352917acdf32da30142514efbad84485bbe,2023-05-28,2
SYN-42bf49bf8b09f421,5e9c8fd5b497e447ad2c85b5cac5b3d2fb64a1977892d4037a6f023ab492ae60,2023-05-28,2
SYN-9517e10828f5d62d,5e9d8e3bcb45c550e9fb3456d23e505c47819804da980a5cdccdd5aa1381daba,2023-05-28,2
SYN-44c0f53b61ad32b7,5e9e25cf269e64e30951569bedd677b12ef1ab698145d59cf49156c1ffd915e7,2023-05-28,2
SYN-374a8f9588731e02,5e9e9413c7acf0f17d63014c2cda4fb8df48d28ed0a2113d1fa669f9a7e75745,2023-05-28,2
SYN-67a5b23bf508e783,5ea42329cd146e3208a0b28899a6025daabbb7b17184db70b92c860eca218596,2023-05-28,1
SYN-9a5c1082b58eb998,5ea66379af1e0147a94eb8ed0aba256856773e9d47dc0363e29f41a5181fcac4,2023-05-28,2
SYN-a453a7a92942982e,5ea67202c5678962705766ee85625991dbdd9e9f1a4b0c1324dd8b241d85b518,2023-05-28,2
SYN-6cc240968b77c46b,5ebe46b10d87e554fa1192101564b4047d02bc98f56775b5ba60010e46e208be,2023-05-28,1
SYN-8a7c4d1e62d84673,5ebeb33a9ed31de6a335fe9ce2e3ca0b8a0309b85a8be792bcfa490ebfb2d0e9,2023-05-28,2
SYN-ad1ff0fbaeeae67e,5ecd57a79641c369640c51f63c2636cb1cc92323a81e496431ce881853af8b70,2023-05-28,2
SYN-894fb03f52710f0c,5ece42d7dff546d19312d392bf21898abefd5d725b6aefa5e0023a09003b1772,2023-05-28,1
SYN-2ca0c1b9cd4aad3a,5ed260accc7a022203d1495c224ffe5888035f86e9f1b9fff3dcea6ba26aac89,2023-05-28,1
SYN-bdfdbd9b96233cc6,5ed43a6be069864a4ecdeb2a7b2478087b605408fc42c1a6ac37ea1ae87202ad,2023-05-28,2
SYN-8d815af4f0178fdf,5edddc22917351c119fe1051cacdebe044c7dca864ac4618a09175e2112a4cff,2023-05-28,1
SYN-932b3b615c1e2c6f,5edfb8a8bb7438efcce84eb2a74751bc87cc334cf53e0e851db9fa36234e452d,2023-12-15,2
SYN-9e58b14788c77d06,5ee1ecee489a133b2d2f9ea9f767571f66cb5f0f22b93df370a38d935d19d86f,2023-12-15,1
SYN-76efa5faa0797c5e,5ee48b5ba94dcb7a488c135918d134474d0afbb87660c003410db6cac89bf41a,2023-12-15,1
SYN-0a2f81b90012af71,5ee5b7840098880948f28a44e485d3872bccdd1ad5e198aa6349c84e5b9e958e,2023-12-15,2
SYN-c98b4b338703fc18,5ee8e9e8eff1f440d8407300231b77041df439627583395431645371391598c9,2023-12-15,1
SYN-33c40605a1f7f97c,5ef44508ae9428c6aaec95644aa31afabc98993bbc252c0fe4f1eb300fbeedc3,2023-12-15,2
SYN-02888eeb2ca6fe48,5ef4c32a3f855f0ebb24abd74cdbfd854d515df309547ce06126563e83f0c62f,2023-12-15,2
SYN-7e783e7d84bd20b2,5efa6bc6e44e1a194bfd929e1161a2cb83bd08a683abd58e93d4016b68fd6d9e,2023-12-30,2
SYN-b0af9f9e896581ae,5efd9c51957f67ecebae80fdca8c798a71433dbd11f34754f587ec1cd0c4e729,2023-06-28,2
SYN-7a976a28df0741d9,5efde9a5481c4ce22e093a11b8a17e2421052a44bde17fa36ccc297f79f1fac0,2023-06-28,2
SYN-2691f45f3848679f,5eff2597f073aa7345e0fceffa45b8acf8ef00735207a97384cba85c7d2e9d73,2023-05-31,2
SYN-8da01732f02ee5fb,5f00fa01c6de308853cba8335c1219fbe2f532c419eb1b3d21b234b33a396446,2023-03-13,1
SYN-d41e5832c98e3b5f,5f063ce29fe488fff1d676a7f2ded4ea09232e23a03633b76544dd4f8c4e20ce,2023-03-13,2
SYN-6686d4e50f486473,5f0c69e73c76a30567f9474ccfa9f96bbb95a2f51eabd0704588f720e9e51d07,2023-03-13,2
SYN-47824acb65e7cfb8,5f0ee6c4c528d7dd0b7b9b65ed13b501c59ba9f8e95f6adb39aa8fdc97a58908,2023-03-13,2
SYN-f6e369bed2877116,5f10c9b73b212948076d4a00d45ff7163bb63521b6fda883cc7472bf1745a9d1,2023-03-13,2
SYN-dd50176fd14bb0e6,5f110ff931e9dc337a0cc73c010931bbb27d960ef16686aeb9c0d665aacf9608,2023-01-04,2
SYN-b04f91f19bb83b70,5f12d286ce0e40df3279ec7f1ddf362ac1aa46c23fd5bbb30ff53e37e4504dbe,2023-01-04,2
SYN-1907ea3a221b3ab3,5f16f49f6b141eed8541654291b95cb73442007a210c1a45d2f46aa59c009611,2023-01-04,2
SYN-51bbfc5b7bbc20ba,5f16fd7b9269a80bcf5c199923c474c85d4b758bf18b12b7dbdd938a9f37c80b,2023-11-15,2
SYN-efd2fb40cd04765f,5f1a4fcde99e81f68e3c21f480b8c3a0838cb497b9e780dca8ac56ac2972ee83,2023-01-02,2
SYN-754ad828587c449a,5f20952e424934be1f66835b6ad23638130a1b5fddd8bb1e51242a1cdd2c232b,2023-02-17,2
SYN-e1834c0d6cfc8cbc,5f2112885fb7e5d1f1d38da6f4b0436d8e8be604ce5337f6fb153b10bc436108,2023-02-17,1
SYN-5926e3774ffdae3d,5f225b182ff811390614ba732cca4d6dd2abe79ba399759453801e9b968c5114,2023-12-13,1
SYN-810b3398087742b4,5f2645465ea2d58aadfa81a6cb139264622061d817dbde65bd041cdbf4112ec9,2023-07-09,1
SYN-f9baf46260f74f1a,5f26e3206d9791a823001b8f2d58d20bdb196929142800860a9420ce9da05249,2023-07-09,1
SYN-16cbe09d9c959f1b,5f27b28b6b69bb7f71b5a24c36781731d336d301b0a8c26f6e0ed6094dd7ad7d,2023-07-11,2
SYN-067a39a00e84e40e,5f2d01f1d122b49d40803389901fd2dd8bebed3e19076db8d048a543552864ad,2023-07-11,1
SYN-aa4f9875c3043d30,5f31c94ebd653f6d7000c12167812f99a33568a757d74a795d25888810022ab0,2023-07-11,2
SYN-346879e3c98c9027,5f337cb3d7cc8612137206a3364052cb20f07f9af6ded0db96db5bf389ca0060,2023-07-11,2
SYN-487baccecdd9c173,5f345d3b9799fea29c29a9a7c7f1657de96eb3530f9767189bd795e614c59314,2023-07-11,2
SYN-2cb6ad7a62fb93c4,5f35089b1d3cac91c195a788d91bb8bc8f19dce29e91ed81ae68d92375deedb6,2023-07-11,1
SYN-7d7458c79a5e4c9d,5f36ef88ab0bbc50687b1ba813c7c6e9e99fda84a54d1cbdf230c1f141cb5811,2023-07-11,2
SYN-a80ad5a0aac90a08,5f391475e09e169eda25d7cdc7c38a636936c78e3c5fb54f2dceae2ef3c24276,2023-07-11,2
SYN-88ee658c5f0386ea,5f3a11893a821e1694d9678ae777bdf95fa5d011f27006e7cc62befce2425bd8,2023-01-24,2
SYN-68f4ddf4951ecbe7,5f4222789b04e2002fce0c09549df65cbf468f877183742bbfe0c6c0cbbd70ba,2023-01-24,2
SYN-b51be7df685b72e8,5f423d84899732ab93f74778a0c435edb71f83337a03f638a04dfdd86422dd0e,2023-01-24,2
SYN-243313740f0b8782,5f4382fd491d3450c548191ca17d5a993c811fff153354687d095eb5824a5e6f,2023-01-24,2
SYN-7ca02c6956b112c4,5f44055836af235db7f5b74d3476ff7aa19c4ced7437548af34104edb6d7e2d3,2023-01-24,1
SYN-254a6069820f83bf,5f505188378b95e503d8d2a998f5d9b83ececf74c6037ac02c575a9afd8f3d95,2023-01-24,1
SYN-1ad06c4f7397cf56,5f51914214c1d84289ecabd8052845a2b0d37854417ff49f2101688b7f1f6302,2023-01-24,1
SYN-ca772e6c65ead91a,5f56ab3a26d28b164ffc3f6e342dfabbbc6e80ec1952be312214c60cc0e2bd05,2023-01-24,2
SYN-4f01d25208a0d7d9,5f59c750feebe85e135dbee2ab7f33911395b65d7fbd8e389991628f13a56e43,2023-01-24,2
SYN-789996ecf45dc0d3,5f5b53c79578d01f3b8c3782615cd62325597049398162fde05b1ba220792f0d,2023-04-05,1
SYN-0cd73fd39a9a5cc0,5f6751aedd55400c1c6887d5be2674ce040d418e09f214b0a1d62c2b1b8c42b1,2023-10-25,1
SYN-89a09c4d5e4233ac,5f6a6d1d57334a851b95a0391cc341577e8f4440651a0f26c760b1cdc0e00080,2023-06-21,2
SYN-73aac6a9bfac61dd,5f6b37828b7202d2f70652c5b06e391a800eff0750221d73d877b9e8f33ffc72,2023-06-21,2
SYN-6ef1544566653dcc,5f6dee4654a5fcd2bbdc919df3419abe48c82f9ab9065bb1f29d7b453228e6af,2023-06-21,2
SYN-bdac3ba1308adb36,5f72a9261142ce65fa2559223a314c50977df60088e03ec2863f150959f21d0f,2023-06-21,2
SYN-dec80310dcdc764e,5f75ded4fff172b6893bc192675e09d16b1e37e416c0eaeba020a867f5059ddd,2023-06-21,2
SYN-c2549efbecdcf90f,5f780cbb507571b0620f4cf14f8940d0ab3d260c7e31cf3a8e8519e65bd13dcf,2023-06-21,2
SYN-5121e0c6acee08a2,5f85f103e3ace61f0c2ce0c04ae33db003ad66857e272ef2a03b2a9fc4490308,2023-02-28,2
SYN-d7305e1098b65d22,5f88c6197c1b0b2f27098500bc9a1418f8bebd348f447c77a0eb5c3098a576d2,2023-03-23,2
SYN-6c610337812852a9,5f8e220e8786a7bc7aaed25011b92b1e5f9bf5d93cd2161e34352fb93917baf0,2023-03-23,2
SYN-a96274333bfbc019,5f90bf4d063acd9180ea6c61e846baca146c50bbdf4f3342e544a8638d8c58b9,2023-03-23,2
SYN-bcbbf7d21d8b4e77,5fa472ac33f0ad1eaa0b4a6a19d7f659c90a2c176c48d85cbbdf28045a2502c3,2023-03-22,1
SYN-bc710d0ec1136e5d,5fa4fb2225e01fb7fa599b815cf95c1aa9ef201c19f2bfebdd07b08a18344e07,2023-03-22,1
SYN-cc76816ff60b8859,5faefca233e5d357e3bd903648c49ff7f132493f94d0680ec3657b35308c6b6b,2023-03-22,2
SYN-c348d47ac8249eb9,5fb195901ef225963522baf6d4c356901de74736d69a282b88ff98502616a25b,2023-03-22,2
SYN-81c05e27a74a646f,5fb6a76265563218829d42996db06cddc43b4f7b960b2b3c259cf24a17a7bb5f,2023-03-22,2
SYN-d39e687b88c5789d,5fc173aa675c710ad2a5313593632a742c5a269fbf6d64bdd2f0b71eba3badc5,2023-03-22,1
SYN-034aa6a685c6e233,5fc44456b4d2e9db5a19ba8d8dd041aad258d37c6555a7c3f5f046b2e0923c4c,2023-03-22,2
SYN-e2a4b9b95eecf58a,5fc4d79f08d017bb928abfd0eb36d1ca6205f28255474792e85e7212aab24a66,2023-05-30,1
SYN-3b991e00e4557afd,5fc85f801dae1ab0bf9199a10f8ad60202136492c2e2be3f03c97a9afcc68690,2023-05-30,2
SYN-8ad82c92edf31b52,5fc88f7cf7a3409100aef64839df426b1140960f40d0ee24200763425662b622,2023-05-30,2
SYN-105bc9665f360025,5fcf3a4987696f133046c781bd6c6aa24fb5339bdf1f126e9500771420b8997a,2023-09-13,1
SYN-8fd9dee2a4caaa46,5fd54ad9ad071eeda3d1bf9c8c8727b1f60b2ac6120701de19d501ebdd0e5c17,2023-01-07,2
SYN-6d89a7cab8eda69f,5fdecd08c791be56014bd4b8a6bcc57ee9a684b62cb3f276effad4ed0cb3feba,2023-01-07,2
SYN-7151f79de52998b5,5fe08adbd1726ce96c868008f8b8dd10791bbe2f3f54bbc3ca94cae4d2f08bd1,2023-01-07,1
SYN-87fc69f497391ab2,5fe3e8928770a90d287d620fade678325b6e2c04e04fd70ba2c418f18b601ea8,2023-01-07,1
SYN-6ac5ecc4f70ebf4d,5fe66368f3dcad7228287035b5dcdb58c9f02f3e6ad206927c456852f6ab7f33,2023-06-08,1
SYN-54e4b9d8658565ad,5fea61e4531171ba3d1df928c50e055a830ae3afb2e27e9633446b3d57a76542,2023-06-08,1
SYN-c0b872214b855215,5feaf3e86e193611f566e4c9bdc77aa2e1a80f2df9d5d1411ca01fd3fa61faf5,2023-12-08,2
SYN-8bfe5479c33122db,5fed0677d80f5dfac66ba1bbc17454ce276afe0370893531fae6406d72abbaff,2023-12-08,2
SYN-0e36e0bb6f50e29b,5fefd5a54bfae65c5625cb969070fea85837f701ddfd1e56f36786ded8b91b70,2023-12-08,2
SYN-851bdc75f0de15ee,5ff00254a6a0fb57949b38ae7cba17e556b9c930688fc85545ede04ac89bd559,2023-05-01,1
SYN-0975bf223e4e573b,5ff36592d812c62802c72f91193495d9684b28a11acf54bee3e4fc3b4675d86c,2023-12-13,2
SYN-d70d4e14f4a03c76,5ff3af5521cfd021dc890984647192cb1d7ad33d2baf2976ad9acccbf1b7d3c6,2023-12-13,2
SYN-fb749c97c2fffbb2,5ff47e46ae6aee8fac216275ddbbc143b7705b16988dd0b2bcefe9d93d958ce3,2023-05-05,1
SYN-88f58fc5c156bb8a,5ff59d066516f7e1b319010be666643527bcb3a21e015126da6d9f05d644aac3,2023-05-05,1
SYN-19cc30b6fd1bd2aa,5ff5c7b3cbff72f092a6aa7674304d95bb91f1deb7f722796a92cb52b7000f77,2023-05-05,2
SYN-96b36826d961a593,5ffd00f17e6effccd88b49c56c265c4d0150e4a4514e87470ee2923110bfb96b,2023-05-05,1
SYN-e0e37d0f647938f3,6001602d7f57bedeb61b84da89f662b082a94b212e1ccc1f14c3a38bff3b694f,2023-05-05,2
SYN-66fa04ce840989ec,6001caa1c4c459b1dc062766e94d955a608eae0b49d7679eb2fce275f97e84e1,2023-05-05,1
SYN-92b16ea90ad3fb49,6002b6900f4c17896b9ed88e425bfe5d0476e6e050e7ea1baafa79dc5300693a,2023-05-05,2
SYN-8a96ed9a39a0290e,6009adb15662e5582cb884c9228be37f3ccd3849d6f8018ddb6edb4128a1cb5e,2023-05-05,2
SYN-b6f274d06510db94,600afd3c3d2876f949825e84fcf5ac30ce6403c18709455b1c4dec834a62132e,2023-05-05,2
SYN-d487ecfa7a64a32d,60141b06bef8b0ce0db9295c8a82e4f5869dac13e903e7433dc1ed244508c291,2023-05-05,1
SYN-cdc60d46184a7ced,601a953539896cb8860c79f0781bc08f7f8c996d873043c46c712b015a20b7d5,2023-09-06,2
SYN-6e03e13f2a937a08,601e0ce22cef5f89a60fe90b50bc9b657c12189535c99acc67d4d753a669bfa4,2023-05-22,1
SYN-c88ef3b165dca6cf,601e768e954799e956b443d1b032a3a3a1459db29420cebb37787be1de5f83cc,2023-02-23,1
SYN-4a959a4e7f2b230c,60256edd679f142212c59009355f92a4fd7458adbfd5b9cfef9708b7fca9ac74,2023-02-23,2
SYN-e5e6c0615b683f3a,602a08cba03368f9e3bfe768815bda720e55398e7dfd4acca765961add0a833a,2023-02-23,2
SYN-6e3458de4f36e132,602a6eee2a1c17f815a3037637bcb72a2ab17d922c39a158a913587a87eb81e3,2023-02-23,2
SYN-9c849b54d9d95f50,602bb870802e305327369a017472a3740113204c5c36761a0449f8466bf0d8c6,2023-02-23,2
SYN-0716193592e51fef,602cdc3f7606071ccda045b4fe8f42fd00d6783ca2b5a3e1c63d45023ae8401b,2023-02-23,1
SYN-b5ea90964e9162e3,602f1fe669e9b3a2ee271eb9585e22f00a910c22e09449e0c8b19ab610275560,2023-02-23,1
SYN-6ec5271f3bc610fe,60329ba3cba807689ffb5028525e2fa97af294cc0a369388fe1773e7d823e4da,2023-02-23,2
SYN-5717fc635eabe456,60340cd3670d046acc107df103ba7bc9c2e99a6d151a0ba6a57299cbc9911cd3,2023-02-23,1
SYN-f98c01bb46ece98f,60356e88c37f14527c79ffbe08ba9a1c7451a7c8725eac0bc082603f0cc72d0a,2023-04-11,2
SYN-f668a16f4bc3905e,603aee0d9fbe5b38b26a6336e04931b422b39403a9b45e69fcfcf9b1263b2684,2023-04-11,2
SYN-dc3c14ab306c6da6,603fbca9a702198b547a7ceb7b4aea7f011d7aa837826d121372cc37e40b272b,2023-11-27,2
SYN-55de7de4358961fc,603ffa1718204ae962f213d2458a1228ec3bd9756d173de70eaeb4d3be7b918f,2023-05-09,2
SYN-c29f160a7c78a30f,6045fed802481a7576ffd56e0d5972ce8b3dc533f1cc1538a0cf40a142f33633,2023-05-09,2
SYN-f2e84e7b3c5aae39,604a3e5bdc04d072e3bf4ad9a02e2673ba18dd843a4f8454741b8eea236825f5,2023-05-09,2
SYN-00bdda34e516b0b9,604b60725f8da50f3596e0ec2d1693929cdd366c891682fb68cf87610c18cce7,2023-05-09,1
SYN-4494da24b7d51f73,604cbd0b455dbd2581aaeb17ec768cc951b85ce2010911d83fdbfdf61dc20d77,2023-05-09,2
SYN-239bcd8b2a55bce7,604d5290a3d789941d59586fc5e3e53fedef908f403215f3d04255f9062bef57,2023-05-09,1
SYN-0b4770e9b4a5dd9c,6051a936a57829da122b3788d106d1476058fec4996d7076782a278731439f06,2023-05-09,2
SYN-33c35355a303fb7e,6057239232a47bb27ab919e570fef8cd52f68ff92c33bd6a8d6c42ea003d9d6c,2023-05-09,2
SYN-45d75c0a02afbaab,605b8348f1ebf81f6c90ffe3279a834a227d8f13d4728f74cf297af723392b30,2023-05-09,2
SYN-569a6b94cdddac98,606b4c95b2a9999fa7be7e3a820499e9c95e6b3ac2c038671351ee652a1e9ca4,2023-05-09,2
SYN-8fcea8acbd0387a3,606bc05d66a62d2dd323a36c38cfe45dd07932047371d4ad6d73e1695dca8fb8,2023-05-09,2
SYN-70af3529962b5c0f,606ee25a31515ae991c0dca524271605c1b4f3841dddc61a561fe3d03b22aaeb,2023-09-27,1
SYN-e2419de51a0cc9f2,60726c0c10d6063eec488843cd8bc3eccbf70b1c22f72977786fb43c5d9a3a1e,2023-09-27,2
SYN-2fe8c35b312d2c88,60735eb04e5e6540a5ef0e6b28f4961a82a9a3efef3da2fbea1361bca5a3b99b,2023-09-27,2
SYN-5cb3232d417b0b44,6073e7c0d5f53039d90bb85e7c0833c53bde471c45f461de43bf52884f6b3a13,2023-09-27,1
SYN-bff984b604c8ff02,60749fb47ed4c45f0264e119ae933d1bc23e29c29398f6fb89bda1de681821d9,2023-09-27,2
SYN-85417d16a66230bc,60771e7479b3808751ed0a3021f8b2b5318101ca3159f7e5bfda24a9a43b8d5a,2023-09-27,2
SYN-4b2be70c42dd0da8,607803c544498c0c9f27bf4b82fb5dbc1660c44d24dd29e773cde4ccdfe929ce,2023-09-27,2
SYN-c2e67643c816c9f6,607b0affefd3001eaad14742b8b44874acc6d704b320b3420d015910ac997be7,2023-09-27,2
SYN-286147274d70713f,607d0a42e1b51b3974f17dcd911aaa1bc5f778881b2e171ba969c876809e5b2c,2023-03-10,2
SYN-450d33a42fd95dea,608444bca636d6bd8e145b46c4dec36cf4b153244527dc4fa6157cb1837bd6b2,2023-07-24,2
SYN-280d4c9e9c65b549,6084ac7237e609384e6b157cc813b340c5ec0d769c6e8e24de653c8373b4d0fa,2023-01-22,1
SYN-af0c57a5a14f8171,6095fbaf8dddbe711f227a87395971b02cad033694cd66790a57c0ffe76bd137,2023-01-22,1
SYN-926f45da39493ce2,60966e25509730e5ad3d9f485fa48d66d000eef609311a0c81579f9c520aaf97,2023-01-22,2
SYN-aacfa1dfb6fcd7c5,6098f37880504764d8f6984be1caf4d318647eed4e08d673c632329345dca991,2023-08-06,2
SYN-2202d567031771ff,609a666ad580fb3d180f772cb8a63b37c4768208274dddb386be1b5df2824770,2023-04-01,1
SYN-c4615d33c540c399,60a0260e0ca3e8ab41cbfde33b452bbe26e00a92f649f89d1313bc3d273a6a84,2023-12-03,2
SYN-7c61358efb5f9355,60a09dadac70bf82aa5f1ce5cf8bf332c07f4428f362602a170bfd61dff4f95b,2023-01-12,2
SYN-7000304a6eb3d692,60a2b93c45427fdbc7a3524eecc1cb8a9287c40cf735fb79e93835d0da015d23,2023-10-20,1
SYN-a29d3fff3aaab7c7,60a9989b989807f230b1105fc0d526456b97969ad3f68f7444a97bb0aba8d6b4,2023-04-22,2
SYN-7f68bb40f80765b0,60b11ea36a43322b2f320e6ce2ce50ece3970946a7e1ded46fc831c3aeab2efd,2023-04-22,2
SYN-20f66e1c52237e1f,60b1d9e13437170d7ba1d39bbcc63e88e43d55670090fd87b7d3624a748b3096,2023-04-22,2
SYN-4ab2b0943898aaf6,60b4aacf055701e5351faf967e25b00539d23a6bdfb580c7084ebe8e07b5ebcc,2023-04-22,2
SYN-b4b65149b34b76d0,60b69ceeec270601f7d76bab1b51975c808acf3b59fc6cf803b8f4c4380e86f4,2023-04-22,1
SYN-43c8d6ffd30a9eba,60c037bc1b0acc08ec9812af4bfd9539097ee3306e214eae8fdabf73bd9a09cd,2023-04-22,1
SYN-a954be701039e4ff,60cc7e49ea51f3787f388d742eeb37e470e2f7a7bb198374d1a9f6574be6f920,2023-04-22,1
SYN-ee29ed7d9c6cb3c5,60cfbb15b5af94846f0391253f422d40ad98b8b8217f14c86a3fa52014e1ebce,2023-11-11,2
SYN-b6a0d93c24d9de59,60d17687c6d1710f057c24ab16a5c27523f24c80e92eaa075c50eb71d6c9b444,2023-11-14,1
SYN-a393e4980ea4a320,60d40e2d2180997222800434f0e4a557e5bb2278a35a1ce2a681b6308a77a49e,2023-11-14,2
SYN-cfc27467c9dcacb0,60d849477158695a1ca00b9de5ccb19a5111d448238698f0b3ee104de83ace41,2023-11-14,2
SYN-43b0fed52a2ba860,60ddd924028e57536d3df74b77d12e98942553e5c8125cfadd193b3c1c9d3eb5,2023-11-14,2
SYN-2751263b86a07d1e,60dde0802768130c3efb022abc9726b238813f9445c1545e8f2ca72fa7e5b112,2023-11-19,2
SYN-0b349370d724cab0,60e44c2aca49184fd29ecadc7ad5ff9e4acbe0ed99301afd7759a3c7bcdb705d,2023-07-05,1
SYN-9c1d67007ce24960,60e6fbb4973c865badae1fa8b0d6c1b8c00d58edec21abfa62a257e03834d2ed,2023-01-26,2
SYN-3864a566dd124351,60f2dc5ec97d85f91585bd3f11f0956d85b7d03939ac536258e0bef12db21146,2023-01-26,1
SYN-6f54719fb550db66,60f598fe259e3356f29e2ed1728b19beb0f4a4a12bce1ed179c946a39eb253a2,2023-01-26,2
SYN-7e4296902924b1b1,60f5c4ebe7057961aa8e18467de2d3806aa9eb434bda74bfca4bcc37ba57f45b,2023-01-26,1
SYN-113f7641f266d044,60f5e9953093e34ea17a9b35ff8e35b14d780b971bd114c5a23a275e700b0143,2023-01-26,2
SYN-ab24a02c10a72857,61011e3b42e62b2359551663487abad28a7b1113c41d8755bc5135040ccf547b,2023-01-26,2
SYN-6a30879b4ed0a14e,6106d849799c337d4575016364036de5d6f47d46a0d3d0315f09dc483db5b666,2023-01-26,1
SYN-3979ac3c0ae8dafc,61099cbcd924eb9dc0fb7dd8489280920dca586428b0e3284c8d8ef2123935e0,2023-01-26,1
SYN-9730107c67d2a46a,610a1dd52d54d62a8b06282ddc09e65e36e9d8bc434562ef01c003e43c704d6f,2023-01-26,2
SYN-e96566fcf85c121a,61127403b18048fec40cc241aa25ad5e1ce137c08db6aa81eee665b9cb8d2b4b,2023-01-26,2
SYN-747143b06b539229,6117676ea210905292cbc37fb5ffd8ed7e55be58fdd1e67a964746016fea7ccc,2023-01-26,1
SYN-438e7829958ec99e,6121ea48c194c72be5c53cf7964bea9043419fa9fa6ba651fedafd78ccefc959,2023-01-26,2
SYN-f4bb32b5b00afd4c,6124836a44bc4f407425f781a0cf087f3b179cfd8110e096310c04cb9b1b7f69,2023-09-18,2
SYN-8e0dee1c2f43aee0,6124ce948e4ebba1dfdaa091036e056ecd0ac3151a00a2a42b23c9c7e08a7faa,2023-09-18,1
SYN-be18d8177a11fb35,612937083b0e99233410c035e8793cc1d0ed448d498a22652d7f0585c8c02054,2023-09-18,1
SYN-1e5dabb1173a1e51,6129c52d79894b0a08ed8fe66ba52cf1969312f473b4f928a5499af211daa806,2023-09-18,1
SYN-afd27667e8cd4484,612cc100c11bda95d3f4c220722c18997aca9f7a758350998fed6aac30ebd2b9,2023-09-18,1
SYN-89db32e3fc946462,61359272d7bba172b95d4aa9070ae042c77beb1d0b47df8a6a39d3457502c2a4,2023-09-18,1
SYN-182d9d665c7884bd,613c17b7c47e128e2ba3e879cacfef2b453bba60e3a7d17bf0736a50fe917b65,2023-09-16,1
SYN-55d30b6879857ecd,614aba50a61fd332537dafe0f023f3e3671448077dc9f8bc57b9ce84f068d917,2023-09-16,2
SYN-e70fd490c6bd3a15,614bbaf3b097784fe7972ece5c18db77147e12345873e06f72b8baf5c6c123fb,2023-03-10,2
SYN-076d7fbb61143b29,614d678083d46baeebebec51147fe1cdb607fb0604caefd699168d3c4626c51c,2023-03-10,2
SYN-25c80041aeaae914,6159e4278c2bdf7a4dbd6a4688d22a43a8eb3ede75debaf862223f1905755e5c,2023-06-23,2
SYN-91bf970044ce02d7,6165c2456377f4330ca2c345f52a28949a6445adf331f20e7ba8276c1e3699c4,2023-06-23,1
SYN-1514aa47726cb310,6168321a677e194a32bf1066bd659d4c9adeb90ecf7752077cbe5a470d8aa121,2023-04-08,2
SYN-d81808e88161778a,616aa44f46a23f282f19a52f2646458f9901d97bb78f35b4dbaa3f2d53f0cedd,2023-01-10,2
SYN-f1ebe69eefe3ec8f,616fb0ae4086dad1559ac890a3752acde1bb8364bde16e734f4922c599182698,2023-03-13,2
SYN-6a98d55e6eb708a2,617aff29772c37dfadcd84bdc954e85415cb5d4d6c1c87c35c79caa5216f01d9,2023-03-13,2
SYN-9945aba4ef0c9603,617f960aac9bd8595b24a9212276c3d2677fb8e318c18570aa5fca354b88b8df,2023-03-13,1
SYN-0b208aa4ff208a9a,6181c70b68214caf8ff44baa2d309d44ddc24c6e1f42dab3098209d65e5cb415,2023-03-13,1
SYN-e17c9f64ad0e9904,61826b8d2ffdf48379a3ab0c82c82a8aa6cf9018e15a03d670d348c3c5c347c8,2023-03-13,2
SYN-69c28b81f4358909,618695c1c67c265bbf056cb6b2444010500d961ed4411dfe43063633e417503c,2023-03-13,1
SYN-b10622cc2d6ffd6f,618895e3db30aedced56b76fc8999986152bd237ac1512c9505f8d291ce3467a,2023-12-01,1
SYN-a8da8261dbc09dee,6188ca39df7888c9ee3e74232daa3d0cbaed26ab785d8b5a3ac9fa4b0a60eed9,2023-12-02,1
SYN-95590bbd36c6af78,618dc45ddac78652c13138e9fa906d8d7959444ace3ea68cf26558ef342a0889,2023-11-16,2
SYN-9b9c7db983d4449e,6191e01aa038e5462ae3923101589570fcf5ddf80d07e71b55022137ccbb0325,2023-11-06,2
SYN-998898757a9acd09,6194defbe5cb4897d4a8216f7a7223260a1ffa9fb6af599a8017678c2e4eb02a,2023-07-31,2
SYN-964fec45c99b9357,619b47b338c0696377a785a66406c3918f93b4686096ecbeeb3c8ac785b953e6,2023-07-31,2
SYN-be6fa8d2db7ae690,619c7811541d4623f9c3a7b24324d21293cecc20a4408d2e7ce54998299428d0,2023-07-31,2
SYN-b5a213192814c376,61a6cf3f4b39fdb409e950a153d12e00b5799e7c993876690d46f523b5a68fd2,2023-11-21,2
SYN-c459672ff6c934c5,61a961241a90c99f40c73678072b0f58f9234f50d9da4cd42e6f39f36ba88259,2023-12-11,1
SYN-38ff469bfb9c4f73,61ab2557e8ba7281a805f42b6896e173e895d704edc2f6502d9606aa94a997b7,2023-05-09,2
SYN-31f1de84cdfa8b1a,61b436eca1fe2ddc14dbcc4d4f656d3301d3240a2c952dfe51d6979cd5733c2d,2023-05-14,2
SYN-eac3bcf507d973e5,61b58c1fe7e384de77368f76864f7dd8caeee73ace8e1a51747715e470ee8ccb,2023-09-05,2
SYN-96e3ceae9c3a3cf3,61bd1124965fc56feebb4a65f6039865eb16ba5bde3a6c859f35ac6f73d9a9d8,2023-09-05,2
SYN-2bb82f0b754a5b76,61c10325cce8b663b4ed5b13adbe40a2ebe59ee7dc07966dd5fcc3889a48f6af,2023-09-05,2
SYN-2b98d7a05fa7e6a9,61c85b4ec609c65ce3ea6d3f256bf01c65f0b4b0708ff8cccf659cd9ff1ac5bf,2023-09-05,1
SYN-5f50c8d5d416637f,61c991c74c62ea688ace3fb5017dce54d5bd6c15f23599722984df31c8097d4a,2023-09-05,2
SYN-f414fc8ff53ffad1,61cd64453f03fd60220d7fa01d6af69ebda5405a06d8094a3b5fac26dbf89439,2023-09-05,1
SYN-673a77809aa1f474,61d1570557eb7148ebfe7a4e8f9d57cbcd02367e5732dd39dc2db842a581d837,2023-08-22,1
SYN-0da4ee12ae42fe48,61d527343164402a363ebe582855ad53ea255760cf0148748f106c823e69f05f,2023-03-29,2
SYN-2591062efbf81f7c,61d616aa46ba56848be016085769537dda90b34c63d207ed294de725c14988cc,2023-03-29,2
SYN-cd4535458ead1a2b,61e0555284e975fd216e357795aa86d0e58ea38c67787348c496891aac38da04,2023-03-29,2
SYN-5987a8db00110a51,61e1816003b4a8cc9ef6acac045af4ef8be22e4e349e45b4fd0a0c8f0babbe09,2023-09-01,1
SYN-a6f9a3625008d370,61e3355ee9b8c9884a19ba72b6a139c4950ce43d9b8e52da76823c8a216d5c4b,2023-09-01,1
SYN-a4fc01423e0584f3,61e5c45b139cdcf7a602fc3b3f1391f243de0e5ff317db232f4057b79b779903,2023-09-01,1
SYN-0c506bb6f1f4e57c,61e6ce83531f04cd96df685afdc4be7bd8ae0aa7fd0e445d8fb47b12e7122c08,2023-09-01,2
SYN-e6c30438b15c0f1a,61e87f0fadd3b11aa3872b833a92043c11ae9b1511d3b6b72360bbe60b730303,2023-09-01,1
SYN-35b6c183035c7479,61e963f22200955aeab78f296660cc2b7b9e7fe39b008e709510ddd051f0186f,2023-09-01,2
SYN-6d74f5e14be16e68,61eb4bd930d2a73f08ffc69c276a22197568945a41006f91e6e8afa0974ff232,2023-09-01,1
SYN-f07ece7371de0b7f,61f40597d3aaf27c2ceb6192022ed20c4b2601324f027af8cd3e2559bd702514,2023-09-01,1
SYN-01fc2e51cb18b02d,620029baca48e0cdf8c53a2741c8b8d5ada87b03c1f5e2e88cae21fae6bc6185,2023-01-12,2
SYN-8d31f8862c994bf1,6203f02731d5751d050ac599d7caa1931229e3db3f2f731c26b2c0eb92aa159c,2023-01-12,2
SYN-22b37b5373732d13,62061c962808e3ebced0117a71eeb5529a669d34075ce8f4e4eef4ccb815d6b5,2023-02-03,2
SYN-b5b12f0df3ab8738,621835cbf2f26ac38f7c7a1d8fcedce3116f79d587b19945f1394625a283a9da,2023-02-03,1
SYN-6324d6e6bdbf507a,62217633f968f90010c796111538474fe4fd230b1206e80b619357735943fadc,2023-02-03,2
SYN-2193cd2403bc82a9,62239ba928666562f9d5210a3841f375dd7e8033eba54c9ea19051d64500801b,2023-02-03,2
SYN-db930216342d8657,622cfcdfb77c0f847998d6843a06ae08b272bc016bf30aaa57e44175626eab16,2023-02-03,1
SYN-95419d41f353c517,622d4046fc3eb2c68115593b833cb9218aaac08a19f2558565a7bb5bea7564b1,2023-02-03,2
SYN-c6ae8bb2c54c72dd,622f94a21ab358e058fb4029afb51997fefcc1778b90c9a52ba2f5e4e155e013,2023-02-03,2
SYN-9723a36330b7aebd,62341e887addb2dadf11f8aae4b0837abb5292d7efb55a34a9303d1a64b7aaac,2023-02-03,2
SYN-b704e68014c4c467,623ab6e9a75f0f5e1bb516f3d715de2f1022ab889dc4a1dfe295a78e899b93b3,2023-02-03,1
SYN-85fd5c8364b972dd,6244f31b39fa0b404219140d02bfea6801ba770f78ab1f1e8d92c1695dd74d74,2023-02-03,1
SYN-a2573deff18e78ca,6247442694fab413aaf418c50df8642ffccd1102f008ca852b672b46fe4e6043,2023-02-03,2
SYN-b1b5aa60470d0d20,6250ea2d30b873234778c0e64de9bbf4cbf0dc26cda0844b4429787cf85383fa,2023-02-11,1
SYN-a0e966c0bf9d68fe,6252c6352672852e991349198a8507fe73d041133f78ed5caa0b9021775da6f0,2023-07-22,2
SYN-b5a1593fd0903a4f,6256c45dbc0a5ea1dcade82220d7fa55511cee59f60b55cf6717d13352b7d674,2023-07-22,2
SYN-0a8f25c95830b56c,625f5344edf2e5909f86428cdec2b1052a000ab10603962eedd43bd5dd1321ed,2023-09-09,2
SYN-de5dc7b0fa5d9ec3,6260383ff1b480905aac744537ad842adf35cd07bbb1ede6f6e97b99b9e6cdad,2023-09-09,2
SYN-a9da71697ab8de9b,6260da28cae5a777411bdafadde2d66008b7a9149ab2785d5647674c328005b0,2023-09-09,1
SYN-2a44364b142a4f83,626bd3cc417a6d2d652b42133412bebcd786e333ddc4e6a9e9407ec67ec75e6b,2023-09-09,2
SYN-980a7b1993748e5d,62706edcc70a1830deb06fc0ff13235fd7d79c6df6a144e222a4e9107732f477,2023-09-09,2
SYN-11701970561f97ec,62719d4cc38034ed341e849dee8b4719779d3f3333cef99cd8eec84cfb46aa65,2023-09-09,2
SYN-fce7094f16073fdf,62722291b102087f56e1bd02a2139083c261df3d3f7b4ba6964b234d2ba99659,2023-09-09,2
SYN-ce284938dc471a02,62745c686e5b4112c0913fb829ced307c064cad2cecbc9ac69b9eafd819cfcde,2023-12-06,1
SYN-fea5470ec0132e26,627a41eb5626d87db1a6cf12738923ccb129831a4b2cbabd126241c0732f9326,2023-12-06,1
SYN-b2948ad6d365f395,62891f20a6fbeabc5634220c41022f5cea02f07bbea84bc25165256b6832376b,2023-03-05,1
SYN-913259ae32eadffc,628d43d175d3a311808d58fe0d7259d0e650110768de880d176d31ef18fd3aca,2023-03-05,2
SYN-e322dd9189953f53,628fb40926efad48fc0bcb1952e1c66b82fd5fbd72bebf9d36a38b4e17035a8a,2023-03-05,2
SYN-58dec1907d98cab6,62940db525b4a029905354c40f8d37f747cd7173907e8f757fb02a294e2a4729,2023-04-19,2
SYN-c07df62330d6398b,62991bf1bd55be46163268b855fb56bbc186c2e39e677d122832d657eda18e0c,2023-04-19,1
SYN-53daeb175be0a48e,62a3771518089ab2e7c7230d992eca24dfca548f36aaf373896eae1263eb0f5a,2023-04-19,2
SYN-fc2bbfe61b2dac9b,62abe5160f2c34a91debc9a4b2a7f055fd5627f209ee439c6cb7ccbe9bf60b5b,2023-12-13,2
SYN-2ece0c78e2e22648,62b0d56678c5d939379660205984f2c95ee41b14f628cef6cb854d432bc31083,2023-12-13,1
SYN-b531c4a4d3a579ca,62b1f5194efda47e2c1c864bc4293ff4904ef2503528a647da4736973c646282,2023-02-05,2
SYN-2f318f5b2c5a120e,62b2195e29b3f6766f28553db1aae314bf0b02b42a85df9031dd222ea8d4f81e,2023-02-05,2
SYN-94b222e7e4b03d3f,62b32f10a39d62d546c2747d296393fefc257497db198355f86df8b401116980,2023-02-05,2
SYN-a61f365edac9af8c,62bee16268ca080ea5c0342dd4adcc228b46152bcaba4b57b1dbd946aa0824d9,2023-02-05,2
SYN-94b1b87ec361d86e,62c4d79649af72ca663765cd5d571e5dd0f754a11de25e638bc3e336a8b75052,2023-02-05,2
SYN-40391cb7f2feac7e,62c6c717181efd7000e578357c40f551fd94712d2a42df8819962a9785f98a06,2023-02-05,2
SYN-0922cd575504d440,62cd1ad9cde544e046f48bec6b91e82fdffeb37ee86d02394cb913bea78f67c9,2023-02-05,1
SYN-186da099602c0767,62d46838ff794f9ee92b0a2b94147aed114b3eb2a250a4459571ead35b0e39af,2023-02-05,1
SYN-50074be6b512de7e,62d5097c0516fa96fc73851befa88e77ac072048023138e843834cbfbf04cdc8,2023-02-05,2
SYN-631ca7e2b173494d,62d5748db0a6f7722ffd689315ffb7d03677c76a23dbe42081ca2fc8ca8418f8,2023-02-05,1
SYN-b36dcce248a1f92a,62d7e0cd2bce0b035c1e2f8d55c5983f451ab50399d860a4d95056f5bb8a351c,2023-02-07,1
SYN-413739602b716e8e,62e15a74b2f55a04bb031dc5ad0a1fd9f2e47dd380fc79c49a7cc3d6871d9513,2023-02-07,1
SYN-87cfe6fccfd6b6a7,62e7f889511a34a6994ec72fb1e2619209b655fa62cb45d36a42ba566e993c10,2023-02-07,1
SYN-2d6e01b43909d073,62eb434d1a11aef20085668530394a3537e2b7244a70c2540634486a09ddd43f,2023-09-23,2
SYN-13707e401e743f60,62f0f7c08bedc2dd452a8e81a313041144dd125f33178568af0db6d42d733a26,2023-09-23,2
SYN-84ce2ccf1714837c,62fff09f2f5e8472ec2169be8f6e2adb8aae2ebc6bde6afb7623e45e7849ae71,2023-09-23,2
SYN-b495d20bed9ab6aa,6307795bc6bc0b9e71e2d1ff8722684d76a8f7fc7eb638ca280f1eb901ebb65c,2023-09-23,1
SYN-ce5fb32422f8764f,630853c026ea89496b6a9f98f6eaa8b2d487f86106cf9dccf794e4bc74cd4db0,2023-05-22,2
SYN-f864913881388c93,630d54527f3d6dec786d64223f064841d2d5514d4aca9ca552ee9273c1be093d,2023-05-22,1
SYN-b3689b98da6ac69e,630e15da5fcebde3ec7a08d0a8307a319914eee4556a921f6847621315cb2e01,2023-05-22,2
SYN-fb3118f08a9fa297,630e4dcc07762201de7df00a8b0627b21cf01ac72a2f93c35e7e1e1802e8e849,2023-05-14,2
SYN-e9ac65b9115b5fc9,6310a16ea705aa6b0fa7ff6a877714cd574c99e9806cd7bff16897181407cd01,2023-05-14,2
SYN-bae2df795346cb6f,63141d0096fbb6cfd1be3b4eedca8d1e284146b103119fb3e655e436c9dbf404,2023-07-10,2
SYN-1457c23048f4ca8b,631b736350f8f849b15dbd37c2fb602784d8c5407df478f3187f42c2d182ba00,2023-07-10,1
SYN-5a5bb30444b240ba,632f6568963a239b3b3a7384acc6e5cccf4c392d1689632f9f4a821f92f019ee,2023-05-21,2
SYN-fc97c045bdfe8ef2,63362699f66b354cd97a21e513dead5a3529002c1f26f65a1a61cd5fd8ecd1fc,2023-05-21,2
SYN-0b73d10a8fb1cf72,6341dfcbe2c1633e4e704dbc96cd24792f7cd28702ac3d609dc60bee30c0021d,2023-05-21,2
SYN-996dabbb36e3ea76,6342900ed501d722623adab16c632d526ff1d6ec78b06380a9685242aeaa9a01,2023-05-21,1
SYN-c8a3b374f61b3206,6346633a2895c7c87a2a89b6cc1ceb3d45ef4295f1f508c2d2ea1c3dbd21452b,2023-01-09,1
SYN-9309db0a0019808d,6347d0b419dd0dc766546b76e0f15f907df1aaa90a45008fdadcd7e469ddeca6,2023-01-09,2
SYN-06af687732bbd208,63485954b60508cc2780940274c086381c569e9f7a20a9fdde7deee56bc889dc,2023-11-12,1
SYN-3c174749a445df00,634c81c796062b2c8d90035edb8db0f56101ccb1919d8920643aea7cc8793a02,2023-05-24,1
SYN-a6250bbcf5e8b641,634e2359279b05d719628b0bcdec1ca0ab4fa37e4c315f242566473c67a51ee0,2023-01-25,2
SYN-e174bd353d081d8d,63536b0b1b1bad44dfe2063d1887b83ea3209adbab9ef5252944f78d73a48a61,2023-01-25,2
SYN-bad80a7bcf3f38e5,6354badbdb9e0f4b8295874012b7125f779edfd01b940a5b5ccde0d5e16aa5f9,2023-10-03,2
SYN-53a5e35e8237037f,6355c86eacbf259518bf02381163fd4ff491160901479932ef894bae751cd939,2023-10-03,2
SYN-40ccf499b22d0927,635851e9bea9593b10469951486e861c45a5e61e56f6bd9568fda5c5f87956e8,2023-05-05,1
SYN-41c92e61116591f6,635a846c68d6ab6a036f6f8cfc0791f72a87f05ac797a7eb1187f028e179e06a,2023-11-09,1
SYN-2af61298e6f1a4fa,6360f30cd53abdd5359b9a98b23e965d14952bc078c634bf28d541fcfa32e838,2023-01-31,2
SYN-2c884e96a0cbf78c,6368a039312b2c10986e87457775bb3b33ea5a459d48fd2131ea629a01cc7dc3,2023-01-31,2
SYN-a5c82acaa559249e,6368dd8b166f87daa107e3541347ee25201c759935b87a49b3522de3b569853e,2023-01-22,2
SYN-852968a58b9897ad,636abaf4743a7d68b54f0bc07f47b445147c87214aec96489ad7a7b2c7458af6,2023-01-22,2
SYN-68d7e29cc5a25e2f,636b1f07b204dd29a4538b7997884ee7271e52989d74e2b2eb056eae3cab1e7b,2023-04-17,1
SYN-6dcd5d11379a3ba4,636c9b71c6a44739ff8f0fa7349c8b6bbe2e8b2e2ee2e9b92088f312c005d82d,2023-04-17,2
SYN-8d064046added438,636e5e8f0a5d89e2e8e72cdce86ab58ef0b826e5a1a4ad05f31771db8fdce42b,2023-11-23,2
SYN-191c1c32652050a1,6373b0351d8981d0a6a08a19c2c1fc8487836321a79b0ca3b94c487367da5274,2023-11-23,2
SYN-23b504c22686c33b,637770359e926e40ed0264e4e1e6a918eaae2a1326ce62d130bf0c376566c045,2023-11-23,1
SYN-868c6118c548f2af,637998d646140ab9fd268f1837565e2c0f7aed5748bc36a16f83f8ca1f7c619c,2023-11-23,2
SYN-f5913d2049e19431,6383acef10f451c3c7da97bd241b19d3bbeaedc19ded4aa48b85fe1d0382e30f,2023-11-23,2
SYN-c2ff29b7263a5044,6385aadd76e6b7a38830d114d16343ac6b088ece0e178b1a9ac75de7cb07a7ee,2023-11-23,2
SYN-7d87e836d4b43cc9,63893672f2042aefb988d9c5921078dabcfb5e7d53fc42bbcfe36ed51cc83f5f,2023-11-23,1
SYN-5df31e2895dc3f65,638cd67b6bd25174519e2ea85d245ec7100f6699e618a71221d1c9bba553e6d9,2023-11-23,1
SYN-75a0a18f62d2a482,638ced3773f1dad04a4ab9e2b95ba74d1a63aa6da68ff27bc47ee344d2366530,2023-11-23,2
SYN-e7c7f4b0bc6ac757,638d7f5e24ba9d67fe69f407baa590a38757f1248d8e6fdb72f2d6e1d27fb0e1,2023-11-23,2
SYN-0491f4e32bcc006b,6391266dbba1416a965eb6760be3d0763d1ed51474e5cf693eda654653c54799,2023-11-23,2
SYN-cca1847ab51095b9,639f37f9bc8b258126be2ac32e37959dcfc6fde1c6843dfd8ad2145e22915ce2,2023-11-23,2
SYN-9ceb4d93963de6b6,63a32af38b34fd4f170ab7f08b1c87ec61558455d8a535640ff30f52c43f9222,2023-11-23,2
SYN-813bb0b13277a4df,63ac652b1cc14e57ec20080de44a03c89f00151c351f745a03b6906953b3f5a2,2023-11-23,2
SYN-6eb18887a07601d6,63ae7a69e60d960d17ab07610239fc9c06138cd9d1b2e9fad47a19069abaaeef,2023-11-23,2
SYN-1568c16aaa3ea0a7,63af262d7f272a4991fbae5d10f0bb7fc024d7580c6a4f24847eeb160eabe53c,2023-11-23,1
SYN-948102d63017f765,63b5156db6b4bc5844f21f22cc9ea973ae121b793c8744665f85fe6566032dff,2023-11-23,2
SYN-05b69ae14e084862,63bc2a5e624ab315b433ac8f36b3a007ad694f59f11e85e6f6146d078bebee02,2023-11-23,2
SYN-ce8de5dafc75b637,63c1c5f370cf6be29695aed546c7725ce24a3ebcbcb44607cb3d32954705d73b,2023-11-23,1
SYN-cdbc2a861f27f972,63c2c428530555b2f5d1767d89ce489090bc5bb552d947ac617eea6ffd186c60,2023-11-23,2
SYN-3cdbb9ea005f0055,63c49850f32b91e5ea50c092a4681d43c82efdbcabe844bc1fa7c229b01ebb8b,2023-11-23,1
SYN-cc02b8505449fb3f,63d27ffe6de9bc31506072d2c6b8dc4b58fff8a45d1716a4bf3171f3748dbd4d,2023-11-23,2
SYN-591f05b3322fa409,63d6cb13bf6ae8b02e60b978adf6d9d74a2a2869d70df5f167c63cb12aa438cf,2023-11-23,2
SYN-8b777c774a978a8a,63dcb71870fe6ec6dddcee99596b05fa741e404edacafd450e15139a36508ee0,2023-11-23,2
SYN-9b8f9dc8162ab9dc,63de9d42eb22b2ef7d8eccc76db3d64c75719bee2a7ac2fa0f8986bae92f8d51,2023-09-14,2
SYN-5b365517dbafe796,63f0531aace30b72b0c62d0116ef65893a1525f59b91170340018f7204daa0da,2023-09-14,1
SYN-026f0b51132a4c25,63f2b6ddb3278d2a075cac5972f83020c6697e67b82716372dc3c86d3f80f2fe,2023-09-14,2
SYN-68a20857345474d9,63f549bc701cc3610ac053acf9612739b493ba07db559ad800fb9a3819aa499f,2023-10-20,1
SYN-299fe59d84ba2bdd,63f5cd841f4ed10f5a9ffbd833e9f5124e4246d60b2f50791c00c18b11aa7f68,2023-04-21,2
SYN-9a8a3c7391e7a071,64018669af907af95f19ca811fa8e41550b482c32b7f3ac715a20f88721cd661,2023-04-21,1
SYN-1862e9415d5a87c9,6403a5849b15481e2c15e12b07e748693f46f1747447f9f4ee2ab86d278820a1,2023-04-21,1
SYN-c5f8f50c62db00bb,6403fcc557244a0f1b42bb20b17326c60f4d973c50e8deccff76c2fbfa35a448,2023-06-18,2
SYN-f803be0e66216445,640da2a7c463504da871dca0e0c5c9068bd3d84ec238c49d96f42129bda25c34,2023-04-15,1
SYN-d29cf57fcb4155fa,640e7dc46fdfabc4bd7b026bc3f8e4e5caab421c3753666d859e363159840e2e,2023-04-15,1
SYN-5e39a134d418e4f4,640eb77e1bdea79cccfe28740280e14e732f9a28a5b420f65b43ad495e872bf8,2023-10-01,2
SYN-4a8cdbcd904db96b,6414234dc192386e964d127c710e059f7adc867c2ac64b7853f1e033c6b61b30,2023-10-19,2
SYN-a7ea4fc158e2ca95,641ff2d71256d49d278bc4de1e371178c25c2d1161d499ed7b8eca4e70a8aca2,2023-10-11,2
SYN-5ea540d99f900d6d,6422a3a776f6eb2b18d4f22632c2281385b7c3309ea0614ccda909cad8816a65,2023-10-30,2
SYN-217d22aabc0fc100,64253eda3af097232a0251819c781346b585899b96e2eb67672156eec37c7478,2023-10-30,1
SYN-e3b09a7808678c1f,6428a1fb2793dd1c5acb954c83ac7d4b92ae4fbf8218533a2889ba9247222737,2023-10-30,2
SYN-fcf29e7ca218538c,642af74592b04181d5f943ba18b8f5e7f852aee96d85f199eb509f50784bca62,2023-10-30,1
SYN-1807f5c8ff529be9,643e18cf665d7cf513dc1c91e000c129ee136ad48cdd19dea153ca9f2a44a08c,2023-01-17,2
SYN-781aeba3c028ea2c,644156a4a40991deec2265583db189b7833c46d44ef03cb6d996c7fb5a9d4dce,2023-01-17,1
SYN-2ee690586864b9cb,644792d5f518c076bed4ee8bc1544037e9ed0849037269d5d3620894e4b650e0,2023-01-17,2
SYN-e38056b8e4031f05,644dc8c80e245f6acce74dd30ca76fd061944c31aab9babf1962afdd662cccbb,2023-01-17,2
SYN-b57d53e09f607f65,645aba4dff6349f922c0910d34352f4a773c433aa175b4fa13eae3f64ac01a42,2023-01-17,2
SYN-b749d2aaf4d5d0be,645d761307bfb84b0b55a09d840bbb171e3f60ad1582af1d39ade1786744bed8,2023-10-07,2
SYN-15277de59dece8fc,645fcfa1aa4e2b72a32da2bebbcc9448fdb861ec764257c092dad817bf989523,2023-01-08,2
SYN-f97ec4978a187673,645ff914bf35a0fce416f57b547ca1b7c10458067fd6f3c4562eb4c12bd7599c,2023-01-08,1
SYN-30689010daeddd37,64615e46ad5fd6bb6585ccd9356319866629d7684a297c63d0db23ee9fd5445c,2023-01-08,2
SYN-09f3fcd2b35ae969,6464a83ccf4010f668e6f9419592d261abef84d2c68287bf184bfe4709723f33,2023-01-08,1
SYN-55df08dcb0386163,646711bf474559bc0cd0dac5f242433d18fc9d3545c2682f1f31b2d9203f6dc1,2023-12-30,2
SYN-f2a4f2561eea8fbb,646fe48a3766495e8522e3dbca08af7cb34e92896218e4ef9abf32df29620e07,2023-12-10,1
SYN-a8cf04e79c6a0df2,6472967abb1fe54161b2ea88d4eea9099ddc933a9b4f025032a4111de0938617,2023-12-10,2
SYN-d24f5a90fc4bcd95,6474359e5c57760ae777ff3aa5062e29adcc2ae8e66b82626d352a35487a965e,2023-12-10,2
SYN-e49d990c3818975b,647948c2dff864eee5fc20e820d81451aadda03a0eb959698419742f6c87ab0d,2023-03-03,1
SYN-605049adad86c0c0,647a911ddf295b372300cf39a7452b68e3aaa0e2ae287a0f945296de4fba84ff,2023-03-03,1
SYN-33ee144b7405423e,6482459fca3faa698d344af2fb67d47f8e3d7c51ddb6865b625d2f4c42887f4a,2023-03-03,1
SYN-3856fc288433dca7,648256c272ddc9a97a822549fefbad75ea4fcadf2001cb01ef5027bb0c26785b,2023-03-03,2
SYN-df01a7823048c814,6485bf34b0b48894a324a6b729582e735f0d46c912b7aafcdbcbb66325ffe818,2023-03-03,2
SYN-a9a8655f3ac3dc6e,648ab391b0e29602b9f77c266ea66e9bb4afcef35d21d1f4b8ea6d699e563214,2023-08-29,2
SYN-525af8c21a68df2d,648f11f4ea7ba4453125b21675ee0cbf8ce9351e603284edfbcf367b467152c3,2023-08-29,2
SYN-bfd1bfaee483fae9,6494ff9f71568ca27af2011a162f071765624ce6b76fec82e53e2e6e489378ee,2023-08-29,2
SYN-2bf5e04843a57063,6496097c3cb5dca152a7d7f1074c71040589e2fc4d3025db60ff313bd7ba3c38,2023-08-29,2
SYN-bb5834861caaf651,649e526c3bfe43611609b9a455f85089d6cbc45ca412f513c69b8675730062bd,2023-08-07,1
SYN-aa306b3be704d9ee,64a000c27b9490c025fc6b6abb4ddd00d356bd6a06cb43cbcc987e01222391fb,2023-08-16,1
SYN-25427337ba3ed8fd,64a1b8831860385b3b92fc2f8931d81edd07e8be6c56ebab5e760baf63da0d83,2023-02-19,2
SYN-61f41da4faff9b41,64afe54e22edba680c590dbff9a780ec47f6c97a4ad60ac6a2c81eb75c163b08,2023-02-19,1
SYN-10829968a93b6375,64b3131637670240ead98f0ac40349b35c2b44abf1d08537b5270b92fc62398a,2023-11-01,2
SYN-871fd07248683428,64b39b1b2655cfebf2e16e8eff6f7d0e6ed4871c95ff484acab279dbe8b1fd7f,2023-11-01,2
SYN-f3f2df4bf5a07ec1,64b516f11de08d01b27cc0997ea293d245ac485b55ad9805f8c475048da01f07,2023-12-19,2
SYN-e97a57e1e0313e63,64b67bcd27aa5de6b1af6826817429d49c59c48d31f370afd42ce454340c6e0b,2023-12-19,2
SYN-fc603ced48b626b7,64b82bee50c72cdd353c82a796cb2c20329cffda61f16cc953fe9b159756ef2a,2023-12-19,2
SYN-ddafbeb22553697c,64c061aecf63ac95941ad190acf668e251adf5ce9fa3f7ec8f8283b6e603c4ea,2023-12-19,2
SYN-42421c0dcb1c5cf7,64c3f26d07bc6a6b852c60758eaab0dd493b219751c46d91ebaa549341422506,2023-12-19,2
SYN-b92508f22b3b7fa8,64c7d6e6f81bb8a51909251c4cb4a8f1213c440f0761be0429d7f791240b1863,2023-12-19,2
SYN-37f482ceb7664218,64cb48c7afa1172ceba33f6d754859cc0f6719977a0ea96762fc930ef406c8ce,2023-12-19,1
SYN-c27a994811699f10,64cd6b3049bbc890eecc447fd730453d7dd61829856cd56368747c2a0a4780d6,2023-12-19,2
SYN-7cb478e67fc7c753,64d4be41474ddc182073abd1e324576e0a52ee7bd4848e1ec77796d30699fe75,2023-12-19,2
SYN-8554cc80bdb5cc36,64d7b3bbcb57f3de244ef634fa71a1884d4c63a85a0b4d740f98de967dbd55c6,2023-12-19,2
SYN-48d7c32105a5d115,64d881d9a4f391a259a0b7033f3be49c01f804ba5d7e69a503187143c1b71af4,2023-12-19,2
SYN-75c78c86d1b5c966,64de950a301ac08a949c85d4cad1717a9353f997e33bbc75e3f0367923ffca66,2023-08-26,2
SYN-af0a021df067fd35,64e6e9e746979839b918d108d703be57152e78ffd25e45b3bcbe87cfb541fbaf,2023-08-26,2
SYN-073e57323316c8d9,64e9ef20fb0da0756548fb4f7181663279a1b07dc0d7d8b6a73c27ad92ad6eab,2023-08-26,1
SYN-3189e1b0da0ea7bc,64ee147449a8c72038d6b0e8d0cffb6b30bc4528c273cbc420b191f10eda5cdf,2023-06-01,1
SYN-d690de10ff143761,64eea667a439378e1c7637aa2c1f5b457736b5cf8c87e325ad810cef4c153428,2023-02-11,1
SYN-ee0a8eeead7cf556,64ef7a8f82cfbb1c3ca6ae512597fd732f5374837e17eb8d94cf2292b16b3839,2023-01-08,1
SYN-fa5c1087a7623d6c,64f48f9e274977d520887156ccd641b79a5bf3fead03f77a639b33e96a105f99,2023-08-12,2
SYN-1c230c2c435b597b,64f8f397c1dcebb04c0db3ac0a92d06567be46dd86b291a475f0a37915c1d50f,2023-08-12,1
SYN-daff8a1ebb1394a0,65044fdc52d53c907f199e29b6df06466e9ed531c6adb123c5a04149cfe43744,2023-08-12,1
SYN-b0f1635281e9ac04,65048747965e7a98942f705c1b89ac4ab5b9bec90fb1655a8de89cad9614268d,2023-01-21,1
SYN-032bd49f2d82bdef,6505961f1a7179686d8ec4f40eeff2ef681ec2d5b586d28945ec7517a84a0fac,2023-01-21,2
SYN-c5f00dd768a0ddd0,6508c081f1a12aaf9c39b799f4e49d5b735dcc3985f65dad60c938612c74c19a,2023-01-21,1
SYN-40303adbdec98202,650d11218604f68dbbc84333a4c6d5de1e132cd21796fcd52a05c41319a30dcf,2023-12-10,1
SYN-b7e17c55fe816efb,650d433b69a20570c9c56102ba7cdfa9cc87c2de0ccbbcd71e0f077066902c1c,2023-12-10,2
SYN-434586784992e473,651dc15ff3ec892639f9c0d7e204b26013a1de69bcb51516ac952f1a62340306,2023-12-10,2
SYN-59983e550acf0830,651ee2605e61a77c0ff4609877549703ed90ed18301e92ba2eb83fd91c34dbcb,2023-12-10,2
SYN-8e93c0cf9e308ccb,652293d46f96c6710b2da875b35745187d6163e86a968454b6cba8a23666c92c,2023-12-10,2
SYN-fa8ee5eb2d1e373a,6525edb1adf76d046131edcd0a001bb1b6a713dba10c107a7b3cfc253b54397f,2023-12-10,1
SYN-3fe99587a3cfd12d,652a913812ac0cd419f15d72dec3d4c587d20c87b80ef08ef1a106fae277cc50,2023-07-31,1
SYN-bdd8769fc497306e,652bd64335daeb017f3e9bcfc986c2215bd17c998124b396644809c9b35c4f88,2023-07-31,2
SYN-91b70e884ceca536,653329fda35210251a47f6af6ad98abb78d76755b318acc45c65799619dcd263,2023-07-24,2
SYN-77ff0ba0190d56eb,6533ee6674ce326585bdc42ba98562dd84b7ab338fbff57c2fd9cef803c64651,2023-07-24,1
SYN-3ac0903f732c627c,6536422b7e79b50f2f597038aeea5857d48820b49c4c86104557115460e6b0a4,2023-02-04,2
SYN-d2415b16a3802c87,653d17536f62acf1f6dec1902ee0145d1eef8d9f772900ecf5e296daaa91ca03,2023-02-04,2
SYN-68e157fdb9190f7a,653d59fc5d9a09c1a63caa2221ee00151e72e608513d12a7079b26414c519ff5,2023-02-04,1
SYN-a6227ce21a0e20b1,65482352059131ea8ec941623c5e45ebe9a0c4ff46eb4e89608dee5a2dcc9a62,2023-06-30,2
SYN-e6045570aaa8b537,654ab11fd7d15839886c1da21ef0574bdabc99bf759457fcabd1cf16e8f174e6,2023-06-30,2
SYN-0c7aad4d6f5db1f1,654acab3c1890519114c021f863cbbc372c6b6d8574b164e1208cdc074cd6c1e,2023-06-30,2
SYN-05631ffd1c1867b3,654f19e201d11f3a62249971d12563831e30945af1a213503522d0e4427e65d2,2023-10-31,2
SYN-60e42b507f424138,6551ac17a28fa48f38f0dac62179c093552bec1517a68e98f4c007c04a0dbba1,2023-07-18,2
SYN-ef2944f9888a5a9c,655270c578b8536368bc0ae296f401d7378b3eefc2708f45dc8e6b9cd1582744,2023-07-18,2
SYN-00053d7005313562,65534fb7eca056be01cd5cfc234dfada44e3eb826e477045c1e44c1a513f411d,2023-07-18,1
SYN-7dde1d2e214271c1,655595cdfe8f2fe72fb745aca058d5fd3f98c7d1d3ca1106aa672166155d4de3,2023-01-29,2
SYN-0f0bfc8b7e2fce4f,655e5a762fb97db0d93ed518b0a5269ba17be7ded433c473c480a8f8c6731d54,2023-01-29,1
SYN-e86ec5d67cbb44c1,655f7dba5933b415a7d9722ea21be3294deffe090cbee69beb16a4d05613ac9f,2023-01-29,1
SYN-70d7b9ec2b63b5b2,656808c00ce6d17d4ca4d024b54b8ffccd4736e5a83c25f49c8215fb35de84e9,2023-01-29,1
SYN-7daec5d1a2d2e814,656971f00eae57da29592bde6680ac379374abd161a1ee023447a27fca45c2c6,2023-10-31,2
SYN-5b9fc612ee6bf891,656ac5b2c70eb88a2364fadc1c80d79ba78ad166b509c2a42c23b76ac40d6a97,2023-10-31,1
SYN-76f901b9382a9dce,656fb2089bf44d1c8ab5af861846a71e716d5ea37b4f41830bde84e9b3a2dd09,2023-10-31,1
SYN-d8886a21a4d7b470,6570eaeadf1561c394ae427b71a0f63cdfc7ab05037f12736130c578dd8da3f2,2023-10-31,2
SYN-88c828507869aae1,657199deb6d2f163ea37b9aafc5bcabea8f882fce3a86d9bbcff546f3ba0fd36,2023-10-31,1
SYN-98f4290b80910e62,6573fa3caf3596832ec7a88a4e5e7bc78cbd9618d917c384042d53bc0f9f080c,2023-12-24,2
SYN-bb7f3cae855e8c0d,657791c24f0449405bd74dc560623e8cf1dee04af5b73e1863560d2bd4e541e3,2023-01-12,2
SYN-47217cae97cedcbb,6577a7bc2b1a65e28d7e83afa014a9a0b9bca1a16fb7b5a0d7d715a40bfb1451,2023-01-12,2
SYN-e4be815bd25c7668,657d364795a27f81414369702fc7116e9cf8d1efae0da5b8c96a09f7acc9477b,2023-01-12,1
SYN-35e383fa4504b9c4,657e5e0fdf3192187b37c86e2f54a6537a07a3b34b1f352a115d11d99641a373,2023-01-12,2
SYN-7062693bfd0a1aae,6587b9bb2afc55ba21b9bb02d4c3edb9a256ead6ee93d94a9720d8db921281ff,2023-08-05,1
SYN-c803958944a9920b,6588fdb5802132bd0b72f7885de14fb933fb4a9cc6726418a96c25b9afce5b87,2023-05-22,2
SYN-80b3d2e24469311e,65890298a58ab226bbe4ec01620fb75a4c553288aac14300f8584e6def10b73c,2023-05-22,2
SYN-3707fa9ecbdfc51f,65972c6474a9ba288a1e89a5df80f9ac0aa9c24405a6ebac92b401a72878f46f,2023-05-22,2
SYN-f199b35157a3e480,6599463f28996ffa13871c3547aa345caf2daa34b0a62f377019fefa262b204c,2023-05-22,2
SYN-ca875a036877150e,659d7800abf7d615461ede75e4bb70f6409d16cc1cb53c19cd5469c69589f093,2023-04-09,2
SYN-43d6ca7669fb6762,65a365f3b7d28511936904f166285889418c075fabd67e693cb077aa9ae147be,2023-04-09,1
SYN-b973de5243e2e003,65a6656a9dab9e5fbe86a2b39cd52352cd47146b40295d1af130bd2c4ce6468c,2023-11-19,2
SYN-c8d0b88f110012b9,65ae04cb1b81827792f84809c365626e43479595c7f1304edb82be29845fd0e9,2023-11-19,1
SYN-c70df7c84fb8bb5c,65aeabb1c4b9a8db2cd3f901aa19855fa9eecc44b6d8d107c51b69155924606f,2023-11-28,2
SYN-bea33aed9a82abb4,65b5f31e8125d4ef8ad581fe9e052e53c49e47f557831c90c146535b492f347e,2023-08-25,1
SYN-2926b61b14ff3bd2,65b94c6d0f6def8ef692483722c347bc21a9f50453bf21e5664fd1b7675a7d1c,2023-08-25,1
SYN-0a1585d8fed6bb06,65ce60ef1f7ef4980e3aaf3c40c8b4ac546552960f784b0d926d7e185dc2d8af,2023-09-01,2
SYN-4f1b5cfb2cf447cc,65d08dce73a490de322ff60ec8b17f2df5517d24be75b63afbaf19a43a706aa7,2023-07-03,2
SYN-997d5d072a2036fc,65d0d2a7fc4f72f03929ce9e7b33d4416c801728fc1f6d94bff5d5d978ea59c7,2023-07-03,1
SYN-c9817e80afb3bf92,65d26948aa84f0c68289d87b33571c14e353e2e8c39ff8974babdbe843a02992,2023-06-19,2
SYN-d41d480fe95ba0a6,65d79cdc2d67179cdb9bcdaf8e11ab2ad6c0ebae153ddf17d169a2b3b52a5698,2023-09-07,1
SYN-43bb70f7287ee359,65da9edde7a62bdb0c99a9268ff1f3275eff1b66d8a05794771d9ef78db94b30,2023-09-07,1
SYN-2acab0172b09f7fa,65de981b5f7f5a72f4db8738237546e5d84fce6b25360131a5673e1993cca2aa,2023-09-07,2
SYN-84e5eed97102b980,65e0d5ad6256e7b5b9f3e177f3fe0e43e4ab54a89be3cfbce61a8e8cf836141a,2023-01-16,2
SYN-9320798855b0c76f,65e22e10e9c50db27b1fe77f120dc6a67626af60f4621fb6f07f690c2d855cdd,2023-01-16,2
SYN-e3e072e9bd642d9f,65e2415db92dc08fc453a2963effa06af0a2484797be730429ddd03a4f213b2a,2023-01-16,1
SYN-569ae3e79644b500,65e32d5a64eb213a172cbd6474a3be42e46d5000c52300b6b1db1b99d8688215,2023-06-06,2
SYN-ecf51703743e66d0,65eb2e9d5c85c3af021d9286ee2671ad1070da3fefb4311b8d6168a20f7b447b,2023-10-29,2
SYN-a65975fe5fde0c78,65f1a8b7243dfff60b391e078a3b4c001aebca46b84b24eb2a42d344442d3a0e,2023-10-29,1
SYN-87a36c1ed8129027,65f227e646d931f5a340ec0772d194d6f9f866261c5d09a5a38d7745f2210122,2023-07-30,2
SYN-432bd7028a0a3ce2,65fe54e11051021f01a5679d83dd85a7bc42bcf4b22a01fef6d0cc1f18142ac2,2023-07-30,2
SYN-9fd70e7e0bf203d7,6607486ce2d04555ce6f2949f2d8e2dd7a4b4cbebffbfab56f96ccf850ad78ac,2023-07-30,1
SYN-9a5d656ad25ebff6,661da6b20a234c77c5ef2eae2a336aa15c355d5a31317053d5c6c5de82dc2a9c,2023-07-30,1
SYN-d6a075525355ca8f,66373417f8c04fcb68130fd723ac01ee09058217da2f6a4c8cb1063c5690d010,2023-07-30,1
SYN-91ea8e1b3876a023,663adb0cc7f829ff7cb9acc39d29a97ef0eb099fa8f776fbed23e5f7c4a3654e,2023-02-03,1
SYN-2059a0dbf52aae41,664167fc7000a7afef2ffe901ccf4ba77d5e38661a6a8d876d6b941e6118a073,2023-09-09,2
SYN-e50e7136365bfb68,66421dcd7850566f714ac8e504da12e30617628f30b79c5f94fdeee7629b18b6,2023-09-09,1
SYN-d67d26216087d849,66423319660b19686aa10f47f9e012aa356b140b41dfe4ddd6a9e1d4a3ff605c,2023-09-09,1
SYN-f4c099c920e4797d,66437352c0962553ad84f2ad136d0bfa321c3fda461e0a765c92b5e5e08e01d4,2023-09-09,1
SYN-92843dfaba7459a9,665588214e4957308a814757e44b90fd2266749f2b9d65b2e1910a5bc0afd9ca,2023-09-09,2
SYN-980e4975137327d4,665590e2b70e1f1b9c8560bf0ee2f1dd2f4a9af88d670f0a681ca7ba1f2f56e9,2023-12-11,1
SYN-1cfcf90e80e46623,6656f70561a1aed10af2d81f13d12b3e52c648856e2906256cc21f658063bf7f,2023-12-11,2
SYN-3463981a466a43fa,6663fc349aa605cbdbaf3cf3361964b8c2e92a8da22b97db72b0f7b1567d7ef2,2023-12-11,1
SYN-adc3686d4d08d353,666500cee45e423ef2c8c769eee0a639e8ad1a0bf6f9641da3b47fd147c01660,2023-12-11,2
SYN-c1a3625833493819,6667f70731b7a00d2697de3997264fd4015552ae4677c98636d0ba4f9cdb62c1,2023-04-12,1
SYN-cea461e73bcc202f,6672935479493b3ebd4fd631af900dca335a818e87c0374b9cb59dba52a9daa7,2023-12-26,2
SYN-e7b6d4a140a3d931,66741874480ea977cde0e1ffc1af60bbbf1d3441b311f47d394c60690e258795,2023-08-17,2
SYN-a1dbdf8db0513daa,66782b21b3181314bc57bba3ca44df99184a8ba1b77366cff28484b02cf7406a,2023-08-17,2
SYN-54e90c7f2b08466a,667c97ee68b59d326bd3b3fe5265883fc504090759eb50dee380960cd1332698,2023-08-17,2
SYN-b8d749ad1a7898d0,66809f1c4deb040763bd21e9de7671dccb2b239f5f67e5461c3a5fb4a59789f6,2023-08-17,2
SYN-d8612aa9ad2f579d,6680d9f7339764288d6c2391189c6acf5836d093feda7fe22372087c90400963,2023-09-20,2
SYN-9e9c61b3f491a769,6683a10c0956e69a54f4caefb015a981fe44accf8d1abafc94b584d6c8d467d3,2023-09-20,2
SYN-02ba055f8a811527,669330f0f74d3f80b73dd26a31d575b1e15ac09dfd9487b51f151d50725281d7,2023-09-20,2
SYN-50b17122756e8c81,669e1737661dcae9cfae9c52d56adefb9e9de6b8cd633c66f776b94782502d6b,2023-12-29,1
SYN-c3fbd5366a3d297e,66a5b828e0f83eda18cb317329f45718423ba8d176b083a7b3d50309614a936b,2023-04-26,2
SYN-3a8149e6018b4f36,66a6048b39e4a7babca995b7c999a08d7431ca4120ce65bf1b3745c1ac73b941,2023-11-08,2
SYN-a2b0a77d3a848321,66b048fec89b6a9e9e8088b4c5549008175c6cf2dedce53a834a204d0246a82f,2023-03-13,2
SYN-d4c519f8deff9a10,66b5cbf486d1177b118a59026df95743991222f8723390207bf053950041a336,2023-03-13,1
SYN-4e383a6289c70fdc,66b7b02edd70f0fef17390e7faef766b0ec151980869d3a85351290b73ccb448,2023-03-13,1
SYN-48ebf3fa8024b16c,66b81834a1fa949a1232f2807e5b7d75e90df52fbe97a728bbe14357cbe2227a,2023-03-13,2
SYN-faaf644254c93f10,66b9a16623ce6c3623aa83bb6b6deeea1ab7564871f83325599223d7b1a31665,2023-06-19,2
SYN-e52716c5587ca6a4,66bf1fa190c3e9043287f194605f6b32d75080372adc3b4fbe77a297f8c22bb4,2023-05-18,2
SYN-df602f99110879cc,66c28321c5c27833848784a6679546da318ad0579001b78ade22f20299d9db36,2023-09-02,2
SYN-285d5500c0d498e0,66c67440111b4068dd049c9f78b9ea340ad130d892b82380d7696b76428cef02,2023-09-24,2
SYN-9422ac4f5b4e4dff,66ca93145201f920934be54a5311d60fa719ea0de919f8946f705ee83508d4e9,2023-11-23,2
SYN-d109fefd4ce2fa45,66d691137af5863a3b76ca316c14a1585604888c76fd3c136c02dcd32e98e78e,2023-11-25,1
SYN-fcc5b4085e89ccf9,66db9a82c97f006217bd64a5c900e6440fcdbe95f27dc40284fcf4df66a8b01c,2023-03-18,1
SYN-acbaaced3f190cce,66dbbe4ac926a7b50626869e7cc83a7d0ac7b2926e87763df38e48856d860081,2023-03-18,2
SYN-e6cd44ca898601b2,66ddbb8c3296a2e744903633a55ca5b39158742896dbc6eab09a13cb731b6c97,2023-03-18,2
SYN-c1bc17188bc8d395,66e15736d2a3c00795d6f8aebf8a2c32e0466cbc752f53974418f92bfe8d31ad,2023-03-18,1
SYN-bcc14d33732aabe0,66e59151d13d33564f9ac585ca8a25e8960b293ff85fd62344cc76f8fed58fa9,2023-03-18,2
SYN-c889f95511b94645,66ebf38b0140c07985ca800bc82f4781cbdcd6deb946e8ece31053de11fa9f2a,2023-10-15,1
SYN-55e80b7c8e7ceb8f,66ed2b1509a328de9c752c1adbd145874711233805e94e3f6c53cee56dc2df0a,2023-10-15,2
SYN-05789ba80467ea59,66f10402d9ab1c76f7e9daf8bc2d5110706a0d8d151d318d51fb35b459ca685e,2023-10-15,2
SYN-0efcfc845e541ce5,66f20884bb68b39c2e87d90bf493955328126c70e92c6597c598f9e714e4f6aa,2023-10-15,2
SYN-aa2677dfcffa1c43,66f2df91e0fa3634b5cbcfaea5b37831d9ed153dce6d5a59a7c4f910a02ba7f8,2023-10-15,2
SYN-5680315ea2f3dc6e,66f70129b5b94365e49b149ffd97247321fe32e1c5f44e9007be6c0fdb452310,2023-10-15,2
SYN-84442a73aa50b9e4,66f9a97fcec41fd9a3c098961e99a2bc9ee12801be114dab2af929ec92114d60,2023-10-15,1
SYN-6147959998cb8824,66fc55daf38b4bed3648e0b90d709eb2ec3313a6ab229660e74b19cd066018dc,2023-03-30,1
SYN-a6fcc74db8e8e102,66fdbcaab8dfe3c26a97264b244965af1471391d0b5e3e80d2fddf906cc55855,2023-03-30,1
SYN-8bd823453663038b,6702299db5b0148691667d1699473ae1988fd8ec0305eedd04f0053a7634ae01,2023-03-30,1
SYN-a2ba47dd0a3b0ae8,67090aed889eada79a1058faab2b07eef13f4f1f404de3ed8157d3f79ace7e5c,2023-03-30,1
SYN-26fc6ba9ee3fa670,6711ea59c04e7a8bef859a69a21ac93fe1af0c3babc3dce28e3509f6fa79f76e,2023-03-30,2
SYN-254797f6543e2511,671bd8c4b63812bb2ee58a782d8229604c0b89908304c3bbceb1d2337062dda5,2023-03-30,1
SYN-6c31980ee2f0aacb,671e50241d6e25184321ebe3d072023cf790551eb774e791421d3a1a7e730b9a,2023-03-30,1
SYN-ad9952a30fd658d9,6720678c3f5d398e660cad12575f51c4a3a5f7be9605806aea57b4a92590683a,2023-03-30,1
SYN-282ea6c9b5a312a5,672f76150969c7b6dcf6c2e58478c70bb0c4e6e1f0d2e3ba1d535b181d94c104,2023-12-24,2
SYN-74d79121bff4d706,6733061aae0d0065f38084fb8fb3595792fdce2968e526dd2ddc72d35069da48,2023-01-19,1
SYN-77f8f25141112cb2,6735af4a7bed2d84d7685aea6e40b2ff1b241d45096b17e1fb817dd9445d80eb,2023-01-19,2
SYN-a6521490430367bd,6737288ff2d57ff3bcd46e97aeba10f6cbd2b1a4f6ac29b75fb587deef644b42,2023-01-01,2
SYN-7c67b20c513debf9,6738943e5a1726368685a88d49ab9664c8a731355b354dfd04057d8f8e2ad02f,2023-12-27,1
SYN-6de66ddf238f1366,6738cca8baf736d564ecd609416c8c9fec4411fb7a8ba88bdc11fcd77520bc38,2023-03-23,1
SYN-efd5e93d02515234,6748facff208528ab97421461771ebbe87c1275ef3e2a864d079aa4e72e7d170,2023-07-02,2
SYN-e4827446614dc630,674ad13af0284e9a81104b4d9b60ba194c2e58867ee2e651495b9137be096ed5,2023-07-02,2
SYN-1ad76ba027a7a188,674e3f3babfebe2f47f68060f4aaab47257c20543781b30dba3dbe7cccad7c54,2023-07-02,1
SYN-a636d4c8fb9862e3,674e50b94d3b5b44bb0a59b1003e43c04e26cee8c11eea21b351eb3b47cc359e,2023-06-29,2
SYN-9cea15fa1ce1238f,67504de4a4b73da95b3a148ada169103ea83b477cd523a1b28efd3f29100ad09,2023-06-29,2
SYN-cf59d068260eada1,675491ba050dd7094274989e7d081e96240b4624088bf4555596e930426e20e4,2023-06-29,2
SYN-ee8115c91bef226a,67577fde4d91e7157e837ab0d912f2cf69a4b6cb192bd99ca7715e67f286579a,2023-11-15,2
SYN-2c2a19e13886db18,675cd49509ef9692d793af738c08d9bce0856036b9e988cba4e26422944314d6,2023-10-11,2
SYN-42aa10c8c06be0be,67614ab65e506edf99d39e14976715ab9115d93fdf7e7219c55b5473d702a409,2023-10-11,2
SYN-26d7527b9f16896d,67667321ccf40bd214b9b1ae6a63eff3c274164392cdc8393a02f4f746e4934b,2023-05-23,2
SYN-5dd39801e31529fa,67680f37012daf7674c9ca89f44ac53654eb701889837420601dbb9cbb66d336,2023-05-23,2
SYN-4746368316a80561,676824b755ab97ac890157ae4e9fcf095b8031d480cbe6aa76d51a97f800db6f,2023-05-23,1
SYN-96d12f458b2929e3,676b061078910eb33f4fd1c2a0d40c5721d3081c3c1a2ee8c5d78b692f64dd76,2023-05-23,1
SYN-9cd78de72bce4e59,676b52f2e0f359203841ce8cdb5d92de2d30094d92cf13e744692ca9ed482da9,2023-05-10,2
SYN-663e172c2bf9ad59,676eb9ad562c2af13d2d7abf895d8c245d4f4ca8acc3cd8e0c8892867f9d500a,2023-11-03,1
SYN-6fc352ef8eccb3ea,6774e9109c2b11210b90f39ffacc6b0a05e1c530ee344c2388f9f72c399bbbe0,2023-05-30,2
SYN-b1147de847c7b945,678484e5fe63a7f6f6e419bd5c450908060e633526142c5b958c3d5f68c935fa,2023-05-30,2
SYN-0e66b72773cab684,67885be5937d02b2c3ca3353c1202b5080bd4e2b3c647f91392cae967f88ba8e,2023-05-30,2
SYN-b820557db9efb971,6797c3dcb81777dcc4561b09ac79491ee0e4378730fbe540fc67f156041937ea,2023-05-30,2
SYN-c82485f7c98f5aa7,679ac60e9685f3bb7a1d00101803c578510af1e774a05f192835c2dcdef94d50,2023-05-30,1
SYN-3ab6690f4cc8bf05,67a368a70c8d63e18355818655859a15e70b0ebf1bfc4862bbfecbcfa2365d0c,2023-05-30,2
SYN-9688f4ccddb072bf,67a83094b74a8588ab30d56efca90c5740ee873676107b8b59940f0fd2bd412f,2023-05-30,2
SYN-3407065b427d4508,67a84660743ba09cc4784425465efd354b153cd1fb0d344bb0c18164f4553b56,2023-05-30,2
SYN-a346ba74837e7b77,67a8ac6e9a4a915e2ab3af33099fb9dd60f76e759768fb94fdf755803e885ea0,2023-05-30,1
SYN-86c798464c43887b,67b06b95de8affb1d47a546b15b5a0ed6155945052a4dd62a6e3ae93ad078bcb,2023-08-12,2
SYN-e297c3ed746c88aa,67b5bed7dcf4b674ec20e7a7edc13e8a2c84895bff9c0cb8089524bcdfeca885,2023-08-12,2
SYN-7895384bffb96a90,67bc409338ff2e3d6c5b6500b57874a12e2d152bfa2bce939fada34bb3dcd3e2,2023-01-14,2
SYN-40babfcd715569bd,67c18efbbbab9f69ef2d80a3995234a7871b98e3a16af31056ec5e75b4d2e715,2023-07-16,1
SYN-ef4504b8c34016aa,67c3ffa39a4fadb2bc4ff6b691b3fa26d7915131949b8267f0ddd965fa69abae,2023-07-16,2
SYN-f098d7dd3510ae71,67e1ff21a552f605cad96f27586947f5a4e3e17447d7e535eb1b74917d7ab924,2023-07-16,1
SYN-bc4578469ac9c8ec,67e25efd7d6c3d44eb31a5e031ff4f3849759dcfc12c76e418e94db43bc7affb,2023-01-05,2
SYN-00f4b9f78bd1a4f4,67e3a32859e122888e17de7835beaf49d9fa5a5cc220be125d522d4db2e01d0e,2023-01-05,1
SYN-e913b65a51a0a046,67f1acccd65d9c5ea8e65160ed9221370987b36e043936228a7f26acf586ea61,2023-02-04,2
SYN-037c5de8f1d98bd9,67f4bb31bf83809ffbd1277259751f1a54f2b2e4be8ca4258aa53fa190e30a25,2023-02-04,1
SYN-e03ed6fec3ebd986,67f601549c6b36a36b0e44eadb8133f1a814ea92f38a0a5e46dc04301b4fa985,2023-02-04,2
SYN-6db91298ca960151,67f721c24b45533557a0eed1366a89349df86c3a379b9b2567958e3657b0f545,2023-02-04,2
SYN-9c3b9617cc017b75,6804b1a2a1ea40983c86c537b136b84fdc4d18bc4d3069684848b7550fc18142,2023-02-04,2
SYN-c3aa59e45608467f,680822e656fd7baba220740f994b47140b1a852eb9d024d83d95626b9d15fd42,2023-04-21,2
SYN-65f045af86306b0f,680d7e9cc8da403d6e26450da908cb2f79e8ec8ff8f96af261304b7d2cdb44d7,2023-04-21,2
SYN-9b1bd6aae9552c22,680e5b6aee29061dd5951e45be4b0b5c66b75fe0838a8e760758e7d455813f36,2023-04-21,2
SYN-4783f55319c428ae,6810c665bc7a951d224ea59c0785ccdc875a00cf62fbc9bde5a4abd59b6ea8fe,2023-04-21,2
SYN-ba7fa07db0ccdde2,6813233240143625981f5b4231ad4e5a36f9ec6e9ee200286b896e891682de76,2023-04-21,1
SYN-b177cad735228325,6816804af3187c6fd1d6b6ea69f622619529ea562b57daa290b2800f46729b3b,2023-03-21,1
SYN-67d48444e82a4668,6817aa4b7111041eaa8fb7b7a2d89528c8cfaed552af8d94367329d8d27966ba,2023-03-21,1
SYN-9a536d28a6f95ab1,6821db4ed5f8dd72247dc5153a1d0480414a049c8825787deefe6dde21f55009,2023-09-09,2
SYN-7221967952559eb3,682b09d36d7c3662af2ffa7aa06da196c74fc609a4b46d1c804e0282d09519a2,2023-03-19,2
SYN-f7e7bbf8a2c3d27c,682f6245865e26523686aeb661de40eb2655ba6fe9502e134a1337f20a954a2d,2023-03-19,2
SYN-574c6eaeff5d00f8,6836f3687271f7d8f8f22fc63fad2f423bd46fefcf94198ffd39e082f01e9251,2023-03-19,2
SYN-91bf93c333bc9953,6839149b057171b5cd2a0c5ecbe2e3a58a23eabeb02be283f20061dec7893a13,2023-03-19,1
SYN-87d18956a8b228b7,68462121fb585993cd239324bbcafd3d0f50209c32f647200a233afafed4b67c,2023-10-18,1
SYN-1edef0bc6969fd9c,684682ab52a2135a489a11e7d8186b0145ae3e130e42c1945aed77f704860af2,2023-10-18,1
SYN-cc64c6f5a31c93a5,684b7901e0291f3e40dd453a4cd96d20807046a76b2f9a06e2d75878247b2dc0,2023-10-18,2
SYN-f3967d4997ac3297,6852e88c91279b9dbc145bd1b477f41bb44ae981c26f9815500da4c3d5cb9608,2023-10-18,1
SYN-2d56d8c5e1911a57,6853b04459ff46bf8dddee10cda415e6e18074e2787c702062b975a00519316e,2023-10-18,2
SYN-f4f5b1f118d368a5,685ee92d605562a67a0715df1696ac700082e6db351318a7afa675fafd9020f4,2023-06-17,1
SYN-54cca8f7bc103aa2,685f40223cb6f356184f93488c2f66435d4beb510156d8c483b99c7ae3827fe4,2023-06-17,2
SYN-561dade7bdd88af9,6863503decf7dd0f5dadd2095486d9c27504da5df4793474b91d305110390a3f,2023-06-17,2
SYN-bdd4db9f642e45fc,686b3e324d673087cc4df8a50e0c1d51761cb3d150d90f4de8e06c53df8acca7,2023-06-02,1
SYN-26f307b6c45f652a,686cc76bdcec1c65cc76f7da24e4fbd82fb8604352ace9f03bc2bb8648e8e7ca,2023-06-02,2
SYN-73e55ee20d9d0f9b,6874e95bf7831c8305d2e44368b175bc389091b7abb0695fd0e75a1aaac56a04,2023-09-16,1
SYN-32edde0ca6c4b0c1,68765551fc10876a870f6ac06bd35b1ca4e2221c4b84102567850832a0255ac5,2023-09-16,2
SYN-3c9373418da49046,6876a05b68d89a6c6cea14b3d7b42af8dc4fcefacd8c31e29ddbd6551a144030,2023-09-16,2
SYN-3a47835cb7417206,6877913392b03ee6faa527a022013cfc7f6134089587ffb07f14e721c3c0d067,2023-09-16,1
SYN-c0cc8d5f40a21936,68780eed327d1ad376096ae790b8260c24f33bb7358b31b8d747d5af9cb4116f,2023-09-16,2
SYN-617b5daf2e0da9e0,687a52464b3f74d9dc94b838c4b0986d9803f46a7a24df93b7d54ef1d6fe3604,2023-09-16,2
SYN-b77d3d98cd049e52,68803f147b8873f0da515b064c07f4c67178825ba59982132cb0b970e5b78502,2023-09-16,2
SYN-071d3c6fbf3e53c3,68839f545867ec6b706e478c2655b6e75e878ea94a09780ac557507e25775d8f,2023-08-18,2
SYN-8a0a2aff2e39556b,68873c04c8571b7f8fd79afcf1967c2dc0b8a468c12c6b948a28005a62683f9d,2023-08-18,1
SYN-9d8b79824c4139f3,688a9f4e2ad358994ee34b8f72a5d976ac8c7fa95f6d3347909a62e0f1fe003b,2023-09-28,2
SYN-ebc8745a99663131,68919ae7b39da9dae990f06ce8a93ae90d220c495229b8304c248a01e20b561a,2023-09-28,2
SYN-ce90eef2277193f2,689a1285958bc2c52aef709544fb524eb25f6abca59d617d9bf7a2073ff1945b,2023-09-28,2
SYN-9c375f66029a8167,689c6572a628613d1c87b286ba07ff947368b52b1b5839e6b1c8f250a415438c,2023-09-28,2
